Fecha,Plataforma,Provincia,Localidad,Oferta_Empleo,Salario,Modalidad,Tipo_Contrato,Tipo_Jornada,Experiencia,Empresa,Requisitos
2026-09-04,Trabajoscom,Barcelona,Barcelona,DIPLOMADO ENFERMERIA DEL TRABAJO,Sin Data,Sin Data,Indefinido,Jornada Completa,Sin Data,Vimelab,Sin Data
2026-09-04,Trabajoscom,Barcelona,Sant Pere Molanta,Mozo/a de almacén fin de semana,Sin Data,Sin Data,De duracion determinada,Jornada Indiferente,Sin Data,Grupo Adecco,Sin Data
2026-09-04,Trabajoscom,Murcia,Murcia,OFERTA DEPARTAMENTO COMUNICACIÓN / CONTACTO ASEPROEM,Sin Data,Sin Data,Indefinido,Jornada Completa,Sin Data,Aseproem,Sin Data
2026-09-04,Trabajoscom,Zaragoza,Cuarte De Huerva,50321- Operario/a de montaje turno de tardes con coche,Sin Data,Sin Data,De duracion determinada,Media Jornada,Sin Data,Grupo Adecco,Sin Data
2026-09-04,Trabajoscom,Tarragona,Salou,BUSCAMOS OPERARIA DE LIMPIEZA PARA INSTITUTO EN SALOU,Sin Data,Sin Data,De duracion determinada,Jornada Indiferente,Sin Data,Sernet Servicios Integrales,Sin Data
2026-09-04,Trabajoscom,Lleida,Guissona,Operarios/as alimentación,Sin Data,Sin Data,Indefinido,Jornada Completa,Sin Data,Grupo Adecco,Sin Data
2026-09-04,Trabajoscom,Zaragoza,Borja,Operarios/as Automoción BORJA,Sin Data,Sin Data,De duracion determinada,Jornada Completa,Sin Data,Grupo Adecco,Sin Data
2026-09-04,Trabajoscom,Madrid,Madrid,Ayudante de Cocina comida rápida,9.000 € - 9.400 €,Sin Data,Indefinido,Media Jornada,Sin Data,Teletorta Vallecas,Sin Data
2026-09-04,Trabajoscom,Valencia,Alzira,Operario/a Polivalente de Mantenimiento,Sin Data,Sin Data,Indefinido,Jornada Completa,Sin Data,Grupo Adecco,Sin Data
2026-09-04,Trabajoscom,Las Palmas,Costa Calma,Camarero/as de piso Fuerteventura SUR,Sin Data,Sin Data,De duracion determinada,Media Jornada,Sin Data,Grupo Adecco,Sin Data
2026-09-04,Trabajoscom,Gipuzkoa,Todo Gipuzkoa,INGENIERO/A MANTENIMIENTO MECANICO,Sin Data,Sin Data,Indefinido,Jornada Completa,Sin Data,AdegiLan,Sin Data
2026-09-04,Trabajoscom,Gipuzkoa,Todo Gipuzkoa,"INGENIERO/A, INGENIERO/A QUIMICO/A  PARA PRODUCCION",Sin Data,Sin Data,De duracion determinada,Jornada Indiferente,Sin Data,AdegiLan,Sin Data
2026-09-04,Trabajoscom,Gipuzkoa,Todo Gipuzkoa,Técnico/a Mantenimiento Industrial,Sin Data,Sin Data,Indefinido,Jornada Completa,Sin Data,AdegiLan,Sin Data
2026-09-04,Trabajoscom,Gipuzkoa,Todo Gipuzkoa,"Director/a de Tecnología, Producto y Soluciones Industriales",72.000 € - 90.000 €,Sin Data,Indefinido,Jornada Indiferente,Sin Data,AdegiLan,Sin Data
2026-09-04,Trabajoscom,Gipuzkoa,Todo Gipuzkoa,Tecnico/a de Metrologia,Sin Data,Sin Data,Indefinido,Jornada Completa,Sin Data,AdegiLan,Sin Data
2026-09-04,Trabajoscom,Gipuzkoa,Todo Gipuzkoa,Técnico/a de producto // Encargado/a general,Sin Data,Sin Data,Indefinido,Jornada Indiferente,Sin Data,AdegiLan,Sin Data
2026-09-04,Trabajoscom,Gipuzkoa,Todo Gipuzkoa,"Técnico/a PRL, Calidad y Medioambiente",42 € - 54 €,Sin Data,Indefinido,Jornada Completa,Sin Data,AdegiLan,Sin Data
2026-09-04,Trabajoscom,Madrid,Madrid,Electricista de obra en Madrid (IFEMA) + horas extra a 15 €/h,22.000 € - 23.000 €,Sin Data,Indefinido,Jornada Completa,Sin Data,Rieka Talent ETT,Sin Data
2026-09-04,Trabajoscom,Madrid,San Fernando De Henares,MOZO ALMACÉN PAQUETERÍA SAN FERNANDO HENARES 10h -18h,17.000 € - 18.000 €,Sin Data,De duracion determinada,Jornada Completa,Sin Data,A Tu Hora Express,Sin Data
2026-09-04,Trabajoscom,Tarragona,Tortosa,Operario/a de línea de producción,Sin Data,Sin Data,De duracion determinada,Jornada Completa,Sin Data,Grupo Adecco,Sin Data
2026-09-04,Trabajoscom,Málaga,Estación,OPERARIO/A DE CADENA DE PRODUCCIÓN ALIMENTARIA,Sin Data,Sin Data,De duracion determinada,Media Jornada,Sin Data,Grupo Adecco,Sin Data
2026-09-04,Trabajoscom,Madrid,Loeches,Carretillero/a Retráctil y  Frontal (automoción) - Loeches,Sin Data,Sin Data,De duracion determinada,Media Jornada,Sin Data,Grupo Adecco,Sin Data
2026-09-04,Trabajoscom,Madrid,Loeches,Operario/a CPP (Control Proceso Producto) Automoción - Loeches,Sin Data,Sin Data,De duracion determinada,Jornada Indiferente,Sin Data,Grupo Adecco,Sin Data
2026-09-04,Trabajoscom,Barcelona,Cornellà De Llobregat,Agente de Contact Center Catalán,Sin Data,Sin Data,De duracion determinada,Media Jornada,Sin Data,Grupo Adecco,Sin Data
2026-09-04,Trabajoscom,Madrid,Griñón,Operario/as de control de calidad - rotativos - Zona Griñón,17.000 € - 18.000 €,Sin Data,De duracion determinada,Jornada Completa,Sin Data,Temps,Sin Data
2026-09-04,Trabajoscom,Málaga,Monda,Operario/a Envasado Sector Alimentación Monda,Sin Data,Sin Data,De duracion determinada,Jornada Completa,Sin Data,Grupo Adecco,Sin Data
2026-09-04,Trabajoscom,Barcelona,Barcelona,PUESTOS DE TELEOPERADORES/AS EN BARCELONA,Sin Data,Sin Data,De duracion determinada,Jornada Indiferente,Sin Data,Temps,Sin Data
2026-09-04,Trabajoscom,Barcelona,Sabadell,OPERARIO/A DE PRODUCCIÓN,Sin Data,Sin Data,Indefinido,Jornada Indiferente,Sin Data,RAS Interim,Sin Data
2026-09-04,Trabajoscom,Madrid,Madrid,Copy BackOffice Bancario (Resolución Fraude)_ Fin de Semana Tardes,8.000 €,Sin Data,De duracion determinada,Media Jornada,Sin Data,Temps,Sin Data
2026-09-04,Trabajoscom, Sevilla, Sevilla,Gobernante/a - Camarero/a de pisos,Sin Data,Sin Data,Indefinido,Jornada Completa,Sin Data,Iman Temporing,Sin Data
2026-09-04,Trabajoscom,Barcelona,Parets Del Valles,Jardinera/o.  Parets del Vallès,22.500 €,Sin Data,De duracion determinada,Jornada Completa,Sin Data,Talher,Sin Data
2026-09-04,Trabajoscom,Cantabria,Todo Cantabria,Auxiliar de Apoyo Equipo Asistencial Centro Residencial DomusVi Liencres,Sin Data,Sin Data,De duracion determinada,Jornada Completa,Sin Data,DomusVi,Sin Data
2026-09-04,Trabajoscom,Barcelona,Viladecans,TRABAJADOR/A FAMILIAR - SAD VILADECANS,1.025 € - 1.196 €,Sin Data,A tiempo parcial,Jornada Intensiva,Sin Data,Accent Social,Sin Data
2026-09-04,Trabajoscom,Valencia,Murcia,MOZO/A DE ALMACÉN TURNO NOCTURNO,Sin Data,Sin Data,Indefinido,Jornada Indiferente,Sin Data,RAS Interim,Sin Data
2026-09-04,Trabajoscom,Valencia,Torrent,Mecánico de automóviles con experiencia,1.600 € - 2.000 €,Sin Data,Indefinido,Jornada Completa,Sin Data,Autos JM,Sin Data
2026-09-04,Trabajoscom,Barcelona,Igualada,CONDUCTOR/A CAMIÓN-CISTERNA Y TRÁILER CON ADR,Sin Data,Sin Data,Indefinido,Jornada Indiferente,Sin Data,RAS Interim - Recruiting,Sin Data
2026-09-04,Trabajoscom,Barcelona,Sabadell,OPERARIO/A CONFECCIÓN PLÁSTICO,Sin Data,Sin Data,Indefinido,Jornada Indiferente,Sin Data,RAS Interim,Sin Data
2026-09-04,Trabajoscom,Barcelona,Sabadell,OPERARIO/A MONTAJE,Sin Data,Sin Data,Indefinido,Jornada Indiferente,Sin Data,RAS Interim,Sin Data
2026-09-04,Trabajoscom,Barcelona,Sabadell,MOZO/A DE ALMACÉN POLINYA,Sin Data,Sin Data,Indefinido,Jornada Indiferente,Sin Data,RAS Interim,Sin Data
2026-09-04,Trabajoscom,Barcelona,Sabadell,MOZO/A DE ALMACÉN POLINYA,Sin Data,Sin Data,Indefinido,Jornada Indiferente,Sin Data,RAS Interim,Sin Data
2026-09-04,Trabajoscom,Alicante,Alicante/alacant,Adjunto/a de Tienda en Alicante,Sin Data,Sin Data,Indefinido,Jornada Indiferente,Sin Data,Grupo DIA,Sin Data
2026-09-04,Trabajoscom,Madrid,Las Rozas De Madrid,Agente de atención al cliente de servicios jurídicos x sustitución - zona Las Rozas,17.000 € - 23.000 €,Sin Data,De duracion determinada,Jornada Completa,Sin Data,Temps,Sin Data
2026-09-04,Trabajoscom,Zaragoza,Zaragoza,REPARTIDOR/A DE PAQUETERÍA,Sin Data,Sin Data,De duracion determinada,Jornada Completa,Sin Data,Temps,Sin Data
2026-09-04,Trabajoscom,Barcelona,Martorell,PROJECT MANAGER,Sin Data,Sin Data,Indefinido,Jornada Indiferente,Sin Data,RAS Interim - Recruiting,Sin Data
2026-09-04,Trabajoscom,Lleida,Igualada,CONDUCTOR/A CAMIÓN-CISTERNA Y TRÁILER CON ADR,Sin Data,Sin Data,Indefinido,Jornada Indiferente,Sin Data,RAS Interim - Recruiting,Sin Data
2026-09-04,Trabajoscom,Lleida,Igualada,ADJUNTO/A A DIRECCIÓN FINANCIERA Y RRHH,Sin Data,Sin Data,Indefinido,Jornada Indiferente,Sin Data,RAS Interim - Recruiting,Sin Data
2026-09-04,Trabajoscom,Madrid,Todo Madrid,Especialista en Atención al Cliente y Posventa con Francés o Italiano – Madrid,Sin Data,Sin Data,Indefinido,Jornada Completa,Sin Data,IFIT Health et Fitness,Sin Data
2026-09-04,Trabajoscom,Barcelona,Barcelona,Recepcionista-Auxiliar Administrativo,Sin Data,Sin Data,A tiempo parcial,Media Jornada,Sin Data,Audiovisuales Tecnorent,Sin Data
2026-09-04,Trabajoscom,Barcelona,Sabadell,COCINERO PARA SABADELL,1.800 € - 1.900 €,Sin Data,De duracion determinada,Jornada Completa,Sin Data,Boris 45,Sin Data
2026-09-04,Trabajoscom,Barcelona,Sabadell,JEFE/A DE PROYECTOS,Sin Data,Sin Data,Indefinido,Jornada Indiferente,Sin Data,RAS Interim,Sin Data
2026-09-04,Trabajoscom,Tarragona,Igualada,TÉCNICO/A DE ESTUDIOS,Sin Data,Sin Data,Indefinido,Jornada Indiferente,Sin Data,RAS Interim - Recruiting,Sin Data
2026-09-04,Trabajoscom,Barcelona,Granollers,MOZO DE ALMACÉN CON CARNÉ DE CARRETILLA-GRANOLLERS,Sin Data,Sin Data,De duracion determinada,Jornada Completa,Sin Data,Temps,Sin Data
2026-09-04,Trabajoscom,Barcelona,Sant Cugat Del Valles,Auxiliar de jardinería.  Sant Cugat del Vallès,1.250 €,Sin Data,De duracion determinada,Jornada Completa,Sin Data,Talher,Sin Data
2026-09-04,Trabajoscom,Valencia,Alzira,VENDEDOR/A DE ELECTRODOMÉSTICOS,Sin Data,Sin Data,Indefinido,Jornada Indiferente,Sin Data,RAS Interim,Sin Data
2026-09-04,Trabajoscom,Barcelona,Granollers,OPERARIO/A PRODUCCION - TURNO AMERICANO,Sin Data,Sin Data,Indefinido,Jornada Indiferente,Sin Data,RAS Interim,Sin Data
2026-09-04,Trabajoscom,Barcelona,Barcelona,COCINERO PARA BARCELONA,1.800 € - 1.900 €,Sin Data,De duracion determinada,Jornada Completa,Sin Data,Boris 45,Sin Data
2026-09-04,Trabajoscom,Toledo,Illescas,PICKERS/PACKERS FIN DE SEMANA,Sin Data,Sin Data,De duracion determinada,Media Jornada,Sin Data,Temps,Sin Data
2026-09-04,Trabajoscom,Barcelona,Barberà Del Vallès,OPERARIO/A DE CORTE,16 €,Sin Data,De duracion determinada,Jornada Completa,Sin Data,Temps,Sin Data
2026-09-04,Trabajoscom,Jaén,La Carolina,Ingeniero/a Eléctrico/a – Estandarización y Automatización  Industrial,Sin Data,Sin Data,Indefinido,Jornada Intensiva,Sin Data,EIIT - A Controlar company,Sin Data
2026-09-04,Trabajoscom,Sevilla,Todo Sevilla,MOZO/A DE ALMACÉN CON CARRETILLA,Sin Data,Sin Data,Indefinido,Jornada Indiferente,Sin Data,RAS Interim,Sin Data
2026-09-04,Trabajoscom,Burgos,Burgos,MOZO/A DE ALMACÉN MEDIA JORNADA,Sin Data,Sin Data,Indefinido,Jornada Indiferente,Sin Data,RAS Interim,Sin Data
2026-09-04,Trabajoscom,Guadalajara,Marchamalo,OPERARIOS/AS DE PRODUCCIÓN,Sin Data,Sin Data,De duracion determinada,Jornada Indiferente,Sin Data,RAS Interim,Sin Data
2026-09-04,Trabajoscom,Guadalajara,Marchamalo,CONDUCTOR/A  DE CAMIÓN C,Sin Data,Sin Data,Indefinido,Jornada Indiferente,Sin Data,RAS Interim,Sin Data
2026-09-04,Trabajoscom,Madrid,Coslada,MOZO/A ALMACÉN ESPECIALISTA,Sin Data,Sin Data,Indefinido,Jornada Indiferente,Sin Data,RAS Interim,Sin Data
2026-09-04,Trabajoscom,Madrid,Daganzo De Arriba,AUXILIAR ADMINISTRATIVO/A,Sin Data,Sin Data,Indefinido,Jornada Indiferente,Sin Data,RAS Interim,Sin Data
2026-09-04,Trabajoscom,Madrid,Alalpardo,GRABADOR/A DE DATOS,Sin Data,Sin Data,Indefinido,Jornada Indiferente,Sin Data,RAS Interim,Sin Data
2026-09-04,Trabajoscom,Madrid,Mejorada Del Campo,"OFICIALES 1ª, 2ª Y 3ª",Sin Data,Sin Data,Indefinido,Jornada Indiferente,Sin Data,RAS Interim,Sin Data
2026-09-04,Trabajoscom,Madrid,Madrid,REPARTIDOR/A CAMIÓN,Sin Data,Sin Data,Indefinido,Jornada Indiferente,Sin Data,RAS Interim,Sin Data
2026-09-04,Trabajoscom, Madrid, Madrid,MANIPULADOR/A,Sin Data,Sin Data,Indefinido,Jornada Indiferente,Sin Data,RAS Interim,Sin Data
2026-09-04,Trabajoscom, Madrid, Madrid,TROQUELADOR/A DE CARTÓN,Sin Data,Sin Data,Indefinido,Jornada Indiferente,Sin Data,RAS Interim,Sin Data
2026-09-04,Trabajoscom,Madrid,Torrejon De Ardoz,OPERARIO/A PRODUCCIÓN,Sin Data,Sin Data,Indefinido,Jornada Indiferente,Sin Data,RAS Interim,Sin Data
2026-09-04,Trabajoscom,Valencia,Valencia,OPERARIO/A VERIFICADOR/A DE MUEBLES,Sin Data,Sin Data,De duracion determinada,Jornada Indiferente,Sin Data,RAS Interim,Sin Data
2026-09-04,Trabajoscom,Guadalajara,Marchamalo,TÉCNICO/A EN INSTALACIONES FRIGORÍFICAS Y DE CLIMATIZACIÓN,Sin Data,Sin Data,De duracion determinada,Jornada Indiferente,Sin Data,RAS Interim,Sin Data
2026-09-04,Trabajoscom,Madrid,Madrid,TÉCNICO/A EN INSTALACIONES ELÉCTRICAS,Sin Data,Sin Data,De duracion determinada,Jornada Indiferente,Sin Data,RAS Interim,Sin Data
2026-09-04,Trabajoscom,Madrid,Alcobendas,MANIPULADOR/A,Sin Data,Sin Data,Indefinido,Jornada Indiferente,Sin Data,RAS Interim,Sin Data
2026-09-04,Trabajoscom,Guadalajara,Guadalajara,MOZO/A ALMACÉN CON NOCIONES OFIMÁTICAS,Sin Data,Sin Data,Indefinido,Jornada Indiferente,Sin Data,RAS Interim,Sin Data
2026-09-04,Trabajoscom,Barcelona,Mataro,OPERARIO/A MAQUINISTA,Sin Data,Sin Data,Indefinido,Jornada Indiferente,Sin Data,RAS Interim,Sin Data
2026-09-04,Trabajoscom,Guadalajara,Yunquera De Henares,OPERARIO/A LOGÍSTICA,Sin Data,Sin Data,Indefinido,Jornada Indiferente,Sin Data,RAS Interim,Sin Data
2026-09-04,Trabajoscom, Madrid, Madrid,MANIPULADOR/A,Sin Data,Sin Data,Indefinido,Jornada Indiferente,Sin Data,RAS Interim,Sin Data
2026-09-04,Trabajoscom,Valencia,Benifaio,ENCAJADOR/A HORTOFRUTÍCOLA,Sin Data,Sin Data,Indefinido,Jornada Indiferente,Sin Data,RAS Interim,Sin Data
2026-09-04,Trabajoscom,Sevilla,Todo Sevilla,INVENTARISTA,Sin Data,Sin Data,Indefinido,Jornada Indiferente,Sin Data,RAS Interim,Sin Data
2026-09-04,Trabajoscom,Murcia,Murcia,MOZO/A DE ALMACÉN MEDIA JORNADA,Sin Data,Sin Data,Indefinido,Jornada Indiferente,Sin Data,RAS Interim,Sin Data
2026-09-04,Trabajoscom,Barcelona,Mataro,MANIPULADOR/A PICKING,Sin Data,Sin Data,Indefinido,Jornada Indiferente,Sin Data,RAS Interim,Sin Data
2026-09-04,Trabajoscom,Alicante,Alicante,MOZO/ A DE ALMACÉN CARRETILLERO/A EN FRIO,Sin Data,Sin Data,De duracion determinada,Jornada Indiferente,Sin Data,RAS Interim,Sin Data
2026-09-04,Trabajoscom,Guadalajara,Azuqueca De Henares,OPERARIO/A DE ALMACÉN,Sin Data,Sin Data,Indefinido,Jornada Indiferente,Sin Data,RAS Interim,Sin Data
2026-09-04,Trabajoscom,Valencia,Paterna,MOZO/A DE ALMACÉN,Sin Data,Sin Data,De duracion determinada,Jornada Indiferente,Sin Data,RAS Interim,Sin Data
2026-09-04,Trabajoscom,Guadalajara,Cabanillas Del Campo,LIMPIADOR/A CON CERTIFICADO DE DISCAPACIDAD,Sin Data,Sin Data,Indefinido,Jornada Indiferente,Sin Data,RAS Interim,Sin Data
2026-09-04,Trabajoscom,Madrid,Alcala De Henares,MANIPULADOR/A,Sin Data,Sin Data,Indefinido,Jornada Indiferente,Sin Data,RAS Interim,Sin Data
2026-09-04,Trabajoscom,Alicante,Alicante,INVENTARISTA,Sin Data,Sin Data,De duracion determinada,Jornada Indiferente,Sin Data,RAS Interim,Sin Data
2026-09-04,Trabajoscom,Barcelona,Mataro,OPERARIO INDUSTRIAL,Sin Data,Sin Data,Indefinido,Jornada Indiferente,Sin Data,RAS Interim,Sin Data
2026-09-04,Trabajoscom,Barcelona,Mataro,OPERARIO/A MAQUINISTA INDUSTRIAL,Sin Data,Sin Data,Indefinido,Jornada Indiferente,Sin Data,RAS Interim,Sin Data
2026-09-04,Trabajoscom,Madrid,Alcala De Henares,GRABADOR/A DATOS,Sin Data,Sin Data,Indefinido,Jornada Indiferente,Sin Data,RAS Interim,Sin Data
2026-09-04,Trabajoscom,Madrid,San Fernando De Henares,GESTOR/A TRÁFICO,Sin Data,Sin Data,Indefinido,Jornada Indiferente,Sin Data,RAS Interim,Sin Data
2026-09-04,Trabajoscom,Valencia,Paiporta,DELINEANTE ADMINISTRATIVO/A,Sin Data,Sin Data,De duracion determinada,Jornada Indiferente,Sin Data,RAS Interim,Sin Data
2026-09-04,Trabajoscom,Bizkaia,Gandia,AYUDANTE DE CAMARERO/A,Sin Data,Sin Data,De duracion determinada,Jornada Indiferente,Sin Data,RAS Interim,Sin Data
2026-09-04,Trabajoscom,Barcelona,Mataro,MOZO/A DE EXPEDICIONES,Sin Data,Sin Data,Indefinido,Jornada Indiferente,Sin Data,RAS Interim,Sin Data
2026-09-04,Trabajoscom,Burgos,Burgos,MOZO/A DE ALMACÉN 20 HORAS,Sin Data,Sin Data,A tiempo parcial,Jornada Indiferente,Sin Data,RAS Interim,Sin Data
2026-09-04,Trabajoscom,Barcelona,Badalona,MAQUINISTA,Sin Data,Sin Data,Indefinido,Jornada Indiferente,Sin Data,RAS Interim,Sin Data
2026-09-04,Trabajoscom,Madrid,Alcala De Henares,OPERARIO/A ALUMINIO,Sin Data,Sin Data,Indefinido,Jornada Indiferente,Sin Data,RAS Interim,Sin Data
2026-09-04,Trabajoscom,Alicante,Alicante,MOZO/A DE ALMACÉN Y CARRETILLERO/A RETRÁCTIL.,Sin Data,Sin Data,De duracion determinada,Jornada Indiferente,Sin Data,RAS Interim,Sin Data
2026-09-04,Trabajoscom,Valencia,Carlet,CARRETILLERO/A CON CERTIFICADO DE DISCAPACIDAD,Sin Data,Sin Data,Indefinido,Jornada Indiferente,Sin Data,RAS Interim,Sin Data
2026-09-04,Trabajoscom,Albacete,Albacete,ENCAJADOR/A DE FRUTA Y MOZO/A CARRETILLERO/A,Sin Data,Sin Data,De duracion determinada,Jornada Indiferente,Sin Data,RAS Interim,Sin Data
2026-09-04,Trabajoscom,Bizkaia,Gandia,AYUDANTE/A DE COCINA - FRIEGAPLATOS,Sin Data,Sin Data,De duracion determinada,Jornada Indiferente,Sin Data,RAS Interim,Sin Data
2026-09-04,Trabajoscom,Bizkaia,Gandia,AYUDANTE/A DE  CAMARERO/A,Sin Data,Sin Data,De duracion determinada,Jornada Indiferente,Sin Data,RAS Interim,Sin Data
2026-09-04,Trabajoscom,Valencia,Riba-Roja De Turia,MOZO/A DE ALMACÉN,Sin Data,Sin Data,De duracion determinada,Jornada Indiferente,Sin Data,RAS Interim,Sin Data
2026-09-04,Trabajoscom,Barcelona,Vilassar De Dalt,OPERARIO/A ELECTRÓNICA,Sin Data,Sin Data,Indefinido,Jornada Indiferente,Sin Data,RAS Interim,Sin Data
2026-09-04,Trabajoscom,Madrid,San Fernando De Henares,MOZO/A ALMACÉN,Sin Data,Sin Data,Indefinido,Jornada Indiferente,Sin Data,RAS Interim,Sin Data
2026-09-04,Trabajoscom,Barcelona,Piera,OPERARIO/A PIERA,Sin Data,Sin Data,Indefinido,Jornada Indiferente,Sin Data,RAS Interim,Sin Data
2026-09-04,Trabajoscom,Barcelona,Mataro,OPERARIO/A MONTAJE CABLEADO,Sin Data,Sin Data,Indefinido,Jornada Indiferente,Sin Data,RAS Interim,Sin Data
2026-09-04,Trabajoscom,Barcelona,Dosrius,OPERARIO/A QUÍMICO,Sin Data,Sin Data,Indefinido,Jornada Indiferente,Sin Data,RAS Interim,Sin Data
2026-09-04,Trabajoscom,Tarragona,Valls,OPERARIO/A LOGISTICO POLIFUNCIONAL,Sin Data,Sin Data,Indefinido,Jornada Indiferente,Sin Data,RAS Interim,Sin Data
2026-09-04,Trabajoscom,Barcelona,Mataro,OPERARIO/A PRODUCCIÓN,Sin Data,Sin Data,Indefinido,Jornada Indiferente,Sin Data,RAS Interim,Sin Data
2026-09-04,Trabajoscom,Valencia,Alaquas,AYUDANTE/A DE COCINA Y FRIEGAPLATOS.,Sin Data,Sin Data,De duracion determinada,Jornada Indiferente,Sin Data,RAS Interim,Sin Data
2026-09-04,Trabajoscom,Valencia,Paterna,MOZO/A DE ALMACÉN CARRETILLERO/A,Sin Data,Sin Data,De duracion determinada,Jornada Indiferente,Sin Data,RAS Interim,Sin Data
2026-09-04,Trabajoscom,Valencia,Valencia,ELÉCTRICO/A OFICIAL DE 1ª,Sin Data,Sin Data,Indefinido,Jornada Indiferente,Sin Data,RAS Interim,Sin Data
2026-09-04,Trabajoscom,Valencia,Picassent,CONDUCTOR/A DE TRAILER,Sin Data,Sin Data,Indefinido,Jornada Indiferente,Sin Data,RAS Interim,Sin Data
2026-09-04,Trabajoscom,Valencia,Valencia,JEFE/A DE SALA Y JEFE/A DE COCINA,Sin Data,Sin Data,De duracion determinada,Jornada Indiferente,Sin Data,RAS Interim,Sin Data
2026-09-04,Trabajoscom,Barcelona,Mataro,OPERARIO/A PLEGADOR/A,Sin Data,Sin Data,Indefinido,Jornada Indiferente,Sin Data,RAS Interim,Sin Data
2026-09-04,Trabajoscom,Barcelona,Todo Barcelona,TÉCNICO/A DE MANTENIMIENTO,Sin Data,Sin Data,Indefinido,Jornada Indiferente,Sin Data,RAS Interim - Recruiting,Sin Data
2026-09-04,Trabajoscom,Valencia,Valencia,AYUDANTE/A DE COCINA - FRIEGAPLATOS,Sin Data,Sin Data,De duracion determinada,Jornada Indiferente,Sin Data,RAS Interim,Sin Data
2026-09-04,Trabajoscom,Burgos,Burgos,MOZO/A DE ALMACÉN/CARRETILLERO/A,Sin Data,Sin Data,Indefinido,Jornada Indiferente,Sin Data,RAS Interim,Sin Data
2026-09-04,Trabajoscom,A Coruña,Santiago De Compostela,MOZO/A / OPERARIO/A SAT CON APOYO ADMINISTRATIVO,Sin Data,Sin Data,Indefinido,Jornada Indiferente,Sin Data,RAS Interim,Sin Data
2026-09-04,Trabajoscom,Valencia,Paterna,MOZO/A DE ALMACÉN,Sin Data,Sin Data,De duracion determinada,Jornada Indiferente,Sin Data,RAS Interim,Sin Data
2026-09-04,Trabajoscom,Valencia,Valencia,TÉCNICO/A DE MANTENIMIENTO POLIVALENTE,Sin Data,Sin Data,Indefinido,Jornada Indiferente,Sin Data,RAS Interim,Sin Data
2026-09-04,Trabajoscom,Valencia,Valencia,ELÉCTRICO/A,Sin Data,Sin Data,Indefinido,Jornada Indiferente,Sin Data,RAS Interim,Sin Data
2026-09-04,Trabajoscom,Murcia,Murcia,OFICIAL DE PRIMERA ELECTROMECÁNICO/A,Sin Data,Sin Data,Indefinido,Jornada Indiferente,Sin Data,RAS Interim,Sin Data
2026-09-04,Trabajoscom,Valencia,Benifaio,AUXILIAR DE PRODUCCIÓN,Sin Data,Sin Data,Indefinido,Jornada Indiferente,Sin Data,RAS Interim,Sin Data
2026-09-04,Trabajoscom,Murcia,Murcia,JEFE/A DE OBRA,Sin Data,Sin Data,Indefinido,Jornada Indiferente,Sin Data,RAS Interim,Sin Data
2026-09-04,Trabajoscom,Sevilla,Todo Sevilla,GRABADOR/A DE DATOS,Sin Data,Sin Data,Indefinido,Jornada Indiferente,Sin Data,RAS Interim,Sin Data
2026-09-04,Trabajoscom,Madrid,Paracuellos De Jarama,ELECTROMECÁNICO/A MANTENIMIENTO,Sin Data,Sin Data,Indefinido,Jornada Indiferente,Sin Data,RAS Interim,Sin Data
2026-09-04,Trabajoscom,Barcelona,Mataro,OPERARIO/A MONTAJE,Sin Data,Sin Data,Indefinido,Jornada Indiferente,Sin Data,RAS Interim,Sin Data
2026-09-04,Trabajoscom,Lleida,Castellar De La Ribera,CARRETILLERO/A SECTOR HORTOFRUTÍCOLA,Sin Data,Sin Data,Indefinido,Jornada Indiferente,Sin Data,RAS Interim,Sin Data
2026-09-04,Trabajoscom,Madrid,Mejorada Del Campo,OFICIAL 1º Y 2º SOLDADOR/A,Sin Data,Sin Data,Indefinido,Jornada Indiferente,Sin Data,RAS Interim,Sin Data
2026-09-04,Trabajoscom,Lleida,Castellar De La Ribera,ENCAJADOR/A DE CITRICOS CON EXPERIENCIA,Sin Data,Sin Data,Indefinido,Jornada Indiferente,Sin Data,RAS Interim,Sin Data
2026-09-04,Trabajoscom,Barcelona,Mataro,OPERARIO/A INSTALACIONES ELECTRÓNICA,Sin Data,Sin Data,Indefinido,Jornada Indiferente,Sin Data,RAS Interim,Sin Data
2026-09-04,Trabajoscom,Guadalajara,Alovera,MANIPULADOR/A,Sin Data,Sin Data,Indefinido,Jornada Indiferente,Sin Data,RAS Interim,Sin Data
2026-09-04,Trabajoscom,Barcelona,Mataro,MOZO/A DE ALMACÉN,Sin Data,Sin Data,Indefinido,Jornada Indiferente,Sin Data,RAS Interim,Sin Data
2026-09-04,Trabajoscom,Valencia,Alaquas,AYUDANTE/A DE COCINA Y FRIEGAPLATOS.,Sin Data,Sin Data,De duracion determinada,Jornada Indiferente,Sin Data,RAS Interim,Sin Data
2026-09-04,Trabajoscom,Valencia,Riba-Roja De Turia,MOZO/A DE ALMACÉN Y CARRETILLERO/A.,Sin Data,Sin Data,De duracion determinada,Jornada Indiferente,Sin Data,RAS Interim,Sin Data
2026-09-04,Trabajoscom,Albacete,Albacete,MOZO/A CARRETILLERO/A Y ENCAJADOR/A HORTOFRUTICOLA,Sin Data,Sin Data,De duracion determinada,Jornada Indiferente,Sin Data,RAS Interim,Sin Data
2026-09-04,Trabajoscom,A Coruña,Santiago De Compostela,MOZO/A Y CARRETILLERO/A,Sin Data,Sin Data,Indefinido,Jornada Indiferente,Sin Data,RAS Interim,Sin Data
2026-09-04,Trabajoscom,Valencia,Paterna,AUXILIAR ADMINISTRATIVO/A CONTABLE,Sin Data,Sin Data,De duracion determinada,Jornada Indiferente,Sin Data,RAS Interim,Sin Data
2026-09-04,Trabajoscom,Valencia,Valencia,ELÉCTRICO/A OFICIAL DE 1ª,Sin Data,Sin Data,Indefinido,Jornada Indiferente,Sin Data,RAS Interim,Sin Data
2026-09-04,Trabajoscom,Teruel,Las Planas De Castellote,ELECTRICISTA INDUSTRIAL,Sin Data,Sin Data,De duracion determinada,Jornada Indiferente,Sin Data,RAS Interim,Sin Data
2026-09-04,Trabajoscom,Valencia,Riba-Roja De Turia,AUXILIAR ADMINISTRATIVO/A,Sin Data,Sin Data,De duracion determinada,Jornada Indiferente,Sin Data,RAS Interim,Sin Data
2026-09-04,Trabajoscom,Madrid,San Agustin Del Guadalix,TÉCNICO/A ELECTROMECÁNICO/A,Sin Data,Sin Data,Indefinido,Jornada Indiferente,Sin Data,RAS Interim,Sin Data
2026-09-04,Trabajoscom,Madrid,San Fernando De Henares,MOZO/A DE ALMACEN- SAN FERNANDO DE HENARES,Sin Data,Sin Data,A tiempo parcial,Jornada Indiferente,Sin Data,RAS Interim,Sin Data
2026-09-04,Trabajoscom,Valencia,Valencia,TÉCNICO/A DE MANTENIMIENTO INDUSTRIAL,Sin Data,Sin Data,Indefinido,Jornada Indiferente,Sin Data,RAS Interim,Sin Data
2026-09-04,Trabajoscom,Valencia,Paterna,MOZO/A CARRETILLERO RECTRACTIL,Sin Data,Sin Data,Indefinido,Jornada Indiferente,Sin Data,RAS Interim,Sin Data
2026-09-04,Trabajoscom,Valencia,Valencia,AYUDANTE/A DE COCINA - FRIEGAPLATOS,Sin Data,Sin Data,De duracion determinada,Jornada Indiferente,Sin Data,RAS Interim,Sin Data
2026-09-04,Trabajoscom,Sevilla,Todo Sevilla,MOZO/A DE ALMACÉN CARRETILLERO/A.,Sin Data,Sin Data,De duracion determinada,Jornada Indiferente,Sin Data,RAS Interim,Sin Data
2026-09-04,Trabajoscom,Guadalajara,San Andres Del Rey,ENCUESTADOR/A,Sin Data,Sin Data,Indefinido,Jornada Indiferente,Sin Data,RAS Interim,Sin Data
2026-09-04,Trabajoscom,Valencia,Valencia,TÉCNICO/A DE ELECTRICIDAD,Sin Data,Sin Data,Indefinido,Jornada Indiferente,Sin Data,RAS Interim,Sin Data
2026-09-04,Trabajoscom,Valencia,Paterna,CARPINTERO/A,Sin Data,Sin Data,Indefinido,Jornada Indiferente,Sin Data,RAS Interim,Sin Data
2026-09-04,Trabajoscom,Barcelona,Vic,OPERARI/ÀRIA ALIMENTACIÓ MAQUINÀRIA FERRO,Sin Data,Sin Data,Indefinido,Jornada Indiferente,Sin Data,RAS Interim,Sin Data
2026-09-04,Trabajoscom,Barcelona,Vilafranca Del Penedes,ADMINISTRATIVO/A DE TRAFICO CON INGLÉS,Sin Data,Sin Data,Indefinido,Jornada Indiferente,Sin Data,RAS Interim,Sin Data
2026-09-04,Trabajoscom,Teruel,Las Planas De Castellote,SOLDADOR/A DE ALUMINIO,Sin Data,Sin Data,Indefinido,Jornada Indiferente,Sin Data,RAS Interim,Sin Data
2026-09-04,Trabajoscom,Madrid,San Fernando De Henares,MOZO/A ALMACÉN SAN FERNANDO DE HENARES,Sin Data,Sin Data,A tiempo parcial,Jornada Indiferente,Sin Data,RAS Interim,Sin Data
2026-09-04,Trabajoscom,Alicante,Denia,ELECTRICISTA,Sin Data,Sin Data,Indefinido,Jornada Indiferente,Sin Data,RAS Interim,Sin Data
2026-09-04,Trabajoscom,Barcelona,Todo Barcelona,TORNERO/A CNC - FANUC,Sin Data,Sin Data,Indefinido,Jornada Indiferente,Sin Data,RAS Interim,Sin Data
2026-09-04,Trabajoscom,Baleares,Todo Baleares,ELECTRICISTA,Sin Data,Sin Data,Indefinido,Jornada Indiferente,Sin Data,RAS Interim,Sin Data
2026-09-04,Trabajoscom,Alicante,Denia,FRIGORISTA,Sin Data,Sin Data,Indefinido,Jornada Indiferente,Sin Data,RAS Interim,Sin Data
2026-09-04,Trabajoscom,Valencia,Paterna,ELECTRICISTA INDUSTRIAL,Sin Data,Sin Data,De duracion determinada,Jornada Indiferente,Sin Data,RAS Interim,Sin Data
2026-09-04,Trabajoscom,Guadalajara,Yunquera De Henares,TECNICO/A DE MANTENIMIENTO,Sin Data,Sin Data,Indefinido,Jornada Indiferente,Sin Data,RAS Interim,Sin Data
2026-09-04,Trabajoscom,Valencia,Meliana,AYUDANTE/A CAMARERO/A,Sin Data,Sin Data,De duracion determinada,Jornada Indiferente,Sin Data,RAS Interim,Sin Data
2026-09-04,Trabajoscom,Valencia,Meliana,AYUDANTE/A DE COCINA - FRIEGAPLATOS,Sin Data,Sin Data,De duracion determinada,Jornada Indiferente,Sin Data,RAS Interim,Sin Data
2026-09-04,Trabajoscom,Valencia,Paterna,CARPINTERO/A,Sin Data,Sin Data,Indefinido,Jornada Indiferente,Sin Data,RAS Interim,Sin Data
2026-09-04,Trabajoscom,A Coruña,Santiago De Compostela,MOZO/A DE ALMACEN,Sin Data,Sin Data,Indefinido,Jornada Indiferente,Sin Data,RAS Interim,Sin Data
2026-09-04,Trabajoscom,Valencia,Paterna,OPERARIO/A DE PINTURA A PISTOLA EN CABINA,Sin Data,Sin Data,Indefinido,Jornada Indiferente,Sin Data,RAS Interim,Sin Data
2026-09-04,Trabajoscom,Barcelona,Gava,TELEOPERADORES/AS ATENCIÓN AL CLIENTE,Sin Data,Sin Data,Indefinido,Jornada Indiferente,Sin Data,RAS Interim,Sin Data
2026-09-04,Trabajoscom,Valencia,Valencia,CHOFER REPARTIDOR/A,Sin Data,Sin Data,Indefinido,Jornada Indiferente,Sin Data,RAS Interim,Sin Data
2026-09-04,Trabajoscom,Valencia,Paiporta,OPERARIO/A DE PRODUCCION,Sin Data,Sin Data,Indefinido,Jornada Indiferente,Sin Data,RAS Interim,Sin Data
2026-09-04,Trabajoscom,Madrid,Ribatejada,GRABADOR/A DE DATOS,Sin Data,Sin Data,Indefinido,Jornada Indiferente,Sin Data,RAS Interim,Sin Data
2026-09-04,Trabajoscom,Valencia,Carcaixent,ENCAJADOR/A SECTOR HORTOFRUTÍCOLA,Sin Data,Sin Data,De duracion determinada,Jornada Indiferente,Sin Data,RAS Interim,Sin Data
2026-09-04,Trabajoscom,Valencia,Meliana,AYUDANTE/A CAMARERO/A,Sin Data,Sin Data,De duracion determinada,Jornada Indiferente,Sin Data,RAS Interim,Sin Data
2026-09-04,Trabajoscom,Valencia,Alzira,ADMINITRATIVO/A CONTABLE,Sin Data,Sin Data,Indefinido,Jornada Indiferente,Sin Data,RAS Interim,Sin Data
2026-09-04,Trabajoscom,Valencia,Alaquas,AYUDANTE/A DE COCINA Y FRIEGAPLATOS.,Sin Data,Sin Data,De duracion determinada,Jornada Indiferente,Sin Data,RAS Interim,Sin Data
2026-09-04,Trabajoscom,Valencia,Meliana,AYUDANTE/A DE COCINA - FRIEGAPLATOS,Sin Data,Sin Data,De duracion determinada,Jornada Indiferente,Sin Data,RAS Interim,Sin Data
2026-09-04,Trabajoscom,Sevilla,Todo Sevilla,MOZO/A PUENTE GRUA,Sin Data,Sin Data,De duracion determinada,Jornada Indiferente,Sin Data,RAS Interim,Sin Data
2026-09-04,Trabajoscom,Burgos,Burgos,MOZO/A DE ALMACÉN/CARRETILLERO/A,Sin Data,Sin Data,Indefinido,Jornada Indiferente,Sin Data,RAS Interim,Sin Data
2026-09-04,Trabajoscom,Valencia,Almussafes,OPERARIO/A DE LIMPIEZA CON CERTIFICADO DE DISCAPACIDAD,Sin Data,Sin Data,Indefinido,Jornada Indiferente,Sin Data,RAS Interim,Sin Data
2026-09-04,Trabajoscom,Valencia,Paterna,MOZO/A DE ALMACÉN CARRETILLERO/A,Sin Data,Sin Data,De duracion determinada,Jornada Indiferente,Sin Data,RAS Interim,Sin Data
2026-09-04,Trabajoscom,Tarragona,Reus,ALMACENISTA,Sin Data,Sin Data,Indefinido,Jornada Indiferente,Sin Data,RAS Interim,Sin Data
2026-09-04,Trabajoscom,Guadalajara,Alovera,CONDUCTORES/AS,Sin Data,Sin Data,Indefinido,Jornada Indiferente,Sin Data,RAS Interim,Sin Data
2026-09-04,Trabajoscom,Barcelona,Todo Barcelona,AYUDANTE/A DE MAQUINISTA,Sin Data,Sin Data,Indefinido,Jornada Indiferente,Sin Data,RAS Interim,Sin Data
2026-09-04,Trabajoscom,Girona,Santa Coloma De Farners,OPERARIO/A VERIFICADOR/A,Sin Data,Sin Data,Indefinido,Jornada Indiferente,Sin Data,RAS Interim,Sin Data
2026-09-04,Trabajoscom,Barcelona,Todo Barcelona,OPERARIO/A DE PRODUCCIÓN,Sin Data,Sin Data,Indefinido,Jornada Indiferente,Sin Data,RAS Interim,Sin Data
2026-09-04,Trabajoscom,Girona,Santa Coloma De Farners,OPERARIO/A TEXTIL,Sin Data,Sin Data,Indefinido,Jornada Indiferente,Sin Data,RAS Interim,Sin Data
2026-09-04,Trabajoscom,Burgos,Burgos,MOZO/A DE ALMACÉN/CARRETILLERO/A,Sin Data,Sin Data,Indefinido,Jornada Indiferente,Sin Data,RAS Interim,Sin Data
2026-09-04,Trabajoscom,Valencia,Alaquas,Copy of AYUDANTE/A DE COCINA Y FRIEGAPLATOS.,Sin Data,Sin Data,De duracion determinada,Jornada Indiferente,Sin Data,RAS Interim,Sin Data
2026-09-04,Trabajoscom,Valencia,Almussafes,OPERARIO/A DE LIMPIEZA CON CERTIFICADO DE DISCAPACIDAD,Sin Data,Sin Data,Indefinido,Jornada Indiferente,Sin Data,RAS Interim,Sin Data
2026-09-04,Trabajoscom,Murcia,Murcia,MOZO/A DE ALMACÉN TURNO NOCTURNO,Sin Data,Sin Data,Indefinido,Jornada Indiferente,Sin Data,RAS Interim,Sin Data
2026-09-04,Trabajoscom,Barcelona,Sabadell,REPARTIDOR/A,Sin Data,Sin Data,Indefinido,Jornada Indiferente,Sin Data,RAS Interim,Sin Data
2026-09-04,Trabajoscom,Barcelona,Mataro,OPERARIO/A PRODUCCIÓN,Sin Data,Sin Data,Indefinido,Jornada Indiferente,Sin Data,RAS Interim,Sin Data
2026-09-04,Trabajoscom,Ávila,Villaverde,OPERARIO/A LINEA PRODUCCION SMD/THT,Sin Data,Sin Data,Indefinido,Jornada Indiferente,Sin Data,RAS Interim,Sin Data
2026-09-04,Trabajoscom,Baleares,Port D'alcudia,TÉCNICO/A DE REFRIGERACIÓN PARA VEHÍCULOS,Sin Data,Sin Data,Indefinido,Jornada Indiferente,Sin Data,RAS Interim,Sin Data
2026-09-04,Trabajoscom,Barcelona,Todo Barcelona,MANIPULADOR/A TURNO DE NOCHE,Sin Data,Sin Data,Indefinido,Jornada Indiferente,Sin Data,RAS Interim,Sin Data
2026-09-04,Trabajoscom,Barcelona,Todo Barcelona,OPERARIO/A EN LÍNEA DE PRODUCCIÓN,Sin Data,Sin Data,Indefinido,Jornada Indiferente,Sin Data,RAS Interim,Sin Data
2026-09-04,Trabajoscom,Barcelona,Todo Barcelona,PERSONAL PARA HOTEL,Sin Data,Sin Data,Indefinido,Jornada Indiferente,Sin Data,RAS Interim,Sin Data
2026-09-04,Trabajoscom,Valencia,Villanueva De Castellon,TECNICO/A MANTENIMIENTO,Sin Data,Sin Data,Indefinido,Jornada Indiferente,Sin Data,RAS Interim,Sin Data
2026-09-04,Trabajoscom,Barcelona,Todo Barcelona,OPERARIO/A EN LÍNEA DE PRODUCCIÓN,Sin Data,Sin Data,Indefinido,Jornada Indiferente,Sin Data,RAS Interim,Sin Data
2026-09-04,Trabajoscom,Valencia,Carcaixent,TÉCNICO/A DE CALIDAD SECTOR HORTOFRUTÍCOLA,Sin Data,Sin Data,De duracion determinada,Jornada Indiferente,Sin Data,RAS Interim,Sin Data
2026-09-04,Trabajoscom,Barcelona,Todo Barcelona,OPERARIO/A CÁRNICO,Sin Data,Sin Data,Indefinido,Jornada Indiferente,Sin Data,RAS Interim,Sin Data
2026-09-04,Trabajoscom,Sevilla,Todo Sevilla,MOZO/A DE ALMACÉN CON TRANSPALETA,Sin Data,Sin Data,Indefinido,Jornada Indiferente,Sin Data,RAS Interim,Sin Data
2026-09-04,Trabajoscom,Lleida,Castellbo,ENCARGADO/A DE OBRA,Sin Data,Sin Data,Indefinido,Jornada Indiferente,Sin Data,RAS Interim,Sin Data
2026-09-04,Trabajoscom,Sevilla,Todo Sevilla,ADMINISTRATIVO/A LOGÍSTICO,Sin Data,Sin Data,Indefinido,Jornada Indiferente,Sin Data,RAS Interim,Sin Data
2026-09-04,Trabajoscom,Barcelona,Mataro,AUXILIAR DE LABORATORIO PARA SECTOR QUÍMICO,Sin Data,Sin Data,Indefinido,Jornada Indiferente,Sin Data,RAS Interim,Sin Data
2026-09-04,Trabajoscom,Valencia,Meliana,AYUDANTE/A CAMARERO/A,Sin Data,Sin Data,De duracion determinada,Jornada Indiferente,Sin Data,RAS Interim,Sin Data
2026-09-04,Trabajoscom,Toledo,Valmojado,PALETIZADOR/A,Sin Data,Sin Data,Indefinido,Jornada Indiferente,Sin Data,RAS Interim,Sin Data
2026-09-04,Trabajoscom,Teruel,Las Planas De Castellote,MOZO DE ALMACÉN CON CARRETILLA RETRÁCTIL,Sin Data,Sin Data,Indefinido,Jornada Indiferente,Sin Data,RAS Interim,Sin Data
2026-09-04,Trabajoscom,Barcelona,Piera,ELECTROMECANICOS/AS,Sin Data,Sin Data,Indefinido,Jornada Indiferente,Sin Data,RAS Interim,Sin Data
2026-09-04,Trabajoscom,Barcelona,Todo Barcelona,OPERARIO/A DE IMPRESIÓN DE HUECOGRABADO,Sin Data,Sin Data,Indefinido,Jornada Indiferente,Sin Data,RAS Interim,Sin Data
2026-09-04,Trabajoscom,Castellón,Vilafames,ELECTROMECÁNICO/A,Sin Data,Sin Data,Indefinido,Jornada Indiferente,Sin Data,RAS Interim,Sin Data
2026-09-04,Trabajoscom,Barcelona,Mataro,AUXILIAR ADMINISTRATIVO/A,Sin Data,Sin Data,Indefinido,Jornada Indiferente,Sin Data,RAS Interim,Sin Data
2026-09-04,Trabajoscom,Madrid,Madrid,PROMOTOR/A DE VENTAS COSMÉTICA,Sin Data,Sin Data,Indefinido,Jornada Indiferente,Sin Data,RAS Interim,Sin Data
2026-09-04,Trabajoscom,Asturias,Corbera,OPERARIO/APRODUCCIÓN SECTOR ALIMENTARIO,Sin Data,Sin Data,Indefinido,Jornada Indiferente,Sin Data,RAS Interim,Sin Data
2026-09-04,Trabajoscom,Guadalajara,Guadalajara,ADMINISTRATIVO/A ATENCIÓN AL CLIENTE,Sin Data,Sin Data,Indefinido,Jornada Indiferente,Sin Data,RAS Interim,Sin Data
2026-09-04,Trabajoscom,Barcelona,Mataro,OPERARIO/A DE PRENSA,Sin Data,Sin Data,Indefinido,Jornada Indiferente,Sin Data,RAS Interim,Sin Data
2026-09-04,Trabajoscom,Lleida,Castellar De La Ribera,CARRETILLERO/A SECTOR HORTOFRUTÍCOLA,Sin Data,Sin Data,Indefinido,Jornada Indiferente,Sin Data,RAS Interim,Sin Data
2026-09-04,Trabajoscom,Barcelona,Mataro,VERIFICADOR/A DE CALIDAD,Sin Data,Sin Data,Indefinido,Jornada Indiferente,Sin Data,RAS Interim,Sin Data
2026-09-04,Trabajoscom,Tarragona,Valls,MOZO/A ALMACÉN,Sin Data,Sin Data,Indefinido,Jornada Indiferente,Sin Data,RAS Interim,Sin Data
2026-09-04,Trabajoscom,Albacete,Albacete,MOZO/A CARRETILLERO/A Y ENCAJADOR/A HORTOFRUTICOLA,Sin Data,Sin Data,De duracion determinada,Jornada Indiferente,Sin Data,RAS Interim,Sin Data
2026-09-04,Trabajoscom,Girona,Santa Coloma De Farners,OPERARIO/A DE PRODUCCIÓN EN ALTURA,Sin Data,Sin Data,Indefinido,Jornada Indiferente,Sin Data,RAS Interim,Sin Data
2026-09-04,Trabajoscom,Barcelona,Todo Barcelona,OPERARIO/A CÁRNICO,Sin Data,Sin Data,Indefinido,Jornada Indiferente,Sin Data,RAS Interim,Sin Data
2026-09-04,Trabajoscom,Barcelona,Mataro,Copy of MANIPULADOR/A,Sin Data,Sin Data,Indefinido,Jornada Indiferente,Sin Data,RAS Interim,Sin Data
2026-09-04,Trabajoscom,Valencia,Buñol,OPERARIO/A TRITURADOR/A,Sin Data,Sin Data,De duracion determinada,Jornada Indiferente,Sin Data,RAS Interim,Sin Data
2026-09-04,Trabajoscom,Barcelona,Mataro,OPERARIO/A INYECCIÓN,Sin Data,Sin Data,Indefinido,Jornada Indiferente,Sin Data,RAS Interim,Sin Data
2026-09-04,Trabajoscom,Girona,Santa Coloma De Farners,REPARTIDOR/A CON CARNET C,Sin Data,Sin Data,Indefinido,Jornada Indiferente,Sin Data,RAS Interim,Sin Data
2026-09-04,Trabajoscom,Madrid,Madrid,OPERARIO/A DE CALIDAD,Sin Data,Sin Data,Indefinido,Jornada Indiferente,Sin Data,RAS Interim,Sin Data
2026-09-04,Trabajoscom,Sevilla,Todo Sevilla,MONTADOR/A ELÉCTRICO/A,Sin Data,Sin Data,Indefinido,Jornada Indiferente,Sin Data,RAS Interim,Sin Data
2026-09-04,Trabajoscom,Toledo,Illescas,"Mad Este  Hot Dog /Reponedor/a  Alameda de Osuna, Hortaleza (Madrid)",Sin Data,Sin Data,Indefinido,Jornada Indiferente,Sin Data,Grupo DIA,Sin Data
2026-09-04,Trabajoscom,Valencia,Quart De Poblet,ADMINISTRATIVO/A A TIEMPO PARCIAL,Sin Data,Sin Data,De duracion determinada,Jornada Indiferente,Sin Data,RAS Interim,Sin Data
2026-09-04,Trabajoscom,Barcelona,Mataro,OPERARIO/A ELECTRÓNICA,Sin Data,Sin Data,Indefinido,Jornada Indiferente,Sin Data,RAS Interim,Sin Data
2026-09-04,Trabajoscom,Madrid,Madrid,GESTOR/A COMERCIAL DE CUENTAS JUNIOR,Sin Data,Sin Data,Indefinido,Jornada Indiferente,Sin Data,RAS Interim,Sin Data
2026-09-04,Trabajoscom,Valencia,Meliana,AYUDANTE/A CAMARERO/A EXTRA FINES DE SEMANA,Sin Data,Sin Data,De duracion determinada,Jornada Indiferente,Sin Data,RAS Interim,Sin Data
2026-09-04,Trabajoscom,Valencia,Meliana,FRIEGAPLATOS EXTRA FINES DE SEMANA,Sin Data,Sin Data,De duracion determinada,Jornada Indiferente,Sin Data,RAS Interim,Sin Data
2026-09-04,Trabajoscom,Madrid,Madrid,PERIODISTA ESPECIALISTA EN COMUNICACIÓN DIGITAL,Sin Data,Sin Data,Indefinido,Jornada Indiferente,Sin Data,RAS Interim,Sin Data
2026-09-04,Trabajoscom,Valencia,Paterna,MOZO/A / OPERARIO/A SAT,Sin Data,Sin Data,Indefinido,Jornada Indiferente,Sin Data,RAS Interim,Sin Data
2026-09-04,Trabajoscom,Barcelona,Todo Barcelona,AUXILIAR ADMINSITRATIVO/A CONTABLE | SUBSTITUCIÓN,Sin Data,Sin Data,Indefinido,Jornada Indiferente,Sin Data,RAS Interim,Sin Data
2026-09-04,Trabajoscom,Guadalajara,Guadalajara,CARRETILLERO/A,Sin Data,Sin Data,Indefinido,Jornada Indiferente,Sin Data,RAS Interim,Sin Data
2026-09-04,Trabajoscom,Barcelona,Vic,OPERARI/ÀRIA FILATURA,Sin Data,Sin Data,Indefinido,Jornada Indiferente,Sin Data,RAS Interim,Sin Data
2026-09-04,Trabajoscom,Madrid,San Agustin Del Guadalix,AUXILIAR ADMINISTRATIVA/O,Sin Data,Sin Data,Indefinido,Jornada Indiferente,Sin Data,RAS Interim,Sin Data
2026-09-04,Trabajoscom,Toledo,Illescas,OPERARIO/A ALMACEN - PREPARADOR/A PEDIDOS ILLESCAS 24H TARDES VIERNES+SABADOS +DOMINGOS,Sin Data,Sin Data,Indefinido,Jornada Indiferente,Sin Data,Grupo DIA,Sin Data
2026-09-04,Trabajoscom,Teruel,Las Planas De Castellote,CARRETILLERO/A,Sin Data,Sin Data,Indefinido,Jornada Indiferente,Sin Data,RAS Interim,Sin Data
2026-09-04,Trabajoscom,Sevilla,Todo Sevilla,AUXILIAR ADMINISTRATIVO/A COMERCIAL,Sin Data,Sin Data,Indefinido,Jornada Indiferente,Sin Data,RAS Interim,Sin Data
2026-09-04,Trabajoscom,Girona,Girona,DEPENDIENTE/A DE COMERCIO,Sin Data,Sin Data,Indefinido,Jornada Indiferente,Sin Data,RAS Interim,Sin Data
2026-09-04,Trabajoscom,Barcelona,Todo Barcelona,OPERARIO/A INDUSTRIAL SECTOR CONSTRUCCIÓN,Sin Data,Sin Data,Indefinido,Jornada Indiferente,Sin Data,RAS Interim,Sin Data
2026-09-04,Trabajoscom,Barcelona,Todo Barcelona,ROTULISTA EN EMPRESA DE CONSTRUCCIÓN,Sin Data,Sin Data,Indefinido,Jornada Indiferente,Sin Data,RAS Interim,Sin Data
2026-09-04,Trabajoscom,Valencia,Riba-Roja De Turia,CARRETILLERO/A FRONTAL Y RETRÁCTIL,Sin Data,Sin Data,Indefinido,Jornada Indiferente,Sin Data,RAS Interim,Sin Data
2026-09-04,Trabajoscom,Barcelona,Dosrius,COMERCIAL,Sin Data,Sin Data,Indefinido,Jornada Indiferente,Sin Data,RAS Interim,Sin Data
2026-09-04,Trabajoscom,Toledo,Toledo,Responsable de Turno– Centro de Clasificación,Sin Data,Sin Data,Indefinido,Jornada Indiferente,Sin Data,RAS Interim,Sin Data
2026-09-04,Trabajoscom,Valladolid,Valladolid,Cajero/a Reponedor/a Herrera de Pisuerga 20 horas semanales,Sin Data,Sin Data,Indefinido,Jornada Indiferente,Sin Data,Grupo DIA,Sin Data
2026-09-04,Trabajoscom,Ávila,Avila,TELEOPERADOR/A BILINGÜE en CASTELLANO y CATALÁN,Sin Data,Sin Data,Indefinido,Jornada Indiferente,Sin Data,RAS Interim,Sin Data
2026-09-04,Trabajoscom,Ávila,Avila,TELEOPERADOR/A BILINGÜE en CASTELLANO y EUSKERA,Sin Data,Sin Data,Indefinido,Jornada Indiferente,Sin Data,RAS Interim,Sin Data
2026-09-04,Trabajoscom,Tarragona,Reus,AUXILIAR CROMATOGRAFÍA LÍQUIDOS,Sin Data,Sin Data,Indefinido,Jornada Indiferente,Sin Data,RAS Interim,Sin Data
2026-09-04,Trabajoscom,Madrid,San Fernando De Henares,PLEGADOR/A,Sin Data,Sin Data,Indefinido,Jornada Indiferente,Sin Data,RAS Interim,Sin Data
2026-09-04,Trabajoscom,Madrid,San Agustin Del Guadalix,MANIPULADOR/A -SAN AGUSTIN DEL GUADALIX,Sin Data,Sin Data,Indefinido,Jornada Indiferente,Sin Data,RAS Interim,Sin Data
2026-09-04,Trabajoscom,A Coruña,Santiago De Compostela,MOZO/A Y CARRETILLERO/A,Sin Data,Sin Data,Indefinido,Jornada Indiferente,Sin Data,RAS Interim,Sin Data
2026-09-04,Trabajoscom,Madrid,Ciempozuelos,OPERARIO/A DE PRODUCCIÓN,Sin Data,Sin Data,Indefinido,Jornada Indiferente,Sin Data,RAS Interim,Sin Data
2026-09-04,Trabajoscom,Madrid,Getafe,PUESTO VACANTE (SINGULAR MASCULINO/FEMENINO SIN ARTÍCULOS),Sin Data,Sin Data,Indefinido,Jornada Indiferente,Sin Data,RAS Interim,Sin Data
2026-09-04,Trabajoscom,Madrid,Madrid,AUXILIAR - ATENCIÓN AL PÚBLICO EN MUSEO,Sin Data,Sin Data,Indefinido,Jornada Indiferente,Sin Data,RAS Interim,Sin Data
2026-09-04,Trabajoscom,Barcelona,Todo Barcelona,TÉCNICO/A LABORATORIO,Sin Data,Sin Data,Indefinido,Jornada Indiferente,Sin Data,RAS Interim,Sin Data
2026-09-04,Trabajoscom,Barcelona,Todo Barcelona,PREPARADORES/AS DE PEDIDOS,Sin Data,Sin Data,Indefinido,Jornada Indiferente,Sin Data,RAS Interim,Sin Data
2026-09-04,Trabajoscom,Valencia,Algemesi,AYUDANTE DE PINTURA (SECTOR METAL),Sin Data,Sin Data,Indefinido,Jornada Indiferente,Sin Data,RAS Interim,Sin Data
2026-09-04,Trabajoscom,Valencia,Alzira,CARRETILLERO/A,Sin Data,Sin Data,Indefinido,Jornada Indiferente,Sin Data,RAS Interim,Sin Data
2026-09-04,Trabajoscom,Barcelona,El Masnou,MOZO/A ALMACÉN,Sin Data,Sin Data,Indefinido,Jornada Indiferente,Sin Data,RAS Interim,Sin Data
2026-09-04,Trabajoscom,Valencia,Valencia,ELECTROMECÁNICO/A,Sin Data,Sin Data,Indefinido,Jornada Indiferente,Sin Data,RAS Interim,Sin Data
2026-09-04,Trabajoscom,Sevilla,Todo Sevilla,MOZO/A DE ALMACÉN CARRETILLERO/A.,Sin Data,Sin Data,Indefinido,Jornada Indiferente,Sin Data,RAS Interim,Sin Data
2026-09-04,Trabajoscom,Barcelona,Sant Boi De Llobregat,OPERARIO/A PESCADO,Sin Data,Sin Data,Indefinido,Jornada Indiferente,Sin Data,RAS Interim,Sin Data
2026-09-04,Trabajoscom,Madrid,San Fernando De Henares,MOZO/A ALMACÉN ESPECIALISTA,Sin Data,Sin Data,Indefinido,Jornada Indiferente,Sin Data,RAS Interim,Sin Data
2026-09-04,Trabajoscom,Valencia,Algemesi,PUESTO VACANTE (SINGULAR MASCULINO/FEMENINO SIN ARTÍCULOS),Sin Data,Sin Data,Indefinido,Jornada Indiferente,Sin Data,RAS Interim,Sin Data
2026-09-04,Trabajoscom,Barcelona,Igualada,OPERARIO/A ALMACÉN,Sin Data,Sin Data,Indefinido,Jornada Indiferente,Sin Data,RAS Interim,Sin Data
2026-09-04,Trabajoscom,Valencia,Loriguilla,ADMINISTRATIVO/A CALL CENTER,Sin Data,Sin Data,De duracion determinada,Jornada Indiferente,Sin Data,RAS Interim,Sin Data
2026-09-04,Trabajoscom,Sevilla,Todo Sevilla,SALES ASSISTANT SEVILLA 20H,Sin Data,Sin Data,Indefinido,Jornada Indiferente,Sin Data,RAS Interim - Recruiting,Sin Data
2026-09-04,Trabajoscom,Madrid,Meco,OPERARIO/A INYECCIÓN DE PLÁSTICOS,Sin Data,Sin Data,Indefinido,Jornada Indiferente,Sin Data,RAS Interim,Sin Data
2026-09-04,Trabajoscom,Madrid,Madrid,CHAPISTA– MONTADOR/A DE VEHÍCULOS,Sin Data,Sin Data,Indefinido,Jornada Indiferente,Sin Data,RAS Interim - Recruiting,Sin Data
2026-09-04,Trabajoscom,Zaragoza,Zaragoza,PINTOR/A INDUSTRIAL,Sin Data,Sin Data,De duracion determinada,Jornada Indiferente,Sin Data,RAS Interim,Sin Data
2026-09-04,Trabajoscom,Barcelona,Todo Barcelona,OPERARIO/A INYECCIÓN PLÁSTICO,Sin Data,Sin Data,Indefinido,Jornada Indiferente,Sin Data,RAS Interim,Sin Data
2026-09-04,Trabajoscom,Barcelona,Mataro,MANIPULADOR/A,Sin Data,Sin Data,De duracion determinada,Jornada Indiferente,Sin Data,RAS Interim,Sin Data
2026-09-04,Trabajoscom,Guadalajara,Guadalajara,MANIPULADOR/A,Sin Data,Sin Data,Indefinido,Jornada Indiferente,Sin Data,RAS Interim,Sin Data
2026-09-04,Trabajoscom,Valencia,Algemesi,PUESTO VACANTE (SINGULAR MASCULINO/FEMENINO SIN ARTÍCULOS),Sin Data,Sin Data,Indefinido,Jornada Indiferente,Sin Data,RAS Interim,Sin Data
2026-09-04,Trabajoscom,Burgos,Miranda De Ebro,Carnicero/a  charcutero/a para Mutriku,Sin Data,Sin Data,Indefinido,Jornada Indiferente,Sin Data,Grupo DIA,Sin Data
2026-09-04,Trabajoscom,Valladolid,Valladolid,Responsable deÁrea  - Cross docking -Cigales,Sin Data,Sin Data,Indefinido,Jornada Indiferente,Sin Data,Grupo DIA,Sin Data
2026-09-04,Trabajoscom,Murcia,Murcia,OPERARIO/A DE INYECCIÓN,Sin Data,Sin Data,De duracion determinada,Jornada Indiferente,Sin Data,RAS Interim,Sin Data
2026-09-04,Trabajoscom,Barcelona,Todo Barcelona,OPERARIO/A INYECCIÓN PLÁSTICO,Sin Data,Sin Data,Indefinido,Jornada Indiferente,Sin Data,RAS Interim,Sin Data
2026-09-04,Trabajoscom,Albacete,Albacete,MOZOS/AS CARRETILLEROS/AS.,Sin Data,Sin Data,De duracion determinada,Jornada Indiferente,Sin Data,RAS Interim,Sin Data
2026-09-04,Trabajoscom,Barcelona,Mataro,MANIPULADOR/A,Sin Data,Sin Data,De duracion determinada,Jornada Indiferente,Sin Data,RAS Interim,Sin Data
2026-09-04,Trabajoscom,Valencia,Almussafes,MOZO/A DE ALMACÉN CARRETILLERO/A FRONTAL,Sin Data,Sin Data,De duracion determinada,Jornada Indiferente,Sin Data,RAS Interim,Sin Data
2026-09-04,Trabajoscom,Madrid,Alcala De Henares,MANIPULADOR/A PRODUCTOS FRÍOS,Sin Data,Sin Data,Indefinido,Jornada Indiferente,Sin Data,RAS Interim,Sin Data
2026-09-04,Trabajoscom,Toledo,Illescas,Cajero/a Reponedor/a Mondejar (Guadalajara),Sin Data,Sin Data,Indefinido,Jornada Indiferente,Sin Data,Grupo DIA,Sin Data
2026-09-04,Trabajoscom,Valencia,Valencia,PROGRAMADOR/A CAD/CAM,Sin Data,Sin Data,Indefinido,Jornada Indiferente,Sin Data,RAS Interim - Recruiting,Sin Data
2026-09-04,Trabajoscom,Sevilla,Dos Hermanas,Cajero/a Reponedor/a VILLANUEVA DEL RIO Y MINAS,Sin Data,Sin Data,Indefinido,Jornada Indiferente,Sin Data,Grupo DIA,Sin Data
2026-09-04,Trabajoscom,Tarragona,El Pla De Santa Maria,OPERARIO/A DE FÁBRICA SECTOR INDUSTRIAL,Sin Data,Sin Data,Indefinido,Jornada Indiferente,Sin Data,RAS Interim,Sin Data
2026-09-04,Trabajoscom,Barcelona,Sant Boi De Llobregat,OPERARIO/A INYECCIÓN PLÁSTICO,Sin Data,Sin Data,Indefinido,Jornada Indiferente,Sin Data,RAS Interim,Sin Data
2026-09-04,Trabajoscom,Barcelona,Mataro,MOZO/A REPARTIDOR/A,Sin Data,Sin Data,Indefinido,Jornada Indiferente,Sin Data,RAS Interim,Sin Data
2026-09-04,Trabajoscom,Barcelona,Teia,LIMPIADOR/A,Sin Data,Sin Data,Indefinido,Jornada Indiferente,Sin Data,RAS Interim,Sin Data
2026-09-04,Trabajoscom,Barcelona,Todo Barcelona,OPERARIO/A MANTENIMIENTO,Sin Data,Sin Data,Indefinido,Jornada Indiferente,Sin Data,RAS Interim,Sin Data
2026-09-04,Trabajoscom,Barcelona,Todo Barcelona,CARRETILLERO/A RETRÁCTIL,Sin Data,Sin Data,Indefinido,Jornada Indiferente,Sin Data,RAS Interim,Sin Data
2026-09-04,Trabajoscom,Sevilla,Dos Hermanas,Cajero/a Reponedor/a DOS HERMANAS,Sin Data,Sin Data,Indefinido,Jornada Indiferente,Sin Data,Grupo DIA,Sin Data
2026-09-04,Trabajoscom,Barcelona,Lliça De Vall,OPERARIO/A DE MANIPULACION,Sin Data,Sin Data,Indefinido,Jornada Indiferente,Sin Data,RAS Interim,Sin Data
2026-09-04,Trabajoscom,Sevilla,Dos Hermanas,Cajero/a Reponedor/a SEVILLA ZONA NERVION,Sin Data,Sin Data,Indefinido,Jornada Indiferente,Sin Data,Grupo DIA,Sin Data
2026-09-04,Trabajoscom,Toledo,Cedillo Del Condado,OPERARIO/A DE PRODUCCIÓN,Sin Data,Sin Data,Indefinido,Jornada Indiferente,Sin Data,RAS Interim,Sin Data
2026-09-04,Trabajoscom,Barcelona,Sant Celoni,CREDIT & COLLECTIONS ANALYST,Sin Data,Sin Data,Indefinido,Jornada Indiferente,Sin Data,RAS Interim - Recruiting,Sin Data
2026-09-04,Trabajoscom,Tarragona,Reus,OPERARIO/A DE PRODUCCION,Sin Data,Sin Data,De duracion determinada,Jornada Indiferente,Sin Data,RAS Interim,Sin Data
2026-09-04,Trabajoscom,Barcelona,Mataro,SOLDADOR/A,Sin Data,Sin Data,Indefinido,Jornada Indiferente,Sin Data,RAS Interim,Sin Data
2026-09-04,Trabajoscom,Barcelona,Sant Celoni,OPERARIO/A QUÍMICO/A,Sin Data,Sin Data,Indefinido,Jornada Indiferente,Sin Data,RAS Interim,Sin Data
2026-09-04,Trabajoscom,Barcelona,Mataro,ADMINISTRATIVO/A - SECRETARIO/A JURÍDICO,Sin Data,Sin Data,Indefinido,Jornada Indiferente,Sin Data,RAS Interim,Sin Data
2026-09-04,Trabajoscom,Barcelona,El Masnou,CREADOR/A DE CONTENIDO,Sin Data,Sin Data,A tiempo parcial,Jornada Indiferente,Sin Data,RAS Interim,Sin Data
2026-09-04,Trabajoscom,Tarragona,Reus,OPERARIO/A PRODUCCIÓN,Sin Data,Sin Data,Indefinido,Jornada Indiferente,Sin Data,RAS Interim,Sin Data
2026-09-04,Trabajoscom,Madrid,Coslada,REPARTIDOR/A ZONA COSLADA,Sin Data,Sin Data,Indefinido,Jornada Indiferente,Sin Data,RAS Interim,Sin Data
2026-09-04,Trabajoscom,A Coruña,Santiago De Compostela,MOZO/A Y CARRETILLERO/A,Sin Data,Sin Data,Indefinido,Jornada Indiferente,Sin Data,RAS Interim,Sin Data
2026-09-04,Trabajoscom,Tarragona,Valls,MOZO/A DE ALMACEN,Sin Data,Sin Data,Indefinido,Jornada Indiferente,Sin Data,RAS Interim,Sin Data
2026-09-04,Trabajoscom,Sevilla,Dos Hermanas,Cajero/a Reponedor/a LA ALGABA,Sin Data,Sin Data,Indefinido,Jornada Indiferente,Sin Data,Grupo DIA,Sin Data
2026-09-04,Trabajoscom,Alicante,Torrevieja,REPARTIDOR/A PAQUETERÍA AUTÓNOMO/A CON FURGONETA,Sin Data,Sin Data,Indefinido,Jornada Indiferente,Sin Data,RAS Interim,Sin Data
2026-09-04,Trabajoscom,Girona,Girona,MOZO/A REPARTIDOR/A,Sin Data,Sin Data,Indefinido,Jornada Indiferente,Sin Data,RAS Interim,Sin Data
2026-09-04,Trabajoscom,Valencia,Paiporta,OPERARIO/A DE PRODUCCION,Sin Data,Sin Data,Indefinido,Jornada Indiferente,Sin Data,RAS Interim,Sin Data
2026-09-04,Trabajoscom,Madrid,Madrid,Administrativo/a,Sin Data,Sin Data,Indefinido,Jornada Indiferente,Sin Data,RAS Interim,Sin Data
2026-09-04,Trabajoscom,Madrid,San Fernando De Henares,SUPERVISOR/A,Sin Data,Sin Data,Indefinido,Jornada Indiferente,Sin Data,RAS Interim,Sin Data
2026-09-04,Trabajoscom,Madrid,Villaviciosa De Odon,TELEOPERADOR/A VENTA SEGUROS SALUD,Sin Data,Sin Data,Indefinido,Jornada Indiferente,Sin Data,RAS Interim,Sin Data
2026-09-04,Trabajoscom,Barcelona,Todo Barcelona,COSEDOR/A,Sin Data,Sin Data,Indefinido,Jornada Indiferente,Sin Data,RAS Interim,Sin Data
2026-09-04,Trabajoscom,Barcelona,Todo Barcelona,OPERARIOS/AS,Sin Data,Sin Data,Indefinido,Jornada Indiferente,Sin Data,RAS Interim,Sin Data
2026-09-04,Trabajoscom,Barcelona,Mataro,OPERARIO/A DE FABRICACIÓN,Sin Data,Sin Data,Indefinido,Jornada Indiferente,Sin Data,RAS Interim,Sin Data
2026-09-04,Trabajoscom,Zaragoza,Zaragoza,JEFE/A DE ZONA DELEGACIÓN ZARAGOZA,Sin Data,Sin Data,Indefinido,Jornada Indiferente,Sin Data,Grupo DIA,Sin Data
2026-09-04,Trabajoscom,Barcelona,Olost,OPERARI/ÀRIA PRODUCCIÓ PREFABRICATS FORMIGÓ,Sin Data,Sin Data,Indefinido,Jornada Indiferente,Sin Data,RAS Interim,Sin Data
2026-09-04,Trabajoscom,Barcelona,Mataro,OPERARIO/A DE PRODUCCIÓN,Sin Data,Sin Data,Indefinido,Jornada Indiferente,Sin Data,RAS Interim,Sin Data
2026-09-04,Trabajoscom,Zaragoza,Pedrola,Operario/a montaje industrial– Proyecto estable,Sin Data,Sin Data,Indefinido,Jornada Indiferente,Sin Data,RAS Interim,Sin Data
2026-09-04,Trabajoscom,Tarragona,Reus,OPERARIO/A MANTENIMIENTO INDUSTRIAL,Sin Data,Sin Data,Indefinido,Jornada Indiferente,Sin Data,RAS Interim,Sin Data
2026-09-04,Trabajoscom,Barcelona,Todo Barcelona,MECANICO/A SEMIREMOLQUES,Sin Data,Sin Data,Indefinido,Jornada Indiferente,Sin Data,RAS Interim,Sin Data
2026-09-04,Trabajoscom,Sevilla,Todo Sevilla,MOZO/A DE CAMPA - LAVACOCHES CON CERTIFICADO DE DISCAPACIDAD,Sin Data,Sin Data,Indefinido,Jornada Indiferente,Sin Data,RAS Interim,Sin Data
2026-09-04,Trabajoscom,Madrid,Torres De La Alameda,OPERARIO/A PRODUCCIÓN CON SOLDADURA,Sin Data,Sin Data,Indefinido,Jornada Indiferente,Sin Data,RAS Interim,Sin Data
2026-09-04,Trabajoscom,Tarragona,Reus,OPERARIO/A 4º TURNO ALIMENTACIÓN,Sin Data,Sin Data,Indefinido,Jornada Indiferente,Sin Data,RAS Interim,Sin Data
2026-09-04,Trabajoscom,Barcelona,Todo Barcelona,TÉCNICO/A DE MANTENIMIENTO INDUSTRIAL (NOCHES),Sin Data,Sin Data,Indefinido,Jornada Indiferente,Sin Data,RAS Interim - Recruiting,Sin Data
2026-09-04,Trabajoscom,Barcelona,Todo Barcelona,MANIPULADOR/A,Sin Data,Sin Data,Indefinido,Jornada Indiferente,Sin Data,RAS Interim,Sin Data
2026-09-04,Trabajoscom,Murcia,Murcia,MOZO/A DE ALMACÉN CARRETILLERO/A,Sin Data,Sin Data,De duracion determinada,Jornada Indiferente,Sin Data,RAS Interim,Sin Data
2026-09-04,Trabajoscom,Madrid,Madrid,ADMINISTRATIVO/A LOGISTICO/A,Sin Data,Sin Data,Indefinido,Jornada Indiferente,Sin Data,RAS Interim,Sin Data
2026-09-04,Trabajoscom,Barcelona,L' Ametlla Del Valles,INSTALADOR/A INDUSTRIAL,Sin Data,Sin Data,Indefinido,Jornada Indiferente,Sin Data,RAS Interim,Sin Data
2026-09-04,Trabajoscom,Albacete,Albacete,MOZOS/AS CARRETILLEROS/AS.,Sin Data,Sin Data,De duracion determinada,Jornada Indiferente,Sin Data,RAS Interim,Sin Data
2026-09-04,Trabajoscom,Barcelona,Todo Barcelona,INSIDE SALES TÉCNICO | SECTOR INDUSTRIAL,Sin Data,Sin Data,Indefinido,Jornada Indiferente,Sin Data,RAS Interim - Recruiting,Sin Data
2026-09-04,Trabajoscom,Valencia,Riba-Roja De Turia,MOZO/A DE ALMACÉN Y CARRETILLERO/A 30H,Sin Data,Sin Data,De duracion determinada,Jornada Indiferente,Sin Data,RAS Interim,Sin Data
2026-09-04,Trabajoscom,Barcelona,Vilassar De Dalt,TORNERO/A CNC,Sin Data,Sin Data,Indefinido,Jornada Indiferente,Sin Data,RAS Interim,Sin Data
2026-09-04,Trabajoscom,Barcelona,Barcelona,CARRETILLERO/A TRILATERAL,Sin Data,Sin Data,Indefinido,Jornada Indiferente,Sin Data,RAS Interim,Sin Data
2026-09-04,Trabajoscom,Barcelona,Castellar Del Valles,MANIPULADOR/A EMPRESA TÉXTIL,Sin Data,Sin Data,Indefinido,Jornada Indiferente,Sin Data,RAS Interim,Sin Data
2026-09-04,Trabajoscom,Palencia,Castrejon De La Peña,TECNICO/A DE TRATAMIENTOS TÉRMICOS,Sin Data,Sin Data,Indefinido,Jornada Indiferente,Sin Data,RAS Interim - Recruiting,Sin Data
2026-09-04,Trabajoscom,Madrid,Madrid,PINTOR/A DE VEHICULOS - OFICIAL DE 1ª,Sin Data,Sin Data,Indefinido,Sin Data,Sin Data,RAS Interim - Recruiting,Sin Data
2026-09-04,Trabajoscom,Barcelona,Todo Barcelona,CARRETILLEROS/AS,Sin Data,Sin Data,Indefinido,Jornada Indiferente,Sin Data,RAS Interim,Sin Data
2026-09-04,Trabajoscom,Barcelona,Caldes De Montbui,CHÓFER C + CAP,Sin Data,Sin Data,Indefinido,Jornada Indiferente,Sin Data,RAS Interim,Sin Data
2026-09-04,Trabajoscom,Guadalajara,Guadalajara,CONDUCTOR/A TRÁILER (C+E),Sin Data,Sin Data,Indefinido,Sin Data,Sin Data,RAS Interim - Recruiting,Sin Data
2026-09-04,Trabajoscom,Barcelona,Todo Barcelona,MAQUINISTA ENVASADO,Sin Data,Sin Data,Indefinido,Sin Data,Sin Data,RAS Interim,Sin Data
2026-09-04,Trabajoscom,Madrid,San Fernando De Henares,ADMINISTRATIVO/A DEPARTAMENTO DE CREDITO,Sin Data,Sin Data,Indefinido,Sin Data,Sin Data,RAS Interim,Sin Data
2026-09-04,Trabajoscom,Girona,Tossa De Mar,CAMARERO/A DE PISOS TOSSA DE MAR,Sin Data,Sin Data,Indefinido,Jornada Indiferente,Sin Data,RAS Interim,Sin Data
2026-09-04,Trabajoscom,Madrid,Madrid,"TÉCNICO/A DE REGULATORY AFFAIRS, CALIDAD Y MEDIO AMBIENTE",Sin Data,Sin Data,Indefinido,Sin Data,Sin Data,RAS Interim - Recruiting,Sin Data
2026-09-04,Trabajoscom,Barcelona,Barbera Del Valles,OPERARIO/A DE MONTAJE,Sin Data,Sin Data,Indefinido,Sin Data,Sin Data,RAS Interim,Sin Data
2026-09-04,Trabajoscom,Barcelona,Todo Barcelona,MOZO/A ALMACEN,Sin Data,Sin Data,Indefinido,Sin Data,Sin Data,RAS Interim,Sin Data
2026-09-04,Trabajoscom,Alicante,Alicante,MOZO/A DE ALMACÉN Y CARRETILLERO/A 25/30H,Sin Data,Sin Data,De duracion determinada,Sin Data,Sin Data,RAS Interim,Sin Data
2026-09-04,Trabajoscom,Zaragoza,Zaragoza,Medidor/a Departamento Técnico - ZARAGOZA,Sin Data,Sin Data,Indefinido,Jornada Indiferente,Sin Data,Lumon Cristales España,Sin Data
2026-09-04,Trabajoscom,Barcelona,Todo Barcelona,Copy of AUXILIAR ADMINISTRATIVO/A TARDES,Sin Data,Sin Data,Indefinido,Sin Data,Sin Data,RAS Interim,Sin Data
2026-09-04,Trabajoscom,Pontevedra,Pontevedra,MOZO/A DE ALMACÉN,Sin Data,Sin Data,Indefinido,Sin Data,Sin Data,RAS Interim,Sin Data
2026-09-04,Trabajoscom,Zaragoza,Zaragoza,Asesor/a Técnico Comercial - ZARAGOZA,Sin Data,Sin Data,Indefinido,Jornada Indiferente,Sin Data,Lumon Cristales España,Sin Data
2026-09-04,Trabajoscom,Barcelona,Parets Del Valles,OPERARIOS/AS DE MONTAJE,Sin Data,Sin Data,Indefinido,Sin Data,Sin Data,RAS Interim,Sin Data
2026-09-04,Trabajoscom,Valladolid,Valladolid,Staff Operaciones- Centro Logístico de León,Sin Data,Sin Data,Indefinido,Sin Data,Sin Data,Grupo DIA,Sin Data
2026-09-04,Trabajoscom,Barcelona,Mataro,ADMINISTRATIVO/A DE PRODUCCIÓN,Sin Data,Sin Data,Indefinido,Sin Data,Sin Data,RAS Interim,Sin Data
2026-09-04,Trabajoscom,Madrid,Madrid,CARRETILLERO/A RETRÁCTIL,Sin Data,Sin Data,Indefinido,Sin Data,Sin Data,RAS Interim,Sin Data
2026-09-04,Trabajoscom,Barcelona,Parets Del Valles,OPERARIOS/AS DE MONTAJE,Sin Data,Sin Data,Indefinido,Sin Data,Sin Data,RAS Interim,Sin Data
2026-09-04,Trabajoscom,Barcelona,Mataro,MANIPULADOR/A,Sin Data,Sin Data,Indefinido,Sin Data,Sin Data,RAS Interim,Sin Data
2026-09-04,Trabajoscom,Madrid,San Fernando De Henares,GESTOR/A DE FLOTAS,Sin Data,Sin Data,Indefinido,Sin Data,Sin Data,RAS Interim,Sin Data
2026-09-04,Trabajoscom,Zaragoza,Zaragoza,Jefe/a de Ventas Techos - ZARAGOZA,Sin Data,Sin Data,Indefinido,Jornada Indiferente,Sin Data,Lumon Cristales España,Sin Data
2026-09-04,Trabajoscom,Madrid,San Fernando De Henares,GESTOR/A DE PROVEEDORES - SECTOR LOGÍSTICO,Sin Data,Sin Data,Indefinido,Sin Data,Sin Data,RAS Interim,Sin Data
2026-09-04,Trabajoscom,Barcelona,Todo Barcelona,RESPONSABLE FINANCIERO/A,Sin Data,Sin Data,Indefinido,Sin Data,Sin Data,RAS Interim - Recruiting,Sin Data
2026-09-04,Trabajoscom,Barcelona,Todo Barcelona,ADMINISTRATIVO/A DE BACK OFFICE COMERCIAL CON ALEMÁN O INGLÉS,Sin Data,Sin Data,Indefinido,Jornada Indiferente,Sin Data,RAS Interim - Recruiting,Sin Data
2026-09-04,Trabajoscom,Tarragona,Reus,CARRETILLERO/A,Sin Data,Sin Data,Indefinido,Sin Data,Sin Data,RAS Interim,Sin Data
2026-09-04,Trabajoscom,Barcelona,Todo Barcelona,DEPENDIENTE/A,Sin Data,Sin Data,Indefinido,Sin Data,Sin Data,RAS Interim,Sin Data
2026-09-04,Trabajoscom,Barcelona,Todo Barcelona,DEPENDIENTE/A FERRETERIA,Sin Data,Sin Data,Indefinido,Sin Data,Sin Data,RAS Interim,Sin Data
2026-09-04,Trabajoscom,Barcelona,Todo Barcelona,MOZO/A DE ALMACÉN,Sin Data,Sin Data,Indefinido,Sin Data,Sin Data,RAS Interim,Sin Data
2026-09-04,Trabajoscom,Barcelona,Sabadell,AUXILIAR ADMINISTRATIVO/A,Sin Data,Sin Data,Indefinido,Sin Data,Sin Data,RAS Interim,Sin Data
2026-09-04,Trabajoscom,Barcelona,Calaf,OPERARIO/A MONTADOR AUTOMOCIÓN,Sin Data,Sin Data,Indefinido,Sin Data,Sin Data,RAS Interim,Sin Data
2026-09-04,Trabajoscom,Barcelona,Todo Barcelona,COMERCIAL B2B - SECTOR INDUSTRIAL (CATALUNYA),Sin Data,Sin Data,Indefinido,Jornada Indiferente,Sin Data,RAS Interim - Recruiting,Sin Data
2026-09-04,Trabajoscom,Barcelona,Sabadell,OPERARIO/A DE MONTAJE,Sin Data,Sin Data,Indefinido,Sin Data,Sin Data,RAS Interim,Sin Data
2026-09-04,Trabajoscom,Madrid,Alcorcon,Técnico/a Superior en Prevención de Riesgos Laborales - MADRID,Sin Data,Sin Data,Indefinido,Jornada Indiferente,Sin Data,Lumon Cristales España,Sin Data
2026-09-04,Trabajoscom,Sevilla,Dos Hermanas,Cajero/a Reponedor/a PALOMARES DEL RIO,Sin Data,Sin Data,Indefinido,Sin Data,Sin Data,Grupo DIA,Sin Data
2026-09-04,Trabajoscom,Barcelona,Todo Barcelona,RESPONSABLE DE INGENIERÍA DE PLANTA,Sin Data,Sin Data,Indefinido,Sin Data,Sin Data,RAS Interim - Recruiting,Sin Data
2026-09-04,Trabajoscom,Tarragona,Reus,CARRETILLERO/A REUS,Sin Data,Sin Data,Indefinido,Sin Data,Sin Data,RAS Interim,Sin Data
2026-09-04,Trabajoscom,Barcelona,Cerdanyola Del Valles,MANIPULADORES/AS,Sin Data,Sin Data,Indefinido,Sin Data,Sin Data,RAS Interim,Sin Data
2026-09-04,Trabajoscom,Toledo,Illescas,Responsable Técnico de obras ( Dpto. Inmuebles),Sin Data,Sin Data,Indefinido,Sin Data,Sin Data,Grupo DIA,Sin Data
2026-09-04,Trabajoscom,Barcelona,Polinya,SOLDADOR/A MIG/MAG,Sin Data,Sin Data,Indefinido,Sin Data,Sin Data,RAS Interim,Sin Data
2026-09-04,Trabajoscom,Sevilla,Todo Sevilla,ADMINISTRATIVO/A DE TRAFICO / LOGISTICA PORTUARIA CON CERTIFICADO DE DISCAPACIDAD,Sin Data,Sin Data,Indefinido,Sin Data,Sin Data,RAS Interim,Sin Data
2026-09-04,Trabajoscom,Barcelona,Mataro,OPERARIO/A DE PRODUCCIÓN,Sin Data,Sin Data,Indefinido,Sin Data,Sin Data,RAS Interim,Sin Data
2026-09-04,Trabajoscom,Barcelona,Sabadell,CONSERJE SABADELL,Sin Data,Sin Data,Indefinido,Sin Data,Sin Data,RAS Interim,Sin Data
2026-09-04,Trabajoscom,Valencia,Valencia,MONTADOR/A ELECTRICO,Sin Data,Sin Data,Indefinido,Sin Data,Sin Data,RAS Interim,Sin Data
2026-09-04,Trabajoscom,Madrid,Madrid,REPARTIDOR/A EN FURGONETA,Sin Data,Sin Data,Indefinido,Sin Data,Sin Data,RAS Interim,Sin Data
2026-09-04,Trabajoscom,Barcelona,Sant Boi De Llobregat,SUPERVISOR/A ALMACÉN,Sin Data,Sin Data,Indefinido,Sin Data,Sin Data,RAS Interim,Sin Data
2026-09-04,Trabajoscom,Valencia,Alboraya,Oficial 1º Instalador/a de Carpintería de Aluminio ALICANTE,Sin Data,Sin Data,Indefinido,Jornada Indiferente,Sin Data,Lumon Cristales España,Sin Data
2026-09-04,Trabajoscom,Barcelona,Todo Barcelona,LIMPIADOR/A INDUSTRIAL,Sin Data,Sin Data,Indefinido,Sin Data,Sin Data,RAS Interim,Sin Data
2026-09-04,Trabajoscom,Córdoba,Marbella,Dependiente/a con carretilla,Sin Data,Sin Data,Indefinido,Sin Data,Sin Data,RAS Interim,Sin Data
2026-09-04,Trabajoscom,Barcelona,Todo Barcelona,MANIPULADOR/A COSMÉTICA NOCHE,Sin Data,Sin Data,Indefinido,Sin Data,Sin Data,RAS Interim,Sin Data
2026-09-04,Trabajoscom,Barcelona,Todo Barcelona,MANIPULADOR/AS BAIX LLOBREGAT,Sin Data,Sin Data,Indefinido,Sin Data,Sin Data,RAS Interim,Sin Data
2026-09-04,Trabajoscom,Sevilla,Dos Hermanas,Cajero/a Reponedor/a Bonares (Huelva),Sin Data,Sin Data,Indefinido,Sin Data,Sin Data,Grupo DIA,Sin Data
2026-09-04,Trabajoscom,Madrid,Getafe,OPERARIOS/AS PESCADEROS/AS,Sin Data,Sin Data,Indefinido,Sin Data,Sin Data,RAS Interim,Sin Data
2026-09-04,Trabajoscom,Barcelona,Igualada,OPERARIO/A CARRETILLA,Sin Data,Sin Data,Indefinido,Sin Data,Sin Data,RAS Interim,Sin Data
2026-09-04,Trabajoscom,Barcelona,Sabadell,MANIPULADOR/A EMPRESA AUTOMOCIÓN,Sin Data,Sin Data,Indefinido,Sin Data,Sin Data,RAS Interim,Sin Data
2026-09-04,Trabajoscom,Barcelona,Granollers,TÉCNICO/A DE MECANIZADO CNC,Sin Data,Sin Data,Indefinido,Sin Data,Sin Data,RAS Interim,Sin Data
2026-09-04,Trabajoscom,Barcelona,Granollers,OPERARIO/ DE PICKING,Sin Data,Sin Data,Indefinido,Sin Data,Sin Data,RAS Interim,Sin Data
2026-09-04,Trabajoscom,Valladolid,Valladolid,ASTURIAS Cajero/a Reponedor/a Salas,Sin Data,Sin Data,Indefinido,Sin Data,Sin Data,Grupo DIA,Sin Data
2026-09-04,Trabajoscom,Barcelona,Sabadell,CARRETILLERO/A FRONTAL,Sin Data,Sin Data,Indefinido,Sin Data,Sin Data,RAS Interim,Sin Data
2026-09-04,Trabajoscom,Barcelona,Todo Barcelona,CARRETILLERO/A,Sin Data,Sin Data,Indefinido,Sin Data,Sin Data,RAS Interim,Sin Data
2026-09-04,Trabajoscom,Albacete,Albacete,Copy of MOZO/A DE ALMACÉN,Sin Data,Sin Data,Indefinido,Sin Data,Sin Data,RAS Interim,Sin Data
2026-09-04,Trabajoscom, Valencia, Valencia,BOLSA DE EMPLEO - GRUPO RAS,Sin Data,Sin Data,Indefinido,Sin Data,Sin Data,RAS Interim,Sin Data
2026-09-04,Trabajoscom,Valladolid,Valladolid,Administrativos/as Supply Chain- Centro Logístico de León,Sin Data,Sin Data,Indefinido,Sin Data,Sin Data,Grupo DIA,Sin Data
2026-09-04,Trabajoscom,Madrid,Madrid,SOLDADOR/A MIG,Sin Data,Sin Data,Indefinido,Sin Data,Sin Data,RAS Interim,Sin Data
2026-09-04,Trabajoscom,Lleida,Molle,Copy of AUXILIAR ADMINISTRATIVO/A,Sin Data,Sin Data,Indefinido,Sin Data,Sin Data,RAS Interim,Sin Data
2026-09-04,Trabajoscom,Barcelona,Vilafranca Del Penedes,MOZOS/AS VILAFRANCA DEL PENEDES,Sin Data,Sin Data,Indefinido,Sin Data,Sin Data,RAS Interim,Sin Data
2026-09-04,Trabajoscom,Barcelona,Mollet Del Valles,RESPONSABLE DE ALMACEN,Sin Data,Sin Data,Indefinido,Sin Data,Sin Data,RAS Interim,Sin Data
2026-09-04,Trabajoscom,Barcelona,Granollers,MAQUINISTA ARTES GRAFICAS,Sin Data,Sin Data,Indefinido,Sin Data,Sin Data,RAS Interim,Sin Data
2026-09-04,Trabajoscom,Barcelona,Sant Esteve Sesrovires,TRANSPALETERO/A,Sin Data,Sin Data,Indefinido,Sin Data,Sin Data,RAS Interim,Sin Data
2026-09-04,Trabajoscom,Zaragoza,Zaragoza,OPERARIO U OPERARIA DE CALIDAD,Sin Data,Sin Data,Indefinido,Sin Data,Sin Data,RAS Interim,Sin Data
2026-09-04,Trabajoscom,Madrid,Madrid,REPARTIDOR/A ZONA SAN FERNANDO DE HENARES,Sin Data,Sin Data,Indefinido,Sin Data,Sin Data,RAS Interim,Sin Data
2026-09-04,Trabajoscom,Girona,Girona,OPERARIO/A DE PRODUCCIÓN INDÚSTRIA CÁRNICA,Sin Data,Sin Data,Indefinido,Sin Data,Sin Data,RAS Interim,Sin Data
2026-09-04,Trabajoscom,Barcelona,Sant Celoni,TÉNCNICO/A CALIDAD SECTOR ALIMENTACIÓN,Sin Data,Sin Data,Indefinido,Sin Data,Sin Data,RAS Interim,Sin Data
2026-09-04,Trabajoscom,Barcelona,Mollet Del Valles,OPERARIOS/AS,Sin Data,Sin Data,Indefinido,Sin Data,Sin Data,RAS Interim,Sin Data
2026-09-04,Trabajoscom,Madrid,San Fernando De Henares,REPARTIDOR/A EN FURGONETA,Sin Data,Sin Data,Indefinido,Sin Data,Sin Data,RAS Interim,Sin Data
2026-09-04,Trabajoscom,Barcelona,Todo Barcelona,RESPONSABLE DE MANTENIMIENTO,Sin Data,Sin Data,Indefinido,Sin Data,Sin Data,RAS Interim - Recruiting,Sin Data
2026-09-04,Trabajoscom,A Coruña,Santiago De Compostela,Staff de Expansión,Sin Data,Sin Data,Indefinido,Sin Data,Sin Data,Grupo DIA,Sin Data
2026-09-04,Trabajoscom,Barcelona,Granollers,PREPARADOR/A PEDIDOS CON CARNET DE CARRETILLA,Sin Data,Sin Data,Indefinido,Sin Data,Sin Data,RAS Interim,Sin Data
2026-09-04,Trabajoscom,Barcelona,Sabadell,CARRETILLERO/A SABADELL,Sin Data,Sin Data,Indefinido,Sin Data,Sin Data,RAS Interim,Sin Data
2026-09-04,Trabajoscom,Barcelona,Mollet Del Valles,MANIPULADORES/AS,Sin Data,Sin Data,Indefinido,Sin Data,Sin Data,RAS Interim,Sin Data
2026-09-04,Trabajoscom,Tarragona,Reus,INGENIERO/A JUNIOR,Sin Data,Sin Data,Indefinido,Sin Data,Sin Data,RAS Interim,Sin Data
2026-09-04,Trabajoscom,Barcelona,Mollet Del Valles,OPERARIOS/AS,Sin Data,Sin Data,Indefinido,Sin Data,Sin Data,RAS Interim,Sin Data
2026-09-04,Trabajoscom,Barcelona,Mollet Del Valles,MOZOS/AS DE ALMACEN,Sin Data,Sin Data,Indefinido,Sin Data,Sin Data,RAS Interim,Sin Data
2026-09-04,Trabajoscom,Barcelona,Todo Barcelona,OPERARIO/A DE MANTENIMIENTO INDUSTRIAL,Sin Data,Sin Data,Indefinido,Jornada Indiferente,Sin Data,RAS Interim - Recruiting,Sin Data
2026-09-04,Trabajoscom,Barcelona,Mollet Del Valles,MANIPULADORES/AS,Sin Data,Sin Data,Indefinido,Sin Data,Sin Data,RAS Interim,Sin Data
2026-09-04,Trabajoscom,Barcelona,Martorell,PROJECT MANAGER,Sin Data,Sin Data,Indefinido,Jornada Indiferente,Sin Data,RAS Interim - Recruiting,Sin Data
2026-09-04,Trabajoscom,Málaga,Antequera,Cajero/a Reponedor/a Zona Granada,Sin Data,Sin Data,Indefinido,Sin Data,Sin Data,Grupo DIA,Sin Data
2026-09-04,Trabajoscom,Barcelona,Sabadell,MOZO/A DE ALMACÉN CON CARRETILLA,Sin Data,Sin Data,Indefinido,Sin Data,Sin Data,RAS Interim,Sin Data
2026-09-04,Trabajoscom,Barcelona,Todo Barcelona,OPERARIOS/AS- TURNO AMERICANO,Sin Data,Sin Data,Indefinido,Sin Data,Sin Data,RAS Interim,Sin Data
2026-09-04,Trabajoscom,Málaga,Antequera,Operario/a almacén Antequera (Málaga),Sin Data,Sin Data,Indefinido,Sin Data,Sin Data,Grupo DIA,Sin Data
2026-09-04,Trabajoscom,Sevilla,Dos Hermanas,Preparador/a de pedidos on line Sevilla,Sin Data,Sin Data,Indefinido,Sin Data,Sin Data,Grupo DIA,Sin Data
2026-09-04,Trabajoscom,Barcelona,Barcelona,OPERARIO/A PRODUCCIÓN MONTAJE (SANT ADRIAN DEL BESÓS),Sin Data,Sin Data,Indefinido,Sin Data,Sin Data,RAS Interim,Sin Data
2026-09-04,Trabajoscom,Barcelona,Barcelona,OPERARIO/A PRODUCCIÓN INYECCIÓN (SANT ADRIAN DEL BESÓS),Sin Data,Sin Data,Indefinido,Sin Data,Sin Data,RAS Interim,Sin Data
2026-09-04,Trabajoscom,Barcelona,Sabadell,MANIPULADOR/A TÉXTIL,Sin Data,Sin Data,Indefinido,Sin Data,Sin Data,RAS Interim,Sin Data
2026-09-04,Trabajoscom,Valladolid,Valladolid,Cajeros/as-Reponedores/as - Astorga 40h y 24h Incorporación inmediata,Sin Data,Sin Data,Indefinido,Sin Data,Sin Data,Grupo DIA,Sin Data
2026-09-04,Trabajoscom,Valencia,Alboraya,Asesor/a Comercial (Captación B2C) - VALENCIA,Sin Data,Sin Data,Indefinido,Jornada Indiferente,Sin Data,Lumon Cristales España,Sin Data
2026-09-04,Trabajoscom,Barcelona,Todo Barcelona,AUXILIAR ADMINISTRATIVO/A,Sin Data,Sin Data,Indefinido,Sin Data,Sin Data,RAS Interim,Sin Data
2026-09-04,Trabajoscom,Málaga,Antequera,CAJERO/A - REPONEDOR/A EN FUENGIROLA Y MIJAS (MÁLAGA),Sin Data,Sin Data,Indefinido,Sin Data,Sin Data,Grupo DIA,Sin Data
2026-09-04,Trabajoscom,Barcelona,Polinya,MOZO/A DE ALMACÉN,Sin Data,Sin Data,Indefinido,Sin Data,Sin Data,RAS Interim,Sin Data
2026-09-04,Trabajoscom,Barcelona,Sabadell,MANIPULADOR/A,Sin Data,Sin Data,Indefinido,Sin Data,Sin Data,RAS Interim,Sin Data
2026-09-04,Trabajoscom,Burgos,Miranda De Ebro,Cajero/a Reponedor/a Galdakao 40H,Sin Data,Sin Data,Indefinido,Sin Data,Sin Data,Grupo DIA,Sin Data
2026-09-04,Trabajoscom,Madrid,Madrid,Asesor/a Técnico Comercial - MADRID NORTE,Sin Data,Sin Data,Indefinido,Jornada Indiferente,Sin Data,Lumon Cristales España,Sin Data
2026-09-04,Trabajoscom,Málaga,Estepona,Asesor/a Técnico Comercial - ESTEPONA,Sin Data,Sin Data,Indefinido,Jornada Indiferente,Sin Data,Lumon Cristales España,Sin Data
2026-09-04,Trabajoscom,Toledo,Illescas,Cajero/a Reponedor/a Villa de Don Fadrique 0h tardes,Sin Data,Sin Data,Indefinido,Sin Data,Sin Data,Grupo DIA,Sin Data
2026-09-04,Trabajoscom,Barcelona,Sabadell,MANIPULADOR/A SECTOR AUTOMOCION,Sin Data,Sin Data,Indefinido,Sin Data,Sin Data,RAS Interim,Sin Data
2026-09-04,Trabajoscom,Toledo,Illescas,"Jefe/a de Zona MADRID ESTE, COMUNIDAD DE MADRID NORESTE, CASTILLA LA MANCHA",Sin Data,Sin Data,Indefinido,Sin Data,Sin Data,Grupo DIA,Sin Data
2026-09-04,Trabajoscom,Girona,Girona,OPERARIO/A DE TOLVA EN BANYOLES,Sin Data,Sin Data,Indefinido,Sin Data,Sin Data,RAS Interim,Sin Data
2026-09-04,Trabajoscom,Barcelona,Mollet Del Valles,OPERARIOS/AS PINTURA,Sin Data,Sin Data,Indefinido,Sin Data,Sin Data,RAS Interim,Sin Data
2026-09-04,Trabajoscom,Barcelona,Cerdanyola Del Valles,OPERARIO/A DE PESADO,Sin Data,Sin Data,Indefinido,Sin Data,Sin Data,RAS Interim,Sin Data
2026-09-04,Trabajoscom,Barcelona,Barbera Del Valles,OPERARIO/A DE MONTAJE,Sin Data,Sin Data,Indefinido,Sin Data,Sin Data,RAS Interim,Sin Data
2026-09-04,Trabajoscom,Barcelona,Parets Del Valles,ADMINISTRATIVO/A DE COMPRAS,Sin Data,Sin Data,Indefinido,Sin Data,Sin Data,RAS Interim,Sin Data
2026-09-04,Trabajoscom,Toledo,Illescas,Técnico/a de Selección y Formación Regional Madrid,Sin Data,Sin Data,Indefinido,Sin Data,Sin Data,Grupo DIA,Sin Data
2026-09-04,Trabajoscom,Barcelona,Todo Barcelona,CARRETILLERO/A RETRÁCTIL,Sin Data,Sin Data,Indefinido,Sin Data,Sin Data,RAS Interim,Sin Data
2026-09-04,Trabajoscom,Barcelona,Sabadell,JEFE/A DE ZONA EN BARCELONA YÁREA METROPOLITANA,Sin Data,Sin Data,Indefinido,Sin Data,Sin Data,Grupo DIA,Sin Data
2026-09-04,Trabajoscom,Toledo,Illescas,Becario/a Dpto Selección y Formación Madrid,Sin Data,Sin Data,Indefinido,Sin Data,Sin Data,Grupo DIA,Sin Data
2026-09-04,Trabajoscom,Valencia,Moncada,OPERARIO/A DE PRODUCCIÓN (MONCADA) - PARA SEPTIEMBRE,Sin Data,Sin Data,Indefinido,Sin Data,Sin Data,RAS Interim,Sin Data
2026-09-04,Trabajoscom, Valencia, Valencia,CARRETILLERO/A DE PINZAS,Sin Data,Sin Data,Indefinido,Sin Data,Sin Data,RAS Interim,Sin Data
2026-09-04,Trabajoscom,Valencia,Museros,SOLDADOR/A (MUSEROS) - PARA SEPTIEMBRE,Sin Data,Sin Data,Indefinido,Sin Data,Sin Data,RAS Interim,Sin Data
2026-09-04,Trabajoscom,Valencia,Puçol,CARRETILLERO/A FRONTAL (PUZOL) - PARA SEPTIEMBRE,Sin Data,Sin Data,Indefinido,Sin Data,Sin Data,RAS Interim,Sin Data
2026-09-04,Trabajoscom,Valencia,Albuixech,COMERCIAL PUERTA FRIA (ALBUIXECH),Sin Data,Sin Data,Indefinido,Sin Data,Sin Data,RAS Interim,Sin Data
2026-09-04,Trabajoscom, Valencia, Valencia,LIMPIADOR/A DÍAS SUELTOS,Sin Data,Sin Data,Indefinido,Sin Data,Sin Data,RAS Interim,Sin Data
2026-09-04,Trabajoscom,Valencia,Museros,ENCAJADOR/A ALMACÉN AGRICOLA (MUSEROS),Sin Data,Sin Data,Indefinido,Sin Data,Sin Data,RAS Interim,Sin Data
2026-09-04,Trabajoscom,Lleida,Castellbo,TRACTORISTA PARA ALMACÉN AGRICOLA,Sin Data,Sin Data,Indefinido,Sin Data,Sin Data,RAS Interim,Sin Data
2026-09-04,Trabajoscom, Valencia, Valencia,OPERARIO/A DE PUENTE GRÚA - PARA SEPTIEMBRE,Sin Data,Sin Data,Indefinido,Sin Data,Sin Data,RAS Interim,Sin Data
2026-09-04,Trabajoscom, Valencia, Valencia,CARRETILLERO/A DOBLE PALA (SAGUNTO),Sin Data,Sin Data,Indefinido,Sin Data,Sin Data,RAS Interim,Sin Data
2026-09-04,Trabajoscom,Valencia,Moncada,OPERARIO/A DE MONTAJE (MONCADA) - PARA SEPTIEMBRE,Sin Data,Sin Data,Indefinido,Sin Data,Sin Data,RAS Interim,Sin Data
2026-09-04,Trabajoscom,Zaragoza,Zaragoza,Cajero/a Reponedor/a FRANQUICIA  MORA DE RUBIELOS (TERUEL),Sin Data,Sin Data,Indefinido,Sin Data,Sin Data,Grupo DIA,Sin Data
2026-09-04,Trabajoscom,Valencia,Puçol,OPERARIO/A DE PUENTE GRÚA,Sin Data,Sin Data,Indefinido,Sin Data,Sin Data,RAS Interim,Sin Data
2026-09-04,Trabajoscom,Badajoz,Merida,ResponsableÁrea de Preparación para Mérida,Sin Data,Sin Data,Indefinido,Sin Data,Sin Data,Grupo DIA,Sin Data
2026-09-04,Trabajoscom, Valencia, Valencia,ELECTRICISTA INDUSTRIAL (EN SAGUNTO CON DESPLAZAMIENTOS NACIONALES),Sin Data,Sin Data,Indefinido,Sin Data,Sin Data,RAS Interim,Sin Data
2026-09-04,Trabajoscom,Barcelona,Vilafranca Del Penedes,OPERARIOS/AS DE PRODUCCIÓN SECTOR INDUSTRIAL,Sin Data,Sin Data,Indefinido,Sin Data,Sin Data,RAS Interim,Sin Data
2026-09-04,Trabajoscom,Valencia,Alzira,ELECTROMECÁNICO/A INDUSTRIAL,Sin Data,Sin Data,Indefinido,Sin Data,Sin Data,RAS Interim,Sin Data
2026-09-04,Trabajoscom,Barcelona,Barcelona,AUXILIAR ADMINISTRATIVO/A CON INGLÉS,Sin Data,Sin Data,Indefinido,Sin Data,Sin Data,RAS Interim,Sin Data
2026-09-04,Trabajoscom,Barcelona,Mollet Del Valles,OPERARIOS/AS,Sin Data,Sin Data,Indefinido,Sin Data,Sin Data,RAS Interim,Sin Data
2026-09-04,Trabajoscom,Valladolid,Valladolid,Cajero/a-Reponedor/a- Peñafiel- 40 horas semanales - Incorporación inmediata,Sin Data,Sin Data,Indefinido,Sin Data,Sin Data,Grupo DIA,Sin Data
2026-09-04,Trabajoscom,Pontevedra,Pontevedra,Operario/a de Desmontaje sin experiencia en Lanin (Pontevedra),Sin Data,Sin Data,Indefinido,Sin Data,Sin Data,RAS Interim,Sin Data
2026-09-04,Trabajoscom,Badajoz,Merida,Mozo/a Almacén 40h Indef. Mérida,Sin Data,Sin Data,Indefinido,Sin Data,Sin Data,Grupo DIA,Sin Data
2026-09-04,Trabajoscom,Barcelona,Barcelona,OPERARIO/A PRODUCCIÓN PLÁSTICOS (SANT ADRIAN DEL BESÓS),Sin Data,Sin Data,Indefinido,Sin Data,Sin Data,RAS Interim,Sin Data
2026-09-04,Trabajoscom,Girona,Blanes,ELECTRICISTA,Sin Data,Sin Data,Indefinido,Sin Data,Sin Data,RAS Interim,Sin Data
2026-09-04,Trabajoscom,Tarragona,Reus,OPERARIO/A DE PRODUCCIÓN,Sin Data,Sin Data,Indefinido,Sin Data,Sin Data,RAS Interim,Sin Data
2026-09-04,Trabajoscom,Málaga,Antequera,Cajero/a Reponedor/a - DÚRCAL,Sin Data,Sin Data,Indefinido,Sin Data,Sin Data,Grupo DIA,Sin Data
2026-09-04,Trabajoscom,Burgos,Miranda De Ebro,Cajero/a Reponedor/a 40H BERGARA TEMPORAL,Sin Data,Sin Data,Indefinido,Sin Data,Sin Data,Grupo DIA,Sin Data
2026-09-04,Trabajoscom,Alicante,Orihuela,Preparador/a de pedidos online en Alicante,Sin Data,Sin Data,Indefinido,Jornada Indiferente,Sin Data,Grupo DIA,Sin Data
2026-09-04,Trabajoscom,Toledo,Illescas,Cajero/a Reponedor/a Buitrago de Lozoya,Sin Data,Sin Data,Indefinido,Sin Data,Sin Data,Grupo DIA,Sin Data
2026-09-04,Trabajoscom,Madrid,Getafe,Becario/a Dpto. RRHH-Selección y Formación Inicial en Getafe,Sin Data,Sin Data,Indefinido,Sin Data,Sin Data,Grupo DIA,Sin Data
2026-09-04,Trabajoscom,Barcelona,Vilafranca Del Penedes,OPERARIO/A DE PRODUCCIÓN,Sin Data,Sin Data,Indefinido,Sin Data,Sin Data,RAS Interim,Sin Data
2026-09-04,Trabajoscom,Barcelona,Sabadell,OPERARIO/A TURNO TARDE EN SABADELL,Sin Data,Sin Data,Indefinido,Sin Data,Sin Data,RAS Interim,Sin Data
2026-09-04,Trabajoscom,Alicante,Orihuela,"Cajero/a Reponedor/a enÁguilas, Murcia",Sin Data,Sin Data,Indefinido,Sin Data,Sin Data,Grupo DIA,Sin Data
2026-09-04,Trabajoscom,Alicante,Orihuela,"Cajero/a Reponedor/a en Cartagena, Murcia",Sin Data,Sin Data,Indefinido,Sin Data,Sin Data,Grupo DIA,Sin Data
2026-09-04,Trabajoscom,Madrid,Las Rozas De Madrid,Becario/a Departamento de Compras Procurement,Sin Data,Sin Data,Indefinido,Sin Data,Sin Data,Grupo DIA,Sin Data
2026-09-04,Trabajoscom,Barcelona,Sabadell,MANIPULADOR/A ARTES GRÁFICAS,Sin Data,Sin Data,Indefinido,Sin Data,Sin Data,RAS Interim,Sin Data
2026-09-04,Trabajoscom,Zaragoza,Zaragoza,Operario/a de desmontaje sin experiencia,Sin Data,Sin Data,Indefinido,Sin Data,Sin Data,RAS Interim,Sin Data
2026-09-04,Trabajoscom,Málaga,Antequera,CARNICERO/A CÓRDOBA CAPITAL,Sin Data,Sin Data,Indefinido,Sin Data,Sin Data,Grupo DIA,Sin Data
2026-09-04,Trabajoscom,Sevilla,Dos Hermanas,Mozo/a Almacén DOS HERMANAS TURNO DE TARDE,Sin Data,Sin Data,Indefinido,Sin Data,Sin Data,Grupo DIA,Sin Data
2026-09-04,Trabajoscom,Barcelona,Mataro,OPERARIO/A DE AMASADO,Sin Data,Sin Data,Indefinido,Sin Data,Sin Data,RAS Interim,Sin Data
2026-09-04,Trabajoscom,Barcelona,Mataro,OPERARIO/A DE ENSAYOS MECÁNICOS INDUSTRIAL,Sin Data,Sin Data,Indefinido,Sin Data,Sin Data,RAS Interim,Sin Data
2026-09-04,Trabajoscom,Barcelona,Sabadell,OPERARIO/A PLÁSTICO,Sin Data,Sin Data,Indefinido,Sin Data,Sin Data,RAS Interim,Sin Data
2026-09-04,Trabajoscom,Burgos,Miranda De Ebro,Cajero/a Reponedor/a 24H Bergara,Sin Data,Sin Data,Indefinido,Sin Data,Sin Data,Grupo DIA,Sin Data
2026-09-04,Trabajoscom,Barcelona,Barcelona,ADMINISTRATIVO/A MEDIA JORNADA (DPTO ADMINISTRACIÓN/CONTABLE),Sin Data,Sin Data,A tiempo parcial,Sin Data,Sin Data,RAS Interim,Sin Data
2026-09-04,Trabajoscom,Madrid,Getafe,CARRETILLERO/A,Sin Data,Sin Data,Indefinido,Sin Data,Sin Data,RAS Interim,Sin Data
2026-09-04,Trabajoscom,Barcelona,Vic,MOSSO/A MAGATZEM POLIVALENT,Sin Data,Sin Data,Indefinido,Sin Data,Sin Data,RAS Interim,Sin Data
2026-09-04,Trabajoscom,Burgos,Miranda De Ebro,Carnicero/a  charcutero/a para Mungia,Sin Data,Sin Data,Indefinido,Sin Data,Sin Data,Grupo DIA,Sin Data
2026-09-04,Trabajoscom,Toledo,Illescas,Carnicero/a Hortaleza,Sin Data,Sin Data,Indefinido,Sin Data,Sin Data,Grupo DIA,Sin Data
2026-09-04,Trabajoscom,Barcelona,Barcelona,AUXILIAR DE CALIDAD,Sin Data,Sin Data,Indefinido,Sin Data,Sin Data,RAS Interim,Sin Data
2026-09-04,Trabajoscom,Madrid,Alcorcon,Administrativo/a Comercial MADRID SUR (TEMPORAL),Sin Data,Sin Data,Indefinido,Jornada Indiferente,Sin Data,Lumon Cristales España,Sin Data
2026-09-04,Trabajoscom,Málaga,Malaga,Becario/a Finanzas y Contabilidad - MALAGA,Sin Data,Sin Data,Indefinido,Jornada Indiferente,Sin Data,Lumon Cristales España,Sin Data
2026-09-04,Trabajoscom,Madrid,Alcorcon,Asesor/a Comercial Captación B2C - TOLEDO,Sin Data,Sin Data,Indefinido,Jornada Indiferente,Sin Data,Lumon Cristales España,Sin Data
2026-09-04,Trabajoscom,Barcelona,Todo Barcelona,TÉCNICO/A DE MANTENIMIENTO ELECTROMECÁNICO,Sin Data,Sin Data,Indefinido,Jornada Indiferente,Sin Data,RAS Interim,Sin Data
2026-09-04,Trabajoscom,Cáceres,Coria,f Cajero/a Reponedor/a para Coria,Sin Data,Sin Data,Indefinido,Jornada Indiferente,Sin Data,Grupo DIA,Sin Data
2026-09-04,Trabajoscom,Zaragoza,Zaragoza,Cajero/a Reponedor/a ZARAGOZA,Sin Data,Sin Data,Indefinido,Jornada Indiferente,Sin Data,Grupo DIA,Sin Data
2026-09-04,Trabajoscom,Sevilla,Dos Hermanas,Cajero/a Reponedor/a  SEVILLA CAPITAL 20 HORAS SEMANALES,Sin Data,Sin Data,Indefinido,Jornada Indiferente,Sin Data,Grupo DIA,Sin Data
2026-09-04,Trabajoscom,Zaragoza,Zaragoza,Cajero/a Reponedor/a JACA (HUESCA),Sin Data,Sin Data,Indefinido,Jornada Indiferente,Sin Data,Grupo DIA,Sin Data
2026-09-04,Trabajoscom,Valladolid,Valladolid,Cajeros/as-Reponedores/as - Arroyo de la Encomienda 40h,Sin Data,Sin Data,Indefinido,Jornada Indiferente,Sin Data,Grupo DIA,Sin Data
2026-09-04,Trabajoscom,Madrid,Getafe,Reponedor/a en Madrid (zona centro). 24h Turno tarde-noche.,Sin Data,Sin Data,Indefinido,Jornada Indiferente,Sin Data,Grupo DIA,Sin Data
2026-09-04,Trabajoscom,Madrid,Getafe,Mozos/as de Almacén en Getafe-40h Turno mañana,Sin Data,Sin Data,Indefinido,Jornada Indiferente,Sin Data,Grupo DIA,Sin Data
2026-09-04,Trabajoscom, Murcia, Murcia,Maquinista de envasadora (H/M)- JAVALI NUEVO,Sin Data,Sin Data,Indefinido,Jornada Completa,Sin Data,Crit Interim España ETT,Sin Data
2026-09-04,Trabajoscom, Murcia, Murcia,Operario/a producción (Horno/Freidora)- JAVALI NUEVO,Sin Data,Sin Data,Indefinido,Jornada Completa,Sin Data,Crit Interim España ETT,Sin Data
2026-09-04,Trabajoscom, Málaga, Málaga,Conductor/a Repartidor/a Málaga,Sin Data,Sin Data,De duracion determinada,Jornada Completa,Sin Data,Iman Temporing,Sin Data
2026-09-04,Trabajoscom, Valencia, Valencia,Operario/a de Montaje Electrónico – THT y Soldadura,Sin Data,Sin Data,De duracion determinada,Jornada Completa,Sin Data,Iman Temporing,Sin Data
2026-09-04,Trabajoscom, Madrid, Madrid,Administrativo/a Contable - Importaciones,Sin Data,Sin Data,Indefinido,Jornada Completa,Sin Data,Crit Interim España ETT,Sin Data
2026-09-04,Trabajoscom, Barcelona, Barcelona,Dependiente/a de Panadería y Obrador,Sin Data,Sin Data,Indefinido,Jornada Completa,Sin Data,Crit Interim España ETT,Sin Data
2026-09-04,Trabajoscom, Barcelona, Barcelona,Vigilantes Seguridad en Manresa - Organismo Salud,Sin Data,Sin Data,Indefinido,Jornada Completa,Sin Data,Iman Seguridad,Sin Data
2026-09-04,Trabajoscom, Murcia, Murcia,Técnico/a de Reparación de Equipos Informáticos,21.000 € - 23.000 €,Sin Data,Indefinido,Jornada Completa,Sin Data,Iman Temporing,Sin Data
2026-09-04,Trabajoscom, Murcia, Murcia,Cerrajero/a,18.000 € - 24.000 €,Sin Data,Indefinido,Jornada Completa,Sin Data,Iman Temporing,Sin Data
2026-09-04,Trabajoscom, Barcelona, Barcelona,Operario/a extrusor/a turno tarde,Sin Data,Sin Data,Indefinido,Jornada Completa,Sin Data,Iman Temporing,Sin Data
2026-09-04,Trabajoscom, Cantabria, Cantabria,Conductor/a con Carnet C + E más CAP,Sin Data,Sin Data,De duracion determinada,Jornada Completa,Sin Data,Crit Interim España ETT,Sin Data
2026-09-04,Trabajoscom, Murcia, Murcia,Carpintero/a metálico,18.000 € - 24.000 €,Sin Data,Indefinido,Jornada Completa,Sin Data,Iman Temporing,Sin Data
2026-09-04,Trabajoscom, Cádiz, Cádiz,Comercial productos cárnicos Jerez-Bahía de Cádiz,1.800 €,Sin Data,Indefinido,Jornada Completa,Sin Data,Crit Interim España ETT,Sin Data
2026-09-04,Trabajoscom, Bizkaia, Bizkaia,Operario/a Manipulador/a Industrial 2 turnos,22.000 €,Sin Data,De duracion determinada,Jornada Completa,Sin Data,Iman Temporing,Sin Data
2026-09-04,Trabajoscom, Murcia, Murcia,Maquinista de producción-sección líquidos,Sin Data,Sin Data,Indefinido,Jornada Completa,Sin Data,Crit Interim España ETT,Sin Data
2026-09-04,Trabajoscom, Madrid, Madrid,COMERCIAL (Transporte Internacional) en Madrid,24.000 € - 30.000 €,Sin Data,Indefinido,Jornada Completa,Sin Data,Iman Global Consulting,Sin Data
2026-09-04,Trabajoscom, Madrid, Madrid,Electricista (H/M),Sin Data,Sin Data,De duracion determinada,Jornada Completa,Sin Data,Crit Interim España ETT,Sin Data
2026-09-04,Trabajoscom, Navarra, Navarra,Operario/a de línea de producción (Congelados),17.000 € - 19.000 €,Sin Data,De duracion determinada,Jornada Completa,Sin Data,Iman Temporing,Sin Data
2026-09-04,Trabajoscom, Alicante, Alicante,Gerocultor/a - Auxiliar de enfermería Centro Residencial DomusVi El Campello,Sin Data,Sin Data,Indefinido,Jornada Indiferente,Sin Data,DomusVi,Sin Data
2026-09-04,Trabajoscom, León, León,Director/a Centro Residencial DomusVi Virgen del Camino,Sin Data,Sin Data,De duracion determinada,Jornada Completa,Sin Data,DomusVi,Sin Data
2026-09-04,Trabajoscom, Barcelona, Barcelona,Recepcionista,15.600 € - 16.800 €,Sin Data,De duracion determinada,Media Jornada,Sin Data,Crit Interim España ETT,Sin Data
2026-09-04,Trabajoscom, Bizkaia, Bizkaia,Carretillero/a Frontal y Retráctil,24.200 €,Sin Data,De duracion determinada,Jornada Completa,Sin Data,Iman Temporing,Sin Data
2026-09-04,Trabajoscom, Málaga, Málaga,Gerocultor/a - Auxiliar de enfermería Centro Residencial DomusVi Sierra de las Nieves,Sin Data,Sin Data,Indefinido,Media Jornada,Sin Data,DomusVi,Sin Data
2026-09-04,Trabajoscom, Huelva, Huelva,Contable Fiscal (H/M) Lepe,Sin Data,Sin Data,Indefinido,Jornada Completa,Sin Data,Crit Interim España ETT,Sin Data
2026-09-04,Trabajoscom, Alicante, Alicante,Personal de Limpieza - Centro Residencial DomusVi San Vicente,Sin Data,Sin Data,Indefinido,Media Jornada,Sin Data,DomusVi,Sin Data
2026-09-04,Trabajoscom, Alicante, Alicante,Gerocultor/a - Auxiliar de enfermería Centro Residencial DomusVi Alicante Condomina,Sin Data,Sin Data,Indefinido,Media Jornada,Sin Data,DomusVi,Sin Data
2026-09-04,Trabajoscom, Cantabria, Cantabria,OPERARIO/A PVC,Sin Data,Sin Data,De duracion determinada,Jornada Completa,Sin Data,Iman Temporing,Sin Data
2026-09-04,Trabajoscom, Navarra, Navarra,Operario/a Producción - Sector Químico Plástico,Sin Data,Sin Data,A tiempo parcial,Jornada Completa,Sin Data,Iman Temporing,Sin Data
2026-09-04,Trabajoscom, Madrid, Madrid,Supervisor/a Almacén,Sin Data,Sin Data,De duracion determinada,Jornada Completa,Sin Data,Iman Temporing,Sin Data
2026-09-04,Trabajoscom, Navarra, Navarra,Carretillero producción,Sin Data,Sin Data,De duracion determinada,Jornada Completa,Sin Data,Iman Temporing,Sin Data
2026-09-04,Trabajoscom, Alicante, Alicante,Gerocultor/a - Auxiliar de enfermería Centro Residencial DomusVi Calpe,Sin Data,Sin Data,Indefinido,Jornada Completa,Sin Data,DomusVi,Sin Data
2026-09-04,Trabajoscom, Barcelona, Barcelona,Carretillero/a frontal,20.356 €,Sin Data,Autonomo,Jornada Completa,Sin Data,Iman Temporing,Sin Data
2026-09-04,Trabajoscom, Navarra, Navarra,OPERARIO/A DE ARTES GRÁFICAS,Sin Data,Sin Data,De duracion determinada,Jornada Completa,Sin Data,Iman Temporing,Sin Data
2026-09-04,Trabajoscom, Córdoba, Córdoba,Operario de gestión de envases y vaciado,Sin Data,Sin Data,De duracion determinada,Jornada Completa,Sin Data,Crit Interim España ETT,Sin Data
2026-09-04,Trabajoscom, Barcelona, Barcelona,Operario/a sector Textil,17.000 € - 17.094 €,Sin Data,De duracion determinada,Jornada Completa,Sin Data,Iman Temporing,Sin Data
2026-09-04,Trabajoscom, Jaén, Jaén,Mozo/a Almacén carretilla Puente del Obispo,Sin Data,Sin Data,De duracion determinada,Jornada Completa,Sin Data,Crit Interim España ETT,Sin Data
2026-09-04,Trabajoscom, Bizkaia, Bizkaia,Jefe de obra instalaciones,Sin Data,Sin Data,Indefinido,Jornada Indiferente,Sin Data,Iman Global Consulting,Sin Data
2026-09-04,Trabajoscom, Barcelona, Barcelona,Administrativo/a logística,Sin Data,Sin Data,Indefinido,Jornada Completa,Sin Data,Iman Temporing,Sin Data
2026-09-04,Trabajoscom, Bizkaia, Bizkaia,GOBERNANTE/A,Sin Data,Sin Data,Indefinido,Jornada Completa,Sin Data,Royal Rooms,Sin Data
2026-09-04,Trabajoscom, Madrid, Madrid,Técnico/a de Estudios y Presupuestos (Reformas residenciales) en Madrid,Sin Data,Sin Data,Indefinido,Jornada Completa,Sin Data,Iman Global Consulting,Sin Data
2026-09-04,Trabajoscom, Jaén, Jaén,Operario/a Carpintería de madera,Sin Data,Sin Data,De duracion determinada,Jornada Completa,Sin Data,Crit Interim España ETT,Sin Data
2026-09-04,Trabajoscom, Murcia, Murcia,Peón especialista (H/M),Sin Data,Sin Data,De duracion determinada,Jornada Completa,Sin Data,Crit Interim España ETT,Sin Data
2026-09-04,Trabajoscom, Valencia, Valencia,Oficial/a Producción en empresa de Reciclaje,Sin Data,Sin Data,De duracion determinada,Jornada Completa,Sin Data,Iman Temporing,Sin Data
2026-09-04,Trabajoscom, Araba, Araba,Repartidor/a Furgoneta,Sin Data,Sin Data,De duracion determinada,Jornada Completa,Sin Data,Iman Temporing,Sin Data
2026-09-04,Trabajoscom, Gipuzkoa, Gipuzkoa,Operario/a Acabados - Soldadura TIG,25.000 €,Sin Data,De duracion determinada,Jornada Completa,Sin Data,Iman Temporing,Sin Data
2026-09-04,Trabajoscom, Baleares, Baleares,Administrativo/a,Sin Data,Sin Data,De duracion determinada,Jornada Completa,Sin Data,Crit Interim España ETT,Sin Data
2026-09-04,Trabajoscom, Madrid, Madrid,Administrativo/a 24 horas semanales,Sin Data,Sin Data,De duracion determinada,Jornada Completa,Sin Data,Crit Interim España ETT,Sin Data
2026-09-04,Trabajoscom, Valencia, Valencia,Administrativo/a,Sin Data,Sin Data,Indefinido,Jornada Indiferente,Sin Data,Iman Temporing,Sin Data
2026-09-04,Trabajoscom, A Coruña, A Coruña,Ayudante de Cocina- Centro Residencial DomusVi A Coruña,Sin Data,Sin Data,De duracion determinada,Jornada Completa,Sin Data,DomusVi,Sin Data
2026-09-04,Trabajoscom, Tarragona, Tarragona,Operario/a de producción/manutención de piezas,20.300 € - 20.600 €,Sin Data,De duracion determinada,Jornada Completa,Sin Data,Iman Temporing,Sin Data
2026-09-04,Trabajoscom, Jaén, Jaén,Jefe/a de Taller - Jaén,Sin Data,Sin Data,Indefinido,Jornada Completa,Sin Data,Iman Global Consulting,Sin Data
2026-09-04,Trabajoscom, Barcelona, Barcelona,Operario/ a turno parcial de 14:00a 18:00 h,Sin Data,Sin Data,De duracion determinada,Jornada Completa,Sin Data,Crit Interim España ETT,Sin Data
2026-09-04,Trabajoscom, Barcelona, Barcelona,Operario/a,17.000 € - 17.500 €,Sin Data,De duracion determinada,Jornada Completa,Sin Data,Iman Temporing,Sin Data
2026-09-04,Trabajoscom, Valencia, Valencia,OPERARIO/A LIMPIEZA INDUSTRIAL,Sin Data,Sin Data,De duracion determinada,Jornada Completa,Sin Data,Pacto,Sin Data
2026-09-04,Trabajoscom, Málaga, Málaga,Oficial de mantenimiento para hotel en Málaga,Sin Data,Sin Data,Indefinido,Jornada Completa,Sin Data,Pacto,Sin Data
2026-09-04,Trabajoscom, Barcelona, Barcelona,Personal de manipulados (+33 DISCAPACIDAD o IPT) coche GRANOLLERS,Sin Data,Sin Data,Indefinido,Jornada Indiferente,Sin Data,Diswork,Sin Data
2026-09-04,Trabajoscom, S.C. Tenerife, S.C. Tenerife,"Mozo/a de Almacén - Tacoronte, La Laguna...",17.000 € - 18.000 €,Sin Data,Indefinido,Jornada Completa,Sin Data,Pacto,Sin Data
2026-09-04,Trabajoscom, Bizkaia, Bizkaia,Técnico/a Eléctrico/Electrónico - Amorebieta,Sin Data,Sin Data,De duracion determinada,Jornada Completa,Sin Data,Iman Temporing,Sin Data
2026-09-04,Trabajoscom, Araba, Araba,Soldador/a,Sin Data,Sin Data,Indefinido,Jornada Completa,Sin Data,Iman Temporing,Sin Data
2026-09-04,Trabajoscom, Barcelona, Barcelona,Administrativo/a Logística,22.000 € - 22.500 €,Sin Data,Indefinido,Jornada Completa,Sin Data,Iman Temporing,Sin Data
2026-09-04,Trabajoscom, Cantabria, Cantabria,Carretillero/a,Sin Data,Sin Data,De duracion determinada,Jornada Completa,Sin Data,Iman Temporing,Sin Data
2026-09-04,Trabajoscom, Palencia, Palencia,Operario/a almacén con manejo de carretilla,20.000 € - 21.000 €,Sin Data,De duracion determinada,Jornada Completa,Sin Data,Iman Temporing,Sin Data
2026-09-04,Trabajoscom, Cantabria, Cantabria,COMERCIAL NACIONAL,Sin Data,Sin Data,Indefinido,Jornada Completa,Sin Data,Iman Temporing,Sin Data
2026-09-04,Trabajoscom, Bizkaia, Bizkaia,Operario/a de Fundición,Sin Data,Sin Data,De duracion determinada,Jornada Completa,Sin Data,Iman Temporing,Sin Data
2026-09-04,Trabajoscom,Lleida,Torrefarrera,ADMINISTRATIVO/A,18.000 € - 25.000 €,Sin Data,Indefinido,Jornada Completa,Sin Data,Iman Temporing,Sin Data
2026-09-04,Trabajoscom, Tarragona, Tarragona,Carretillero/a de expediciones,Sin Data,Sin Data,De duracion determinada,Jornada Completa,Sin Data,Iman Temporing,Sin Data
2026-09-04,Trabajoscom, Barcelona, Barcelona,Gerocultor/a - Auxiliar de enfermería Centro Residencial DomusVi Regina,Sin Data,Sin Data,Indefinido,Jornada Completa,Sin Data,DomusVi,Sin Data
2026-09-04,Trabajoscom, Jaén, Jaén,Operario de corte - Madera,Sin Data,Sin Data,Indefinido,Jornada Indiferente,Sin Data,Iman Temporing,Sin Data
2026-09-04,Trabajoscom, Valencia, Valencia,Responsable Atención Clientes (RAC),Sin Data,Sin Data,De duracion determinada,Jornada Completa,Sin Data,Iman Temporing,Sin Data
2026-09-04,Trabajoscom, Barcelona, Barcelona,Consultor/a Selección (RPO),Sin Data,Sin Data,De duracion determinada,Jornada Completa,Sin Data,Iman Temporing,Sin Data
2026-09-04,Trabajoscom, Barcelona, Barcelona,Técnico/a de Mantenimiento con carné de calderas,28.000 € - 30.000 €,Sin Data,Indefinido,Jornada Completa,Sin Data,Iman Temporing,Sin Data
2026-09-04,Trabajoscom, Tarragona, Tarragona,Carretillero/a de envasado con GS,Sin Data,Sin Data,De duracion determinada,Jornada Completa,Sin Data,Iman Temporing,Sin Data
2026-09-04,Trabajoscom, Barcelona, Barcelona,Vigilante de Seguridad en Entidad Pública Audiovisual,Sin Data,Sin Data,Indefinido,Jornada Completa,Sin Data,Iman Seguridad,Sin Data
2026-09-04,Trabajoscom, La Rioja, La Rioja,ADMINISTRATIVO/A SECTOR SEGUROS,Sin Data,Sin Data,De duracion determinada,Media Jornada,Sin Data,Iman Temporing,Sin Data
2026-09-04,Trabajoscom,Barcelona,Barcelona,TECNICO SUPERIOR RIESGOS LABORALES,22.000 € - 300.000 €,Sin Data,Indefinido,Jornada Indiferente,Sin Data,Vimelab,Sin Data
2026-09-04,Trabajoscom,Barcelona,Barcelona,MEDICO DEL TRABAJO,Sin Data,Sin Data,Indefinido,Jornada Completa,Sin Data,Vimelab,Sin Data
2026-09-04,Trabajoscom,Toledo,Ocaña,Operario/a de pruebas frigoríficas,Sin Data,Sin Data,Indefinido,Jornada Completa,Sin Data,Grupo Adecco,Sin Data
2026-09-04,Trabajoscom,Barcelona,Gelida,Mozo/a almacén con retráctil,Sin Data,Sin Data,Indefinido,Jornada Completa,Sin Data,Grupo Adecco,Sin Data
2026-09-04,Trabajoscom,Araba,Vitoria-Gasteiz,Técnico/a de mantenimiento,Sin Data,Sin Data,De duracion determinada,Media Jornada,Sin Data,Grupo Adecco,Sin Data
2026-09-04,Trabajoscom,Tarragona,Les Borges Del Camp,Técnico/a de Calidad Enología,Sin Data,Sin Data,Indefinido,Jornada Completa,Sin Data,Grupo Adecco,Sin Data
2026-09-04,Trabajoscom,Barcelona,Barcelona,Cocinero/a para comedor de Colegio (San Cugat del Válles),Sin Data,Sin Data,De duracion determinada,Jornada Completa,Sin Data,Temps,Sin Data
2026-09-04,Trabajoscom,Zaragoza,Zaragoza,TÉCNICO/A DE RECURSOS HUMANOS,Sin Data,Sin Data,De duracion determinada,Jornada Completa,Sin Data,Temps,Sin Data
2026-09-04,Trabajoscom,Zaragoza,Zaragoza,RESPONSABLE DE VENTAS,Sin Data,Sin Data,De duracion determinada,Jornada Completa,Sin Data,Temps,Sin Data
2026-09-04,Trabajoscom,Barcelona,Vilanova I La Geltrú,ING-Electricista Industrial,Sin Data,Sin Data,Indefinido,Jornada Completa,Sin Data,Grupo Adecco,Sin Data
2026-09-04,Trabajoscom,Madrid,Madrid,AYUDANTE DE AUDITORIA,21.000 € - 24.000 €,Sin Data,Indefinido,Jornada Completa,Sin Data,Dq Auditores De Cuentas,Sin Data
2026-09-04,Trabajoscom,Málaga,Málaga,Professional Sales Representative Northern & Eastern Europe,Sin Data,Sin Data,Indefinido,Jornada Completa,Sin Data,Grupo Adecco,Sin Data
2026-09-04,Trabajoscom,Gipuzkoa,Todo Gipuzkoa,Técnico/a Mantenimiento,Sin Data,Sin Data,Indefinido,Jornada Completa,Sin Data,AdegiLan,Sin Data
2026-09-04,Trabajoscom,Bizkaia,Todo Bizkaia,Técnico/Técnica en Sistemas Informáticos y de Redes,Sin Data,Sin Data,De duracion determinada,Jornada Completa,Sin Data,AdegiLan,Sin Data
2026-09-04,Trabajoscom,Gipuzkoa,Todo Gipuzkoa,Responsable Fabricación Proyecto/Project Manufacturing Manager,42.000 € - 54.000 €,Sin Data,Indefinido,Jornada Completa,Sin Data,AdegiLan,Sin Data
2026-09-04,Trabajoscom,Bizkaia,Todo Bizkaia,Analista de Datos,Sin Data,Sin Data,De duracion determinada,Jornada Completa,Sin Data,AdegiLan,Sin Data
2026-09-04,Trabajoscom,Gipuzkoa,Todo Gipuzkoa,Responsable Comercial de Formación B2C,Sin Data,Sin Data,Indefinido,Jornada Completa,Sin Data,AdegiLan,Sin Data
2026-09-04,Trabajoscom,Gipuzkoa,Todo Gipuzkoa,Electrónico/a,Sin Data,Sin Data,Indefinido,Jornada Completa,Sin Data,AdegiLan,Sin Data
2026-09-04,Trabajoscom,Gipuzkoa,Todo Gipuzkoa,Operario/a de mecanizado,Sin Data,Sin Data,De duracion determinada,Jornada Completa,Sin Data,AdegiLan,Sin Data
2026-09-04,Trabajoscom,Gipuzkoa,Todo Gipuzkoa,CALDERERO/A,Sin Data,Sin Data,Indefinido,Jornada Completa,Sin Data,AdegiLan,Sin Data
2026-09-04,Trabajoscom,Gipuzkoa,Todo Gipuzkoa,Aux administrativo/a contable  (sust. baja maternidad),Sin Data,Sin Data,De duracion determinada,Jornada Completa,Sin Data,AdegiLan,Sin Data
2026-09-04,Trabajoscom,Gipuzkoa,Todo Gipuzkoa,Consultor/ra,18 € - 30 €,Sin Data,De duracion determinada,Jornada Completa,Sin Data,AdegiLan,Sin Data
2026-09-04,Trabajoscom,Madrid,San Fernando De Henares,CONDUCTOR TRÁILER MADRID SAN FERNANDO DE HENARES,34.000 € - 35.000 €,Sin Data,Indefinido,Jornada Completa,Sin Data,A Tu Hora Express,Sin Data
2026-09-04,Trabajoscom,Bizkaia,Orozko,Operario/a Limpieza CON COCHE (OROZKO),Sin Data,Sin Data,De duracion determinada,Media Jornada,Sin Data,Grupo Adecco,Sin Data
2026-09-04,Trabajoscom,Gipuzkoa,Todo Gipuzkoa,Personal de muelle,18 € - 30 €,Sin Data,De duracion determinada,Jornada Completa,Sin Data,AdegiLan,Sin Data
2026-09-04,Trabajoscom,Barcelona,Barberà Del Vallès,Operario/a Mezcla y Pesaje,Sin Data,Sin Data,De duracion determinada,Jornada Completa,Sin Data,Temps,Sin Data
2026-09-04,Trabajoscom,Barcelona,Santa Margarida I Els Monjos,Televenta,12 €,Sin Data,De duracion determinada,Jornada Completa,Sin Data,Temps,Sin Data
2026-09-04,Trabajoscom,Barcelona,El Prat De Llobregat,Operario/a - Preparador de pedidos,Sin Data,Sin Data,De duracion determinada,Jornada Completa,Sin Data,Temps,Sin Data
2026-09-04,Trabajoscom,Bizkaia,Bilbao,Torner@ CNC Oficial/a 1ª,Sin Data,Sin Data,De duracion determinada,Jornada Completa,Sin Data,Temps,Sin Data
2026-09-04,Trabajoscom,Barcelona,Sabadell,OPERARIO/A DE PRODUCCIÓN,Sin Data,Sin Data,Indefinido,Jornada Indiferente,Sin Data,RAS Interim,Sin Data
2026-09-04,Trabajoscom,Zaragoza,Zaragoza,Oficial de mantenimiento Centro Residencial DomusVi Zalfonada,Sin Data,Sin Data,Indefinido,Jornada Completa,Sin Data,DomusVi,Sin Data
2026-09-04,Trabajoscom,Valencia,Alicante,OFICIAL 1ª MANTENIMIENTO EN INSTALACIONES TÉRMICAS,Sin Data,Sin Data,Indefinido,Jornada Indiferente,Sin Data,RAS Interim,Sin Data
2026-09-04,Trabajoscom,Valencia,Benimodo,MOZO/A CON TRASPALETA ELÉCTRICA,Sin Data,Sin Data,Indefinido,Jornada Indiferente,Sin Data,RAS Interim,Sin Data
2026-09-04,Trabajoscom,Valencia,Murcia,CHOFER REPARTIDOR/A,Sin Data,Sin Data,Indefinido,Jornada Indiferente,Sin Data,RAS Interim,Sin Data
2026-09-04,Trabajoscom,Cáceres,Todo Cáceres,Comercial – Indefinido y Coche de Empresa,Sin Data,Sin Data,Indefinido,Jornada Completa,Sin Data,Empresa de Selección,Sin Data
2026-09-04,Trabajoscom,Barcelona,Sant Boi De Llobregat,COSEDOR/A,Sin Data,Sin Data,Indefinido,Jornada Indiferente,Sin Data,RAS Interim,Sin Data
2026-09-04,Trabajoscom,Barcelona,Terrassa,ABASTECEDOR/A DE MAQUINARIA,Sin Data,Sin Data,Indefinido,Jornada Indiferente,Sin Data,RAS Interim,Sin Data
2026-09-04,Trabajoscom,Madrid,Madrid,Técnico en área de vehículos de transporte colectivo (M2 y M3),25 €,Sin Data,Indefinido,Media Jornada,Sin Data,Fundación General de la Universidad Politécnica de Madrid,Sin Data
2026-09-04,Trabajoscom,Barcelona,Igualada,CONDUCTOR/A CAMIÓN-CISTERNA Y TRÁILER CON ADR,Sin Data,Sin Data,Indefinido,Jornada Indiferente,Sin Data,RAS Interim - Recruiting,Sin Data
2026-09-04,Trabajoscom,Madrid,Madrid,Auxiliar Administrativo/a Telefónico (Media Jornada),18.000 € - 19.000 €,Sin Data,De duracion determinada,Media Jornada,Sin Data,Temps,Sin Data
2026-09-04,Trabajoscom,Barcelona,Igualada,ADJUNTO/A A DIRECCIÓN FINANCIERA Y RRHH,Sin Data,Sin Data,Indefinido,Jornada Indiferente,Sin Data,RAS Interim - Recruiting,Sin Data
2026-09-04,Trabajoscom,Barcelona,Barcelona,TELEOPERADOR/A COMERCIAL - SAN CUGAT DEL VALLÈS,Sin Data,Sin Data,De duracion determinada,Jornada Indiferente,Sin Data,Temps,Sin Data
2026-09-04,Trabajoscom,Barcelona,Gavà,Mozo/a de almacén,18.000 €,Sin Data,De duracion determinada,Jornada Completa,Sin Data,Temps,Sin Data
2026-09-04,Trabajoscom,Valencia,Picassent,Repartidor/a,17.000 € - 18.000 €,Sin Data,De duracion determinada,Jornada Completa,Sin Data,Temps,Sin Data
2026-09-04,Trabajoscom,Valencia,Todo Valencia,"CAMAREROS/AS, LIMPIADORES/AS Y MOZOS/AS (DIAS Y EVENTOS SUELTOS)",Sin Data,Sin Data,Indefinido,Jornada Indiferente,Sin Data,RAS Interim,Sin Data
2026-09-04,Trabajoscom,Córdoba,Todo Córdoba,Fontanero,Sin Data,Sin Data,Fijo discontinuo,Jornada Completa,Sin Data,Empresa de Selección,Sin Data
2026-09-04,Trabajoscom,Barcelona,Sabadell,OPERARIO/A MONTAJE,Sin Data,Sin Data,Indefinido,Jornada Indiferente,Sin Data,RAS Interim,Sin Data
2026-09-04,Trabajoscom,Valencia,Todo Valencia,"CAMAREROS/AS, LIMPIADORES/AS Y MOZOS/AS (DIAS Y EVENTOS SUELTOS)",Sin Data,Sin Data,Indefinido,Jornada Indiferente,Sin Data,RAS Interim,Sin Data
2026-09-04,Trabajoscom,Barcelona,Sabadell,OPERARIO/A DE MONTAJE,Sin Data,Sin Data,Indefinido,Jornada Indiferente,Sin Data,RAS Interim,Sin Data
2026-09-04,Trabajoscom,Córdoba,Todo Córdoba,Fontanero,Sin Data,Sin Data,Fijo discontinuo,Jornada Completa,Sin Data,Empresa de Selección,Sin Data
2026-09-04,Trabajoscom,Girona,Breda,CARRETILLERO/A,Sin Data,Sin Data,Indefinido,Jornada Indiferente,Sin Data,RAS Interim,Sin Data
2026-09-04,Trabajoscom,Barcelona,Sabadell,MANIPULADOR/A,Sin Data,Sin Data,Indefinido,Jornada Indiferente,Sin Data,RAS Interim,Sin Data
2026-09-04,Trabajoscom,Barcelona,Sabadell,MANIPULADOR/A,Sin Data,Sin Data,Indefinido,Jornada Indiferente,Sin Data,RAS Interim,Sin Data
2026-09-04,Trabajoscom,Barcelona,Sabadell,OPERARIO/A EXTRUSIÓN PLÁSTICO,Sin Data,Sin Data,Indefinido,Jornada Indiferente,Sin Data,RAS Interim,Sin Data
2026-09-04,Trabajoscom,Madrid,Madrid,Técnico en área de vehículos de transporte colectivo (M2 y M3),25 €,Sin Data,Indefinido,Media Jornada,Sin Data,Fundación General de la Universidad Politécnica de Madrid,Sin Data
2026-09-04,Trabajoscom,Baleares,Todo Baleares,TÉCNICO/A DE INSTALACIÓN Y/O MANTENIMIENTO DE PUERTAS AUTOMÁTICAS,Sin Data,Sin Data,Indefinido,Jornada Indiferente,Sin Data,RAS Interim,Sin Data
2026-09-04,Trabajoscom,Madrid,Alcala De Henares,CONDUCTOR/A C,Sin Data,Sin Data,Indefinido,Jornada Indiferente,Sin Data,RAS Interim,Sin Data
2026-09-04,Trabajoscom,Valencia,Valencia,PEÓN/A DE PLANTA DE RECICLAJE,Sin Data,Sin Data,Indefinido,Jornada Indiferente,Sin Data,RAS Interim,Sin Data
2026-09-04,Trabajoscom,Murcia,Murcia,MOZO/A DE ALMACÉN CON CARRETILLA,Sin Data,Sin Data,Indefinido,Jornada Indiferente,Sin Data,RAS Interim,Sin Data
2026-09-04,Trabajoscom,Madrid,Daganzo De Arriba,OPERARIO/A GRANALLADO,Sin Data,Sin Data,Indefinido,Jornada Indiferente,Sin Data,RAS Interim,Sin Data
2026-09-04,Trabajoscom,Bizkaia,Gandia,CAMARERO/A,Sin Data,Sin Data,Indefinido,Jornada Indiferente,Sin Data,RAS Interim,Sin Data
2026-09-04,Trabajoscom,Valencia,Paterna,CARRETILLERO/A,Sin Data,Sin Data,Indefinido,Jornada Indiferente,Sin Data,RAS Interim,Sin Data
2026-09-04,Trabajoscom,Guadalajara,Torija,MOZO/A ESPECIALISTA,Sin Data,Sin Data,Indefinido,Jornada Indiferente,Sin Data,RAS Interim,Sin Data
2026-09-04,Trabajoscom, Guadalajara, Guadalajara,MANIPULADOR/A EN LÍNEA,Sin Data,Sin Data,Indefinido,Jornada Indiferente,Sin Data,RAS Interim,Sin Data
2026-09-04,Trabajoscom,Madrid,Madrid,REPARTIDOR/A,Sin Data,Sin Data,Indefinido,Jornada Indiferente,Sin Data,RAS Interim,Sin Data
2026-09-04,Trabajoscom,Barcelona,Mataro,AUXILIAR DE LABORATORIO,Sin Data,Sin Data,Indefinido,Jornada Indiferente,Sin Data,RAS Interim,Sin Data
2026-09-04,Trabajoscom,Valencia,Valencia,AYUDANTE DE CAMARERO/A,Sin Data,Sin Data,De duracion determinada,Jornada Indiferente,Sin Data,RAS Interim,Sin Data
2026-09-04,Trabajoscom,Madrid,Daganzo De Arriba,DIGITALIZADOR/A DE DATOS,Sin Data,Sin Data,Indefinido,Jornada Indiferente,Sin Data,RAS Interim,Sin Data
2026-09-04,Trabajoscom,Guadalajara,Guadalajara,MOZO/A DE ALMACÉN,Sin Data,Sin Data,De duracion determinada,Jornada Indiferente,Sin Data,RAS Interim,Sin Data
2026-09-04,Trabajoscom,Valencia,Valencia,AYUDANTE DE COCINA Y FRIEGAPLATOS,Sin Data,Sin Data,De duracion determinada,Jornada Indiferente,Sin Data,RAS Interim,Sin Data
2026-09-04,Trabajoscom,Barcelona,Vic,OPERARI/ÀRIA ACABATS METAL·LÚRGICA,Sin Data,Sin Data,Indefinido,Jornada Indiferente,Sin Data,RAS Interim,Sin Data
2026-09-04,Trabajoscom,Madrid,Alcala De Henares,CONDUCTOR/A CAMIÓN,Sin Data,Sin Data,Indefinido,Jornada Indiferente,Sin Data,RAS Interim,Sin Data
2026-09-04,Trabajoscom,Madrid,Mejorada Del Campo,OFICIAL 1ª ELECTRICISTA,Sin Data,Sin Data,Indefinido,Jornada Indiferente,Sin Data,RAS Interim,Sin Data
2026-09-04,Trabajoscom,Barcelona,Mataro,CARNICERO/A,Sin Data,Sin Data,Indefinido,Jornada Indiferente,Sin Data,RAS Interim,Sin Data
2026-09-04,Trabajoscom,Valencia,Benifaio,ENCAJADOR/A HORTOFRUTÍCOLA,Sin Data,Sin Data,Indefinido,Jornada Indiferente,Sin Data,RAS Interim,Sin Data
2026-09-04,Trabajoscom,Valencia,Alzira,MECÁNICO/A DE VEHÍCULOS DE FRÍO.,Sin Data,Sin Data,De duracion determinada,Jornada Indiferente,Sin Data,RAS Interim,Sin Data
2026-09-04,Trabajoscom,Barcelona,Mataro,UN/A TÉCNICO/A REPARACIONES,Sin Data,Sin Data,Indefinido,Jornada Indiferente,Sin Data,RAS Interim,Sin Data
2026-09-04,Trabajoscom,Valencia,Benifaio,MOZO/A DE ALMACÉN CARRETILLERO/A,Sin Data,Sin Data,De duracion determinada,Jornada Indiferente,Sin Data,RAS Interim,Sin Data
2026-09-04,Trabajoscom,Valencia,Paterna,MOZO/ A DE ALMACÉN CARRETILLERO/A,Sin Data,Sin Data,De duracion determinada,Jornada Indiferente,Sin Data,RAS Interim,Sin Data
2026-09-04,Trabajoscom,Barcelona,Mataro,OPERARIO/A CALIDAD,Sin Data,Sin Data,Indefinido,Jornada Indiferente,Sin Data,RAS Interim,Sin Data
2026-09-04,Trabajoscom,Madrid,Madrid,COMERCIAL PYME JUNIOR,Sin Data,Sin Data,Indefinido,Jornada Indiferente,Sin Data,RAS Interim,Sin Data
2026-09-04,Trabajoscom,Valencia,Massalaves,MOZO/A DE ALMACÉN,Sin Data,Sin Data,A tiempo parcial,Jornada Indiferente,Sin Data,RAS Interim,Sin Data
2026-09-04,Trabajoscom,Madrid,Madrid,AYUDANTE REPARTO,Sin Data,Sin Data,Indefinido,Jornada Indiferente,Sin Data,RAS Interim,Sin Data
2026-09-04,Trabajoscom,Madrid,Madrid,INSTALADOR/A ELECTRICISTA,Sin Data,Sin Data,Indefinido,Jornada Indiferente,Sin Data,RAS Interim,Sin Data
2026-09-04,Trabajoscom,Madrid,Mejorada Del Campo,OFICIAL SOLDADURA,Sin Data,Sin Data,Indefinido,Jornada Indiferente,Sin Data,RAS Interim,Sin Data
2026-09-04,Trabajoscom,Baleares,Todo Baleares,TÉCNICO/A DE HIGIENE Y CONTROL DE PLAGAS,Sin Data,Sin Data,De duracion determinada,Jornada Indiferente,Sin Data,RAS Interim,Sin Data
2026-09-04,Trabajoscom,Guadalajara,Guadalajara,OPERARIO/A CNC (CONTROL NUMÉRICO),Sin Data,Sin Data,De duracion determinada,Jornada Indiferente,Sin Data,RAS Interim,Sin Data
2026-09-04,Trabajoscom,Valencia,Valencia,CARRETILLERO/A RETRÁCTIL EN FRÍO.,Sin Data,Sin Data,De duracion determinada,Jornada Indiferente,Sin Data,RAS Interim,Sin Data
2026-09-04,Trabajoscom,Valencia,Benifaio,MOZO/A DE ALMACÉN CARRETILLERO/A,Sin Data,Sin Data,De duracion determinada,Jornada Indiferente,Sin Data,RAS Interim,Sin Data
2026-09-04,Trabajoscom,Alicante,Alicante,OFICIAL DE 1ª FONTANERÍA / ALBAÑILERÍA,Sin Data,Sin Data,De duracion determinada,Jornada Indiferente,Sin Data,RAS Interim,Sin Data
2026-09-04,Trabajoscom,Palencia,Castrejon De La Peña,TÉCNICO/A DE HIGIENE Y CONTROL DE PLAGAS,Sin Data,Sin Data,De duracion determinada,Jornada Indiferente,Sin Data,RAS Interim,Sin Data
2026-09-04,Trabajoscom,Valencia,Riba-Roja De Turia,CARRETILLERO/A FRONTAL Y RETRÁCTIL,Sin Data,Sin Data,De duracion determinada,Jornada Indiferente,Sin Data,RAS Interim,Sin Data
2026-09-04,Trabajoscom,Sevilla,Todo Sevilla,MOZO/A DE ALMACÉN CON CARRETILLA,Sin Data,Sin Data,Indefinido,Jornada Indiferente,Sin Data,RAS Interim,Sin Data
2026-09-04,Trabajoscom,Barcelona,Mataro,OPERARIO/A ANALISTA,Sin Data,Sin Data,Indefinido,Jornada Indiferente,Sin Data,RAS Interim,Sin Data
2026-09-04,Trabajoscom,Barcelona,Mataro,OPERARIO/A PRODUCCIÓN,Sin Data,Sin Data,Indefinido,Jornada Indiferente,Sin Data,RAS Interim,Sin Data
2026-09-04,Trabajoscom,Guadalajara,Azuqueca De Henares,MONTADOR/A DE VENTANAS DE ALUMINIO,Sin Data,Sin Data,Indefinido,Jornada Indiferente,Sin Data,RAS Interim,Sin Data
2026-09-04,Trabajoscom,Valencia,Valencia,AYUDANTE/A DE COCINA - FRIEGAPLATOS - CAMARERO/A.,Sin Data,Sin Data,De duracion determinada,Jornada Indiferente,Sin Data,RAS Interim,Sin Data
2026-09-04,Trabajoscom,Valencia,Riba-Roja De Turia,MECÁNICO/A DE VEHÍCULOS DE FRÍO.,Sin Data,Sin Data,De duracion determinada,Jornada Indiferente,Sin Data,RAS Interim,Sin Data
2026-09-04,Trabajoscom,Girona,Blanes,DEPENDIENTE/A ALIMENTACIÓN,Sin Data,Sin Data,Indefinido,Jornada Indiferente,Sin Data,RAS Interim,Sin Data
2026-09-04,Trabajoscom,Madrid,Mejorada Del Campo,RESPONSABLE DE EQUIPO EN METALISTERÍA,Sin Data,Sin Data,Indefinido,Jornada Indiferente,Sin Data,RAS Interim,Sin Data
2026-09-04,Trabajoscom,Valencia,Riba-Roja De Turia,ADMINISTRATIVO/A,Sin Data,Sin Data,De duracion determinada,Jornada Indiferente,Sin Data,RAS Interim,Sin Data
2026-09-04,Trabajoscom,Valencia,Alaquas,TÉCNICOS/AS DE RED,Sin Data,Sin Data,De duracion determinada,Jornada Indiferente,Sin Data,RAS Interim,Sin Data
2026-09-04,Trabajoscom,Girona,Torrent,MOZO/ A DE ALMACÉN DÍAS SUELTOS,Sin Data,Sin Data,De duracion determinada,Jornada Indiferente,Sin Data,RAS Interim,Sin Data
2026-09-04,Trabajoscom, Madrid, Madrid,OPERARIO/A PLANCHA SERIGRAFICA,Sin Data,Sin Data,Indefinido,Jornada Indiferente,Sin Data,RAS Interim,Sin Data
2026-09-04,Trabajoscom,Valencia,Alzira,Técnico/a de Compras (Cítrico),Sin Data,Sin Data,Indefinido,Jornada Indiferente,Sin Data,RAS Interim,Sin Data
2026-09-04,Trabajoscom,Valencia,Alzira,ELECTROMECÁNICO/A,Sin Data,Sin Data,Indefinido,Jornada Indiferente,Sin Data,RAS Interim,Sin Data
2026-09-04,Trabajoscom,Valencia,Riba-Roja De Turia,MOZO/A DE ALMACÉN CARRETILLERO/A,Sin Data,Sin Data,De duracion determinada,Jornada Indiferente,Sin Data,RAS Interim,Sin Data
2026-09-04,Trabajoscom,Bizkaia,Gandia,AYUDANTE/A DE COCINA - CAMARERO/A - FRIEGAPLATOS,Sin Data,Sin Data,De duracion determinada,Jornada Indiferente,Sin Data,RAS Interim,Sin Data
2026-09-04,Trabajoscom,Valencia,Buñol,CARRETILLERO/A FRONTAL Y RETRÁCTIL,Sin Data,Sin Data,De duracion determinada,Jornada Indiferente,Sin Data,RAS Interim,Sin Data
2026-09-04,Trabajoscom,Barcelona,Mataro,MOZO/A DE ALMACÉN,Sin Data,Sin Data,Indefinido,Jornada Indiferente,Sin Data,RAS Interim,Sin Data
2026-09-04,Trabajoscom,Sevilla,Todo Sevilla,MOZO/A DE ALMACÉN,Sin Data,Sin Data,De duracion determinada,Jornada Indiferente,Sin Data,RAS Interim,Sin Data
2026-09-04,Trabajoscom,Valencia,Valencia,AUXILIAR ADMINISTRATIVO/A,Sin Data,Sin Data,De duracion determinada,Jornada Indiferente,Sin Data,RAS Interim,Sin Data
2026-09-04,Trabajoscom,Barcelona,Argentona,ADMINISTRATIVO/A CON ILLUSTRATOR,Sin Data,Sin Data,Indefinido,Jornada Indiferente,Sin Data,RAS Interim,Sin Data
2026-09-04,Trabajoscom,Barcelona,Vilassar De Mar,CARRETILLERO/A,Sin Data,Sin Data,Indefinido,Jornada Indiferente,Sin Data,RAS Interim,Sin Data
2026-09-04,Trabajoscom,Baleares,Todo Baleares,TÉCNICO/A DE HIGIENE Y CONTROL DE PLAGAS,Sin Data,Sin Data,De duracion determinada,Jornada Indiferente,Sin Data,RAS Interim,Sin Data
2026-09-04,Trabajoscom,Madrid,San Fernando De Henares,TÉCNICO/A DE INSTALACIONES ELÉCTRICAS,Sin Data,Sin Data,Indefinido,Jornada Indiferente,Sin Data,RAS Interim,Sin Data
2026-09-04,Trabajoscom,Valencia,Valencia,AYUDANTE/A CAMARERO/A,Sin Data,Sin Data,De duracion determinada,Jornada Indiferente,Sin Data,RAS Interim,Sin Data
2026-09-04,Trabajoscom,Valencia,Alaquas,COCINERO/A,Sin Data,Sin Data,De duracion determinada,Jornada Indiferente,Sin Data,RAS Interim,Sin Data
2026-09-04,Trabajoscom,Valencia,Benimodo,Encajador/a de cítricos en Benimodo.,Sin Data,Sin Data,Indefinido,Jornada Indiferente,Sin Data,RAS Interim,Sin Data
2026-09-04,Trabajoscom,Burgos,Burgos,MOZO/A DE ALMACÉN 20 HORAS,Sin Data,Sin Data,A tiempo parcial,Jornada Indiferente,Sin Data,RAS Interim,Sin Data
2026-09-04,Trabajoscom,Burgos,Burgos,MOZO/A DE ALMACÉN 20 HORAS,Sin Data,Sin Data,A tiempo parcial,Jornada Indiferente,Sin Data,RAS Interim,Sin Data
2026-09-04,Trabajoscom,Valencia,Picassent,ADMINISTRATIVO/A,Sin Data,Sin Data,De duracion determinada,Jornada Indiferente,Sin Data,RAS Interim,Sin Data
2026-09-04,Trabajoscom,Barcelona,Vic,OPERARI/ÀRIA ALIMENTACIÓ,Sin Data,Sin Data,Indefinido,Jornada Indiferente,Sin Data,RAS Interim,Sin Data
2026-09-04,Trabajoscom,Barcelona,Todo Barcelona,ELECTROMECÁNICO INDUSTRIAL - SECTOR QUÍMICO,Sin Data,Sin Data,Indefinido,Jornada Indiferente,Sin Data,RAS Interim - Recruiting,Sin Data
2026-09-04,Trabajoscom,Barcelona,Mataro,OPERARIO/A MECÁNICO INDUSTRIAL,Sin Data,Sin Data,Indefinido,Jornada Indiferente,Sin Data,RAS Interim,Sin Data
2026-09-04,Trabajoscom,Valencia,Riba-Roja De Turia,ADMINISTRATIVO/A DE LOGÍSTICA Y TRANSPORTE,Sin Data,Sin Data,De duracion determinada,Jornada Indiferente,Sin Data,RAS Interim,Sin Data
2026-09-04,Trabajoscom,Valencia,Alzira,CARRETILLERO/A,Sin Data,Sin Data,Indefinido,Jornada Indiferente,Sin Data,RAS Interim,Sin Data
2026-09-04,Trabajoscom,Lleida,Castellar De La Ribera,AUXILIAR E PRODUCCIÓN,Sin Data,Sin Data,Indefinido,Jornada Indiferente,Sin Data,RAS Interim,Sin Data
2026-09-04,Trabajoscom,Valencia,Valencia,JEFE/A DE OBRA (INGENIERO/A DE MANTENIMIENTO),Sin Data,Sin Data,Indefinido,Jornada Indiferente,Sin Data,RAS Interim,Sin Data
2026-09-04,Trabajoscom,Barcelona,Todo Barcelona,ELECTROMECÁNICO INDUSTRIAL - SECTOR QUÍMICO,Sin Data,Sin Data,Indefinido,Jornada Indiferente,Sin Data,RAS Interim - Recruiting,Sin Data
2026-09-04,Trabajoscom,Barcelona,Mataro,OPERARIO/A AUTOMOCIÓN,Sin Data,Sin Data,Indefinido,Jornada Indiferente,Sin Data,RAS Interim,Sin Data
2026-09-04,Trabajoscom,Barcelona,Mataro,MOZO/A DE ALMACÉN,Sin Data,Sin Data,Indefinido,Jornada Indiferente,Sin Data,RAS Interim,Sin Data
2026-09-04,Trabajoscom,Barcelona,Vic,OPERARI/ÀRIA FILATURA 4t o 5è TORN,Sin Data,Sin Data,Indefinido,Jornada Indiferente,Sin Data,RAS Interim,Sin Data
2026-09-04,Trabajoscom,Valencia,Valencia,JEFE/A DE SALA,Sin Data,Sin Data,De duracion determinada,Jornada Indiferente,Sin Data,RAS Interim,Sin Data
2026-09-04,Trabajoscom,Murcia,Murcia,OFICIAL DE 1ª CLIMATIZADOR/A,Sin Data,Sin Data,Indefinido,Jornada Indiferente,Sin Data,RAS Interim,Sin Data
2026-09-04,Trabajoscom,Barcelona,Mataro,OPERARIO/A MECÁNICO INDUSTRIAL,Sin Data,Sin Data,Indefinido,Jornada Indiferente,Sin Data,RAS Interim,Sin Data
2026-09-04,Trabajoscom,Toledo,Illescas,OPERARIO/A ALMACEN - PREPARADOR/A PEDIDOS ILLESCAS (TOLEDO),Sin Data,Sin Data,Indefinido,Jornada Indiferente,Sin Data,Grupo DIA,Sin Data
2026-09-04,Trabajoscom,Alicante,Alicante,JEFE/A DE OBRA,Sin Data,Sin Data,Indefinido,Jornada Indiferente,Sin Data,RAS Interim,Sin Data
2026-09-04,Trabajoscom,Lleida,Castellar De La Ribera,MAQUINISTA SECTOR HORTOFRUTÍCOLA,Sin Data,Sin Data,Indefinido,Jornada Indiferente,Sin Data,RAS Interim,Sin Data
2026-09-04,Trabajoscom,Barcelona,Mataro,OPERARIO/A DE TALLER,Sin Data,Sin Data,Indefinido,Jornada Indiferente,Sin Data,RAS Interim,Sin Data
2026-09-04,Trabajoscom,Bizkaia,Gandia,AYUDANTE/A DE COCINA - FRIEGAPLATOS,Sin Data,Sin Data,De duracion determinada,Jornada Indiferente,Sin Data,RAS Interim,Sin Data
2026-09-04,Trabajoscom,Barcelona,Dosrius,OPERARIO/A QUÍMICO,Sin Data,Sin Data,Indefinido,Jornada Indiferente,Sin Data,RAS Interim,Sin Data
2026-09-04,Trabajoscom,Albacete,Albacete,MOZO/A CARRETILLERO/A HORTOFRUTICOLA,Sin Data,Sin Data,De duracion determinada,Jornada Indiferente,Sin Data,RAS Interim,Sin Data
2026-09-04,Trabajoscom,Bizkaia,Gandia,AYUDANTE/A DE  CAMARERO/A,Sin Data,Sin Data,De duracion determinada,Jornada Indiferente,Sin Data,RAS Interim,Sin Data
2026-09-04,Trabajoscom,Valencia,Alzira,TÉCNICO/A ELECTROMECÁNICO/A,Sin Data,Sin Data,Indefinido,Jornada Indiferente,Sin Data,RAS Interim,Sin Data
2026-09-04,Trabajoscom,Valencia,Paterna,Copy of MOZO/A DE ALMACÉN CARRETILLERO/A,Sin Data,Sin Data,De duracion determinada,Jornada Indiferente,Sin Data,RAS Interim,Sin Data
2026-09-04,Trabajoscom,Valencia,Riba-Roja De Turia,ADMINISTRATIVO/A DE TRÁFICO,Sin Data,Sin Data,De duracion determinada,Jornada Indiferente,Sin Data,RAS Interim,Sin Data
2026-09-04,Trabajoscom,Valencia,Paterna,MOZO/A CARRETILLERO RECTRACTIL,Sin Data,Sin Data,Indefinido,Jornada Indiferente,Sin Data,RAS Interim,Sin Data
2026-09-04,Trabajoscom,Asturias,Alava,REPARTIDOR/A CON FURGONETA HIGIENE,Sin Data,Sin Data,Indefinido,Jornada Indiferente,Sin Data,RAS Interim,Sin Data
2026-09-04,Trabajoscom,Valencia,Valencia,AYUDANTE/A CAMARERO/A,Sin Data,Sin Data,De duracion determinada,Jornada Indiferente,Sin Data,RAS Interim,Sin Data
2026-09-04,Trabajoscom,Burgos,Burgos,MOZO/A DE ALMACÉN/CARRETILLERO/A,Sin Data,Sin Data,Indefinido,Jornada Indiferente,Sin Data,RAS Interim,Sin Data
2026-09-04,Trabajoscom,Valencia,Vallada,CONDUCTOR/A DE CAMIÓN,Sin Data,Sin Data,Indefinido,Jornada Indiferente,Sin Data,RAS Interim,Sin Data
2026-09-04,Trabajoscom,Madrid,Alcala De Henares,INVENTARISTA - MOZO/A DE INVENTARIO,Sin Data,Sin Data,A tiempo parcial,Jornada Indiferente,Sin Data,RAS Interim,Sin Data
2026-09-04,Trabajoscom,Madrid,Madrid,CATALOGADOR/A ACTIVOS,Sin Data,Sin Data,Indefinido,Jornada Indiferente,Sin Data,RAS Interim,Sin Data
2026-09-04,Trabajoscom,Bizkaia,Bilbao,MOZO/A ALMACEN ESPECIALISTA,Sin Data,Sin Data,Indefinido,Jornada Indiferente,Sin Data,RAS Interim,Sin Data
2026-09-04,Trabajoscom,Murcia,Murcia,CHOFER REPARTIDOR/A,Sin Data,Sin Data,Indefinido,Jornada Indiferente,Sin Data,RAS Interim,Sin Data
2026-09-04,Trabajoscom,Valencia,Benimodo,MOZO/A CON TRASPALETA ELÉCTRICA,Sin Data,Sin Data,Indefinido,Jornada Indiferente,Sin Data,RAS Interim,Sin Data
2026-09-04,Trabajoscom,Valencia,Paterna,AUXILIAR ADMINISTRATIVO/A,Sin Data,Sin Data,De duracion determinada,Jornada Indiferente,Sin Data,RAS Interim,Sin Data
2026-09-04,Trabajoscom,Valencia,Paterna,MOZO/A / OPERARIO/A SAT CON APOYO ADMINISTRATIVO,Sin Data,Sin Data,Indefinido,Jornada Indiferente,Sin Data,RAS Interim,Sin Data
2026-09-04,Trabajoscom,Valencia,Alzira,TÉCNICO/A DE MANTENIMIENTO POLIVALENTE,Sin Data,Sin Data,Indefinido,Jornada Indiferente,Sin Data,RAS Interim,Sin Data
2026-09-04,Trabajoscom,Madrid,San Sebastián De Los Reyes,AUXILIAR ADMINISTRATIVO/A SAN SEBASTIAN DE LOS REYES,Sin Data,Sin Data,Indefinido,Jornada Indiferente,Sin Data,RAS Interim,Sin Data
2026-09-04,Trabajoscom,Baleares,Port D'alcudia,CARRETILLERO/A CON TRANSPALETA ELÉCTRICA,Sin Data,Sin Data,Indefinido,Jornada Indiferente,Sin Data,RAS Interim,Sin Data
2026-09-04,Trabajoscom,Valencia,Massalaves,MOZO/A DE ALMACEN,Sin Data,Sin Data,Indefinido,Jornada Indiferente,Sin Data,RAS Interim,Sin Data
2026-09-04,Trabajoscom,Valencia,Xativa,PEÓN/A DE RECICLAJE,Sin Data,Sin Data,Indefinido,Jornada Indiferente,Sin Data,RAS Interim,Sin Data
2026-09-04,Trabajoscom,Madrid,Madrid,EJECUTIVO/A DE CUENTAS,Sin Data,Sin Data,Indefinido,Jornada Indiferente,Sin Data,RAS Interim,Sin Data
2026-09-04,Trabajoscom,Valencia,Riba-Roja De Turia,OPERARIO/A DE PRODUCCION,Sin Data,Sin Data,Indefinido,Jornada Indiferente,Sin Data,RAS Interim,Sin Data
2026-09-04,Trabajoscom,Teruel,Las Planas De Castellote,CARRETILLERO/A,Sin Data,Sin Data,Indefinido,Jornada Indiferente,Sin Data,RAS Interim,Sin Data
2026-09-04,Trabajoscom,Madrid,Getafe,TÉCNICO/A DE PRODUCCIÓN SMD (ELECTRÓNICA),Sin Data,Sin Data,Indefinido,Jornada Indiferente,Sin Data,RAS Interim,Sin Data
2026-09-04,Trabajoscom,Valencia,Valencia,AYUDANTE/A CAMARERO/A,Sin Data,Sin Data,De duracion determinada,Jornada Indiferente,Sin Data,RAS Interim,Sin Data
2026-09-04,Trabajoscom,Madrid,Getafe,TÉCNICO/A DE CALIDAD EN SECTOR ELECTRÓNICO.,Sin Data,Sin Data,Indefinido,Jornada Indiferente,Sin Data,RAS Interim,Sin Data
2026-09-04,Trabajoscom,Valencia,Paterna,MOZO/A / OPERARIO/A SAT CON APOYO ADMINISTRATIVO,Sin Data,Sin Data,Indefinido,Jornada Indiferente,Sin Data,RAS Interim,Sin Data
2026-09-04,Trabajoscom,Madrid,Madrid,REPARTIDOR/A CARNET B PAQUETERÍA,Sin Data,Sin Data,Indefinido,Jornada Indiferente,Sin Data,RAS Interim,Sin Data
2026-09-04,Trabajoscom,Barcelona,Avinyo,OPERARI/ÀRIA GANIVET,Sin Data,Sin Data,Indefinido,Jornada Indiferente,Sin Data,RAS Interim,Sin Data
2026-09-04,Trabajoscom,Valencia,Paterna,OPERARIO/A DE PINTURA A PISTOLA EN CABINA,Sin Data,Sin Data,Indefinido,Jornada Indiferente,Sin Data,RAS Interim,Sin Data
2026-09-04,Trabajoscom,Valencia,Valencia,ELECTROMECÁNICO/A Y/O FRIGORISTA,Sin Data,Sin Data,Indefinido,Jornada Indiferente,Sin Data,RAS Interim,Sin Data
2026-09-04,Trabajoscom,Lleida,Castellar De La Ribera,ENCAJADOR/A SECTOR HORTOFRUTÍCOLA,Sin Data,Sin Data,De duracion determinada,Jornada Indiferente,Sin Data,RAS Interim,Sin Data
2026-09-04,Trabajoscom,Madrid,Getafe,TÉCNICO/A DE EQUIPOS ELECTRÓNICOS,Sin Data,Sin Data,Indefinido,Jornada Indiferente,Sin Data,RAS Interim,Sin Data
2026-09-04,Trabajoscom,Burgos,Burgos,Copy of MOZO/A DE ALMACÉN/CARRETILLERO/A,Sin Data,Sin Data,Indefinido,Jornada Indiferente,Sin Data,RAS Interim,Sin Data
2026-09-04,Trabajoscom,Valencia,Alginet,MOZO/A DE ALMACÉN HORTOFRUTÍCOLA,Sin Data,Sin Data,Indefinido,Jornada Indiferente,Sin Data,RAS Interim,Sin Data
2026-09-04,Trabajoscom,Valencia,Valencia,FRIGORISTA,Sin Data,Sin Data,Indefinido,Jornada Indiferente,Sin Data,RAS Interim,Sin Data
2026-09-04,Trabajoscom,Madrid,Alcorcon,INVENTARISTA- MOZO/A DE INVENTARIO (ALCORCÓN),Sin Data,Sin Data,A tiempo parcial,Jornada Indiferente,Sin Data,RAS Interim,Sin Data
2026-09-04,Trabajoscom,Guadalajara,Yunquera De Henares,JEFE/A DE EQUIPO,Sin Data,Sin Data,Indefinido,Jornada Indiferente,Sin Data,RAS Interim,Sin Data
2026-09-04,Trabajoscom,Valencia,Alzira,TÉCNICO/A INFORMÁTICO/A (ENTORNO INDUSTRIAL),Sin Data,Sin Data,Indefinido,Jornada Indiferente,Sin Data,RAS Interim,Sin Data
2026-09-04,Trabajoscom,Valencia,Valencia,Copy of ELECTROMECÁNICO/A Y/O FRIGORISTA,Sin Data,Sin Data,Indefinido,Jornada Indiferente,Sin Data,RAS Interim,Sin Data
2026-09-04,Trabajoscom,Valencia,Valencia,Copy of ELECTROMECÁNICO/A INDUSTRIAL,Sin Data,Sin Data,Indefinido,Jornada Indiferente,Sin Data,RAS Interim,Sin Data
2026-09-04,Trabajoscom,Barcelona,Todo Barcelona,OPERARI/ÀRIA PLANTA RECICLATGE,Sin Data,Sin Data,Indefinido,Jornada Indiferente,Sin Data,RAS Interim,Sin Data
2026-09-04,Trabajoscom,Valencia,Buñol,CARRETILLERO/A FRONTAL Y RETRÁCTIL,Sin Data,Sin Data,De duracion determinada,Jornada Indiferente,Sin Data,RAS Interim,Sin Data
2026-09-04,Trabajoscom,Valencia,Vallada,ENCAJADOR/A CÍTRICOS,Sin Data,Sin Data,Indefinido,Jornada Indiferente,Sin Data,RAS Interim,Sin Data
2026-09-04,Trabajoscom,Valencia,Valencia,MECÁNICO/A SECTOR HOSPITALARIO,Sin Data,Sin Data,Indefinido,Jornada Indiferente,Sin Data,RAS Interim,Sin Data
2026-09-04,Trabajoscom,Madrid,Torrejon De Ardoz,MOZO/A DE ALMACÉN ESPECIALISTA,Sin Data,Sin Data,Indefinido,Jornada Indiferente,Sin Data,RAS Interim,Sin Data
2026-09-04,Trabajoscom,Valencia,Valencia,MOZO/A DE ALMACÉN CON CARNET DE CONDUCIR,Sin Data,Sin Data,Indefinido,Jornada Indiferente,Sin Data,RAS Interim,Sin Data
2026-09-04,Trabajoscom,Barcelona,Todo Barcelona,MAQUINISTA CORTE LASER,Sin Data,Sin Data,Indefinido,Jornada Indiferente,Sin Data,RAS Interim,Sin Data
2026-09-04,Trabajoscom,Valencia,Riba-Roja De Turia,OPERARIO/A DE PRODUCCION,Sin Data,Sin Data,Indefinido,Jornada Indiferente,Sin Data,RAS Interim,Sin Data
2026-09-04,Trabajoscom,Burgos,Burgos,Copy of MOZO/A DE ALMACÉN/CARRETILLERO/A,Sin Data,Sin Data,Indefinido,Jornada Indiferente,Sin Data,RAS Interim,Sin Data
2026-09-04,Trabajoscom,Barcelona,Todo Barcelona,MANIPULADOR/A,Sin Data,Sin Data,Indefinido,Jornada Indiferente,Sin Data,RAS Interim,Sin Data
2026-09-04,Trabajoscom,Valencia,Alaquas,COCINERO/A ARROCERO/A,Sin Data,Sin Data,De duracion determinada,Jornada Indiferente,Sin Data,RAS Interim,Sin Data
2026-09-04,Trabajoscom,Sevilla,Todo Sevilla,MOZO/A DE ALMACÉN,Sin Data,Sin Data,De duracion determinada,Jornada Indiferente,Sin Data,RAS Interim,Sin Data
2026-09-04,Trabajoscom,Barcelona,Todo Barcelona,MOZO/A ALIMENTACIÓN,Sin Data,Sin Data,Indefinido,Jornada Indiferente,Sin Data,RAS Interim,Sin Data
2026-09-04,Trabajoscom,Barcelona,Todo Barcelona,REPARTIDOR/A -MOZO/A CARRETILLERO/A,Sin Data,Sin Data,Indefinido,Jornada Indiferente,Sin Data,RAS Interim,Sin Data
2026-09-04,Trabajoscom,Guadalajara,Yunquera De Henares,PUESTO VACANTE (SINGULAR MASCULINO/FEMENINO SIN ARTÍCULOS),Sin Data,Sin Data,Indefinido,Jornada Indiferente,Sin Data,RAS Interim,Sin Data
2026-09-04,Trabajoscom,Albacete,Albacete,Copy of MOZO/A CARRETILLERO/A Y ENCAJADOR/A HORTOFRUTICOLA,Sin Data,Sin Data,De duracion determinada,Jornada Indiferente,Sin Data,RAS Interim,Sin Data
2026-09-04,Trabajoscom,Albacete,Albacete,MOZO/A CARRETILLERO/A,Sin Data,Sin Data,De duracion determinada,Jornada Indiferente,Sin Data,RAS Interim,Sin Data
2026-09-04,Trabajoscom,Valencia,Riba-Roja De Turia,OPERARIO/A DE MONTAJE DE EQUIPOS DE FRÍO,Sin Data,Sin Data,Indefinido,Jornada Indiferente,Sin Data,RAS Interim,Sin Data
2026-09-04,Trabajoscom,Barcelona,Todo Barcelona,MANIPULADOR/A,Sin Data,Sin Data,Indefinido,Jornada Indiferente,Sin Data,RAS Interim,Sin Data
2026-09-04,Trabajoscom,Madrid,Madrid,ADMINISTRATIVO/A CONTABLE,Sin Data,Sin Data,Indefinido,Jornada Indiferente,Sin Data,RAS Interim,Sin Data
2026-09-04,Trabajoscom,Jaén,Ribera Alta,TÉCNICO/A DE MANTENIMIENTO (LÍNEAS DE PRODUCCIÓN),Sin Data,Sin Data,Indefinido,Jornada Indiferente,Sin Data,RAS Interim,Sin Data
2026-09-04,Trabajoscom,Barcelona,Mataro,MOZO/A ALMACÉN,Sin Data,Sin Data,Indefinido,Jornada Indiferente,Sin Data,RAS Interim,Sin Data
2026-09-04,Trabajoscom,Castellón,Vilafames,ELECTROMECÁNICO/A,Sin Data,Sin Data,Indefinido,Jornada Indiferente,Sin Data,RAS Interim,Sin Data
2026-09-04,Trabajoscom,Guadalajara,Marchamalo,ELECTRICISTA,Sin Data,Sin Data,Indefinido,Jornada Indiferente,Sin Data,RAS Interim,Sin Data
2026-09-04,Trabajoscom,Madrid,Arganda Del Rey,FRESADOR/A CNC,Sin Data,Sin Data,Indefinido,Jornada Indiferente,Sin Data,RAS Interim,Sin Data
2026-09-04,Trabajoscom,Barcelona,Todo Barcelona,PEÓN/A ESTRUCTURAS DE HORMIGÓN,Sin Data,Sin Data,Indefinido,Jornada Indiferente,Sin Data,RAS Interim,Sin Data
2026-09-04,Trabajoscom,Ávila,Avila,TELEOPERADOR/A BILINGÜE en CATALÁN Y CASTELLANO,Sin Data,Sin Data,Indefinido,Jornada Indiferente,Sin Data,RAS Interim,Sin Data
2026-09-04,Trabajoscom,Ávila,Avila,TELEOPERADOR/A BILINGÜE en CASTELLANO y EUSKERA,Sin Data,Sin Data,Indefinido,Jornada Indiferente,Sin Data,RAS Interim,Sin Data
2026-09-04,Trabajoscom,Valencia,Paterna,MOZO/A / OPERARIO/A SAT CON APOYO ADMINISTRATIVO,Sin Data,Sin Data,Indefinido,Jornada Indiferente,Sin Data,RAS Interim,Sin Data
2026-09-04,Trabajoscom,Barcelona,Todo Barcelona,MOZO/A DE ALMACÉN,Sin Data,Sin Data,Indefinido,Jornada Indiferente,Sin Data,RAS Interim,Sin Data
2026-09-04,Trabajoscom,Sevilla,Todo Sevilla,MOZO/A DE ALMACÉN,Sin Data,Sin Data,Indefinido,Jornada Indiferente,Sin Data,RAS Interim,Sin Data
2026-09-04,Trabajoscom,Valencia,Valencia,CARRETILLERO/A RETRÁCTIL EN FRÍO,Sin Data,Sin Data,De duracion determinada,Jornada Indiferente,Sin Data,RAS Interim,Sin Data
2026-09-04,Trabajoscom,Barcelona,Sant Boi De Llobregat,OPERARIO/A ARTES GRAFICAS POST-IMPRESIÓN,Sin Data,Sin Data,Indefinido,Jornada Indiferente,Sin Data,RAS Interim,Sin Data
2026-09-04,Trabajoscom,Girona,Girona,OPERARIO/A PRODUCCIÓN PISTONES,Sin Data,Sin Data,Indefinido,Jornada Indiferente,Sin Data,RAS Interim,Sin Data
2026-09-04,Trabajoscom,Valencia,Paterna,TÉCNICO/A DE MANTENIMIENTO,Sin Data,Sin Data,Indefinido,Jornada Indiferente,Sin Data,RAS Interim,Sin Data
2026-09-04,Trabajoscom,Madrid,Valdemoro,CONDUCTOR/A TIPO C,Sin Data,Sin Data,Indefinido,Jornada Indiferente,Sin Data,RAS Interim,Sin Data
2026-09-04,Trabajoscom,Barcelona,Todo Barcelona,ELECTROMECÁNICO/A,Sin Data,Sin Data,Indefinido,Jornada Indiferente,Sin Data,RAS Interim,Sin Data
2026-09-04,Trabajoscom,Girona,Girona,OPERARIO/A TEXTIL,Sin Data,Sin Data,Indefinido,Jornada Indiferente,Sin Data,RAS Interim,Sin Data
2026-09-04,Trabajoscom,Barcelona,Mataro,OPERARIO/A REFORMA,Sin Data,Sin Data,Indefinido,Jornada Indiferente,Sin Data,RAS Interim,Sin Data
2026-09-04,Trabajoscom,Barcelona,Mataro,AUXILIAR DE ALMACÉN,Sin Data,Sin Data,Indefinido,Jornada Indiferente,Sin Data,RAS Interim,Sin Data
2026-09-04,Trabajoscom,Guadalajara,Marchamalo,TÉCNICO/A DE MONTAJE MECÁNICO,Sin Data,Sin Data,Indefinido,Jornada Indiferente,Sin Data,RAS Interim,Sin Data
2026-09-04,Trabajoscom,Barcelona,Olost,AJUDANT D´IMPRESSIÓ,Sin Data,Sin Data,Indefinido,Jornada Indiferente,Sin Data,RAS Interim,Sin Data
2026-09-04,Trabajoscom,Barcelona,Todo Barcelona,TÈCNIC/A DE CONTROL DE QUALITAT,Sin Data,Sin Data,Indefinido,Jornada Indiferente,Sin Data,RAS Interim,Sin Data
2026-09-04,Trabajoscom,Girona,Santa Coloma De Farners,OPERARIOS/AS CÁRNICA,Sin Data,Sin Data,Indefinido,Jornada Indiferente,Sin Data,RAS Interim,Sin Data
2026-09-04,Trabajoscom,Barcelona,Mataro,ENVASADOR/A,Sin Data,Sin Data,Indefinido,Jornada Indiferente,Sin Data,RAS Interim,Sin Data
2026-09-04,Trabajoscom,Valencia,Meliana,AYUDANTE/A CAMARERO/A EXTRA FINES DE SEMANA,Sin Data,Sin Data,De duracion determinada,Jornada Indiferente,Sin Data,RAS Interim,Sin Data
2026-09-04,Trabajoscom,Burgos,Burgos,MOZO/A DE ALMACÉN/CARRETILLERO/A,Sin Data,Sin Data,Indefinido,Jornada Indiferente,Sin Data,RAS Interim,Sin Data
2026-09-04,Trabajoscom,Barcelona,Todo Barcelona,JEFE/A DE COCINA,Sin Data,Sin Data,Indefinido,Jornada Indiferente,Sin Data,RAS Interim,Sin Data
2026-09-04,Trabajoscom,Barcelona,Igualada,TÉCNICO/A DE LABORATORIO,Sin Data,Sin Data,Indefinido,Jornada Indiferente,Sin Data,RAS Interim,Sin Data
2026-09-04,Trabajoscom,Valencia,Valencia,ELECTROMECÁNICO/A Y/O FRIGORISTA,Sin Data,Sin Data,Indefinido,Jornada Indiferente,Sin Data,RAS Interim,Sin Data
2026-09-04,Trabajoscom,Barcelona,Subirats,AYUDANTES DE MAQUINISTA,Sin Data,Sin Data,Indefinido,Jornada Indiferente,Sin Data,RAS Interim,Sin Data
2026-09-04,Trabajoscom,Barcelona,Todo Barcelona,FRIEGAPLATOS,Sin Data,Sin Data,De duracion determinada,Jornada Indiferente,Sin Data,RAS Interim,Sin Data
2026-09-04,Trabajoscom,Barcelona,Dosrius,MANIPULADOR/A,Sin Data,Sin Data,Indefinido,Jornada Indiferente,Sin Data,RAS Interim,Sin Data
2026-09-04,Trabajoscom,Barcelona,El Masnou,OPERARIO/A DE PRODUCCIÓN,Sin Data,Sin Data,Indefinido,Jornada Indiferente,Sin Data,RAS Interim,Sin Data
2026-09-04,Trabajoscom,Madrid,Madrid,TECNICO/A CALIDAD SMD,Sin Data,Sin Data,Indefinido,Jornada Indiferente,Sin Data,RAS Interim,Sin Data
2026-09-04,Trabajoscom,Girona,Santa Coloma De Farners,DEPENDIENTE EN TIENDA DE CONSTRUCCIÓN,Sin Data,Sin Data,Indefinido,Jornada Indiferente,Sin Data,RAS Interim,Sin Data
2026-09-04,Trabajoscom,Madrid,Madrid,TÉCNICO DE BARNIZADO PLACAS BASE,Sin Data,Sin Data,Indefinido,Jornada Indiferente,Sin Data,RAS Interim,Sin Data
2026-09-04,Trabajoscom,Barcelona,Mataro,COSEDOR/A,Sin Data,Sin Data,Indefinido,Jornada Indiferente,Sin Data,RAS Interim,Sin Data
2026-09-04,Trabajoscom,Barcelona,Vilassar De Dalt,OPERARIO/A MONTAJE,Sin Data,Sin Data,Indefinido,Jornada Indiferente,Sin Data,RAS Interim,Sin Data
2026-09-04,Trabajoscom,Barcelona,Mataro,MANIPULADOR/A,Sin Data,Sin Data,Indefinido,Jornada Indiferente,Sin Data,RAS Interim,Sin Data
2026-09-04,Trabajoscom,Valencia,Valencia,TÉCNICO/A DE MANTENIMIENTO INDUSTRIAL,Sin Data,Sin Data,Indefinido,Jornada Indiferente,Sin Data,RAS Interim,Sin Data
2026-09-04,Trabajoscom,Valencia,Valencia,OFICIAL CLIMATIZADOR/A/FRIGORISTA,Sin Data,Sin Data,Indefinido,Jornada Indiferente,Sin Data,RAS Interim,Sin Data
2026-09-04,Trabajoscom,Sevilla,Todo Sevilla,OPERARIO/A DE ENVASADO,Sin Data,Sin Data,Indefinido,Jornada Indiferente,Sin Data,RAS Interim,Sin Data
2026-09-04,Trabajoscom,Toledo,Valmojado,Comercial Canal Restauración,Sin Data,Sin Data,Indefinido,Jornada Indiferente,Sin Data,RAS Interim,Sin Data
2026-09-04,Trabajoscom,Alicante,Calp,MOZO/A DE ALMACEN,Sin Data,Sin Data,Indefinido,Jornada Indiferente,Sin Data,RAS Interim,Sin Data
2026-09-04,Trabajoscom,Bizkaia,Gandia,MOZO/A DE ALMACEN,Sin Data,Sin Data,Indefinido,Jornada Indiferente,Sin Data,RAS Interim,Sin Data
2026-09-04,Trabajoscom,Valencia,Meliana,FRIEGAPLATOS EXTRA FINES DE SEMANA,Sin Data,Sin Data,De duracion determinada,Jornada Indiferente,Sin Data,RAS Interim,Sin Data
2026-09-04,Trabajoscom,Girona,Cassa De La Selva,OPERARIO/A DE PRODUCCIÓN,Sin Data,Sin Data,Indefinido,Jornada Indiferente,Sin Data,RAS Interim,Sin Data
2026-09-04,Trabajoscom,Madrid,Algete,SOLDADOR/A,Sin Data,Sin Data,Indefinido,Jornada Indiferente,Sin Data,RAS Interim,Sin Data
2026-09-04,Trabajoscom,Girona,Girona,INCORPORACIÓN INMEDIATA | OPERARIO/A  MANIPULACIÓN,Sin Data,Sin Data,Indefinido,Jornada Indiferente,Sin Data,RAS Interim,Sin Data
2026-09-04,Trabajoscom,Girona,Blanes,AYUDANTES/AS DE COCINA,Sin Data,Sin Data,Indefinido,Jornada Indiferente,Sin Data,RAS Interim,Sin Data
2026-09-04,Trabajoscom,Guadalajara,Cabanillas Del Campo,RESPONSABLE DE PRL,Sin Data,Sin Data,Indefinido,Jornada Indiferente,Sin Data,RAS Interim,Sin Data
2026-09-04,Trabajoscom,Albacete,Albacete,ENCAJADOR/A HORTOFRUTICOLA,Sin Data,Sin Data,De duracion determinada,Jornada Indiferente,Sin Data,RAS Interim,Sin Data
2026-09-04,Trabajoscom,Barcelona,Todo Barcelona,TELEOPERADORES/AS - VENTA CRUZADA,Sin Data,Sin Data,Indefinido,Jornada Indiferente,Sin Data,RAS Interim,Sin Data
2026-09-04,Trabajoscom,Valencia,Paterna,CARRETILLERO/A FRONTAL Y RETRÁCTIL,Sin Data,Sin Data,Indefinido,Jornada Indiferente,Sin Data,RAS Interim,Sin Data
2026-09-04,Trabajoscom,Valencia,Paterna,FONTANERO/A CON TUBERÍA PPR,Sin Data,Sin Data,Indefinido,Jornada Indiferente,Sin Data,RAS Interim,Sin Data
2026-09-04,Trabajoscom,Barcelona,Mataro,MAQUINISTA,Sin Data,Sin Data,Indefinido,Jornada Indiferente,Sin Data,RAS Interim,Sin Data
2026-09-04,Trabajoscom,Barcelona,Vic,SOLDADOR/A,Sin Data,Sin Data,Indefinido,Jornada Indiferente,Sin Data,RAS Interim,Sin Data
2026-09-04,Trabajoscom,Sevilla,Todo Sevilla,CHÓFER DE CAMIÓN,Sin Data,Sin Data,Indefinido,Jornada Indiferente,Sin Data,RAS Interim,Sin Data
2026-09-04,Trabajoscom,Madrid,Madrid,TÉCNICO/A EN INFORMÁTICA,Sin Data,Sin Data,Indefinido,Jornada Indiferente,Sin Data,RAS Interim,Sin Data
2026-09-04,Trabajoscom,Barcelona,Todo Barcelona,MAQUINISTA - SECTOR CERÁMICO,Sin Data,Sin Data,Indefinido,Jornada Indiferente,Sin Data,RAS Interim,Sin Data
2026-09-04,Trabajoscom,Barcelona,Molins De Rei,CARRETILLERO/A FRONTAL,Sin Data,Sin Data,Indefinido,Jornada Indiferente,Sin Data,RAS Interim,Sin Data
2026-09-04,Trabajoscom,Toledo,Toledo,Carretillero/a– Centro de Clasificación (Industria Alimentaria),Sin Data,Sin Data,Indefinido,Jornada Indiferente,Sin Data,RAS Interim,Sin Data
2026-09-04,Trabajoscom,Valencia,Alzira,ADMINISTRATIVO/A LOGÍSTICA,Sin Data,Sin Data,Indefinido,Jornada Indiferente,Sin Data,RAS Interim,Sin Data
2026-09-04,Trabajoscom,Ávila,Avila,TELEOPERADOR/A BILINGÜE en PORTUGUES y CASTELLANO,Sin Data,Sin Data,Indefinido,Jornada Indiferente,Sin Data,RAS Interim,Sin Data
2026-09-04,Trabajoscom,Barcelona,Todo Barcelona,AUXILIAR ADMINISTRATIVO/A LOGÍSTICA,Sin Data,Sin Data,Indefinido,Jornada Indiferente,Sin Data,RAS Interim,Sin Data
2026-09-04,Trabajoscom,Barcelona,Todo Barcelona,MECÁNICO MAQUINARIA INDUSTRIAL,Sin Data,Sin Data,Indefinido,Jornada Indiferente,Sin Data,RAS Interim,Sin Data
2026-09-04,Trabajoscom,Barcelona,Todo Barcelona,CUSTOMER SERVICE CON ALEMÁN NATIVO,Sin Data,Sin Data,Indefinido,Jornada Indiferente,Sin Data,RAS Interim - Recruiting,Sin Data
2026-09-04,Trabajoscom,Valencia,Chiva,CHÓFER DE CAMIÓN C+E Y MOZO/A DE ALMACEN CARRETILLERO/A,Sin Data,Sin Data,Indefinido,Jornada Indiferente,Sin Data,RAS Interim,Sin Data
2026-09-04,Trabajoscom,Barcelona,Todo Barcelona,OPERARIO/A DE EXTRUSIÓN,Sin Data,Sin Data,Indefinido,Jornada Indiferente,Sin Data,RAS Interim,Sin Data
2026-09-04,Trabajoscom,Valencia,Paterna,Copy of CAMARERO/A,Sin Data,Sin Data,De duracion determinada,Jornada Indiferente,Sin Data,RAS Interim,Sin Data
2026-09-04,Trabajoscom,Girona,Girona,MOZO/A CARRETILLERO/A,Sin Data,Sin Data,De duracion determinada,Jornada Indiferente,Sin Data,RAS Interim,Sin Data
2026-09-04,Trabajoscom,Zaragoza,Zaragoza,Operario/a de Montaje Industrial– Posibilidad de Incorporación a Plantilla,Sin Data,Sin Data,Indefinido,Jornada Indiferente,Sin Data,RAS Interim,Sin Data
2026-09-04,Trabajoscom,Ávila,Avila,TELEOPERADOR/A MADRID CENTRO,Sin Data,Sin Data,Indefinido,Jornada Indiferente,Sin Data,RAS Interim,Sin Data
2026-09-04,Trabajoscom,Guadalajara,Yunquera De Henares,TÉCNICO/A DE MANTENIMIENTO,Sin Data,Sin Data,Indefinido,Jornada Indiferente,Sin Data,RAS Interim,Sin Data
2026-09-04,Trabajoscom,Sevilla,Todo Sevilla,AUXILIAR - ATENCIÓN AL PÚBLICO EN MUSEO,Sin Data,Sin Data,De duracion determinada,Jornada Indiferente,Sin Data,RAS Interim,Sin Data
2026-09-04,Trabajoscom,Valencia,Alzira,OPERARIO/A DE ALMACÉN CON ELECTRICIDAD,Sin Data,Sin Data,Indefinido,Jornada Indiferente,Sin Data,RAS Interim,Sin Data
2026-09-04,Trabajoscom,Girona,Girona,OPERARI/A MAQUINISTA,Sin Data,Sin Data,De duracion determinada,Jornada Indiferente,Sin Data,RAS Interim,Sin Data
2026-09-04,Trabajoscom,Baleares,Todo Baleares,PUESTO VACANTE (SINGULAR MASCULINO/FEMENINO SIN ARTÍCULOS),Sin Data,Sin Data,Indefinido,Jornada Indiferente,Sin Data,RAS Interim,Sin Data
2026-09-04,Trabajoscom,Barcelona,Abrera,CARRETILLEROS/AS-OPERARIOS/AS AUTOMOCIÓN,Sin Data,Sin Data,Indefinido,Jornada Indiferente,Sin Data,RAS Interim,Sin Data
2026-09-04,Trabajoscom,Valencia,Benifaio,CARRETILLERO/A ALMACÉN AGRÍCOLA,Sin Data,Sin Data,Indefinido,Jornada Indiferente,Sin Data,RAS Interim,Sin Data
2026-09-04,Trabajoscom,Castellón,Vinaros,MOZO DE ALMACÉN CON ATENCIÓN AL CLIENTE,Sin Data,Sin Data,Indefinido,Jornada Indiferente,Sin Data,RAS Interim,Sin Data
2026-09-04,Trabajoscom,Guadalajara,Yunquera De Henares,ADMINISTRATIVO/A CON SAP E INGLÉS,Sin Data,Sin Data,Indefinido,Jornada Indiferente,Sin Data,RAS Interim,Sin Data
2026-09-04,Trabajoscom,Madrid,Madrid,Plegador/a de Metal,Sin Data,Sin Data,Indefinido,Jornada Indiferente,Sin Data,RAS Interim,Sin Data
2026-09-04,Trabajoscom,Lleida,Castellbo,PUESTO VACANTE (SINGULAR MASCULINO/FEMENINO SIN ARTÍCULOS),Sin Data,Sin Data,Indefinido,Jornada Indiferente,Sin Data,RAS Interim,Sin Data
2026-09-04,Trabajoscom,Toledo,Illescas,OPERARIO/A DE PRODUCCIÓN,Sin Data,Sin Data,Indefinido,Jornada Indiferente,Sin Data,RAS Interim,Sin Data
2026-09-04,Trabajoscom,Valencia,Alzira,Copy of MOZO/A DE ALMACEN,Sin Data,Sin Data,Indefinido,Jornada Indiferente,Sin Data,RAS Interim,Sin Data
2026-09-04,Trabajoscom,Barcelona,Todo Barcelona,ADJUNTO/A A DIRECCIÓN FINANCIERA Y RRHH,Sin Data,Sin Data,Indefinido,Jornada Indiferente,Sin Data,RAS Interim - Recruiting,Sin Data
2026-09-04,Trabajoscom,Sevilla,Todo Sevilla,JEFE/A DE TRÁFICO DE 1ª,Sin Data,Sin Data,Indefinido,Jornada Indiferente,Sin Data,RAS Interim,Sin Data
2026-09-04,Trabajoscom,Madrid,Madrid,ELECTROMECÁNICO/A DE VEHÍCULOS,Sin Data,Sin Data,Indefinido,Jornada Indiferente,Sin Data,RAS Interim - Recruiting,Sin Data
2026-09-04,Trabajoscom,Valencia,Guadassuar,MOZO/A ALMACÉN,Sin Data,Sin Data,Indefinido,Jornada Indiferente,Sin Data,RAS Interim,Sin Data
2026-09-04,Trabajoscom,Madrid,Alcala De Henares,IMPRESOR/A OFFSET,Sin Data,Sin Data,Indefinido,Jornada Indiferente,Sin Data,RAS Interim,Sin Data
2026-09-04,Trabajoscom,Valencia,Meliana,CAMARERO/A,Sin Data,Sin Data,De duracion determinada,Jornada Indiferente,Sin Data,RAS Interim,Sin Data
2026-09-04,Trabajoscom,Valencia,Alzira,MOZO/A SECTOR METAL,Sin Data,Sin Data,Indefinido,Jornada Indiferente,Sin Data,RAS Interim,Sin Data
2026-09-04,Trabajoscom,Barcelona,Todo Barcelona,ADMINISTRATIVO/A LOGÍSTICA Y FACTURACIÓN,Sin Data,Sin Data,Indefinido,Jornada Indiferente,Sin Data,RAS Interim,Sin Data
2026-09-04,Trabajoscom,Barcelona,Todo Barcelona,REPARTIDOR/A,Sin Data,Sin Data,Indefinido,Jornada Indiferente,Sin Data,RAS Interim,Sin Data
2026-09-04,Trabajoscom,Madrid,Alcala De Henares,OFICIAL DE IMPRESIÓN OFFSET – HEIDELBERG,Sin Data,Sin Data,Indefinido,Jornada Indiferente,Sin Data,RAS Interim - Recruiting,Sin Data
2026-09-04,Trabajoscom,Valencia,Chiva,CHÓFER DE CAMIÓN C+E+ADR Y MOZO/A DE ALMACEN CARRETILLERO/A,Sin Data,Sin Data,Indefinido,Jornada Indiferente,Sin Data,RAS Interim,Sin Data
2026-09-04,Trabajoscom,Alicante,Alicante,MOZO/A DE ALMACÉN Y CARRETILLERO/A 25/30H,Sin Data,Sin Data,De duracion determinada,Jornada Indiferente,Sin Data,RAS Interim,Sin Data
2026-09-04,Trabajoscom,Madrid,Torrejon De Ardoz,OFICIAL DE IMPRESIÓN Y PLEGADO,Sin Data,Sin Data,Indefinido,Jornada Indiferente,Sin Data,RAS Interim,Sin Data
2026-09-04,Trabajoscom,Barcelona,Malgrat De Mar,CAMARERO/A PISOS,Sin Data,Sin Data,Indefinido,Jornada Indiferente,Sin Data,RAS Interim,Sin Data
2026-09-04,Trabajoscom,Guadalajara,Humanes De Mohernando,OPERARIO/A ENVASADO,Sin Data,Sin Data,Indefinido,Jornada Indiferente,Sin Data,RAS Interim,Sin Data
2026-09-04,Trabajoscom,Barcelona,Todo Barcelona,OPERARIO/A  CÁRNICO/A,Sin Data,Sin Data,Indefinido,Jornada Indiferente,Sin Data,RAS Interim,Sin Data
2026-09-04,Trabajoscom,Madrid,Valdemoro,OPERARIO/A DE MONTAJE,Sin Data,Sin Data,De duracion determinada,Jornada Indiferente,Sin Data,RAS Interim,Sin Data
2026-09-04,Trabajoscom,Madrid,Torrejon De Ardoz,OFICIAL DE CORTE GUILLOTINA,Sin Data,Sin Data,Indefinido,Jornada Indiferente,Sin Data,RAS Interim,Sin Data
2026-09-04,Trabajoscom,Murcia,Murcia,TÉCNICO/A DE PRODUCCIÓN,Sin Data,Sin Data,Indefinido,Jornada Indiferente,Sin Data,RAS Interim,Sin Data
2026-09-04,Trabajoscom,Málaga,Estepona,Jefe/a de Ventas B2C - MARBELLA,Sin Data,Sin Data,Indefinido,Jornada Indiferente,Sin Data,Lumon Cristales España,Sin Data
2026-09-04,Trabajoscom,Barcelona,Avinyo,CARRETONER/A RETRÀCTIL,Sin Data,Sin Data,Indefinido,Jornada Indiferente,Sin Data,RAS Interim,Sin Data
2026-09-04,Trabajoscom,Barcelona,Todo Barcelona,MANIPULADORES/AS,Sin Data,Sin Data,Indefinido,Jornada Indiferente,Sin Data,RAS Interim,Sin Data
2026-09-04,Trabajoscom,Barcelona,Todo Barcelona,MOZO/A CARRETILLERO/A,Sin Data,Sin Data,Indefinido,Jornada Indiferente,Sin Data,RAS Interim,Sin Data
2026-09-04,Trabajoscom,Madrid,San Agustin Del Guadalix,OPERARIOS/AS LOGÍSTICOS/AS - NORTE DE MADRID,Sin Data,Sin Data,Indefinido,Jornada Indiferente,Sin Data,RAS Interim,Sin Data
2026-09-04,Trabajoscom,Tarragona,Reus,MECÁNICO/A TORNERO/A,Sin Data,Sin Data,Indefinido,Jornada Indiferente,Sin Data,RAS Interim,Sin Data
2026-09-04,Trabajoscom,Barcelona,Sant Fost De Campsentelles,OPERARIOS/AS CORTE CNC,Sin Data,Sin Data,Indefinido,Jornada Indiferente,Sin Data,RAS Interim,Sin Data
2026-09-04,Trabajoscom,Tarragona,Reus,VERIFICADOR/A DE CALIDAD - SECTOR METAL,Sin Data,Sin Data,Indefinido,Jornada Indiferente,Sin Data,RAS Interim,Sin Data
2026-09-04,Trabajoscom,Alicante,Campo Alto,CARRETILLERO/A RETRÁCTIL,Sin Data,Sin Data,Indefinido,Jornada Indiferente,Sin Data,RAS Interim,Sin Data
2026-09-04,Trabajoscom,Asturias,Ania,MOZO/A ALMACEN - CARRETILLERO/A,Sin Data,Sin Data,Indefinido,Jornada Indiferente,Sin Data,RAS Interim,Sin Data
2026-09-04,Trabajoscom,Tarragona,Reus,OPERARIO/A DE PRODUCCIÓN,Sin Data,Sin Data,Indefinido,Jornada Indiferente,Sin Data,RAS Interim,Sin Data
2026-09-04,Trabajoscom,Sevilla,Dos Hermanas,Cajero/a Reponedor/a DOS HERMANAS 20H,Sin Data,Sin Data,Indefinido,Jornada Indiferente,Sin Data,Grupo DIA,Sin Data
2026-09-04,Trabajoscom,Barcelona,Polinya,OPERARIO/A DE INYECCIÓN DE PLÁSTICO,Sin Data,Sin Data,Indefinido,Jornada Indiferente,Sin Data,RAS Interim,Sin Data
2026-09-04,Trabajoscom,Barcelona,Barbera Del Valles,AUXILIAR DE TALLER ARTES GRÁFICAS,Sin Data,Sin Data,Indefinido,Jornada Indiferente,Sin Data,RAS Interim,Sin Data
2026-09-04,Trabajoscom,Teruel,Las Planas De Castellote,CALIBRADOR/A SECTOR AGROALIMENTARIO,Sin Data,Sin Data,Indefinido,Jornada Indiferente,Sin Data,RAS Interim,Sin Data
2026-09-04,Trabajoscom,Girona,Santa Coloma De Farners,REPARTIDOR/A | MOZO/A DE ALMACÉN,Sin Data,Sin Data,Indefinido,Jornada Indiferente,Sin Data,RAS Interim,Sin Data
2026-09-04,Trabajoscom,Barcelona,Todo Barcelona,SOLDADOR/A,Sin Data,Sin Data,Indefinido,Jornada Indiferente,Sin Data,RAS Interim,Sin Data
2026-09-04,Trabajoscom,Sevilla,Dos Hermanas,Cajero/a Reponedor/a DOS HERMANAS 20H,Sin Data,Sin Data,Indefinido,Jornada Indiferente,Sin Data,Grupo DIA,Sin Data
2026-09-04,Trabajoscom,Barcelona,Caldes De Montbui,MOZO/A ALMACÉN,Sin Data,Sin Data,Indefinido,Jornada Indiferente,Sin Data,RAS Interim,Sin Data
2026-09-04,Trabajoscom,Girona,Girona,OPERARIOS/AS MANIPULACIÓN ACABADOS,Sin Data,Sin Data,Indefinido,Jornada Indiferente,Sin Data,RAS Interim,Sin Data
2026-09-04,Trabajoscom,Barcelona,Mataro,FRESADOR/A,Sin Data,Sin Data,Indefinido,Jornada Indiferente,Sin Data,RAS Interim,Sin Data
2026-09-04,Trabajoscom,Barcelona,La Garriga,OPERARIOS/AS DE PRODUCCIÓN,Sin Data,Sin Data,Indefinido,Jornada Indiferente,Sin Data,RAS Interim,Sin Data
2026-09-04,Trabajoscom,Málaga,Antequera,REPONEDOR/A CASTRO DEL RIO (CÓRDOBA),Sin Data,Sin Data,Indefinido,Jornada Indiferente,Sin Data,Grupo DIA,Sin Data
2026-09-04,Trabajoscom,Barcelona,Sabadell,ADMINISTRATIVO/A SABADELL,Sin Data,Sin Data,A tiempo parcial,Jornada Indiferente,Sin Data,RAS Interim,Sin Data
2026-09-04,Trabajoscom,Girona,Girona,MOSSO/A DE MAGATZEM,Sin Data,Sin Data,Indefinido,Jornada Indiferente,Sin Data,RAS Interim,Sin Data
2026-09-04,Trabajoscom,Barcelona,Todo Barcelona,TÉCNICO/A REGULATORY AFFAIRS HEALTHCARE,Sin Data,Sin Data,Indefinido,Jornada Indiferente,Sin Data,RAS Interim - Recruiting,Sin Data
2026-09-04,Trabajoscom,Madrid,Alcala De Henares,REPARTIDOR/A DE CERVEZA - CARNÉ B,Sin Data,Sin Data,Indefinido,Jornada Indiferente,Sin Data,RAS Interim,Sin Data
2026-09-04,Trabajoscom,Valencia,Paterna,Copy of FONTANERO/A CON TUBERÍA PPR,Sin Data,Sin Data,Indefinido,Jornada Indiferente,Sin Data,RAS Interim,Sin Data
2026-09-04,Trabajoscom,Asturias,San Sebastian,SALES ASSISTANT SAN SEBASTIAN - 15H,Sin Data,Sin Data,Indefinido,Jornada Indiferente,Sin Data,RAS Interim - Recruiting,Sin Data
2026-09-04,Trabajoscom,Barcelona,Granollers,CARRETILLERO/A FRONTAL Y RETRACTIL,Sin Data,Sin Data,Indefinido,Jornada Indiferente,Sin Data,RAS Interim,Sin Data
2026-09-04,Trabajoscom,Sevilla,Todo Sevilla,Copy of MOZO/A DE ALMACÉN CARRETILLERO/A.,Sin Data,Sin Data,De duracion determinada,Jornada Indiferente,Sin Data,RAS Interim,Sin Data
2026-09-04,Trabajoscom,Valencia,Paterna,MOZO/A DE ALMACÉN CARRETILLERO/A FRONTAL CON PINZAS Y RETRACTIL,Sin Data,Sin Data,Indefinido,Jornada Indiferente,Sin Data,RAS Interim,Sin Data
2026-09-04,Trabajoscom,Barcelona,Mataro,REPARTIDOR/A,Sin Data,Sin Data,Indefinido,Jornada Indiferente,Sin Data,RAS Interim,Sin Data
2026-09-04,Trabajoscom,Barcelona,Todo Barcelona,ADMINISTRATIVOS/AS CONTABLES,Sin Data,Sin Data,Indefinido,Jornada Indiferente,Sin Data,RAS Interim,Sin Data
2026-09-04,Trabajoscom,Valencia,Paterna,MOZO/A DE ALMACÉN,Sin Data,Sin Data,Indefinido,Jornada Indiferente,Sin Data,RAS Interim,Sin Data
2026-09-04,Trabajoscom,Barcelona,L' Ametlla Del Valles,OPERADORES/AS DE MONTAJE,Sin Data,Sin Data,Indefinido,Jornada Indiferente,Sin Data,RAS Interim,Sin Data
2026-09-04,Trabajoscom,Barcelona,Granollers,CARRETILLERO/A,Sin Data,Sin Data,Indefinido,Jornada Indiferente,Sin Data,RAS Interim,Sin Data
2026-09-04,Trabajoscom,Barcelona,Mataro,MOZO/A REPARTIDOR/A,Sin Data,Sin Data,Indefinido,Jornada Indiferente,Sin Data,RAS Interim,Sin Data
2026-09-04,Trabajoscom,Madrid,Madrid,REPARTIDORES/AS DE FURGONETA,Sin Data,Sin Data,De duracion determinada,Jornada Indiferente,Sin Data,RAS Interim,Sin Data
2026-09-04,Trabajoscom,Barcelona,Todo Barcelona,OPERARIO/A CARPINTERO/A,Sin Data,Sin Data,Indefinido,Jornada Indiferente,Sin Data,RAS Interim,Sin Data
2026-09-04,Trabajoscom,Barcelona,Todo Barcelona,MANIPULADOR/A COSMÉTICA,Sin Data,Sin Data,Indefinido,Jornada Indiferente,Sin Data,RAS Interim,Sin Data
2026-09-04,Trabajoscom,Sevilla,Dos Hermanas,Inventarista zona Sevilla y Huelva,Sin Data,Sin Data,Indefinido,Jornada Indiferente,Sin Data,Grupo DIA,Sin Data
2026-09-04,Trabajoscom,Zaragoza,Zuera,Operario u operaria de automoción para campaña de verano en Zuera,Sin Data,Sin Data,Indefinido,Jornada Indiferente,Sin Data,RAS Interim,Sin Data
2026-09-04,Trabajoscom,Barcelona,Sant Quirze De Besora,OPERARI/ÀRIA PRODUCCIÓ METALL M//T//N,Sin Data,Sin Data,Indefinido,Jornada Indiferente,Sin Data,RAS Interim,Sin Data
2026-09-04,Trabajoscom,Valencia,Alzira,Copy of ENCAJADOR/A SECTOR HORTOFRUTÍCOLA,Sin Data,Sin Data,De duracion determinada,Jornada Indiferente,Sin Data,RAS Interim,Sin Data
2026-09-04,Trabajoscom,Barcelona,Sabadell,MANIPULADOR/A SABADELL,Sin Data,Sin Data,Indefinido,Jornada Indiferente,Sin Data,RAS Interim,Sin Data
2026-09-04,Trabajoscom,Sevilla,Todo Sevilla,ADMINISTRATIVO/A DE TRAFICO / LOGISTICA PORTUARIA CON CERTIFICADO DE DISCAPACIDAD,Sin Data,Sin Data,Indefinido,Jornada Indiferente,Sin Data,RAS Interim,Sin Data
2026-09-04,Trabajoscom,Alicante,Alicante,CHÓFER B,Sin Data,Sin Data,Indefinido,Jornada Indiferente,Sin Data,RAS Interim,Sin Data
2026-09-04,Trabajoscom,Madrid,Alcala De Henares,MANIPULADOR/A,Sin Data,Sin Data,Indefinido,Jornada Indiferente,Sin Data,RAS Interim,Sin Data
2026-09-04,Trabajoscom,Barcelona,Mataro,OPERARIO/A TALLER,Sin Data,Sin Data,Indefinido,Jornada Indiferente,Sin Data,RAS Interim,Sin Data
2026-09-04,Trabajoscom,Zaragoza,Zaragoza,Mozo o moza de almacén especialista,Sin Data,Sin Data,Indefinido,Jornada Indiferente,Sin Data,RAS Interim,Sin Data
2026-09-04,Trabajoscom,Barcelona,Sabadell,MOZO/A CARGA/DESCARGA,Sin Data,Sin Data,Indefinido,Jornada Indiferente,Sin Data,RAS Interim,Sin Data
2026-09-04,Trabajoscom,Barcelona,Todo Barcelona,OPERARIO/A LAVANDERIA,Sin Data,Sin Data,Indefinido,Jornada Indiferente,Sin Data,RAS Interim,Sin Data
2026-09-04,Trabajoscom,Badajoz,Merida,Jefe/a de Zona para Extremadura,Sin Data,Sin Data,Indefinido,Jornada Indiferente,Sin Data,Grupo DIA,Sin Data
2026-09-04,Trabajoscom,Barcelona,Todo Barcelona,OPERARIO/A CON FP (INDUSTRIAL),Sin Data,Sin Data,Indefinido,Jornada Indiferente,Sin Data,RAS Interim,Sin Data
2026-09-04,Trabajoscom,Sevilla,Dos Hermanas,Cajero/a Reponedor/a Chiclana - Campaña Verano -,Sin Data,Sin Data,Indefinido,Jornada Indiferente,Sin Data,Grupo DIA,Sin Data
2026-09-04,Trabajoscom,Barcelona,Todo Barcelona,TÉCNICO/A VERIFICADOR DE CALIDAD,Sin Data,Sin Data,Indefinido,Jornada Indiferente,Sin Data,RAS Interim - Recruiting,Sin Data
2026-09-04,Trabajoscom,Barcelona,Todo Barcelona,OPERARIO/A CON FP (INDUSTRIAL),Sin Data,Sin Data,Indefinido,Jornada Indiferente,Sin Data,RAS Interim,Sin Data
2026-09-04,Trabajoscom,Barcelona,Todo Barcelona,TÉCNICO/A DE PREVENCIÓN DE RIESGOS LABORALES,Sin Data,Sin Data,Indefinido,Jornada Indiferente,Sin Data,RAS Interim - Recruiting,Sin Data
2026-09-04,Trabajoscom,Barcelona,Vilassar De Dalt,ADMINISTRATIVO/A COMERCIAL,Sin Data,Sin Data,Indefinido,Jornada Indiferente,Sin Data,RAS Interim,Sin Data
2026-09-04,Trabajoscom,Zaragoza,Zuera,OPERARIO/A DE MANTENIMIENTO,Sin Data,Sin Data,Indefinido,Jornada Indiferente,Sin Data,RAS Interim,Sin Data
2026-09-04,Trabajoscom,Valladolid,Valladolid,Pescadero/a- Peñaranda-40 horas,Sin Data,Sin Data,Indefinido,Sin Data,Sin Data,Grupo DIA,Sin Data
2026-09-04,Trabajoscom,Barcelona,Todo Barcelona,CARRETILLERO/A CON RECOGE PEDIDOS,Sin Data,Sin Data,Indefinido,Sin Data,Sin Data,RAS Interim,Sin Data
2026-09-04,Trabajoscom,Barcelona,Cabrera De Mar,LIMPIADOR/A,Sin Data,Sin Data,Indefinido,Sin Data,Sin Data,RAS Interim,Sin Data
2026-09-04,Trabajoscom,Alicante,Orihuela,Responsable de Tienda en Valencia.,Sin Data,Sin Data,Indefinido,Sin Data,Sin Data,Grupo DIA,Sin Data
2026-09-04,Trabajoscom,Tarragona,La Selva Del Camp,MAQUINISTA DE PRODUCCIÓN Para empresa Alimentación,Sin Data,Sin Data,Indefinido,Jornada Indiferente,Sin Data,RAS Interim,Sin Data
2026-09-04,Trabajoscom,Sevilla,Dos Hermanas,Cajero/a Reponedor/a VALENCINA DE LA CONCEPCIÓN,Sin Data,Sin Data,Indefinido,Sin Data,Sin Data,Grupo DIA,Sin Data
2026-09-04,Trabajoscom,Guadalajara,Yunquera De Henares,TÉCNICO/A DE I+D Y REGULATORIO,Sin Data,Sin Data,Indefinido,Sin Data,Sin Data,RAS Interim,Sin Data
2026-09-04,Trabajoscom,Barcelona,Sabadell,MOZOS/AS CARRETILLEROS/AS,Sin Data,Sin Data,Indefinido,Sin Data,Sin Data,RAS Interim,Sin Data
2026-09-04,Trabajoscom,Barcelona,Santa Margarida I Els Monjos,MOZO/A DE ALMACÉN PARA CAMPAÑAS,Sin Data,Sin Data,Indefinido,Sin Data,Sin Data,RAS Interim,Sin Data
2026-09-04,Trabajoscom,Toledo,Cedillo Del Condado,MANIPULADOR/A ALIMENTOS,Sin Data,Sin Data,Indefinido,Sin Data,Sin Data,RAS Interim,Sin Data
2026-09-04,Trabajoscom,Zaragoza,Zaragoza,Oficial de 1ª en Soldadura MIG-MAG – Proyecto Industrial Estable,Sin Data,Sin Data,Indefinido,Sin Data,Sin Data,RAS Interim,Sin Data
2026-09-04,Trabajoscom,Toledo,Illescas,OPERARIO/A PRODUCCIÓN,Sin Data,Sin Data,De duracion determinada,Sin Data,Sin Data,RAS Interim,Sin Data
2026-09-04,Trabajoscom,Zaragoza,Zaragoza,Operario/a de Desmontaje sin experiencia,Sin Data,Sin Data,Indefinido,Sin Data,Sin Data,RAS Interim,Sin Data
2026-09-04,Trabajoscom,Barcelona,Todo Barcelona,CUSTOMER SERVICE,Sin Data,Sin Data,Indefinido,Sin Data,Sin Data,RAS Interim,Sin Data
2026-09-04,Trabajoscom,Barcelona,Sentmenat,OPERARIO/A DE PRODUCCIÓN,Sin Data,Sin Data,Indefinido,Sin Data,Sin Data,RAS Interim,Sin Data
2026-09-04,Trabajoscom,Madrid,Madrid,MECÁNICO/A DE VEHICULOS,Sin Data,Sin Data,Indefinido,Sin Data,Sin Data,RAS Interim - Recruiting,Sin Data
2026-09-04,Trabajoscom,A Coruña,Santiago De Compostela,MOZO/A Y CARRETILLERO/A,Sin Data,Sin Data,Indefinido,Jornada Indiferente,Sin Data,RAS Interim,Sin Data
2026-09-04,Trabajoscom,Valladolid,Valladolid,Administrativo/a de RRHH - Centro Logístico de León,Sin Data,Sin Data,Indefinido,Sin Data,Sin Data,Grupo DIA,Sin Data
2026-09-04,Trabajoscom,Guadalajara,Guadalajara,CONDUCTOR/A DE TRAILER,Sin Data,Sin Data,Indefinido,Sin Data,Sin Data,RAS Interim,Sin Data
2026-09-04,Trabajoscom,Madrid,Madrid,PLEGADOR/A METAL,Sin Data,Sin Data,Indefinido,Sin Data,Sin Data,RAS Interim,Sin Data
2026-09-04,Trabajoscom,Sevilla,Dos Hermanas,Carnicero/a Palos de la Frontera,Sin Data,Sin Data,Indefinido,Sin Data,Sin Data,Grupo DIA,Sin Data
2026-09-04,Trabajoscom,Barcelona,Todo Barcelona,MAQUINISTA DE PRODUCCIÓN INDUSTRIAL,Sin Data,Sin Data,Indefinido,Sin Data,Sin Data,RAS Interim,Sin Data
2026-09-04,Trabajoscom,Barcelona,Todo Barcelona,CUSTOMER SERVICE EXPORT,Sin Data,Sin Data,Indefinido,Sin Data,Sin Data,RAS Interim,Sin Data
2026-09-04,Trabajoscom,Alicante,Alicante,ADMINISTRATIVO/A LOGISTICA,Sin Data,Sin Data,De duracion determinada,Sin Data,Sin Data,RAS Interim,Sin Data
2026-09-04,Trabajoscom,Barcelona,Todo Barcelona,OPERARIO/A LOGÍSTICO,Sin Data,Sin Data,Indefinido,Sin Data,Sin Data,RAS Interim,Sin Data
2026-09-04,Trabajoscom,Barcelona,Dosrius,OPERARIO/A ALMACÉN,Sin Data,Sin Data,Indefinido,Sin Data,Sin Data,RAS Interim,Sin Data
2026-09-04,Trabajoscom,Barcelona,Todo Barcelona,Manipulador/a alimentos,Sin Data,Sin Data,Indefinido,Sin Data,Sin Data,RAS Interim,Sin Data
2026-09-04,Trabajoscom,Málaga,Estepona,Asesor/a Técnico Comercial - MARBELLA,Sin Data,Sin Data,Indefinido,Jornada Indiferente,Sin Data,Lumon Cristales España,Sin Data
2026-09-04,Trabajoscom,Barcelona,Sant Celoni,MANIPULADOR/A,Sin Data,Sin Data,Indefinido,Sin Data,Sin Data,RAS Interim,Sin Data
2026-09-04,Trabajoscom,Barcelona,Granollers,OPERARIOS/AS LOGÍSTICA,Sin Data,Sin Data,Indefinido,Sin Data,Sin Data,RAS Interim,Sin Data
2026-09-04,Trabajoscom,Sevilla,Dos Hermanas,Mozo/a carretillero/a,Sin Data,Sin Data,Indefinido,Sin Data,Sin Data,RAS Interim,Sin Data
2026-09-04,Trabajoscom,Burgos,Miranda De Ebro,Personal de Inventarios Bilbao,Sin Data,Sin Data,Indefinido,Sin Data,Sin Data,Grupo DIA,Sin Data
2026-09-04,Trabajoscom,Madrid,Arganda Del Rey,MOZO/A - CARRETILLERO/A - ARGANDA DEL REY,Sin Data,Sin Data,Indefinido,Sin Data,Sin Data,RAS Interim,Sin Data
2026-09-04,Trabajoscom,Sevilla,Sevilla,Asesor/a Técnico Comercial - SEVILLA,Sin Data,Sin Data,Indefinido,Jornada Indiferente,Sin Data,Lumon Cristales España,Sin Data
2026-09-04,Trabajoscom,Madrid,Arganda Del Rey,MOZO/A - CARRETILLERO/A - ARGANDA DEL REY,Sin Data,Sin Data,Indefinido,Sin Data,Sin Data,RAS Interim,Sin Data
2026-09-04,Trabajoscom,Barcelona,Vic,OPERARI/ÀRIA ESTANY (ONA),Sin Data,Sin Data,Indefinido,Sin Data,Sin Data,RAS Interim,Sin Data
2026-09-04,Trabajoscom,Barcelona,Mataro,OPERARIO/A DE PRODUCCIÓN JUNIOR (FP INDUSTRIAL),Sin Data,Sin Data,Indefinido,Jornada Indiferente,Sin Data,RAS Interim,Sin Data
2026-09-04,Trabajoscom,Barcelona,Sant Sadurni D'anoia,OPERARIO/A CARRETILLERO/A,Sin Data,Sin Data,Indefinido,Jornada Indiferente,Sin Data,RAS Interim,Sin Data
2026-09-04,Trabajoscom,Barcelona,Esparreguera,MOZO/A ALMACÉN (CARNET CARRETILLAS) - ESPARREGUERA LOGISTICA,Sin Data,Sin Data,Indefinido,Sin Data,Sin Data,RAS Interim,Sin Data
2026-09-04,Trabajoscom,Barcelona,Igualada,REPARTIDOR/A,Sin Data,Sin Data,Indefinido,Sin Data,Sin Data,RAS Interim,Sin Data
2026-09-04,Trabajoscom,Barcelona,Olerdola,ADMINISTRATIVO/A COMERCIAL,Sin Data,Sin Data,Indefinido,Sin Data,Sin Data,RAS Interim,Sin Data
2026-09-04,Trabajoscom,Barcelona,Sabadell,MOZO/A CON CARRETILLA RETRÁCTIL,Sin Data,Sin Data,Indefinido,Sin Data,Sin Data,RAS Interim,Sin Data
2026-09-04,Trabajoscom,Tarragona,Valls,ADMINISTRATIVO/A COMERCIAL BACKOFFICE,Sin Data,Sin Data,Indefinido,Sin Data,Sin Data,RAS Interim,Sin Data
2026-09-04,Trabajoscom,Barcelona,Castellbisbal,ENVASADOR/A,Sin Data,Sin Data,Indefinido,Sin Data,Sin Data,RAS Interim,Sin Data
2026-09-04,Trabajoscom,Barcelona,Sabadell,MOZO/A DE ALMACÉN CON CARRETILLA RETRÁCTIL,Sin Data,Sin Data,Indefinido,Sin Data,Sin Data,RAS Interim,Sin Data
2026-09-04,Trabajoscom,Barcelona,Mataro,OPERARIO/A MAQUINISTA,Sin Data,Sin Data,Indefinido,Sin Data,Sin Data,RAS Interim,Sin Data
2026-09-04,Trabajoscom,Barcelona,Subirats,MOZO/A ALMACÉN,Sin Data,Sin Data,Indefinido,Sin Data,Sin Data,RAS Interim,Sin Data
2026-09-04,Trabajoscom,Barcelona,Sabadell,AUXILIAR ADMINISTRATIVO/A,Sin Data,Sin Data,Indefinido,Sin Data,Sin Data,RAS Interim,Sin Data
2026-09-04,Trabajoscom,Tarragona,Reus,MOZO/A DE ALMACEN EN EL VENDRELL,Sin Data,Sin Data,Indefinido,Jornada Indiferente,Sin Data,RAS Interim,Sin Data
2026-09-04,Trabajoscom,Barcelona,Sabadell,PREPARADOR/A DE PEDIDOS,Sin Data,Sin Data,Indefinido,Sin Data,Sin Data,RAS Interim,Sin Data
2026-09-04,Trabajoscom,Barcelona,Sentmenat,MOZO/A CON CARRETILLA RETRACTIL,Sin Data,Sin Data,Indefinido,Sin Data,Sin Data,RAS Interim,Sin Data
2026-09-04,Trabajoscom,Madrid,Coslada,REPARTIDOR/A ZONA COSLADA,Sin Data,Sin Data,Indefinido,Sin Data,Sin Data,RAS Interim,Sin Data
2026-09-04,Trabajoscom,Murcia,Murcia,MOZO/A DE ALMACÉN CARRETILLERO/A,Sin Data,Sin Data,De duracion determinada,Sin Data,Sin Data,RAS Interim,Sin Data
2026-09-04,Trabajoscom,Burgos,Burgos,MOZO/A DE ALMACÉN/CARRETILLERO/A,Sin Data,Sin Data,Indefinido,Sin Data,Sin Data,RAS Interim,Sin Data
2026-09-04,Trabajoscom,Valencia,Paterna,MOZO/A DE ALMACÉN CARRETILLERO/A FRONTAL CON PINZAS Y RETRACTIL,Sin Data,Sin Data,Indefinido,Sin Data,Sin Data,RAS Interim,Sin Data
2026-09-04,Trabajoscom,Barcelona,Todo Barcelona,DEPENDIENTE/A ESTACIÓN DE SERVICIO,Sin Data,Sin Data,Indefinido,Sin Data,Sin Data,RAS Interim,Sin Data
2026-09-04,Trabajoscom,Barcelona,Todo Barcelona,OPERARIO/A LOGÍSTICO,Sin Data,Sin Data,Indefinido,Sin Data,Sin Data,RAS Interim,Sin Data
2026-09-04,Trabajoscom,Albacete,Albacete,Copy of MOZOS/AS CARRETILLEROS/AS.,Sin Data,Sin Data,De duracion determinada,Sin Data,Sin Data,RAS Interim,Sin Data
2026-09-04,Trabajoscom,Barcelona,Todo Barcelona,RESPONSABLE DE PLANTA,Sin Data,Sin Data,Indefinido,Sin Data,Sin Data,RAS Interim - Recruiting,Sin Data
2026-09-04,Trabajoscom,Girona,Girona,REPARTIDOR/A CON CARNET DE CARRETILLA,Sin Data,Sin Data,Indefinido,Sin Data,Sin Data,RAS Interim,Sin Data
2026-09-04,Trabajoscom,Barcelona,L' Ametlla Del Valles,ADMINISTRATIVO/A CONTABLE,Sin Data,Sin Data,Indefinido,Sin Data,Sin Data,RAS Interim,Sin Data
2026-09-04,Trabajoscom,Barcelona,Bigues I Riells,MOZO/A ALMACÉN,Sin Data,Sin Data,Indefinido,Sin Data,Sin Data,RAS Interim,Sin Data
2026-09-04,Trabajoscom,Barcelona,Todo Barcelona,TÉCNICO/A DE ESTUDIOS,Sin Data,Sin Data,Indefinido,Jornada Indiferente,Sin Data,RAS Interim - Recruiting,Sin Data
2026-09-04,Trabajoscom,Madrid,Alcorcon,Asesor/a Comercial - Techos y Pérgolas MADRID,Sin Data,Sin Data,Indefinido,Jornada Indiferente,Sin Data,Lumon Cristales España,Sin Data
2026-09-04,Trabajoscom,Barcelona,Argentona,MANIPULADOR/A,Sin Data,Sin Data,Indefinido,Sin Data,Sin Data,RAS Interim,Sin Data
2026-09-04,Trabajoscom,Barcelona,Granollers,MANIPULADOR/A SECTOR QUIMICO,Sin Data,Sin Data,Indefinido,Sin Data,Sin Data,RAS Interim,Sin Data
2026-09-04,Trabajoscom,Sevilla,Dos Hermanas,Cajero/a Reponedor/a CAMAS,Sin Data,Sin Data,Indefinido,Sin Data,Sin Data,Grupo DIA,Sin Data
2026-09-04,Trabajoscom,Barcelona,Granollers,OPERARIO/A TRIAJE,Sin Data,Sin Data,Indefinido,Sin Data,Sin Data,RAS Interim,Sin Data
2026-09-04,Trabajoscom,Barcelona,Granollers,OPERARIO/A,Sin Data,Sin Data,Indefinido,Sin Data,Sin Data,RAS Interim,Sin Data
2026-09-04,Trabajoscom,Barcelona,Granollers,MANIPULADOR/A TURNO TARDE FIJO,Sin Data,Sin Data,Indefinido,Sin Data,Sin Data,RAS Interim,Sin Data
2026-09-04,Trabajoscom,Barcelona,Granollers,MANIPULADORES/AS,Sin Data,Sin Data,Indefinido,Sin Data,Sin Data,RAS Interim,Sin Data
2026-09-04,Trabajoscom,Barcelona,Granollers,MANIPULADOR/A DE TALLER,Sin Data,Sin Data,Indefinido,Sin Data,Sin Data,RAS Interim,Sin Data
2026-09-04,Trabajoscom,Barcelona,Todo Barcelona,AJUSTADOR/A DE MOLDES DE INYECCIÓN,Sin Data,Sin Data,Indefinido,Jornada Indiferente,Sin Data,RAS Interim - Recruiting,Sin Data
2026-09-04,Trabajoscom,Barcelona,Todo Barcelona,TÉCNICO/A DE MANTENIMIENTO INDUSTRIAL,Sin Data,Sin Data,Indefinido,Jornada Indiferente,Sin Data,RAS Interim - Recruiting,Sin Data
2026-09-04,Trabajoscom,Madrid,Arganda Del Rey,MOZO/A - CARRETILLERO/A - ARGANDA DEL REY,Sin Data,Sin Data,Indefinido,Sin Data,Sin Data,RAS Interim,Sin Data
2026-09-04,Trabajoscom,Barcelona,Vic,OPERARI/ÀRIA ESTANY (ONA),Sin Data,Sin Data,Indefinido,Sin Data,Sin Data,RAS Interim,Sin Data
2026-09-04,Trabajoscom,Barcelona,Mataro,OPERARIO/A DE PRODUCCIÓN JUNIOR (FP INDUSTRIAL),Sin Data,Sin Data,Indefinido,Jornada Indiferente,Sin Data,RAS Interim,Sin Data
2026-09-04,Trabajoscom,Barcelona,Sant Sadurni D'anoia,OPERARIO/A CARRETILLERO/A,Sin Data,Sin Data,Indefinido,Jornada Indiferente,Sin Data,RAS Interim,Sin Data
2026-09-04,Trabajoscom,Barcelona,Esparreguera,MOZO/A ALMACÉN (CARNET CARRETILLAS) - ESPARREGUERA LOGISTICA,Sin Data,Sin Data,Indefinido,Sin Data,Sin Data,RAS Interim,Sin Data
2026-09-04,Trabajoscom,Barcelona,Igualada,REPARTIDOR/A,Sin Data,Sin Data,Indefinido,Sin Data,Sin Data,RAS Interim,Sin Data
2026-09-04,Trabajoscom,Barcelona,Olerdola,ADMINISTRATIVO/A COMERCIAL,Sin Data,Sin Data,Indefinido,Sin Data,Sin Data,RAS Interim,Sin Data
2026-09-04,Trabajoscom,Barcelona,Sabadell,MOZO/A CON CARRETILLA RETRÁCTIL,Sin Data,Sin Data,Indefinido,Sin Data,Sin Data,RAS Interim,Sin Data
2026-09-04,Trabajoscom,Tarragona,Valls,ADMINISTRATIVO/A COMERCIAL BACKOFFICE,Sin Data,Sin Data,Indefinido,Sin Data,Sin Data,RAS Interim,Sin Data
2026-09-04,Trabajoscom,Barcelona,Castellbisbal,ENVASADOR/A,Sin Data,Sin Data,Indefinido,Sin Data,Sin Data,RAS Interim,Sin Data
2026-09-04,Trabajoscom,Barcelona,Sabadell,MOZO/A DE ALMACÉN CON CARRETILLA RETRÁCTIL,Sin Data,Sin Data,Indefinido,Sin Data,Sin Data,RAS Interim,Sin Data
2026-09-04,Trabajoscom,Barcelona,Mataro,OPERARIO/A MAQUINISTA,Sin Data,Sin Data,Indefinido,Sin Data,Sin Data,RAS Interim,Sin Data
2026-09-04,Trabajoscom,Barcelona,Subirats,MOZO/A ALMACÉN,Sin Data,Sin Data,Indefinido,Sin Data,Sin Data,RAS Interim,Sin Data
2026-09-04,Trabajoscom,Barcelona,Sabadell,AUXILIAR ADMINISTRATIVO/A,Sin Data,Sin Data,Indefinido,Sin Data,Sin Data,RAS Interim,Sin Data
2026-09-04,Trabajoscom,Tarragona,Reus,MOZO/A DE ALMACEN EN EL VENDRELL,Sin Data,Sin Data,Indefinido,Jornada Indiferente,Sin Data,RAS Interim,Sin Data
2026-09-04,Trabajoscom,Barcelona,Sabadell,PREPARADOR/A DE PEDIDOS,Sin Data,Sin Data,Indefinido,Sin Data,Sin Data,RAS Interim,Sin Data
2026-09-04,Trabajoscom,Barcelona,Sentmenat,MOZO/A CON CARRETILLA RETRACTIL,Sin Data,Sin Data,Indefinido,Sin Data,Sin Data,RAS Interim,Sin Data
2026-09-04,Trabajoscom,Madrid,Coslada,REPARTIDOR/A ZONA COSLADA,Sin Data,Sin Data,Indefinido,Sin Data,Sin Data,RAS Interim,Sin Data
2026-09-04,Trabajoscom,Murcia,Murcia,MOZO/A DE ALMACÉN CARRETILLERO/A,Sin Data,Sin Data,De duracion determinada,Sin Data,Sin Data,RAS Interim,Sin Data
2026-09-04,Trabajoscom,Burgos,Burgos,MOZO/A DE ALMACÉN/CARRETILLERO/A,Sin Data,Sin Data,Indefinido,Sin Data,Sin Data,RAS Interim,Sin Data
2026-09-04,Trabajoscom,Valencia,Paterna,MOZO/A DE ALMACÉN CARRETILLERO/A FRONTAL CON PINZAS Y RETRACTIL,Sin Data,Sin Data,Indefinido,Sin Data,Sin Data,RAS Interim,Sin Data
2026-09-04,Trabajoscom,Barcelona,Todo Barcelona,DEPENDIENTE/A ESTACIÓN DE SERVICIO,Sin Data,Sin Data,Indefinido,Sin Data,Sin Data,RAS Interim,Sin Data
2026-09-04,Trabajoscom,Barcelona,Todo Barcelona,OPERARIO/A LOGÍSTICO,Sin Data,Sin Data,Indefinido,Sin Data,Sin Data,RAS Interim,Sin Data
2026-09-04,Trabajoscom,Albacete,Albacete,Copy of MOZOS/AS CARRETILLEROS/AS.,Sin Data,Sin Data,De duracion determinada,Sin Data,Sin Data,RAS Interim,Sin Data
2026-09-04,Trabajoscom,Barcelona,Todo Barcelona,RESPONSABLE DE PLANTA,Sin Data,Sin Data,Indefinido,Sin Data,Sin Data,RAS Interim - Recruiting,Sin Data
2026-09-04,Trabajoscom,Girona,Girona,REPARTIDOR/A CON CARNET DE CARRETILLA,Sin Data,Sin Data,Indefinido,Sin Data,Sin Data,RAS Interim,Sin Data
2026-09-04,Trabajoscom,Barcelona,L' Ametlla Del Valles,ADMINISTRATIVO/A CONTABLE,Sin Data,Sin Data,Indefinido,Sin Data,Sin Data,RAS Interim,Sin Data
2026-09-04,Trabajoscom,Barcelona,Bigues I Riells,MOZO/A ALMACÉN,Sin Data,Sin Data,Indefinido,Sin Data,Sin Data,RAS Interim,Sin Data
2026-09-04,Trabajoscom,Barcelona,Todo Barcelona,TÉCNICO/A DE ESTUDIOS,Sin Data,Sin Data,Indefinido,Jornada Indiferente,Sin Data,RAS Interim - Recruiting,Sin Data
2026-09-04,Trabajoscom,Madrid,Alcorcon,Asesor/a Comercial - Techos y Pérgolas MADRID,Sin Data,Sin Data,Indefinido,Jornada Indiferente,Sin Data,Lumon Cristales España,Sin Data
2026-09-04,Trabajoscom,Barcelona,Argentona,MANIPULADOR/A,Sin Data,Sin Data,Indefinido,Sin Data,Sin Data,RAS Interim,Sin Data
2026-09-04,Trabajoscom,Barcelona,Granollers,MANIPULADOR/A SECTOR QUIMICO,Sin Data,Sin Data,Indefinido,Sin Data,Sin Data,RAS Interim,Sin Data
2026-09-04,Trabajoscom,Sevilla,Dos Hermanas,Cajero/a Reponedor/a CAMAS,Sin Data,Sin Data,Indefinido,Sin Data,Sin Data,Grupo DIA,Sin Data
2026-09-04,Trabajoscom,Barcelona,Granollers,OPERARIO/A TRIAJE,Sin Data,Sin Data,Indefinido,Sin Data,Sin Data,RAS Interim,Sin Data
2026-09-04,Trabajoscom,Barcelona,Granollers,OPERARIO/A,Sin Data,Sin Data,Indefinido,Sin Data,Sin Data,RAS Interim,Sin Data
2026-09-04,Trabajoscom,Barcelona,Granollers,MANIPULADOR/A TURNO TARDE FIJO,Sin Data,Sin Data,Indefinido,Sin Data,Sin Data,RAS Interim,Sin Data
2026-09-04,Trabajoscom,Barcelona,Granollers,MANIPULADORES/AS,Sin Data,Sin Data,Indefinido,Sin Data,Sin Data,RAS Interim,Sin Data
2026-09-04,Trabajoscom,Barcelona,Granollers,MANIPULADOR/A DE TALLER,Sin Data,Sin Data,Indefinido,Sin Data,Sin Data,RAS Interim,Sin Data
2026-09-04,Trabajoscom,Barcelona,Todo Barcelona,AJUSTADOR/A DE MOLDES DE INYECCIÓN,Sin Data,Sin Data,Indefinido,Jornada Indiferente,Sin Data,RAS Interim - Recruiting,Sin Data
2026-09-04,Trabajoscom,Barcelona,Todo Barcelona,TÉCNICO/A DE MANTENIMIENTO INDUSTRIAL,Sin Data,Sin Data,Indefinido,Jornada Indiferente,Sin Data,RAS Interim - Recruiting,Sin Data
2026-09-04,Trabajoscom,Madrid,Arganda Del Rey,MOZO/A - CARRETILLERO/A - ARGANDA DEL REY,Sin Data,Sin Data,Indefinido,Sin Data,Sin Data,RAS Interim,Sin Data
2026-09-04,Trabajoscom,Barcelona,Vic,OPERARI/ÀRIA ESTANY (ONA),Sin Data,Sin Data,Indefinido,Sin Data,Sin Data,RAS Interim,Sin Data
2026-09-04,Trabajoscom,Barcelona,Mataro,OPERARIO/A DE PRODUCCIÓN JUNIOR (FP INDUSTRIAL),Sin Data,Sin Data,Indefinido,Jornada Indiferente,Sin Data,RAS Interim,Sin Data
2026-09-04,Trabajoscom,Barcelona,Sant Sadurni D'anoia,OPERARIO/A CARRETILLERO/A,Sin Data,Sin Data,Indefinido,Jornada Indiferente,Sin Data,RAS Interim,Sin Data
2026-09-04,Trabajoscom,Barcelona,Esparreguera,MOZO/A ALMACÉN (CARNET CARRETILLAS) - ESPARREGUERA LOGISTICA,Sin Data,Sin Data,Indefinido,Sin Data,Sin Data,RAS Interim,Sin Data
2026-09-04,Trabajoscom,Barcelona,Igualada,REPARTIDOR/A,Sin Data,Sin Data,Indefinido,Sin Data,Sin Data,RAS Interim,Sin Data
2026-09-04,Trabajoscom,Barcelona,Olerdola,ADMINISTRATIVO/A COMERCIAL,Sin Data,Sin Data,Indefinido,Sin Data,Sin Data,RAS Interim,Sin Data
2026-09-04,Trabajoscom,Barcelona,Sabadell,MOZO/A CON CARRETILLA RETRÁCTIL,Sin Data,Sin Data,Indefinido,Sin Data,Sin Data,RAS Interim,Sin Data
2026-09-04,Trabajoscom,Tarragona,Valls,ADMINISTRATIVO/A COMERCIAL BACKOFFICE,Sin Data,Sin Data,Indefinido,Sin Data,Sin Data,RAS Interim,Sin Data
2026-09-04,Trabajoscom,Barcelona,Castellbisbal,ENVASADOR/A,Sin Data,Sin Data,Indefinido,Sin Data,Sin Data,RAS Interim,Sin Data
2026-09-04,Trabajoscom,Barcelona,Sabadell,MOZO/A DE ALMACÉN CON CARRETILLA RETRÁCTIL,Sin Data,Sin Data,Indefinido,Sin Data,Sin Data,RAS Interim,Sin Data
2026-09-04,Trabajoscom,Barcelona,Mataro,OPERARIO/A MAQUINISTA,Sin Data,Sin Data,Indefinido,Sin Data,Sin Data,RAS Interim,Sin Data
2026-09-04,Trabajoscom,Barcelona,Subirats,MOZO/A ALMACÉN,Sin Data,Sin Data,Indefinido,Sin Data,Sin Data,RAS Interim,Sin Data
2026-09-04,Trabajoscom,Barcelona,Sabadell,AUXILIAR ADMINISTRATIVO/A,Sin Data,Sin Data,Indefinido,Sin Data,Sin Data,RAS Interim,Sin Data
2026-09-04,Trabajoscom,Tarragona,Reus,MOZO/A DE ALMACEN EN EL VENDRELL,Sin Data,Sin Data,Indefinido,Jornada Indiferente,Sin Data,RAS Interim,Sin Data
2026-09-04,Trabajoscom,Barcelona,Sabadell,PREPARADOR/A DE PEDIDOS,Sin Data,Sin Data,Indefinido,Sin Data,Sin Data,RAS Interim,Sin Data
2026-09-04,Trabajoscom,Barcelona,Sentmenat,MOZO/A CON CARRETILLA RETRACTIL,Sin Data,Sin Data,Indefinido,Sin Data,Sin Data,RAS Interim,Sin Data
2026-09-04,Trabajoscom,Madrid,Coslada,REPARTIDOR/A ZONA COSLADA,Sin Data,Sin Data,Indefinido,Sin Data,Sin Data,RAS Interim,Sin Data
2026-09-04,Trabajoscom,Murcia,Murcia,MOZO/A DE ALMACÉN CARRETILLERO/A,Sin Data,Sin Data,De duracion determinada,Sin Data,Sin Data,RAS Interim,Sin Data
2026-09-04,Trabajoscom,Burgos,Burgos,MOZO/A DE ALMACÉN/CARRETILLERO/A,Sin Data,Sin Data,Indefinido,Sin Data,Sin Data,RAS Interim,Sin Data
2026-09-04,Trabajoscom,Valencia,Paterna,MOZO/A DE ALMACÉN CARRETILLERO/A FRONTAL CON PINZAS Y RETRACTIL,Sin Data,Sin Data,Indefinido,Sin Data,Sin Data,RAS Interim,Sin Data
2026-09-04,Trabajoscom,Barcelona,Todo Barcelona,DEPENDIENTE/A ESTACIÓN DE SERVICIO,Sin Data,Sin Data,Indefinido,Sin Data,Sin Data,RAS Interim,Sin Data
2026-09-04,Trabajoscom,Barcelona,Todo Barcelona,OPERARIO/A LOGÍSTICO,Sin Data,Sin Data,Indefinido,Sin Data,Sin Data,RAS Interim,Sin Data
2026-09-04,Trabajoscom,Albacete,Albacete,Copy of MOZOS/AS CARRETILLEROS/AS.,Sin Data,Sin Data,De duracion determinada,Sin Data,Sin Data,RAS Interim,Sin Data
2026-09-04,Trabajoscom,Barcelona,Todo Barcelona,RESPONSABLE DE PLANTA,Sin Data,Sin Data,Indefinido,Sin Data,Sin Data,RAS Interim - Recruiting,Sin Data
2026-09-04,Trabajoscom,Girona,Girona,REPARTIDOR/A CON CARNET DE CARRETILLA,Sin Data,Sin Data,Indefinido,Sin Data,Sin Data,RAS Interim,Sin Data
2026-09-04,Trabajoscom,Barcelona,L' Ametlla Del Valles,ADMINISTRATIVO/A CONTABLE,Sin Data,Sin Data,Indefinido,Sin Data,Sin Data,RAS Interim,Sin Data
2026-09-04,Trabajoscom,Barcelona,Bigues I Riells,MOZO/A ALMACÉN,Sin Data,Sin Data,Indefinido,Sin Data,Sin Data,RAS Interim,Sin Data
2026-09-04,Trabajoscom,Barcelona,Todo Barcelona,TÉCNICO/A DE ESTUDIOS,Sin Data,Sin Data,Indefinido,Jornada Indiferente,Sin Data,RAS Interim - Recruiting,Sin Data
2026-09-04,Trabajoscom,Madrid,Alcorcon,Asesor/a Comercial - Techos y Pérgolas MADRID,Sin Data,Sin Data,Indefinido,Jornada Indiferente,Sin Data,Lumon Cristales España,Sin Data
2026-09-04,Trabajoscom,Barcelona,Argentona,MANIPULADOR/A,Sin Data,Sin Data,Indefinido,Sin Data,Sin Data,RAS Interim,Sin Data
2026-09-04,Trabajoscom,Barcelona,Granollers,MANIPULADOR/A SECTOR QUIMICO,Sin Data,Sin Data,Indefinido,Sin Data,Sin Data,RAS Interim,Sin Data
2026-09-04,Trabajoscom,Sevilla,Dos Hermanas,Cajero/a Reponedor/a CAMAS,Sin Data,Sin Data,Indefinido,Sin Data,Sin Data,Grupo DIA,Sin Data
2026-09-04,Trabajoscom,Barcelona,Granollers,OPERARIO/A TRIAJE,Sin Data,Sin Data,Indefinido,Sin Data,Sin Data,RAS Interim,Sin Data
2026-09-04,Trabajoscom,Barcelona,Granollers,OPERARIO/A,Sin Data,Sin Data,Indefinido,Sin Data,Sin Data,RAS Interim,Sin Data
2026-09-04,Trabajoscom,Barcelona,Granollers,MANIPULADOR/A TURNO TARDE FIJO,Sin Data,Sin Data,Indefinido,Sin Data,Sin Data,RAS Interim,Sin Data
2026-09-04,Trabajoscom,Barcelona,Granollers,MANIPULADORES/AS,Sin Data,Sin Data,Indefinido,Sin Data,Sin Data,RAS Interim,Sin Data
2026-09-04,Trabajoscom,Barcelona,Granollers,MANIPULADOR/A DE TALLER,Sin Data,Sin Data,Indefinido,Sin Data,Sin Data,RAS Interim,Sin Data
2026-09-04,Trabajoscom,Barcelona,Todo Barcelona,AJUSTADOR/A DE MOLDES DE INYECCIÓN,Sin Data,Sin Data,Indefinido,Jornada Indiferente,Sin Data,RAS Interim - Recruiting,Sin Data
2026-09-04,Trabajoscom,Barcelona,Todo Barcelona,TÉCNICO/A DE MANTENIMIENTO INDUSTRIAL,Sin Data,Sin Data,Indefinido,Jornada Indiferente,Sin Data,RAS Interim - Recruiting,Sin Data
2026-09-04,Trabajoscom,Barcelona,Sant Sadurni D'anoia,OPERARIO/A CARRETILLERO/A,Sin Data,Sin Data,Indefinido,Jornada Indiferente,Sin Data,RAS Interim,Sin Data
2026-09-04,Trabajoscom,Barcelona,Vic,OPERARI/ÀRIA ESTANY (ONA),Sin Data,Sin Data,Indefinido,Sin Data,Sin Data,RAS Interim,Sin Data
2026-09-04,Trabajoscom,Barcelona,Olerdola,ADMINISTRATIVO/A COMERCIAL,Sin Data,Sin Data,Indefinido,Sin Data,Sin Data,RAS Interim,Sin Data
2026-09-04,Trabajoscom,Barcelona,Esparreguera,MOZO/A ALMACÉN (CARNET CARRETILLAS) - ESPARREGUERA LOGISTICA,Sin Data,Sin Data,Indefinido,Sin Data,Sin Data,RAS Interim,Sin Data
2026-09-04,Trabajoscom,Barcelona,Sabadell,MOZO/A CON CARRETILLA RETRÁCTIL,Sin Data,Sin Data,Indefinido,Sin Data,Sin Data,RAS Interim,Sin Data
2026-09-04,Trabajoscom,Tarragona,Valls,ADMINISTRATIVO/A COMERCIAL BACKOFFICE,Sin Data,Sin Data,Indefinido,Sin Data,Sin Data,RAS Interim,Sin Data
2026-09-04,Trabajoscom,Barcelona,Igualada,REPARTIDOR/A,Sin Data,Sin Data,Indefinido,Sin Data,Sin Data,RAS Interim,Sin Data
2026-09-04,Trabajoscom,Barcelona,Sabadell,AUXILIAR ADMINISTRATIVO/A,Sin Data,Sin Data,Indefinido,Sin Data,Sin Data,RAS Interim,Sin Data
2026-09-04,Trabajoscom,Barcelona,Sabadell,MOZO/A DE ALMACÉN CON CARRETILLA RETRÁCTIL,Sin Data,Sin Data,Indefinido,Sin Data,Sin Data,RAS Interim,Sin Data
2026-09-04,Trabajoscom,Barcelona,Mataro,OPERARIO/A MAQUINISTA,Sin Data,Sin Data,Indefinido,Sin Data,Sin Data,RAS Interim,Sin Data
2026-09-04,Trabajoscom,Barcelona,Castellbisbal,ENVASADOR/A,Sin Data,Sin Data,Indefinido,Sin Data,Sin Data,RAS Interim,Sin Data
2026-09-04,Trabajoscom,Barcelona,Subirats,MOZO/A ALMACÉN,Sin Data,Sin Data,Indefinido,Sin Data,Sin Data,RAS Interim,Sin Data
2026-09-04,Trabajoscom,Murcia,Murcia,MOZO/A DE ALMACÉN CARRETILLERO/A,Sin Data,Sin Data,De duracion determinada,Sin Data,Sin Data,RAS Interim,Sin Data
2026-09-04,Trabajoscom,Tarragona,Reus,MOZO/A DE ALMACEN EN EL VENDRELL,Sin Data,Sin Data,Indefinido,Jornada Indiferente,Sin Data,RAS Interim,Sin Data
2026-09-04,Trabajoscom,Barcelona,Sabadell,PREPARADOR/A DE PEDIDOS,Sin Data,Sin Data,Indefinido,Sin Data,Sin Data,RAS Interim,Sin Data
2026-09-04,Trabajoscom,Barcelona,Sentmenat,MOZO/A CON CARRETILLA RETRACTIL,Sin Data,Sin Data,Indefinido,Sin Data,Sin Data,RAS Interim,Sin Data
2026-09-04,Trabajoscom,Madrid,Coslada,REPARTIDOR/A ZONA COSLADA,Sin Data,Sin Data,Indefinido,Sin Data,Sin Data,RAS Interim,Sin Data
2026-09-04,Trabajoscom,Valencia,Paterna,MOZO/A DE ALMACÉN CARRETILLERO/A FRONTAL CON PINZAS Y RETRACTIL,Sin Data,Sin Data,Indefinido,Sin Data,Sin Data,RAS Interim,Sin Data
2026-09-04,Trabajoscom,Barcelona,Todo Barcelona,DEPENDIENTE/A ESTACIÓN DE SERVICIO,Sin Data,Sin Data,Indefinido,Sin Data,Sin Data,RAS Interim,Sin Data
2026-09-04,Trabajoscom,Barcelona,Todo Barcelona,RESPONSABLE DE PLANTA,Sin Data,Sin Data,Indefinido,Sin Data,Sin Data,RAS Interim - Recruiting,Sin Data
2026-09-04,Trabajoscom,Barcelona,Todo Barcelona,OPERARIO/A LOGÍSTICO,Sin Data,Sin Data,Indefinido,Sin Data,Sin Data,RAS Interim,Sin Data
2026-09-04,Trabajoscom,Albacete,Albacete,Copy of MOZOS/AS CARRETILLEROS/AS.,Sin Data,Sin Data,De duracion determinada,Sin Data,Sin Data,RAS Interim,Sin Data
2026-09-04,Trabajoscom,Burgos,Burgos,MOZO/A DE ALMACÉN/CARRETILLERO/A,Sin Data,Sin Data,Indefinido,Sin Data,Sin Data,RAS Interim,Sin Data
2026-09-04,Trabajoscom,Barcelona,Todo Barcelona,TÉCNICO/A DE ESTUDIOS,Sin Data,Sin Data,Indefinido,Jornada Indiferente,Sin Data,RAS Interim - Recruiting,Sin Data
2026-09-04,Trabajoscom,Madrid,Alcorcon,Asesor/a Comercial - Techos y Pérgolas MADRID,Sin Data,Sin Data,Indefinido,Jornada Indiferente,Sin Data,Lumon Cristales España,Sin Data
2026-09-04,Trabajoscom,Girona,Girona,REPARTIDOR/A CON CARNET DE CARRETILLA,Sin Data,Sin Data,Indefinido,Sin Data,Sin Data,RAS Interim,Sin Data
2026-09-04,Trabajoscom,Barcelona,Bigues I Riells,MOZO/A ALMACÉN,Sin Data,Sin Data,Indefinido,Sin Data,Sin Data,RAS Interim,Sin Data
2026-09-04,Trabajoscom,Barcelona,L' Ametlla Del Valles,ADMINISTRATIVO/A CONTABLE,Sin Data,Sin Data,Indefinido,Sin Data,Sin Data,RAS Interim,Sin Data
2026-09-04,Trabajoscom,Barcelona,Argentona,MANIPULADOR/A,Sin Data,Sin Data,Indefinido,Sin Data,Sin Data,RAS Interim,Sin Data
2026-09-04,Trabajoscom,Barcelona,Granollers,MANIPULADOR/A DE TALLER,Sin Data,Sin Data,Indefinido,Sin Data,Sin Data,RAS Interim,Sin Data
2026-09-04,Trabajoscom,Barcelona,Granollers,OPERARIO/A TRIAJE,Sin Data,Sin Data,Indefinido,Sin Data,Sin Data,RAS Interim,Sin Data
2026-09-04,Trabajoscom,Sevilla,Dos Hermanas,Cajero/a Reponedor/a CAMAS,Sin Data,Sin Data,Indefinido,Sin Data,Sin Data,Grupo DIA,Sin Data
2026-09-04,Trabajoscom,Barcelona,Granollers,MANIPULADOR/A SECTOR QUIMICO,Sin Data,Sin Data,Indefinido,Sin Data,Sin Data,RAS Interim,Sin Data
2026-09-04,Trabajoscom,Barcelona,Granollers,MANIPULADOR/A TURNO TARDE FIJO,Sin Data,Sin Data,Indefinido,Sin Data,Sin Data,RAS Interim,Sin Data
2026-09-04,Trabajoscom,Barcelona,Granollers,MANIPULADORES/AS,Sin Data,Sin Data,Indefinido,Sin Data,Sin Data,RAS Interim,Sin Data
2026-09-04,Trabajoscom,Barcelona,Todo Barcelona,AJUSTADOR/A DE MOLDES DE INYECCIÓN,Sin Data,Sin Data,Indefinido,Jornada Indiferente,Sin Data,RAS Interim - Recruiting,Sin Data
2026-09-04,Trabajoscom,Barcelona,Todo Barcelona,TÉCNICO/A DE MANTENIMIENTO INDUSTRIAL,Sin Data,Sin Data,Indefinido,Jornada Indiferente,Sin Data,RAS Interim - Recruiting,Sin Data
2026-09-04,Trabajoscom,Girona,Girona,MOZO/A DE ALMACÉN RETRACTILERO/A,Sin Data,Sin Data,Indefinido,Sin Data,Sin Data,RAS Interim,Sin Data
2026-09-04,Trabajoscom,Barcelona,Granollers,OPERARIO/A,Sin Data,Sin Data,Indefinido,Sin Data,Sin Data,RAS Interim,Sin Data
2026-09-04,Trabajoscom,Girona,Blanes,EMABALADORES/AS,Sin Data,Sin Data,Indefinido,Sin Data,Sin Data,RAS Interim,Sin Data
