Fecha,Plataforma,Provincia,Localidad,Oferta_Empleo,Salario,Modalidad,Tipo_Contrato,Tipo_Jornada,Experiencia,Empresa,Requisitos
2026-09-03,Trabajoscom, Tarragona, Tarragona,Verificador/a de Piezas (Sector Logístico),Sin Data,Sin Data,De duracion determinada,Jornada Completa,Sin Data,Iman Temporing,Sin Data
2026-09-03,Trabajoscom,Madrid,Madrid,Investigador Postgraduado no Doctor,5.400 € - 5.500 €,Sin Data,Indefinido,Trabajo Por Horas,Sin Data,Fundación General de la Universidad Politécnica de Madrid,Sin Data
2026-09-03,Trabajoscom,Madrid,Madrid,"Dirección Marketing, Comunicación y Marca",36.000 €,Sin Data,Indefinido,Jornada Completa,Sin Data,Fundación General de la Universidad Politécnica de Madrid,Sin Data
2026-09-03,Trabajoscom,Barcelona,Vic,Mozo/a de Almacén Turnos Intensivos (Vic),Sin Data,Sin Data,De duracion determinada,Jornada Completa,Sin Data,Grupo Adecco,Sin Data
2026-09-03,Trabajoscom,Zaragoza,Figueruelas,Operarios/as de línea de montaje Stellantis Zaragoza,Sin Data,Sin Data,De duracion determinada,Jornada Completa,Sin Data,Grupo Adecco,Sin Data
2026-09-03,Trabajoscom,Ciudad Real,Puertollano,Especialista en ventas - Ciudad Real,Sin Data,Sin Data,Indefinido,Jornada Completa,Sin Data,Grupo Adecco,Sin Data
2026-09-03,Trabajoscom,Valencia,Paterna,INGENIERO/A INDUSTRIAL ESPECIALIZADO/A EN CLIMATIZACIÓN/FRÍO INDUSTRIAL,Sin Data,Sin Data,Indefinido,Jornada Completa,Sin Data,TVA,Sin Data
2026-09-03,Trabajoscom,Jaén,Bailén,Carretillero/a frontal Gas (turno noche),Sin Data,Sin Data,De duracion determinada,Jornada Indiferente,Sin Data,Temps,Sin Data
2026-09-03,Trabajoscom,Barcelona,Canovelles,CANOVELLES - MOZO/A ALMACÉN CON CARNET CARRETILLA,Sin Data,Sin Data,De duracion determinada,Jornada Completa,Sin Data,Temps,Sin Data
2026-09-03,Trabajoscom,Madrid,Pinto,Montador/a Soldador/a Metalmecánica,Sin Data,Sin Data,Indefinido,Jornada Completa,Sin Data,Grupo Adecco,Sin Data
2026-09-03,Trabajoscom,Barcelona,L'hospitalet De Llobregat,Conductor/a distribuidora Hospitalet,Sin Data,Sin Data,De duracion determinada,Jornada Completa,Sin Data,Grupo Adecco,Sin Data
2026-09-03,Trabajoscom,Madrid,San Sebastián De Los Reyes,Promotor/a PAE San Sebastián de los Reyes - Estable,Sin Data,Sin Data,Indefinido,Media Jornada,Sin Data,Grupo Adecco,Sin Data
2026-09-03,Trabajoscom,Madrid,Todo Madrid,Informador/a de crédito inmobiliario,15.000 € - 25.000 €,Sin Data,Indefinido,Jornada Completa,Sin Data,Àkteon,Sin Data
2026-09-03,Trabajoscom,Tarragona,Tarragona,TÉCNICO/A DE MANTENIMIENTO SECTOR NUCLEAR,Sin Data,Sin Data,Indefinido,Jornada Completa,Sin Data,Grupo Adecco,Sin Data
2026-09-03,Trabajoscom,Madrid,Madrid,Operario/a de Eficiencia Energética,Sin Data,Sin Data,Indefinido,Jornada Completa,Sin Data,Grupo Adecco,Sin Data
2026-09-03,Trabajoscom,Sevilla,Sevilla,JEFE/A DE LINEA DE PRODUCCIÓN SECTOR ALIMENTACIÓN,Sin Data,Sin Data,Indefinido,Jornada Completa,Sin Data,Grupo Adecco,Sin Data
2026-09-03,Trabajoscom,Cuenca,Tarancon,Camionero/Peón de Quesería en Tarancón (Cuenca),20.000 € - 25.000 €,Sin Data,Indefinido,Jornada Completa,Sin Data,Quesos Manchegos Morales,Sin Data
2026-09-03,Trabajoscom,Madrid,Mostoles,Pulidor de piezas metálicas (6326),26.000 € - 30.000 €,Sin Data,Indefinido,Jornada Completa,Sin Data,Human Simbio Consulting,Sin Data
2026-09-03,Trabajoscom,Zaragoza,Figueruelas,Operarios/as Montaje Turno NOCHE,Sin Data,Sin Data,De duracion determinada,Jornada Completa,Sin Data,Grupo Adecco,Sin Data
2026-09-03,Trabajoscom,Valladolid,Peñafiel,Camarero/a,17.000 € - 18.000 €,Sin Data,Indefinido,Jornada Completa,Sin Data,De la Fuente Andres E.S.P.J,Sin Data
2026-09-03,Trabajoscom,Gipuzkoa,Todo Gipuzkoa,INGENIERO/A MANTENIMIENTO MECANICO,Sin Data,Sin Data,Indefinido,Jornada Completa,Sin Data,AdegiLan,Sin Data
2026-09-03,Trabajoscom,Toledo,Olias Del Rey,Mecánico/a de Maquinaria - Automoción  INDEFINIDO,Sin Data,Sin Data,Indefinido,Jornada Completa,Sin Data,Grupo Adecco,Sin Data
2026-09-03,Trabajoscom,Gipuzkoa,Todo Gipuzkoa,Técnico/a Mantenimiento Industrial,Sin Data,Sin Data,Indefinido,Jornada Completa,Sin Data,AdegiLan,Sin Data
2026-09-03,Trabajoscom,Gipuzkoa,Todo Gipuzkoa,"INGENIERO/A, INGENIERO/A QUIMICO/A  PARA PRODUCCION",Sin Data,Sin Data,De duracion determinada,Jornada Indiferente,Sin Data,AdegiLan,Sin Data
2026-09-03,Trabajoscom,Gipuzkoa,Todo Gipuzkoa,"Director/a de Tecnología, Producto y Soluciones Industriales",72.000 € - 90.000 €,Sin Data,Indefinido,Jornada Indiferente,Sin Data,AdegiLan,Sin Data
2026-09-03,Trabajoscom,Gipuzkoa,Todo Gipuzkoa,Tecnico/a de Metrologia,Sin Data,Sin Data,Indefinido,Jornada Completa,Sin Data,AdegiLan,Sin Data
2026-09-03,Trabajoscom,Gipuzkoa,Todo Gipuzkoa,Técnico/a de producto // Encargado/a general,Sin Data,Sin Data,Indefinido,Jornada Indiferente,Sin Data,AdegiLan,Sin Data
2026-09-03,Trabajoscom,Gipuzkoa,Todo Gipuzkoa,"Técnico/a PRL, Calidad y Medioambiente",42 € - 54 €,Sin Data,Indefinido,Jornada Completa,Sin Data,AdegiLan,Sin Data
2026-09-03,Trabajoscom,Cáceres,Cáceres,Formador/a de Camarero/a de Pisos Trujillo Caceres,Sin Data,Sin Data,De duracion determinada,Media Jornada,Sin Data,Grupo Adecco,Sin Data
2026-09-03,Trabajoscom,Madrid,Majadahonda,Contable Fiscal,Sin Data,Sin Data,Indefinido,Jornada Completa,Sin Data,Grupo Adecco,Sin Data
2026-09-03,Trabajoscom,Guadalajara,Guadalajara,MOZOS/AS CLASIFICACION DE MERCANCIA,Sin Data,Sin Data,De duracion determinada,Jornada Completa,Sin Data,Temps,Sin Data
2026-09-03,Trabajoscom,Navarra,Tudela,OPERARIO/A SECTOR ALIMENTACIÓN CON DISPONIBILIDAD INMEDIATA,Sin Data,Sin Data,De duracion determinada,Jornada Completa,Sin Data,Temps,Sin Data
2026-09-03,Trabajoscom,Barcelona,Castellbisbal,MOZO/A DE ALMACÉN,Sin Data,Sin Data,Indefinido,Jornada Indiferente,Sin Data,RAS Interim,Sin Data
2026-09-03,Trabajoscom,Barcelona,Castellar Del Valles,OPERARIO/A DE PRODUCCIÓN,Sin Data,Sin Data,Indefinido,Jornada Indiferente,Sin Data,RAS Interim,Sin Data
2026-09-03,Trabajoscom,Ourense,Allariz,Camarer@,Sin Data,Sin Data,Indefinido,Jornada Completa,Sin Data,Espiñeira & Domínguez,Sin Data
2026-09-03,Trabajoscom, A Coruña, A Coruña,Personal Limpieza y Conducción (H/M/D) - A Coruña,20.000 € - 21.000 €,Sin Data,De duracion determinada,Jornada Completa,Sin Data,Ilunion,Sin Data
2026-09-03,Trabajoscom,Almería,Todo Almería,Operario de Almacén en Países Bajos con Alojamiento Incluido | CEVA Logistics,14 € - 16 €,Sin Data,Indefinido,Jornada Completa,Sin Data,OTTO Work Force,Sin Data
2026-09-03,Trabajoscom,Araba,Todo Araba,Operario de Almacén en Países Bajos con Alojamiento Incluido | CEVA Logistics,14 € - 16 €,Sin Data,Indefinido,Jornada Completa,Sin Data,OTTO Work Force,Sin Data
2026-09-03,Trabajoscom,Ciudad Real,Manzanares,MECÁNICO/TECNICO DE MAQUINARIA AGRÍCOLA ELECTROPORTATIL,1.700 € - 1.900 €,Sin Data,Indefinido,Jornada Completa,Sin Data,Agriman Tecnologias Aplicadas,Sin Data
2026-09-03,Trabajoscom,A Coruña,Santiago De Compostela,Fisioterapeuta Centro Residencial DomusVi San Lázaro,Sin Data,Sin Data,De duracion determinada,Media Jornada,Sin Data,DomusVi,Sin Data
2026-09-03,Trabajoscom,Baleares,Palma De Mallorca,Trabajador Familiar DomusVi SAD Palma FIN DE SEMANA,Sin Data,Sin Data,De duracion determinada,Media Jornada,Sin Data,DomusVi,Sin Data
2026-09-03,Trabajoscom,Salamanca,Todo Salamanca,Operario de Almacén en Países Bajos con Alojamiento Incluido | CEVA Logistics,14 € - 16 €,Sin Data,Indefinido,Jornada Completa,Sin Data,OTTO Work Force,Sin Data
2026-09-03,Trabajoscom,Sevilla,Todo Sevilla,Operario de Almacén en Países Bajos con Alojamiento Incluido | CEVA Logistics,14 € - 16 €,Sin Data,Indefinido,Jornada Completa,Sin Data,OTTO Work Force,Sin Data
2026-09-03,Trabajoscom,Teruel,Todo Teruel,Operario de Almacén en Países Bajos con Alojamiento Incluido | CEVA Logistics,14 € - 16 €,Sin Data,Indefinido,Jornada Completa,Sin Data,OTTO Work Force,Sin Data
2026-09-03,Trabajoscom,Zamora,Todo Zamora,Operario de Almacén en Países Bajos con Alojamiento Incluido | CEVA Logistics,14 € - 16 €,Sin Data,Indefinido,Jornada Completa,Sin Data,OTTO Work Force,Sin Data
2026-09-03,Trabajoscom,Alicante,Todo Alicante,Operario/a de Almacén en Países Bajos con Alojamiento Incluido en Boon Food,14 € - 17 €,Sin Data,Indefinido,Jornada Intensiva,Sin Data,OTTO Work Force,Sin Data
2026-09-03,Trabajoscom,Badajoz,Todo Badajoz,Operario/a de Almacén en Países Bajos con Alojamiento Incluido en Boon Food,14 € - 17 €,Sin Data,Indefinido,Jornada Intensiva,Sin Data,OTTO Work Force,Sin Data
2026-09-03,Trabajoscom,Baleares,Todo Baleares,Operario/a de Almacén en Países Bajos con Alojamiento Incluido en Boon Food,14 € - 17 €,Sin Data,Indefinido,Jornada Intensiva,Sin Data,OTTO Work Force,Sin Data
2026-09-03,Trabajoscom,Barcelona,Todo Barcelona,Operario/a de Almacén en Países Bajos con Alojamiento Incluido en Boon Food,14 € - 17 €,Sin Data,Indefinido,Jornada Intensiva,Sin Data,OTTO Work Force,Sin Data
2026-09-03,Trabajoscom,Burgos,Todo Burgos,Operario/a de Almacén en Países Bajos con Alojamiento Incluido en Boon Food,14 € - 17 €,Sin Data,Indefinido,Jornada Intensiva,Sin Data,OTTO Work Force,Sin Data
2026-09-03,Trabajoscom,Madrid,Coslada,REPARTIDOR/A DE PAQUETERÍA (ZONA NORTE MADRID - NAVE EN COSLADA),Sin Data,Sin Data,De duracion determinada,Jornada Completa,Sin Data,Temps,Sin Data
2026-09-03,Trabajoscom,A Coruña,Cambre,Repartidor/a de paquetería,Sin Data,Sin Data,De duracion determinada,Jornada Completa,Sin Data,Temps,Sin Data
2026-09-03,Trabajoscom,Cantabria,Todo Cantabria,Operario/a de Almacén en Países Bajos con Alojamiento Incluido en Boon Food,14 € - 17 €,Sin Data,Indefinido,Jornada Intensiva,Sin Data,OTTO Work Force,Sin Data
2026-09-03,Trabajoscom,Córdoba,Todo Córdoba,Operario/a de Almacén en Países Bajos con Alojamiento Incluido en Boon Food,14 € - 17 €,Sin Data,Indefinido,Jornada Intensiva,Sin Data,OTTO Work Force,Sin Data
2026-09-03,Trabajoscom,Gipuzkoa,Todo Gipuzkoa,Operario/a de Almacén en Países Bajos con Alojamiento Incluido en Boon Food,14 € - 17 €,Sin Data,Indefinido,Jornada Intensiva,Sin Data,OTTO Work Force,Sin Data
2026-09-03,Trabajoscom,Girona,Todo Girona,Operario/a de Almacén en Países Bajos con Alojamiento Incluido en Boon Food,14 € - 17 €,Sin Data,Indefinido,Jornada Intensiva,Sin Data,OTTO Work Force,Sin Data
2026-09-03,Trabajoscom,Guadalajara,Todo Guadalajara,Operario/a de Almacén en Países Bajos con Alojamiento Incluido en Boon Food,14 € - 17 €,Sin Data,Indefinido,Jornada Intensiva,Sin Data,OTTO Work Force,Sin Data
2026-09-03,Trabajoscom,Huesca,Todo Huesca,Operario/a de Almacén en Países Bajos con Alojamiento Incluido en Boon Food,14 € - 17 €,Sin Data,Indefinido,Jornada Intensiva,Sin Data,OTTO Work Force,Sin Data
2026-09-03,Trabajoscom,Jaén,Todo Jaén,Operario/a de Almacén en Países Bajos con Alojamiento Incluido en Boon Food,14 € - 17 €,Sin Data,Indefinido,Jornada Intensiva,Sin Data,OTTO Work Force,Sin Data
2026-09-03,Trabajoscom,Tenerife,Todo Tenerife,Operario/a de Almacén en Países Bajos con Alojamiento Incluido en Boon Food,14 € - 17 €,Sin Data,Indefinido,Jornada Intensiva,Sin Data,OTTO Work Force,Sin Data
2026-09-03,Trabajoscom,Segovia,Todo Segovia,Operario/a de Almacén en Países Bajos con Alojamiento Incluido en Boon Food,14 € - 17 €,Sin Data,Indefinido,Jornada Intensiva,Sin Data,OTTO Work Force,Sin Data
2026-09-03,Trabajoscom,Salamanca,Todo Salamanca,Operario/a de Almacén en Países Bajos con Alojamiento Incluido en Boon Food,14 € - 17 €,Sin Data,Indefinido,Jornada Intensiva,Sin Data,OTTO Work Force,Sin Data
2026-09-03,Trabajoscom,Valladolid,Todo Valladolid,Operario/a de Almacén en Países Bajos con Alojamiento Incluido en Boon Food,14 € - 17 €,Sin Data,Indefinido,Jornada Intensiva,Sin Data,OTTO Work Force,Sin Data
2026-09-03,Trabajoscom,Zaragoza,Todo Zaragoza,Operario/a de Almacén en Países Bajos con Alojamiento Incluido en Boon Food,14 € - 17 €,Sin Data,Indefinido,Jornada Intensiva,Sin Data,OTTO Work Force,Sin Data
2026-09-03,Trabajoscom,Guadalajara,Guadalajara,MOZO/A MANIPULACION -LABORATORIO,Sin Data,Sin Data,De duracion determinada,Jornada Completa,Sin Data,Temps,Sin Data
2026-09-03,Trabajoscom,Bizkaia,Todo Bizkaia,Operario de Almacén en Países Bajos con Alojamiento Incluido | CEVA Logistics,14 € - 16 €,Sin Data,Indefinido,Jornada Completa,Sin Data,OTTO Work Force,Sin Data
2026-09-03,Trabajoscom,Cantabria,Todo Cantabria,Operario de Almacén en Países Bajos con Alojamiento Incluido | CEVA Logistics,14 € - 16 €,Sin Data,Indefinido,Jornada Completa,Sin Data,OTTO Work Force,Sin Data
2026-09-03,Trabajoscom,Burgos,Todo Burgos,Operario de Almacén en Países Bajos con Alojamiento Incluido | CEVA Logistics,14 € - 16 €,Sin Data,Indefinido,Jornada Completa,Sin Data,OTTO Work Force,Sin Data
2026-09-03,Trabajoscom,Real,Todo Real,Operario de Almacén en Países Bajos con Alojamiento Incluido | CEVA Logistics,14 € - 16 €,Sin Data,Indefinido,Jornada Completa,Sin Data,OTTO Work Force,Sin Data
2026-09-03,Trabajoscom,Huelva,Todo Huelva,Operario de Almacén en Países Bajos con Alojamiento Incluido | CEVA Logistics,14 € - 16 €,Sin Data,Indefinido,Jornada Completa,Sin Data,OTTO Work Force,Sin Data
2026-09-03,Trabajoscom,Guadalajara,Todo Guadalajara,Operario de Almacén en Países Bajos con Alojamiento Incluido | CEVA Logistics,14 € - 16 €,Sin Data,Indefinido,Jornada Completa,Sin Data,OTTO Work Force,Sin Data
2026-09-03,Trabajoscom,Jaén,Todo Jaén,Operario de Almacén en Países Bajos con Alojamiento Incluido | CEVA Logistics,14 € - 16 €,Sin Data,Indefinido,Jornada Completa,Sin Data,OTTO Work Force,Sin Data
2026-09-03,Trabajoscom,León,Todo León,Operario de Almacén en Países Bajos con Alojamiento Incluido | CEVA Logistics,14 € - 16 €,Sin Data,Indefinido,Jornada Completa,Sin Data,OTTO Work Force,Sin Data
2026-09-03,Trabajoscom,Tenerife,Todo Tenerife,Operario de Almacén en Países Bajos con Alojamiento Incluido | CEVA Logistics,14 € - 16 €,Sin Data,Indefinido,Jornada Completa,Sin Data,OTTO Work Force,Sin Data
2026-09-03,Trabajoscom,Madrid,Arganda Del Rey,Operario/a Manipulador/a de Cartón - Incorporación Inmediata,Sin Data,Sin Data,De duracion determinada,Jornada Completa,Sin Data,Temps,Sin Data
2026-09-03,Trabajoscom,Zaragoza,Remolinos,Montadores/as mecánicos-electricistas,2.100 € - 2.200 €,Sin Data,De duracion determinada,Jornada Completa,Sin Data,Temps,Sin Data
2026-09-03,Trabajoscom,Madrid,Madrid,Auxiliar técnico de Diseño Gráfico (Temporal),21.000 € - 22.000 €,Sin Data,De duracion determinada,Jornada Completa,Sin Data,Temps,Sin Data
2026-09-03,Trabajoscom,Zaragoza,Remolinos,Operario/a de montaje de lonas de remolques,2.100 € - 2.200 €,Sin Data,De duracion determinada,Jornada Completa,Sin Data,Temps,Sin Data
2026-09-03,Trabajoscom,Zaragoza,La Muela,CARRETILLERO/A SECTOR METAL,Sin Data,Sin Data,De duracion determinada,Jornada Completa,Sin Data,Temps,Sin Data
2026-09-03,Trabajoscom,Madrid,Madrid,Ayudante de Cocina comida rápida,9.000 € - 9.400 €,Sin Data,Indefinido,Media Jornada,Sin Data,Teletorta Vallecas,Sin Data
2026-09-03,Trabajoscom,Alicante,Todo Alicante,OFICIAL 1º TABIQUERIA/GRAN FORMATO- ALOJAMIENTO GRATIS,23.050 € - 27.000 €,Sin Data,Indefinido,Jornada Completa,Sin Data,Comercializadora Mediterranea De Viviendas,Sin Data
2026-09-03,Trabajoscom,Tarragona,Reus,MOZO/A - AUXILIAR TALLER,Sin Data,Sin Data,Indefinido,Jornada Indiferente,Sin Data,RAS Interim,Sin Data
2026-09-03,Trabajoscom,Barcelona,Todo Barcelona,ADMINISTRATIVO/A ATENCIÓN AL CLIENTE con FRANCÉS,Sin Data,Sin Data,Indefinido,Jornada Indiferente,Sin Data,RAS Interim,Sin Data
2026-09-03,Trabajoscom,Barcelona,Sant Boi De Llobregat,Únete a nuestro equipo. McDonald's Sant Boi,Sin Data,Sin Data,Indefinido,Media Jornada,Sin Data,Restaurantes McDonalds,Sin Data
2026-09-03,Trabajoscom,Las Palmas,Telde,Únete a nuestro equipo. Telde - Gran Canaria,Sin Data,Sin Data,Indefinido,Media Jornada,Sin Data,Restaurantes McDonalds,Sin Data
2026-09-03,Trabajoscom,Baleares,Palma De Mallorca,"Únete a nuestro equipo. McDonald's Cas Capiscol, Palma de Mallorca",Sin Data,Sin Data,Indefinido,Media Jornada,Sin Data,Restaurantes McDonalds,Sin Data
2026-09-03,Trabajoscom,Barcelona,El Prat De Llobregat,¡Únete a nuestro equipo! - Aeropuerto el Prat de Llobregat,Sin Data,Sin Data,Indefinido,Jornada Indiferente,Sin Data,Restaurantes McDonalds,Sin Data
2026-09-03,Trabajoscom,S.C. Tenerife,San Isidro De Abona,#5 - Únete a nuestro equipo. McDonald's San Isidro,Sin Data,Sin Data,Indefinido,Media Jornada,Sin Data,Restaurantes McDonalds,Sin Data
2026-09-03,Trabajoscom,S.C. Tenerife,Granadilla,Únete a nuestro equipo Zona Abona,Sin Data,Sin Data,Indefinido,Media Jornada,Sin Data,Restaurantes McDonalds,Sin Data
2026-09-03,Trabajoscom,S.C. Tenerife,Arona,Únete a nuestro equipo Zona Arona-Fijos discontinuos,Sin Data,Sin Data,Indefinido,Media Jornada,Sin Data,Restaurantes McDonalds,Sin Data
2026-09-03,Trabajoscom, Barcelona, Barcelona,McDonald's Centro Barcelona   Ronda Sant Pere,Sin Data,Sin Data,Indefinido,Media Jornada,Sin Data,Restaurantes McDonalds,Sin Data
2026-09-03,Trabajoscom,Gipuzkoa,Donostia-San Sebastian,Unete a nuestro equipo - Donostia - San Sebastian,Sin Data,Sin Data,Indefinido,Media Jornada,Sin Data,Restaurantes McDonalds,Sin Data
2026-09-03,Trabajoscom,Barcelona,Todo Barcelona,TÉCNICO/A DE COMPRAS,Sin Data,Sin Data,Indefinido,Jornada Indiferente,Sin Data,RAS Interim - Recruiting,Sin Data
2026-09-03,Trabajoscom,Palencia,Castrejon De La Peña,INGENIERO/A DE OFERTAS Y OFICINA TÉCNICA (ESTRUCTURAS METÁLICAS Y CALDERERÍA),Sin Data,Sin Data,Indefinido,Jornada Indiferente,Sin Data,RAS Interim - Recruiting,Sin Data
2026-09-03,Trabajoscom,Palencia,Castrejon De La Peña,LIDER DE EQUIPO DE PRODUCCIÓN,Sin Data,Sin Data,Indefinido,Jornada Indiferente,Sin Data,RAS Interim - Recruiting,Sin Data
2026-09-03,Trabajoscom,Palencia,Castrejon De La Peña,COORDINADOR/A DE SOLDADURA,Sin Data,Sin Data,Indefinido,Jornada Indiferente,Sin Data,RAS Interim - Recruiting,Sin Data
2026-09-03,Trabajoscom,Barcelona,Igualada,OPERARIO/A OFFSET,Sin Data,Sin Data,Indefinido,Jornada Indiferente,Sin Data,RAS Interim,Sin Data
2026-09-03,Trabajoscom,Madrid,Coslada,REPARTIDOR/A EN FURGONETA,Sin Data,Sin Data,Indefinido,Jornada Indiferente,Sin Data,RAS Interim,Sin Data
2026-09-03,Trabajoscom,Barcelona,Vic,OPERARI/ÀRIA ACABATS,Sin Data,Sin Data,Indefinido,Jornada Indiferente,Sin Data,RAS Interim,Sin Data
2026-09-03,Trabajoscom,Barcelona,Vic,OPERARI/ÀRIA EMBOTIDOR/ CALDERES,Sin Data,Sin Data,Indefinido,Jornada Indiferente,Sin Data,RAS Interim,Sin Data
2026-09-03,Trabajoscom,Barcelona,Mollet Del Valles,OPERARIO/A SECTOR METAL,Sin Data,Sin Data,Indefinido,Jornada Indiferente,Sin Data,RAS Interim,Sin Data
2026-09-03,Trabajoscom, Barcelona, Barcelona,¡Estable! Operario/a maquinaria,Sin Data,Sin Data,Indefinido,Jornada Completa,Sin Data,Iman Temporing,Sin Data
2026-09-03,Trabajoscom, Barcelona, Barcelona,Jefe/a de Tráfico,Sin Data,Sin Data,Indefinido,Jornada Completa,Sin Data,Iman Temporing,Sin Data
2026-09-03,Trabajoscom,Badajoz,Merida,Cajero/a Reponedor/a para Cáceres a 32hs,Sin Data,Sin Data,Indefinido,Jornada Indiferente,Sin Data,Grupo DIA,Sin Data
2026-09-03,Trabajoscom,Barcelona,Todo Barcelona,ADMINISTRATIVO/A BO,Sin Data,Sin Data,Indefinido,Jornada Indiferente,Sin Data,RAS Interim,Sin Data
2026-09-03,Trabajoscom, Valencia, Valencia,Operario/a alimentación HORNERO/A zona Catadau,18.000 € - 20.000 €,Sin Data,De duracion determinada,Jornada Completa,Sin Data,Iman Temporing,Sin Data
2026-09-03,Trabajoscom, Barcelona, Barcelona,Teleoperador/a de emisión y venta.,Sin Data,Sin Data,De duracion determinada,Jornada Completa,Sin Data,Iman Temporing,Sin Data
2026-09-03,Trabajoscom, Barcelona, Barcelona,Comercial Junior - Captación de Clientes,Sin Data,Sin Data,De duracion determinada,Jornada Completa,Sin Data,Iman Temporing,Sin Data
2026-09-03,Trabajoscom, Madrid, Madrid,Repartidores/as paquetería SIN EXPERIENCIA -Madrid,Sin Data,Sin Data,A tiempo parcial,Jornada Completa,Sin Data,Iman Temporing,Sin Data
2026-09-03,Trabajoscom, Barcelona, Barcelona,Técnico/a Gestión Interna de Calidad,Sin Data,Sin Data,Indefinido,Jornada Completa,Sin Data,Crit Interim España ETT,Sin Data
2026-09-03,Trabajoscom, Barcelona, Barcelona,Proyectista Senior Matrices Progresivas,Sin Data,Sin Data,Indefinido,Jornada Completa,Sin Data,Crit Interim España ETT,Sin Data
2026-09-03,Trabajoscom, Bizkaia, Bizkaia,Consultor/a PRL Seguridad de Máquinas,Sin Data,Sin Data,Indefinido,Jornada Completa,Sin Data,Crit Interim España ETT,Sin Data
2026-09-03,Trabajoscom, Madrid, Madrid,Técnico/a de Estudios (Reformas residenciales) en Madrid,28.000 € - 32.000 €,Sin Data,Indefinido,Jornada Completa,Sin Data,Iman Global Consulting,Sin Data
2026-09-03,Trabajoscom, Zaragoza, Zaragoza,Administrativo/a de compras,20 €,Sin Data,De duracion determinada,Jornada Completa,Sin Data,Iman Temporing,Sin Data
2026-09-03,Trabajoscom, Barcelona, Barcelona,Peón/a Industrial - Puente Grúa,Sin Data,Sin Data,De duracion determinada,Jornada Completa,Sin Data,Crit Interim España ETT,Sin Data
2026-09-03,Trabajoscom, Cantabria, Cantabria,CAMARERO/A jornada completa o servicios extras,Sin Data,Sin Data,Indefinido,Jornada Completa,Sin Data,Pacto,Sin Data
2026-09-03,Trabajoscom, Lleida, Lleida,Operario/a Turno Europeo,Sin Data,Sin Data,De duracion determinada,Jornada Completa,Sin Data,Iman Temporing,Sin Data
2026-09-03,Trabajoscom, Barcelona, Barcelona,Operador/a de Tráfico,Sin Data,Sin Data,Indefinido,Jornada Completa,Sin Data,Iman Temporing,Sin Data
2026-09-03,Trabajoscom, Madrid, Madrid,Mozo/a carretillero/a Mercamadrid. T. madrugada.,Sin Data,Sin Data,De duracion determinada,Jornada Completa,Sin Data,Iman Temporing,Sin Data
2026-09-03,Trabajoscom, Barcelona, Barcelona,Tècnico/a de Mantenimiento (Centro Deportivo),Sin Data,Sin Data,Indefinido,Jornada Completa,Sin Data,Iman Temporing,Sin Data
2026-09-03,Trabajoscom, Barcelona, Barcelona,Administrativo/a- (contabilidad y auditoria),14 € - 15 €,Sin Data,De duracion determinada,Jornada Completa,Sin Data,Iman Temporing,Sin Data
2026-09-03,Trabajoscom, Barcelona, Barcelona,Back Office Comercial,Sin Data,Sin Data,Indefinido,Jornada Completa,Sin Data,Iman Temporing,Sin Data
2026-09-03,Trabajoscom, Asturias, Asturias,Gobernante/a – Jefe/a de SSHH Centro Residencial DomusVi Carancos/Colloto,Sin Data,Sin Data,Indefinido,Media Jornada,Sin Data,DomusVi,Sin Data
2026-09-03,Trabajoscom, Barcelona, Barcelona,Manipulador/a 4to y 5to turno,Sin Data,Sin Data,Indefinido,Jornada Completa,Sin Data,Iman Temporing,Sin Data
2026-09-03,Trabajoscom, La Rioja, La Rioja,Operario/a envasado y limpieza,Sin Data,Sin Data,De duracion determinada,Jornada Completa,Sin Data,Iman Temporing,Sin Data
2026-09-03,Trabajoscom, Ávila, Ávila,Técnico de Mantenimiento Industrial en Medina del Campo (Valladolid),29 €,Sin Data,Indefinido,Jornada Completa,Sin Data,Iman Global Consulting,Sin Data
2026-09-03,Trabajoscom, Barcelona, Barcelona,Responsable de vendes,Sin Data,Sin Data,Indefinido,Jornada Completa,Sin Data,Iman Temporing,Sin Data
2026-09-03,Trabajoscom, Bizkaia, Bizkaia,Operario/a mantenimiento sector industria Gráfica,28.900 €,Sin Data,De duracion determinada,Jornada Completa,Sin Data,Iman Temporing,Sin Data
2026-09-03,Trabajoscom, Barcelona, Barcelona,Gestor/a Administrativo -Barcelona,Sin Data,Sin Data,De duracion determinada,Jornada Completa,Sin Data,Crit Interim España ETT,Sin Data
2026-09-03,Trabajoscom, Cantabria, Cantabria,CAMARERO/A jornada completa o servicios extras,Sin Data,Sin Data,Indefinido,Jornada Completa,Sin Data,Pacto,Sin Data
2026-09-03,Trabajoscom, Zaragoza, Zaragoza,Administrativo/a de compras,20 €,Sin Data,De duracion determinada,Jornada Completa,Sin Data,Iman Temporing,Sin Data
2026-09-03,Trabajoscom, Barcelona, Barcelona,Operario/a de Producción con Carretilla,Sin Data,Sin Data,De duracion determinada,Jornada Completa,Sin Data,Crit Interim España ETT,Sin Data
2026-09-03,Trabajoscom, Barcelona, Barcelona,Peón/a Industrial - Puente Grúa,Sin Data,Sin Data,De duracion determinada,Jornada Completa,Sin Data,Crit Interim España ETT,Sin Data
2026-09-03,Trabajoscom, Barcelona, Barcelona,Gerocultor/a - Auxiliar de enfermería Centro Residencial DomusVi Can Buxeres,Sin Data,Sin Data,De duracion determinada,Jornada Completa,Sin Data,DomusVi,Sin Data
2026-09-03,Trabajoscom, Barcelona, Barcelona,Operario/a de Montaje Electromecánico,Sin Data,Sin Data,De duracion determinada,Jornada Completa,Sin Data,Crit Interim España ETT,Sin Data
2026-09-03,Trabajoscom, Barcelona, Barcelona,Tècnico/a de Mantenimiento (Centro Deportivo),Sin Data,Sin Data,Indefinido,Jornada Completa,Sin Data,Iman Temporing,Sin Data
2026-09-03,Trabajoscom, Barcelona, Barcelona,Conductor/a camiones (3.500kg) funciones mozo/a,Sin Data,Sin Data,De duracion determinada,Jornada Completa,Sin Data,Iman Temporing,Sin Data
2026-09-03,Trabajoscom, Málaga, Málaga,Customer Service Catalán Nativo e Inglés,Sin Data,Sin Data,De duracion determinada,Jornada Completa,Sin Data,Iman Temporing,Sin Data
2026-09-03,Trabajoscom, Cádiz, Cádiz,Diseñador/a de Interiores - Cádiz,Sin Data,Sin Data,Indefinido,Jornada Completa,Sin Data,Crit Interim España ETT,Sin Data
2026-09-03,Trabajoscom, Sevilla, Sevilla,Operario/a de Patio con Carretilla,Sin Data,Sin Data,De duracion determinada,Jornada Completa,Sin Data,Crit Interim España ETT,Sin Data
2026-09-03,Trabajoscom, Barcelona, Barcelona,Operario/a de Producción FARMA,Sin Data,Sin Data,De duracion determinada,Jornada Completa,Sin Data,Crit Interim España ETT,Sin Data
2026-09-03,Trabajoscom, Valladolid, Valladolid,Técnico/a de Comercio y Logística en Tordesillas (Valladolid),29.856 € - 30.000 €,Sin Data,Indefinido,Jornada Completa,Sin Data,Iman Global Consulting,Sin Data
2026-09-03,Trabajoscom, Valencia, Valencia,"Encajador/a, maquinista y/o capaceador/a- Octubre",Sin Data,Sin Data,Indefinido,Jornada Completa,Sin Data,Crit Interim España ETT,Sin Data
2026-09-03,Trabajoscom, Zaragoza, Zaragoza,Mecánico/a de vehículos,Sin Data,Sin Data,Indefinido,Jornada Completa,Sin Data,Iman Temporing,Sin Data
2026-09-03,Trabajoscom, Málaga, Málaga,Customer Service Alemán Nativo e Inglés,Sin Data,Sin Data,De duracion determinada,Jornada Completa,Sin Data,Iman Temporing,Sin Data
2026-09-03,Trabajoscom, Barcelona, Barcelona,Gerocultor/a - Auxiliar de enfermería Centro Residencial DomusVi La Salut,Sin Data,Sin Data,Indefinido,Jornada Completa,Sin Data,DomusVi,Sin Data
2026-09-03,Trabajoscom, Valladolid, Valladolid,Técnico/a de Comercio y Logística en Tordesillas (Valladolid),29.856 € - 30.000 €,Sin Data,Indefinido,Jornada Completa,Sin Data,Iman Global Consulting,Sin Data
2026-09-03,Trabajoscom, Barcelona, Barcelona,Manipulador/a artes gráficas turno mañana y tarde,Sin Data,Sin Data,De duracion determinada,Jornada Completa,Sin Data,Iman Temporing,Sin Data
2026-09-03,Trabajoscom, Ávila, Ávila,Enfermero/a - DUE Centro Residencial DomusVi Decanos,Sin Data,Sin Data,Indefinido,Jornada Indiferente,Sin Data,DomusVi,Sin Data
2026-09-03,Trabajoscom, Madrid, Madrid,Operarios/as de fabrica turno rotativo.,Sin Data,Sin Data,Indefinido,Jornada Completa,Sin Data,Iman Temporing,Sin Data
2026-09-03,Trabajoscom, Navarra, Navarra,Técnico de mantenimiento industrial (H/M),Sin Data,Sin Data,Indefinido,Jornada Completa,Sin Data,Crit Interim España ETT,Sin Data
2026-09-03,Trabajoscom, Cantabria, Cantabria,Operario/a del metal con TPM,Sin Data,Sin Data,De duracion determinada,Jornada Completa,Sin Data,Crit Interim España ETT,Sin Data
2026-09-03,Trabajoscom, Valencia, Valencia,Operario de producción cuadros eléctricos,Sin Data,Sin Data,De duracion determinada,Jornada Completa,Sin Data,Iman Temporing,Sin Data
2026-09-03,Trabajoscom, Valencia, Valencia,Técnico/a de Recursos Humanos y Producción,Sin Data,Sin Data,Indefinido,Jornada Completa,Sin Data,Iman Temporing,Sin Data
2026-09-03,Trabajoscom, La Rioja, La Rioja,OPERARIO/A SECTOR METAL,Sin Data,Sin Data,De duracion determinada,Jornada Completa,Sin Data,Iman Temporing,Sin Data
2026-09-03,Trabajoscom, Soria, Soria,OPERARIO/A DE PRODUCCIÓN / ACONDICIONADO | ÓLVEGA,Sin Data,Sin Data,De duracion determinada,Jornada Completa,Sin Data,Iman Temporing,Sin Data
2026-09-03,Trabajoscom, Madrid, Madrid,Mozo/a de almacén (Getafe) jornada 20h/semanales,Sin Data,Sin Data,De duracion determinada,Jornada Completa,Sin Data,Iman Temporing,Sin Data
2026-09-03,Trabajoscom, Barcelona, Barcelona,Operario/a Almacén Carretillas,Sin Data,Sin Data,De duracion determinada,Jornada Completa,Sin Data,Iman Temporing,Sin Data
2026-09-03,Trabajoscom, Zaragoza, Zaragoza,PEÓN/A DE EXTRUSIÓN,31.000 € - 33.000 €,Sin Data,Indefinido,Jornada Completa,Sin Data,Iman Temporing,Sin Data
2026-09-03,Trabajoscom, Tarragona, Tarragona,Operario/a de Carga y Descarga de Vehículos,Sin Data,Sin Data,De duracion determinada,Jornada Completa,Sin Data,Crit Interim España ETT,Sin Data
2026-09-03,Trabajoscom, Madrid, Madrid,Administrativo/a Contable con Navision,26.000 € - 27.000 €,Sin Data,De duracion determinada,Jornada Completa,Sin Data,Crit Interim España ETT,Sin Data
2026-09-03,Trabajoscom, Madrid, Madrid,Administrativo de Contratación (Seguros),Sin Data,Sin Data,Indefinido,Jornada Completa,Sin Data,Crit Interim España ETT,Sin Data
2026-09-03,Trabajoscom, Alicante, Alicante,Carpintero/Ebanista,Sin Data,Sin Data,De duracion determinada,Jornada Completa,Sin Data,Iman Temporing,Sin Data
2026-09-03,Trabajoscom, Zaragoza, Zaragoza,Mecánico/a Maquinaria Obra Pública,Sin Data,Sin Data,Indefinido,Jornada Completa,Sin Data,Crit Interim España ETT,Sin Data
2026-09-03,Trabajoscom, Cantabria, Cantabria,Operario/a producción,Sin Data,Sin Data,De duracion determinada,Jornada Completa,Sin Data,Crit Interim España ETT,Sin Data
2026-09-03,Trabajoscom, Barcelona, Barcelona,Chofer (carné C+E),Sin Data,Sin Data,De duracion determinada,Jornada Completa,Sin Data,Crit Interim España ETT,Sin Data
2026-09-03,Trabajoscom, Cantabria, Cantabria,Electromecánico/a industrial con Contrato indefinido,Sin Data,Sin Data,Indefinido,Jornada Completa,Sin Data,Iman Temporing,Sin Data
2026-09-03,Trabajoscom, Badajoz, Badajoz,Operario/a carpinteria.,Sin Data,Sin Data,De duracion determinada,Jornada Completa,Sin Data,Iman Temporing,Sin Data
2026-09-03,Trabajoscom, Granada, Granada,CONDUCTOR C+ CAP,Sin Data,Sin Data,De duracion determinada,Jornada Completa,Sin Data,Crit Interim España ETT,Sin Data
2026-09-03,Trabajoscom, Granada, Granada,AUXILIAR ADMINISTRATIVO/A LOGÍSTICA Y TRANSPORTE,Sin Data,Sin Data,Indefinido,Jornada Completa,Sin Data,Crit Interim España ETT,Sin Data
2026-09-03,Trabajoscom, Zaragoza, Zaragoza,Customer Service-Administrativo/a junior,Sin Data,Sin Data,De duracion determinada,Jornada Completa,Sin Data,Crit Interim España ETT,Sin Data
2026-09-03,Trabajoscom, Barcelona, Barcelona,Operario/a de producción,Sin Data,Sin Data,De duracion determinada,Jornada Completa,Sin Data,Crit Interim España ETT,Sin Data
2026-09-03,Trabajoscom, Barcelona, Barcelona,Carretillero/a exp. frontal y Transpaleta eléctrica de hombre a bordo,Sin Data,Sin Data,De duracion determinada,Jornada Completa,Sin Data,Crit Interim España ETT,Sin Data
2026-09-03,Trabajoscom, Madrid, Madrid,Mozo/a de almacén,Sin Data,Sin Data,De duracion determinada,Jornada Completa,Sin Data,Iman Temporing,Sin Data
2026-09-03,Trabajoscom, Alicante, Alicante,Supervisor/a de Operaciones- Logística y Tráfico,22.000 € - 23.000 €,Sin Data,De duracion determinada,Jornada Completa,Sin Data,Iman Temporing,Sin Data
2026-09-03,Trabajoscom, Bizkaia, Bizkaia,Administrativo/a pedidos,Sin Data,Sin Data,Indefinido,Jornada Completa,Sin Data,Iman Temporing,Sin Data
2026-09-03,Trabajoscom, Madrid, Madrid,Tornero/a CNC - Fuenlabrada,Sin Data,Sin Data,De duracion determinada,Jornada Completa,Sin Data,Crit Interim España ETT,Sin Data
2026-09-03,Trabajoscom, Sevilla, Sevilla,Mozo/a almacén (Carretera Amarilla - Palomares),Sin Data,Sin Data,De duracion determinada,Jornada Completa,Sin Data,Crit Interim España ETT,Sin Data
2026-09-03,Trabajoscom, Barcelona, Barcelona,OPERARIO/A ALIMENTACIÓN MOIÀ (TARDES),Sin Data,Sin Data,De duracion determinada,Jornada Completa,Sin Data,Iman Temporing,Sin Data
2026-09-03,Trabajoscom, Barcelona, Barcelona,Tornero/a Programador/a CNC,Sin Data,Sin Data,Indefinido,Jornada Completa,Sin Data,Iman Global Consulting,Sin Data
2026-09-03,Trabajoscom, Alicante, Alicante,Operario/a de Producción Industrial - Elche,Sin Data,Sin Data,Indefinido,Jornada Completa,Sin Data,Crit Interim España ETT,Sin Data
2026-09-03,Trabajoscom, Barcelona, Barcelona,Cocinero/a - Centro Residencial DomusVi Terrassa Ciutat,Sin Data,Sin Data,De duracion determinada,Jornada Completa,Sin Data,DomusVi,Sin Data
2026-09-03,Trabajoscom, Barcelona, Barcelona,Conductor/a de Línea de Producción,18.000 € - 20.000 €,Sin Data,De duracion determinada,Jornada Completa,Sin Data,Iman Temporing,Sin Data
2026-09-03,Trabajoscom, Baleares, Baleares,Auxiliar de Ayuda a Domicilio DomusVi SAD Palma,Sin Data,Sin Data,De duracion determinada,Jornada Completa,Sin Data,DomusVi,Sin Data
2026-09-03,Trabajoscom, Bizkaia, Bizkaia,¡Buscamos Montadores/as con experiencia para evento BBK Live en Bilbao!,10 €,Sin Data,A tiempo parcial,Jornada Completa,Sin Data,Art i Cultura,Sin Data
2026-09-03,Trabajoscom, Alicante, Alicante,Carretillero/a industria alimentación (Alcoy),17.000 € - 18.000 €,Sin Data,De duracion determinada,Jornada Completa,Sin Data,Iman Temporing,Sin Data
2026-09-03,Trabajoscom, Barcelona, Barcelona,OPERARIO/A CNC (SECTOR METALURGICO),28.000 € - 28.377 €,Sin Data,De duracion determinada,Jornada Completa,Sin Data,Iman Temporing,Sin Data
2026-09-03,Trabajoscom, Barcelona, Barcelona,Operari/a metall torn de tarda,Sin Data,Sin Data,Indefinido,Jornada Completa,Sin Data,Iman Temporing,Sin Data
2026-09-03,Trabajoscom, Huelva, Huelva,Gestor/a de Puntos de Venta para Sportium - Huelva,Sin Data,Sin Data,Indefinido,Jornada Completa,Sin Data,Iman Temporing,Sin Data
2026-09-03,Trabajoscom, Teruel, Teruel,Auxiliar Delineante,Sin Data,Sin Data,De duracion determinada,Jornada Completa,Sin Data,Iman Temporing,Sin Data
2026-09-03,Trabajoscom, Barcelona, Barcelona,Impresor/a Digital Gran Formato (Flexible y Rígido),25.000 € - 30.000 €,Sin Data,Indefinido,Jornada Completa,Sin Data,Iman Global Consulting,Sin Data
2026-09-03,Trabajoscom, Las Palmas, Las Palmas,Auxiliar de Ayuda a Domicilio DomusVi SAD Las Palmas,Sin Data,Sin Data,Indefinido,Media Jornada,Sin Data,DomusVi,Sin Data
2026-09-03,Trabajoscom, Barcelona, Barcelona,Especialista en limpieza Córdoba,Sin Data,Sin Data,De duracion determinada,Jornada Completa,Sin Data,Iman Cleaning,Sin Data
2026-09-03,Trabajoscom, Barcelona, Barcelona,Enfermero/a - DUE Centro Residencial DomusVi Mont Martí,Sin Data,Sin Data,Indefinido,Jornada Completa,Sin Data,DomusVi,Sin Data
2026-09-03,Trabajoscom,Lleida,Lleida,DELINEANTE/A,Sin Data,Sin Data,Indefinido,Jornada Completa,Sin Data,Iman Temporing,Sin Data
2026-09-03,Trabajoscom, Barcelona, Barcelona,Customer Service con Inglés y francés,27.000 € - 28.000 €,Sin Data,Indefinido,Jornada Completa,Sin Data,Iman Temporing,Sin Data
2026-09-03,Trabajoscom, Madrid, Madrid,Repartidor/a de paquetería (Getafe),Sin Data,Sin Data,De duracion determinada,Jornada Completa,Sin Data,Iman Temporing,Sin Data
2026-09-03,Trabajoscom,Cantabria,Polanco,Repartidores/as,1.575 €,Sin Data,De duracion determinada,Jornada Completa,Sin Data,Iman Temporing,Sin Data
2026-09-03,Trabajoscom, Barcelona, Barcelona,Vigilantes de seguridad Igualada - nocturno,Sin Data,Sin Data,Indefinido,Jornada Completa,Sin Data,Iman Seguridad,Sin Data
2026-09-03,Trabajoscom, Burgos, Burgos,OPERARIO/A DE BODEGA,Sin Data,Sin Data,Indefinido,Jornada Completa,Sin Data,Iman Temporing,Sin Data
2026-09-03,Trabajoscom, Lleida, Lleida,Técnico/a SAT Máquinas Recreativas temporal - Lleida,Sin Data,Sin Data,De duracion determinada,Jornada Completa,Sin Data,Iman Temporing,Sin Data
2026-09-03,Trabajoscom, Barcelona, Barcelona,Mozo/a de Almacén (DISCAPACIDAD +33% o IPT) BCN,Sin Data,Sin Data,Indefinido,Jornada Indiferente,Sin Data,Diswork,Sin Data
2026-09-03,Trabajoscom, Valencia, Valencia,Operario producción Cheste Incorporación inmediata,Sin Data,Sin Data,Indefinido,Jornada Completa,Sin Data,Iman Temporing,Sin Data
2026-09-03,Trabajoscom, Valencia, Valencia,Carretillero/a retráctil inmediato - Almussafes,24.000 € - 26.000 €,Sin Data,De duracion determinada,Jornada Completa,Sin Data,Iman Temporing,Sin Data
2026-09-03,Trabajoscom, Cantabria, Cantabria,Camarero/a para cubrir vacaciones,Sin Data,Sin Data,De duracion determinada,Jornada Completa,Sin Data,Iman Global Consulting,Sin Data
2026-09-03,Trabajoscom, Castellón, Castellón,Vendedor/a  experto/a en cocinas e interiores,Sin Data,Sin Data,Indefinido,Jornada Completa,Sin Data,Iman Temporing,Sin Data
2026-09-03,Trabajoscom, Barcelona, Barcelona,Mecánico/a,Sin Data,Sin Data,Indefinido,Jornada Completa,Sin Data,Iman Temporing,Sin Data
2026-09-03,Trabajoscom, Alicante, Alicante,Gerocultor/a - Auxiliar de enfermería Centro Residencial DomusVi Elche Aljub,Sin Data,Sin Data,De duracion determinada,Jornada Completa,Sin Data,DomusVi,Sin Data
2026-09-03,Trabajoscom, Navarra, Navarra,OPERARIOS/AS DE FABRICACIÓN DE MALTA,30.000 € - 35.000 €,Sin Data,Indefinido,Jornada Completa,Sin Data,Iman Temporing,Sin Data
2026-09-03,Trabajoscom, La Rioja, La Rioja,Camarera/o de pisos media jornada,Sin Data,Sin Data,De duracion determinada,Media Jornada,Sin Data,Citius Outsourcing,Sin Data
2026-09-03,Trabajoscom, Barcelona, Barcelona,Administrativo/a facturación,22.000 € - 25.000 €,Sin Data,De duracion determinada,Jornada Completa,Sin Data,Iman Temporing,Sin Data
2026-09-03,Trabajoscom, Barcelona, Barcelona,McDonald's Centro Barcelona   Ronda Sant Pere,Sin Data,Sin Data,Indefinido,Media Jornada,Sin Data,Restaurantes McDonalds,Sin Data
2026-09-03,Trabajoscom,Las Palmas,Telde,Únete a nuestro equipo. Telde - Gran Canaria,Sin Data,Sin Data,Indefinido,Media Jornada,Sin Data,Restaurantes McDonalds,Sin Data
2026-09-03,Trabajoscom,Barcelona,Sant Boi De Llobregat,Únete a nuestro equipo. McDonald's Sant Boi,Sin Data,Sin Data,Indefinido,Media Jornada,Sin Data,Restaurantes McDonalds,Sin Data
2026-09-03,Trabajoscom,Baleares,Palma De Mallorca,"Únete a nuestro equipo. McDonald's Cas Capiscol, Palma de Mallorca",Sin Data,Sin Data,Indefinido,Media Jornada,Sin Data,Restaurantes McDonalds,Sin Data
2026-09-03,Trabajoscom,S.C. Tenerife,San Isidro De Abona,#5 - Únete a nuestro equipo. McDonald's San Isidro,Sin Data,Sin Data,Indefinido,Media Jornada,Sin Data,Restaurantes McDonalds,Sin Data
2026-09-03,Trabajoscom,S.C. Tenerife,Granadilla,Únete a nuestro equipo Zona Abona,Sin Data,Sin Data,Indefinido,Media Jornada,Sin Data,Restaurantes McDonalds,Sin Data
2026-09-03,Trabajoscom,S.C. Tenerife,Arona,Únete a nuestro equipo Zona Arona-Fijos discontinuos,Sin Data,Sin Data,Indefinido,Media Jornada,Sin Data,Restaurantes McDonalds,Sin Data
2026-09-03,Trabajoscom,Gipuzkoa,Donostia-San Sebastian,Unete a nuestro equipo - Donostia - San Sebastian,Sin Data,Sin Data,Indefinido,Media Jornada,Sin Data,Restaurantes McDonalds,Sin Data
2026-09-03,Trabajoscom,Barcelona,El Prat De Llobregat,¡Únete a nuestro equipo! - Aeropuerto el Prat de Llobregat,Sin Data,Sin Data,Indefinido,Jornada Indiferente,Sin Data,Restaurantes McDonalds,Sin Data
2026-09-03,Trabajoscom, A Coruña, A Coruña,Personal limpieza de oficinas (H/M/D) A Coruña,600 € - 1.200 €,Sin Data,A tiempo parcial,Media Jornada,Sin Data,Ilunion,Sin Data
2026-09-03,Trabajoscom,Barcelona,Torrelavit,Operario/a producción,Sin Data,Sin Data,Indefinido,Jornada Completa,Sin Data,Grupo Adecco,Sin Data
2026-09-03,Trabajoscom,Lleida,Boí,Tècnic/a de Màrketing - Boí Taüll (ESTABLE),Sin Data,Sin Data,Indefinido,Jornada Completa,Sin Data,Grupo Adecco,Sin Data
2026-09-03,Trabajoscom,Madrid,Madrid,Técnico/a RRHH - Madrid,21.000 € - 24.000 €,Sin Data,Indefinido,Jornada Completa,Sin Data,Famosa,Sin Data
2026-09-03,Trabajoscom,Badajoz,Azuaga,Especialista en ventas - Badajoz,Sin Data,Sin Data,Indefinido,Jornada Completa,Sin Data,Grupo Adecco,Sin Data
2026-09-03,Trabajoscom,Valencia,Paterna,OFICIAL DE 1º CLIMA/FRÍO INDUSTRIAL,Sin Data,Sin Data,Indefinido,Jornada Completa,Sin Data,TVA,Sin Data
2026-09-03,Trabajoscom,Madrid,Madrid,Técnico/a de Laboratorio (Control Calidad),Sin Data,Sin Data,De duracion determinada,Jornada Completa,Sin Data,Temps,Sin Data
2026-09-03,Trabajoscom,Castellón,Peñiscola,Carretillero/a almacén,Sin Data,Sin Data,De duracion determinada,Jornada Completa,Sin Data,Grupo Adecco,Sin Data
2026-09-03,Trabajoscom,Madrid,Madrid,ASESOR/A JURÍDICO JUNIOR,17.094 € - 18.000 €,Sin Data,Indefinido,Jornada Completa,Sin Data,Federación Autonómica de Centros de Enseñanza Privada de Madrid,Sin Data
2026-09-03,Trabajoscom,Málaga,Todo Málaga,Agente de ventas con Francés – Call Center,1.500 € - 3.000 €,Sin Data,Indefinido,Jornada Completa,Sin Data,SRJ Innovations,Sin Data
2026-09-03,Trabajoscom,Barcelona,Vic,Soldador/a,Sin Data,Sin Data,Indefinido,Jornada Completa,Sin Data,Grupo Adecco,Sin Data
2026-09-03,Trabajoscom,Toledo,Borox,Encargado/a Almacén-Almacén de Hierro (INDEFINIDO),Sin Data,Sin Data,Indefinido,Jornada Completa,Sin Data,Grupo Adecco,Sin Data
2026-09-03,Trabajoscom,Barcelona,Mollet Del Vallès,Comercial - Sector Químico (ESTABLE),Sin Data,Sin Data,Indefinido,Jornada Completa,Sin Data,Grupo Adecco,Sin Data
2026-09-03,Trabajoscom,Toledo,Noblejas,Tornero Convencional en Noblejas (6325),25.000 € - 30.000 €,Sin Data,Indefinido,Jornada Completa,Sin Data,Human Simbio Consulting,Sin Data
2026-09-03,Trabajoscom,Madrid,Torres De La Alameda,Carpintero para Torres de la Alameda (0126),25.000 € - 30.000 €,Sin Data,Indefinido,Jornada Completa,Sin Data,Human Simbio Consulting,Sin Data
2026-09-03,Trabajoscom,Barcelona,Vic,Camarero/a para Cafetería en Hospital - Incorporación Inmediata en VIC,1.600 € - 1.800 €,Sin Data,De duracion determinada,Jornada Indiferente,Sin Data,Empresa Restauración Colectiva,Sin Data
2026-09-03,Trabajoscom,Bizkaia,Todo Bizkaia,Técnico/Técnica en Sistemas Informáticos y de Redes,Sin Data,Sin Data,De duracion determinada,Jornada Completa,Sin Data,AdegiLan,Sin Data
2026-09-03,Trabajoscom,Gipuzkoa,Todo Gipuzkoa,Técnico/a Mantenimiento,Sin Data,Sin Data,Indefinido,Jornada Completa,Sin Data,AdegiLan,Sin Data
2026-09-03,Trabajoscom,Gipuzkoa,Todo Gipuzkoa,Aux administrativo/a contable  (sust. baja maternidad),Sin Data,Sin Data,De duracion determinada,Jornada Completa,Sin Data,AdegiLan,Sin Data
2026-09-03,Trabajoscom,Bizkaia,Todo Bizkaia,Analista de Datos,Sin Data,Sin Data,De duracion determinada,Jornada Completa,Sin Data,AdegiLan,Sin Data
2026-09-03,Trabajoscom,Gipuzkoa,Todo Gipuzkoa,Electrónico/a,Sin Data,Sin Data,Indefinido,Jornada Completa,Sin Data,AdegiLan,Sin Data
2026-09-03,Trabajoscom,Gipuzkoa,Todo Gipuzkoa,CALDERERO/A,Sin Data,Sin Data,Indefinido,Jornada Completa,Sin Data,AdegiLan,Sin Data
2026-09-03,Trabajoscom,Gipuzkoa,Todo Gipuzkoa,Responsable Comercial de Formación B2C,Sin Data,Sin Data,Indefinido,Jornada Completa,Sin Data,AdegiLan,Sin Data
2026-09-03,Trabajoscom,Gipuzkoa,Todo Gipuzkoa,Responsable Fabricación Proyecto/Project Manufacturing Manager,42.000 € - 54.000 €,Sin Data,Indefinido,Jornada Completa,Sin Data,AdegiLan,Sin Data
2026-09-03,Trabajoscom,Gipuzkoa,Todo Gipuzkoa,Operario/a de mecanizado,Sin Data,Sin Data,De duracion determinada,Jornada Completa,Sin Data,AdegiLan,Sin Data
2026-09-03,Trabajoscom,Gipuzkoa,Todo Gipuzkoa,Consultor/ra,18 € - 30 €,Sin Data,De duracion determinada,Jornada Completa,Sin Data,AdegiLan,Sin Data
2026-09-03,Trabajoscom,Castellón,Castellón De La Plana/castelló De La Plana,EXPORT MANAGER,40.000 € - 42.000 €,Sin Data,Indefinido,Jornada Completa,Sin Data,Grupo Noa's,Sin Data
2026-09-03,Trabajoscom,Córdoba,Palma,Chófer repartidor - zona Palma de Mallorca,23.000 € - 24.000 €,Sin Data,De duracion determinada,Jornada Completa,Sin Data,Temps,Sin Data
2026-09-03,Trabajoscom,Barcelona,Martorell,Telemarketing comercial,12 €,Sin Data,De duracion determinada,Jornada Completa,Sin Data,Temps,Sin Data
2026-09-03,Trabajoscom,Castellón,Castellón De La Plana/castelló De La Plana,EXPORT MANAGER - REGIÓN DE MURCIA,40.000 € - 42.000 €,Sin Data,Indefinido,Jornada Completa,Sin Data,Grupo Noa's,Sin Data
2026-09-03,Trabajoscom,Almería,Almería,"Mozo/a carretillero/a, Almería",Sin Data,Sin Data,Indefinido,Media Jornada,Sin Data,Grupo Adecco,Sin Data
2026-09-03,Trabajoscom,Valencia,Paterna,AUXILIAR ADMINISTRATIVO/A SECTOR ALIMENTACIÓN,Sin Data,Sin Data,De duracion determinada,Jornada Completa,Sin Data,Temps,Sin Data
2026-09-03,Trabajoscom,Valencia,Guadassuar,Electromecánico/a de puesta en marcha,Sin Data,Sin Data,Indefinido,Jornada Completa,Sin Data,Grupo Adecco,Sin Data
2026-09-03,Trabajoscom,Coruña,Todo Coruña,Operario/a de Almacén en Países Bajos con Alojamiento Incluido en Boon Food,14 € - 17 €,Sin Data,Indefinido,Jornada Intensiva,Sin Data,OTTO Work Force,Sin Data
2026-09-03,Trabajoscom,Almería,Todo Almería,Operario/a de Almacén en Países Bajos con Alojamiento Incluido en Boon Food,14 € - 17 €,Sin Data,Indefinido,Jornada Intensiva,Sin Data,OTTO Work Force,Sin Data
2026-09-03,Trabajoscom,Cáceres,Todo Cáceres,Operario/a de Almacén en Países Bajos con Alojamiento Incluido en Boon Food,14 € - 17 €,Sin Data,Indefinido,Jornada Intensiva,Sin Data,OTTO Work Force,Sin Data
2026-09-03,Trabajoscom,Ceuta,Todo Ceuta,Operario/a de Almacén en Países Bajos con Alojamiento Incluido en Boon Food,14 € - 17 €,Sin Data,Indefinido,Jornada Intensiva,Sin Data,OTTO Work Force,Sin Data
2026-09-03,Trabajoscom,Castellón,Todo Castellón,Operario/a de Almacén en Países Bajos con Alojamiento Incluido en Boon Food,14 € - 17 €,Sin Data,Indefinido,Jornada Intensiva,Sin Data,OTTO Work Force,Sin Data
2026-09-03,Trabajoscom,Huelva,Todo Huelva,Operario/a de Almacén en Países Bajos con Alojamiento Incluido en Boon Food,14 € - 17 €,Sin Data,Indefinido,Jornada Intensiva,Sin Data,OTTO Work Force,Sin Data
2026-09-03,Trabajoscom,Palmas,Todo Palmas,Operario/a de Almacén en Países Bajos con Alojamiento Incluido en Boon Food,14 € - 17 €,Sin Data,Indefinido,Jornada Intensiva,Sin Data,OTTO Work Force,Sin Data
2026-09-03,Trabajoscom,Rioja,Todo Rioja,Operario/a de Almacén en Países Bajos con Alojamiento Incluido en Boon Food,14 € - 17 €,Sin Data,Indefinido,Jornada Intensiva,Sin Data,OTTO Work Force,Sin Data
2026-09-03,Trabajoscom,León,Todo León,Operario/a de Almacén en Países Bajos con Alojamiento Incluido en Boon Food,14 € - 17 €,Sin Data,Indefinido,Jornada Intensiva,Sin Data,OTTO Work Force,Sin Data
2026-09-03,Trabajoscom,Lugo,Todo Lugo,Operario/a de Almacén en Países Bajos con Alojamiento Incluido en Boon Food,14 € - 17 €,Sin Data,Indefinido,Jornada Intensiva,Sin Data,OTTO Work Force,Sin Data
2026-09-03,Trabajoscom,Lleida,Todo Lleida,Operario/a de Almacén en Países Bajos con Alojamiento Incluido en Boon Food,14 € - 17 €,Sin Data,Indefinido,Jornada Intensiva,Sin Data,OTTO Work Force,Sin Data
2026-09-03,Trabajoscom,Málaga,Todo Málaga,Operario/a de Almacén en Países Bajos con Alojamiento Incluido en Boon Food,14 € - 17 €,Sin Data,Indefinido,Jornada Intensiva,Sin Data,OTTO Work Force,Sin Data
2026-09-03,Trabajoscom,Granada,Todo Granada,Operario de Almacén en Países Bajos con Alojamiento Incluido | CEVA Logistics,14 € - 16 €,Sin Data,Indefinido,Jornada Completa,Sin Data,OTTO Work Force,Sin Data
2026-09-03,Trabajoscom,Rioja,Todo Rioja,Operario de Almacén en Países Bajos con Alojamiento Incluido | CEVA Logistics,14 € - 16 €,Sin Data,Indefinido,Jornada Completa,Sin Data,OTTO Work Force,Sin Data
2026-09-03,Trabajoscom,Huesca,Todo Huesca,Operario de Almacén en Países Bajos con Alojamiento Incluido | CEVA Logistics,14 € - 16 €,Sin Data,Indefinido,Jornada Completa,Sin Data,OTTO Work Force,Sin Data
2026-09-03,Trabajoscom,Murcia,Todo Murcia,Operario de Almacén en Países Bajos con Alojamiento Incluido | CEVA Logistics,14 € - 16 €,Sin Data,Indefinido,Jornada Completa,Sin Data,OTTO Work Force,Sin Data
2026-09-03,Trabajoscom,Melilla,Todo Melilla,Operario de Almacén en Países Bajos con Alojamiento Incluido | CEVA Logistics,14 € - 16 €,Sin Data,Indefinido,Jornada Completa,Sin Data,OTTO Work Force,Sin Data
2026-09-03,Trabajoscom,Lugo,Todo Lugo,Operario de Almacén en Países Bajos con Alojamiento Incluido | CEVA Logistics,14 € - 16 €,Sin Data,Indefinido,Jornada Completa,Sin Data,OTTO Work Force,Sin Data
2026-09-03,Trabajoscom,Segovia,Todo Segovia,Operario de Almacén en Países Bajos con Alojamiento Incluido | CEVA Logistics,14 € - 16 €,Sin Data,Indefinido,Jornada Completa,Sin Data,OTTO Work Force,Sin Data
2026-09-03,Trabajoscom,Tarragona,Todo Tarragona,Operario de Almacén en Países Bajos con Alojamiento Incluido | CEVA Logistics,14 € - 16 €,Sin Data,Indefinido,Jornada Completa,Sin Data,OTTO Work Force,Sin Data
2026-09-03,Trabajoscom,Toledo,Todo Toledo,Operario de Almacén en Países Bajos con Alojamiento Incluido | CEVA Logistics,14 € - 16 €,Sin Data,Indefinido,Jornada Completa,Sin Data,OTTO Work Force,Sin Data
2026-09-03,Trabajoscom,Valladolid,Todo Valladolid,Operario de Almacén en Países Bajos con Alojamiento Incluido | CEVA Logistics,14 € - 16 €,Sin Data,Indefinido,Jornada Completa,Sin Data,OTTO Work Force,Sin Data
2026-09-03,Trabajoscom,Valladolid,Arroyo De La Encomienda,Enfermero/a - DUE Centro Residencial DomusVi Arroyo,Sin Data,Sin Data,Indefinido,Jornada Completa,Sin Data,DomusVi,Sin Data
2026-09-03,Trabajoscom,Araba,Vitoria-Gasteiz,Educador/a Social - Centro de Salud Mental Mentalia Vitoria,Sin Data,Sin Data,De duracion determinada,Jornada Completa,Sin Data,DomusVi,Sin Data
2026-09-03,Trabajoscom,Guadalajara,Guadalajara,CARRETILLEROS/AS DE RETRÁCTIL CON EXPERIENCIA DEMOSTRABLE PARA TABACALERA,12 €,Sin Data,De duracion determinada,Jornada Completa,Sin Data,Temps,Sin Data
2026-09-03,Trabajoscom,Bizkaia,Bilbao,Copy Copy Repartidores/as en zona Bizkaia,Sin Data,Sin Data,De duracion determinada,Jornada Completa,Sin Data,Temps,Sin Data
2026-09-03,Trabajoscom,Barcelona,Montcada I Reixac,MOZO/A ALMACÉN (CON PDA),Sin Data,Sin Data,De duracion determinada,Jornada Completa,Sin Data,Temps,Sin Data
2026-09-03,Trabajoscom,Albacete,Todo Albacete,Operario de Almacén en Países Bajos con Alojamiento Incluido | CEVA Logistics,14 € - 16 €,Sin Data,Indefinido,Jornada Completa,Sin Data,OTTO Work Force,Sin Data
2026-09-03,Trabajoscom,Asturias,Todo Asturias,Operario de Almacén en Países Bajos con Alojamiento Incluido | CEVA Logistics,14 € - 16 €,Sin Data,Indefinido,Jornada Completa,Sin Data,OTTO Work Force,Sin Data
2026-09-03,Trabajoscom,Barcelona,Todo Barcelona,Operario de Almacén en Países Bajos con Alojamiento Incluido | CEVA Logistics,14 € - 16 €,Sin Data,Indefinido,Jornada Completa,Sin Data,OTTO Work Force,Sin Data
2026-09-03,Trabajoscom,Cádiz,Todo Cádiz,Operario de Almacén en Países Bajos con Alojamiento Incluido | CEVA Logistics,14 € - 16 €,Sin Data,Indefinido,Jornada Completa,Sin Data,OTTO Work Force,Sin Data
2026-09-03,Trabajoscom,Baleares,Todo Baleares,Operario de Almacén en Países Bajos con Alojamiento Incluido | CEVA Logistics,14 € - 16 €,Sin Data,Indefinido,Jornada Completa,Sin Data,OTTO Work Force,Sin Data
2026-09-03,Trabajoscom,Cáceres,Todo Cáceres,Operario de Almacén en Países Bajos con Alojamiento Incluido | CEVA Logistics,14 € - 16 €,Sin Data,Indefinido,Jornada Completa,Sin Data,OTTO Work Force,Sin Data
2026-09-03,Trabajoscom,Castellón,Todo Castellón,Operario de Almacén en Países Bajos con Alojamiento Incluido | CEVA Logistics,14 € - 16 €,Sin Data,Indefinido,Jornada Completa,Sin Data,OTTO Work Force,Sin Data
2026-09-03,Trabajoscom,Gipuzkoa,Todo Gipuzkoa,Operario de Almacén en Países Bajos con Alojamiento Incluido | CEVA Logistics,14 € - 16 €,Sin Data,Indefinido,Jornada Completa,Sin Data,OTTO Work Force,Sin Data
2026-09-03,Trabajoscom,Granada,Todo Granada,Operario de Almacén en Países Bajos con Alojamiento Incluido | CEVA Logistics,14 € - 16 €,Sin Data,Indefinido,Jornada Completa,Sin Data,OTTO Work Force,Sin Data
2026-09-03,Trabajoscom,Rioja,Todo Rioja,Operario de Almacén en Países Bajos con Alojamiento Incluido | CEVA Logistics,14 € - 16 €,Sin Data,Indefinido,Jornada Completa,Sin Data,OTTO Work Force,Sin Data
2026-09-03,Trabajoscom,Huesca,Todo Huesca,Operario de Almacén en Países Bajos con Alojamiento Incluido | CEVA Logistics,14 € - 16 €,Sin Data,Indefinido,Jornada Completa,Sin Data,OTTO Work Force,Sin Data
2026-09-03,Trabajoscom,Melilla,Todo Melilla,Operario de Almacén en Países Bajos con Alojamiento Incluido | CEVA Logistics,14 € - 16 €,Sin Data,Indefinido,Jornada Completa,Sin Data,OTTO Work Force,Sin Data
2026-09-03,Trabajoscom,Murcia,Todo Murcia,Operario de Almacén en Países Bajos con Alojamiento Incluido | CEVA Logistics,14 € - 16 €,Sin Data,Indefinido,Jornada Completa,Sin Data,OTTO Work Force,Sin Data
2026-09-03,Trabajoscom,Lugo,Todo Lugo,Operario de Almacén en Países Bajos con Alojamiento Incluido | CEVA Logistics,14 € - 16 €,Sin Data,Indefinido,Jornada Completa,Sin Data,OTTO Work Force,Sin Data
2026-09-03,Trabajoscom,Guadalajara,Guadalajara,CARRETILLEROS/AS DE RETRÁCTIL CON EXPERIENCIA DEMOSTRABLE PARA TABACALERA,12 €,Sin Data,De duracion determinada,Jornada Completa,Sin Data,Temps,Sin Data
2026-09-03,Trabajoscom,Barcelona,Montcada I Reixac,MOZO/A ALMACÉN (CON PDA),Sin Data,Sin Data,De duracion determinada,Jornada Completa,Sin Data,Temps,Sin Data
2026-09-03,Trabajoscom,Bizkaia,Bilbao,Copy Copy Repartidores/as en zona Bizkaia,Sin Data,Sin Data,De duracion determinada,Jornada Completa,Sin Data,Temps,Sin Data
2026-09-03,Trabajoscom,Barcelona,Rubí,REPARTIDOR/A EN RUBÍ (ZONA VALLÈS OCCIDENTAL),Sin Data,Sin Data,De duracion determinada,Jornada Completa,Sin Data,Temps,Sin Data
2026-09-03,Trabajoscom,Zaragoza,Zaragoza,Operario/a de montaje y terminacion de contenedores metálicos,2.000 € - 2.100 €,Sin Data,De duracion determinada,Jornada Completa,Sin Data,Temps,Sin Data
2026-09-03,Trabajoscom,Zaragoza,Zaragoza,Operario/a de Montaje Sector Metal- LA MUELA,2.000 € - 2.100 €,Sin Data,De duracion determinada,Jornada Completa,Sin Data,Temps,Sin Data
2026-09-03,Trabajoscom,Zaragoza,La Muela,Soldador/a semiautomática de tubos (OFICIAL DE 1 Y PLUS TRANSPORTE),2.100 € - 2.300 €,Sin Data,De duracion determinada,Jornada Completa,Sin Data,Temps,Sin Data
2026-09-03,Trabajoscom,Madrid,Todo Madrid,PUESTOS VACANTES NATUR DEL SIGLO XXI,400 € - 1.400 €,Sin Data,Fijo discontinuo,Trabajo Por Horas,Sin Data,Natur del Siglo XXI,Sin Data
2026-09-03,Trabajoscom,Barcelona,Todo Barcelona,CUSTOMER SERVICE CON FRANCÉS NATIVO,Sin Data,Sin Data,Indefinido,Jornada Indiferente,Sin Data,RAS Interim - Recruiting,Sin Data
2026-09-03,Trabajoscom,Barcelona,Todo Barcelona,FINANCE CONTROLLER,Sin Data,Sin Data,Indefinido,Jornada Indiferente,Sin Data,RAS Interim - Recruiting,Sin Data
2026-09-03,Trabajoscom,Valencia,Valencia,PLADURISTA - PROYECTOS NACIONALES,Sin Data,Sin Data,Indefinido,Jornada Indiferente,Sin Data,RAS Interim - Recruiting,Sin Data
2026-09-03,Trabajoscom,Barcelona,Todo Barcelona,CONTROLLER DE COSTES,Sin Data,Sin Data,Indefinido,Jornada Indiferente,Sin Data,RAS Interim - Recruiting,Sin Data
2026-09-03,Trabajoscom,Barcelona,Todo Barcelona,SALES ASSISTANT - LA ROCA DEL VALLÉS 30H,Sin Data,Sin Data,Indefinido,Jornada Indiferente,Sin Data,RAS Interim - Recruiting,Sin Data
2026-09-03,Trabajoscom,Palencia,Castrejon De La Peña,RESPONSABLE DE CALIDAD,Sin Data,Sin Data,Indefinido,Jornada Indiferente,Sin Data,RAS Interim - Recruiting,Sin Data
2026-09-03,Trabajoscom,Toledo,Illescas,Pescadero/a Madrid,Sin Data,Sin Data,Indefinido,Jornada Indiferente,Sin Data,Grupo DIA,Sin Data
2026-09-03,Trabajoscom,Barcelona,Vilafranca Del Penedes,OPERARIO/A SECTOR PLÁSTICO,Sin Data,Sin Data,Indefinido,Jornada Indiferente,Sin Data,RAS Interim,Sin Data
2026-09-03,Trabajoscom,Barcelona,Todo Barcelona,CAMBIADOR DE MOLDES,Sin Data,Sin Data,Indefinido,Jornada Indiferente,Sin Data,RAS Interim - Recruiting,Sin Data
2026-09-03,Trabajoscom,Badajoz,Merida,Cajero/a Reponedor/a para Montehermoso a 32hs,Sin Data,Sin Data,Indefinido,Jornada Indiferente,Sin Data,Grupo DIA,Sin Data
2026-09-03,Trabajoscom,Barcelona,Todo Barcelona,OPERARIO/A DE PRODUCCIÓN SECTOR INDUSTRIAL,Sin Data,Sin Data,Indefinido,Jornada Indiferente,Sin Data,RAS Interim,Sin Data
2026-09-03,Trabajoscom,Girona,Girona,ADMINISTRATIVO/A,24.000 €,Sin Data,Indefinido,Jornada Indiferente,Sin Data,RAS Interim,Sin Data
2026-09-03,Trabajoscom,Madrid,Paracuellos De Jarama,MANIPULADOR/A SECTOR FARMACÉUTICO,Sin Data,Sin Data,Indefinido,Jornada Indiferente,Sin Data,RAS Interim,Sin Data
2026-09-03,Trabajoscom,Barcelona,Granollers,ADMINISTRATIVO/A CALIDAD SECTOR COSMETICO,Sin Data,Sin Data,Indefinido,Jornada Indiferente,Sin Data,RAS Interim,Sin Data
2026-09-03,Trabajoscom, Granada, Granada,Camarero/a como extra en eventos,Sin Data,Sin Data,Indefinido,Jornada Completa,Sin Data,Iman Temporing,Sin Data
2026-09-03,Trabajoscom, Barcelona, Barcelona,Carretillero/a frontal,Sin Data,Sin Data,Indefinido,Jornada Completa,Sin Data,Iman Temporing,Sin Data
2026-09-03,Trabajoscom, Córdoba, Córdoba,Mozo/a con carnet Carretilla,17.500 € - 18.500 €,Sin Data,De duracion determinada,Jornada Completa,Sin Data,Crit Interim España ETT,Sin Data
2026-09-03,Trabajoscom,Madrid,Getafe,Jefe/a de Zona (sur de Madrid yárea metropolitana),Sin Data,Sin Data,Indefinido,Jornada Indiferente,Sin Data,Grupo DIA,Sin Data
2026-09-03,Trabajoscom, Barcelona, Barcelona,Carretillero/a frontal,Sin Data,Sin Data,Indefinido,Jornada Completa,Sin Data,Iman Temporing,Sin Data
2026-09-03,Trabajoscom,Barcelona,Todo Barcelona,ELECTROMECÁNICO/A,Sin Data,Sin Data,Indefinido,Jornada Indiferente,Sin Data,RAS Interim - Recruiting,Sin Data
2026-09-03,Trabajoscom,Madrid,Getafe,Jefe/a de Zona (sur de Madrid yárea metropolitana),Sin Data,Sin Data,Indefinido,Jornada Indiferente,Sin Data,Grupo DIA,Sin Data
2026-09-03,Trabajoscom,Zaragoza,Zaragoza,Cajero/a Reponedor/a TUDELA (NAVARRA),Sin Data,Sin Data,Indefinido,Jornada Indiferente,Sin Data,Grupo DIA,Sin Data
2026-09-03,Trabajoscom, Murcia, Murcia,Soporte Atención al Consumidor,Sin Data,Sin Data,De duracion determinada,Jornada Completa,Sin Data,Iman Temporing,Sin Data
2026-09-03,Trabajoscom, Córdoba, Córdoba,Mozo/a con carnet Carretilla,17.500 € - 18.500 €,Sin Data,De duracion determinada,Jornada Completa,Sin Data,Crit Interim España ETT,Sin Data
2026-09-03,Trabajoscom, La Rioja, La Rioja,Operario/a cultivo y envasado,Sin Data,Sin Data,De duracion determinada,Jornada Completa,Sin Data,Iman Temporing,Sin Data
2026-09-03,Trabajoscom, Madrid, Madrid,Backoffice con alemán,Sin Data,Sin Data,De duracion determinada,Jornada Completa,Sin Data,Crit Interim España ETT,Sin Data
2026-09-03,Trabajoscom, Zaragoza, Zaragoza,Operario/a de montaje,Sin Data,Sin Data,De duracion determinada,Jornada Completa,Sin Data,Iman Temporing,Sin Data
2026-09-03,Trabajoscom, Madrid, Madrid,Backoffice con español e inglés,Sin Data,Sin Data,De duracion determinada,Jornada Completa,Sin Data,Crit Interim España ETT,Sin Data
2026-09-03,Trabajoscom, Barcelona, Barcelona,Operario/a de producción con carretilla,Sin Data,Sin Data,Indefinido,Jornada Completa,Sin Data,Iman Temporing,Sin Data
2026-09-03,Trabajoscom, Bizkaia, Bizkaia,Operario/a producción y envasado. Envases de plástico,22.000 € - 25.000 €,Sin Data,De duracion determinada,Jornada Completa,Sin Data,Iman Temporing,Sin Data
2026-09-03,Trabajoscom, Madrid, Madrid,Ingeniero/a de Electricidad y Automatización,25 € - 37 €,Sin Data,Indefinido,Jornada Completa,Sin Data,Crit Interim España ETT,Sin Data
2026-09-03,Trabajoscom, Barcelona, Barcelona,Técnico/a Comercial de Atención al Cliente (Sector Cocinas),Sin Data,Sin Data,Indefinido,Jornada Completa,Sin Data,Crit Interim España ETT,Sin Data
2026-09-03,Trabajoscom, Barcelona, Barcelona,Control de accesos - Aux administrativo/a,Sin Data,Sin Data,Indefinido,Jornada Completa,Sin Data,Iman Corporation,Sin Data
2026-09-03,Trabajoscom, Jaén, Jaén,Mecánico de Maquinaria Pesada,Sin Data,Sin Data,De duracion determinada,Jornada Completa,Sin Data,Iman Temporing,Sin Data
2026-09-03,Trabajoscom, Valladolid, Valladolid,Técnico de Mantenimiento Industrial en Medina del Campo (Valladolid),29 €,Sin Data,Indefinido,Jornada Completa,Sin Data,Iman Global Consulting,Sin Data
2026-09-03,Trabajoscom, Zamora, Zamora,Técnico de Mantenimiento Industrial en Medina del Campo (Valladolid),29 €,Sin Data,Indefinido,Jornada Completa,Sin Data,Iman Global Consulting,Sin Data
2026-09-03,Trabajoscom, Barcelona, Barcelona,Chofer para Tanatorio de Mascotas,17.271 €,Sin Data,De duracion determinada,Jornada Completa,Sin Data,Iman Temporing,Sin Data
2026-09-03,Trabajoscom, Barcelona, Barcelona,Gestor/a Técnico de Flota Pesada,Sin Data,Sin Data,Indefinido,Jornada Completa,Sin Data,Crit Interim España ETT,Sin Data
2026-09-03,Trabajoscom, Barcelona, Barcelona,Personal de limpieza con DISCAPACIDAD +33% o IPT,Sin Data,Sin Data,Indefinido,Jornada Indiferente,Sin Data,Diswork,Sin Data
2026-09-03,Trabajoscom, Palencia, Palencia,Técnico de Mantenimiento Industrial en Medina del Campo (Valladolid),29 €,Sin Data,Indefinido,Jornada Completa,Sin Data,Iman Global Consulting,Sin Data
2026-09-03,Trabajoscom, Barcelona, Barcelona,Recepción  / Control de accesos en  Badalona,Sin Data,Sin Data,Indefinido,Jornada Completa,Sin Data,Iman Corporation,Sin Data
2026-09-03,Trabajoscom, Barcelona, Barcelona,Ingeniero/a Calidad Cliente Automoción,Sin Data,Sin Data,Indefinido,Jornada Completa,Sin Data,Crit Interim España ETT,Sin Data
2026-09-03,Trabajoscom, Lugo, Lugo,Personal de Limpieza - Centro Residencial DomusVi Lugo (Outeiro de Rei),Sin Data,Sin Data,De duracion determinada,Jornada Completa,Sin Data,DomusVi,Sin Data
2026-09-03,Trabajoscom, Barcelona, Barcelona,Plegador/a CNC,Sin Data,Sin Data,De duracion determinada,Jornada Completa,Sin Data,Crit Interim España ETT,Sin Data
2026-09-03,Trabajoscom, Cantabria, Cantabria,Enfermero/a - DUE Centro Residencial DomusVi Stella Maris,Sin Data,Sin Data,De duracion determinada,Jornada Completa,Sin Data,DomusVi,Sin Data
2026-09-03,Trabajoscom, Jaén, Jaén,Comercial de maquinaria pesada/ferretería (H/M),Sin Data,Sin Data,Indefinido,Jornada Completa,Sin Data,Crit Interim España ETT,Sin Data
2026-09-03,Trabajoscom, Barcelona, Barcelona,Gestor/a de cobros,Sin Data,Sin Data,De duracion determinada,Jornada Completa,Sin Data,Iman Temporing,Sin Data
2026-09-03,Trabajoscom, Zamora, Zamora,Técnico/a de Comercio y Logística en Tordesillas (Valladolid),29.856 € - 30.000 €,Sin Data,Indefinido,Jornada Completa,Sin Data,Iman Global Consulting,Sin Data
2026-09-03,Trabajoscom, Barcelona, Barcelona,Vigilantes - Igualada ( lunes a viernes mañanas),Sin Data,Sin Data,Indefinido,Jornada Completa,Sin Data,Iman Seguridad,Sin Data
2026-09-03,Trabajoscom, Zamora, Zamora,Técnico/a de Comercio y Logística en Tordesillas (Valladolid),29.856 € - 30.000 €,Sin Data,Indefinido,Jornada Completa,Sin Data,Iman Global Consulting,Sin Data
2026-09-03,Trabajoscom, Toledo, Toledo,Gerocultor/a - Auxiliar de enfermería Centro Residencial DomusVi Valdeolivas,Sin Data,Sin Data,De duracion determinada,Jornada Indiferente,Sin Data,DomusVi,Sin Data
2026-09-03,Trabajoscom, Ávila, Ávila,Cocinero/a - Centro Residencial DomusVi Decanos,Sin Data,Sin Data,De duracion determinada,Media Jornada,Sin Data,DomusVi,Sin Data
2026-09-03,Trabajoscom, Tarragona, Tarragona,Operario/a envasador,Sin Data,Sin Data,De duracion determinada,Jornada Completa,Sin Data,Iman Temporing,Sin Data
2026-09-03,Trabajoscom, Alicante, Alicante,Enfermero/a - DUE Centro Residencial DomusVi Calpe,Sin Data,Sin Data,Indefinido,Jornada Completa,Sin Data,DomusVi,Sin Data
2026-09-03,Trabajoscom, Jaén, Jaén,Operario/a de fábrica/envasado,Sin Data,Sin Data,De duracion determinada,Jornada Completa,Sin Data,Crit Interim España ETT,Sin Data
2026-09-03,Trabajoscom, Sevilla, Sevilla,Peón/a Repasador piezas metálicas - La Rinconada,Sin Data,Sin Data,De duracion determinada,Jornada Completa,Sin Data,Iman Temporing,Sin Data
2026-09-03,Trabajoscom, Barcelona, Barcelona,Administrativo/a de servicios ( rrhh),Sin Data,Sin Data,Indefinido,Jornada Completa,Sin Data,Iman Corporation,Sin Data
2026-09-03,Trabajoscom, Sevilla, Sevilla,Brand Manager (H/M),Sin Data,Sin Data,Indefinido,Jornada Completa,Sin Data,Crit Interim España ETT,Sin Data
2026-09-03,Trabajoscom, Zamora, Zamora,Técnico/a de Comercio y Logística en Tordesillas (Valladolid),29.856 € - 30.000 €,Sin Data,Indefinido,Jornada Completa,Sin Data,Iman Global Consulting,Sin Data
2026-09-03,Trabajoscom, Zamora, Zamora,Técnico/a de Comercio y Logística en Tordesillas (Valladolid),29.856 € - 30.000 €,Sin Data,Indefinido,Jornada Completa,Sin Data,Iman Global Consulting,Sin Data
2026-09-03,Trabajoscom, Valladolid, Valladolid,Técnico/a de Comercio y Logística en Tordesillas (Valladolid),29.856 € - 30.000 €,Sin Data,Indefinido,Jornada Completa,Sin Data,Iman Global Consulting,Sin Data
2026-09-03,Trabajoscom, Málaga, Málaga,Customer Service Francés Nativo e Inglés,Sin Data,Sin Data,De duracion determinada,Jornada Completa,Sin Data,Iman Temporing,Sin Data
2026-09-03,Trabajoscom, Tarragona, Tarragona,Operario/a envasador,Sin Data,Sin Data,De duracion determinada,Jornada Completa,Sin Data,Iman Temporing,Sin Data
2026-09-03,Trabajoscom, Alicante, Alicante,Enfermero/a - DUE Centro Residencial DomusVi Calpe,Sin Data,Sin Data,Indefinido,Jornada Completa,Sin Data,DomusVi,Sin Data
2026-09-03,Trabajoscom, Málaga, Málaga,Customer Service Holandés Nativo e Inglés,Sin Data,Sin Data,De duracion determinada,Jornada Completa,Sin Data,Iman Temporing,Sin Data
2026-09-03,Trabajoscom, Sevilla, Sevilla,Peón/a Repasador piezas metálicas - La Rinconada,Sin Data,Sin Data,De duracion determinada,Jornada Completa,Sin Data,Iman Temporing,Sin Data
2026-09-03,Trabajoscom, Sevilla, Sevilla,Brand Manager (H/M),Sin Data,Sin Data,Indefinido,Jornada Completa,Sin Data,Crit Interim España ETT,Sin Data
2026-09-03,Trabajoscom, Cantabria, Cantabria,Mozo/a de almacén con Puente grúa y Carnet C,Sin Data,Sin Data,Indefinido,Jornada Completa,Sin Data,Crit Interim España ETT,Sin Data
2026-09-03,Trabajoscom, Castellón, Castellón,Esmaltador/a,27.000 €,Sin Data,Indefinido,Jornada Completa,Sin Data,Iman Temporing,Sin Data
2026-09-03,Trabajoscom, Granada, Granada,Conductor/a Vehículos de pruebas,Sin Data,Sin Data,De duracion determinada,Jornada Completa,Sin Data,Crit Interim España ETT,Sin Data
2026-09-03,Trabajoscom, Madrid, Madrid,Fisioterapeuta Centro Residencial DomusVi Espartales,Sin Data,Sin Data,Indefinido,Media Jornada,Sin Data,DomusVi,Sin Data
2026-09-03,Trabajoscom, Sevilla, Sevilla,Operario/a fábrica de alimentación,Sin Data,Sin Data,De duracion determinada,Jornada Completa,Sin Data,Crit Interim España ETT,Sin Data
2026-09-03,Trabajoscom, Barcelona, Barcelona,ENSACADOR/A - PALETIZADOR/A,Sin Data,Sin Data,De duracion determinada,Jornada Completa,Sin Data,Iman Temporing,Sin Data
2026-09-03,Trabajoscom, Segovia, Segovia,Repartidor/a paquetería (sin experiencia),Sin Data,Sin Data,De duracion determinada,Jornada Completa,Sin Data,Iman Temporing,Sin Data
2026-09-03,Trabajoscom, Castellón, Castellón,Electromecánico/a Industrial,Sin Data,Sin Data,Indefinido,Jornada Completa,Sin Data,Iman Temporing,Sin Data
2026-09-03,Trabajoscom, Barcelona, Barcelona,URGE! Operarios/as de producción del 7 al 10/9,17.094 €,Sin Data,De duracion determinada,Jornada Completa,Sin Data,Iman Temporing,Sin Data
2026-09-03,Trabajoscom, Barcelona, Barcelona,Manipuladores/as artes gráficas,Sin Data,Sin Data,De duracion determinada,Jornada Completa,Sin Data,Iman Temporing,Sin Data
2026-09-03,Trabajoscom, Zaragoza, Zaragoza,Mozo/a de almacén Sector Textil,Sin Data,Sin Data,De duracion determinada,Jornada Completa,Sin Data,Crit Interim España ETT,Sin Data
2026-09-03,Trabajoscom, Barcelona, Barcelona,MOZO/A DE ALMACÉN,Sin Data,Sin Data,Indefinido,Jornada Completa,Sin Data,Iman Temporing,Sin Data
2026-09-03,Trabajoscom, Baleares, Baleares,RECEPCIONISTA HOTEL,Sin Data,Sin Data,Indefinido,Jornada Completa,Sin Data,Pacto,Sin Data
2026-09-03,Trabajoscom, Madrid, Madrid,Jefe/a de Producción de Edificación,Sin Data,Sin Data,Indefinido,Jornada Completa,Sin Data,Crit Interim España ETT,Sin Data
2026-09-03,Trabajoscom, Barcelona, Barcelona,Gerocultor/a - Auxiliar de enfermería Centro Residencial DomusVi Gràcia,Sin Data,Sin Data,Indefinido,Jornada Completa,Sin Data,DomusVi,Sin Data
2026-09-03,Trabajoscom, Lugo, Lugo,Operario/a de envasado,20.100 € - 20.200 €,Sin Data,De duracion determinada,Jornada Completa,Sin Data,Iman Temporing,Sin Data
2026-09-03,Trabajoscom, Madrid, Madrid,Mozo/a de almacén-Picking Voice,Sin Data,Sin Data,De duracion determinada,Jornada Completa,Sin Data,Iman Temporing,Sin Data
2026-09-03,Trabajoscom, Madrid, Madrid,"Técnico/a de Medio Ambiente-Madrid, Sevilla, Cádiz",Sin Data,Sin Data,Indefinido,Jornada Completa,Sin Data,Iman Global Consulting,Sin Data
2026-09-03,Trabajoscom, León, León,Agente de atención telefónica,18.000 € - 18.001 €,Sin Data,De duracion determinada,Jornada Completa,Sin Data,Iman Temporing,Sin Data
2026-09-03,Trabajoscom, Zaragoza, Zaragoza,Administrativo/a Comercial Junior,Sin Data,Sin Data,Indefinido,Jornada Completa,Sin Data,Crit Interim España ETT,Sin Data
2026-09-03,Trabajoscom, Baleares, Baleares,Gerocultor/a - Auxiliar de enfermería Centro Residencial DomusVi Santanyí,Sin Data,Sin Data,Indefinido,Jornada Completa,Sin Data,DomusVi,Sin Data
2026-09-03,Trabajoscom, Valencia, Valencia,Montador/a Mecánico/a Industrial,Sin Data,Sin Data,De duracion determinada,Jornada Completa,Sin Data,Iman Temporing,Sin Data
2026-09-03,Trabajoscom, Barcelona, Barcelona,Soldador/a MIG - MAG,28.000 €,Sin Data,De duracion determinada,Jornada Completa,Sin Data,Iman Temporing,Sin Data
2026-09-03,Trabajoscom, Madrid, Madrid,Únete a CRIT. Tu próximo empleo puede empezar aquí,Sin Data,Sin Data,De duracion determinada,Jornada Completa,Sin Data,Crit Interim España ETT,Sin Data
2026-09-03,Trabajoscom, Tarragona, Tarragona,Customer Services (sector industrial),17.000 € - 18.000 €,Sin Data,Indefinido,Jornada Completa,Sin Data,Iman Temporing,Sin Data
2026-09-03,Trabajoscom, Barcelona, Barcelona,Aux Admin. de RRHH - Montornès del Vallès,27.716 €,Sin Data,De duracion determinada,Jornada Completa,Sin Data,Pacto,Sin Data
2026-09-03,Trabajoscom, Sevilla, Sevilla,Operario/a de envasado -Dos Hermanas,Sin Data,Sin Data,De duracion determinada,Jornada Completa,Sin Data,Crit Interim España ETT,Sin Data
2026-09-03,Trabajoscom, Valencia, Valencia,Montador/a Eléctrico/a Industrial,Sin Data,Sin Data,De duracion determinada,Jornada Completa,Sin Data,Iman Temporing,Sin Data
2026-09-03,Trabajoscom, Madrid, Madrid,Técnico/a de PRL en Obra - Bilingüe Inglés,28.000 € - 40.000 €,Sin Data,De duracion determinada,Jornada Completa,Sin Data,Crit Interim España ETT,Sin Data
2026-09-03,Trabajoscom, Araba, Araba,Operario/a de Almacén con Carretilla Frontal,Sin Data,Sin Data,De duracion determinada,Jornada Completa,Sin Data,Crit Interim España ETT,Sin Data
2026-09-03,Trabajoscom, Málaga, Málaga,Camareros/as de Piso (Nueva Apertura Hotel 4*),Sin Data,Sin Data,Indefinido,Media Jornada,Sin Data,Pacto,Sin Data
2026-09-03,Trabajoscom, Madrid, Madrid,Administrativo/a. 21 de Septiembre a 15 de Octubre,Sin Data,Sin Data,De duracion determinada,Jornada Completa,Sin Data,Iman Temporing,Sin Data
2026-09-03,Trabajoscom, Toledo, Toledo,Jefe/a de grupo turno tarde,Sin Data,Sin Data,De duracion determinada,Jornada Completa,Sin Data,Iman Temporing,Sin Data
2026-09-03,Trabajoscom, Girona, Girona,Ajudant/a de Maquinista Offset,Sin Data,Sin Data,Indefinido,Jornada Completa,Sin Data,Iman Temporing,Sin Data
2026-09-03,Trabajoscom, Cantabria, Cantabria,Conductor/a,Sin Data,Sin Data,De duracion determinada,Jornada Completa,Sin Data,Crit Interim España ETT,Sin Data
2026-09-03,Trabajoscom, Guadalajara, Guadalajara,Preparadores/as Manipuladores/as Pedidos,12 € - 13 €,Sin Data,Indefinido,Jornada Completa,Sin Data,Iman Temporing,Sin Data
2026-09-03,Trabajoscom, Girona, Girona,Control de accesos nocturno,Sin Data,Sin Data,Indefinido,Jornada Completa,Sin Data,Iman Corporation,Sin Data
2026-09-03,Trabajoscom, Barcelona, Barcelona,Técnico/a de Corte CNC (Kongsberg) y Plotter (Summa),25.000 € - 30.000 €,Sin Data,Indefinido,Jornada Completa,Sin Data,Iman Global Consulting,Sin Data
2026-09-03,Trabajoscom, Almería, Almería,Vigilantes de Seguridad en ALBOX (ALMERÍA),Sin Data,Sin Data,Indefinido,Media Jornada,Sin Data,Iman Seguridad,Sin Data
2026-09-03,Trabajoscom, Barcelona, Barcelona,Aux Control de Accesos Sallent SUSTITUCIÓN,Sin Data,Sin Data,Indefinido,Jornada Completa,Sin Data,Iman Corporation,Sin Data
2026-09-03,Trabajoscom, Barcelona, Barcelona,Comercial Maquinas Recreativas - Terrassa,Sin Data,Sin Data,De duracion determinada,Jornada Completa,Sin Data,Iman Temporing,Sin Data
2026-09-03,Trabajoscom, Córdoba, Córdoba,Travel Manager - Córdoba,Sin Data,Sin Data,Indefinido,Jornada Completa,Sin Data,Iman Global Consulting,Sin Data
2026-09-03,Trabajoscom, Barcelona, Barcelona,Carretilleros/as con puente grúa sector automoción,28.887 €,Sin Data,Indefinido,Jornada Completa,Sin Data,Iman Temporing,Sin Data
2026-09-03,Trabajoscom, Córdoba, Córdoba,Especialista en limpieza Córdoba,Sin Data,Sin Data,De duracion determinada,Jornada Completa,Sin Data,Iman Cleaning,Sin Data
2026-09-03,Trabajoscom, Baleares, Baleares,Enfermero/a - DUE Centro Residencial DomusVi Santanyí,Sin Data,Sin Data,Indefinido,Jornada Completa,Sin Data,DomusVi,Sin Data
2026-09-03,Trabajoscom, A Coruña, A Coruña,Auxiliar de Servicios A Coruña,Sin Data,Sin Data,Indefinido,Jornada Completa,Sin Data,Iman Corporation,Sin Data
2026-09-03,Trabajoscom, Barcelona, Barcelona,Operario/a Acondicionado-(Sector Farma) TEMPORAL,Sin Data,Sin Data,De duracion determinada,Jornada Completa,Sin Data,Iman Temporing,Sin Data
2026-09-03,Trabajoscom, Málaga, Málaga,Mecánico/a en Málaga,Sin Data,Sin Data,De duracion determinada,Jornada Completa,Sin Data,Iman Temporing,Sin Data
2026-09-03,Trabajoscom,Barcelona,Sant Esteve Sesrovires,CHOFER CARNET C,Sin Data,Sin Data,De duracion determinada,Jornada Completa,Sin Data,Iman Temporing,Sin Data
2026-09-03,Trabajoscom, Barcelona, Barcelona,Control de accesos (DISCAPACIDAD +33% o IPT) BCN,Sin Data,Sin Data,Indefinido,Jornada Indiferente,Sin Data,Diswork,Sin Data
2026-09-03,Trabajoscom, La Rioja, La Rioja,Técnico/a de mantenimiento mecánico,Sin Data,Sin Data,Indefinido,Jornada Completa,Sin Data,Iman Temporing,Sin Data
2026-09-03,Trabajoscom, Lleida, Lleida,TÉCNICO MANTENIMIENTO INDUSTRIAL - ELECTRICIDAD,Sin Data,Sin Data,Indefinido,Jornada Completa,Sin Data,Iman Temporing,Sin Data
2026-09-03,Trabajoscom, Jaén, Jaén,Operario/a de producción - Sector metal,Sin Data,Sin Data,A tiempo parcial,Jornada Completa,Sin Data,Iman Temporing,Sin Data
2026-09-03,Trabajoscom, Barcelona, Barcelona,Personal de limpieza con DISCAPACIDAD +33% o IPT El Prat,Sin Data,Sin Data,Indefinido,Jornada Indiferente,Sin Data,Diswork,Sin Data
2026-09-03,Trabajoscom, Lleida, Lleida,OPERARIO/A DE LOGISTICA,Sin Data,Sin Data,Indefinido,Jornada Completa,Sin Data,Iman Temporing,Sin Data
2026-09-03,Trabajoscom, Barcelona, Barcelona,Operario/a de Embalaje en línea de corte,Sin Data,Sin Data,De duracion determinada,Jornada Completa,Sin Data,Iman Temporing,Sin Data
2026-09-03,Trabajoscom, Cádiz, Cádiz,¡Seleccionamos un/a Administrativo/a Contable!,Sin Data,Sin Data,Indefinido,Jornada Completa,Sin Data,Iman Temporing,Sin Data
2026-09-03,Trabajoscom,Sevilla,Gines,Únete a nuestro equipo Sevilla Gines,Sin Data,Sin Data,Indefinido,Media Jornada,Sin Data,Restaurantes McDonalds,Sin Data
2026-09-03,Trabajoscom,S.C. Tenerife,Santa Cruz De Tenerife,Únete a nuestro equipo McDonald's La Carlota,Sin Data,Sin Data,Indefinido,Media Jornada,Sin Data,Restaurantes McDonalds,Sin Data
2026-09-03,Trabajoscom,S.C. Tenerife,Candelaria,Únete a nuestro equipo. McDonald's Caletillas,Sin Data,Sin Data,Indefinido,Media Jornada,Sin Data,Restaurantes McDonalds,Sin Data
2026-09-03,Trabajoscom,Barcelona,Barcelona,Únete a nuestro equipo. McDonald's Villa Olímpica,Sin Data,Sin Data,Indefinido,Media Jornada,Sin Data,Restaurantes McDonalds,Sin Data
2026-09-03,Trabajoscom,S.C. Tenerife,Santa Cruz De Tenerife,Únete a nuestro equipo. McDonald's La Laguna,Sin Data,Sin Data,Indefinido,Media Jornada,Sin Data,Restaurantes McDonalds,Sin Data
2026-09-03,Trabajoscom,Sevilla,Sevilla,Únete a nuestro equipo McDonald's Sevilla Ciudad Imagen,Sin Data,Sin Data,Indefinido,Media Jornada,Sin Data,Restaurantes McDonalds,Sin Data
2026-09-03,Trabajoscom,Gipuzkoa,Donostia-San Sebastian,Oferta de Empleo,Sin Data,Sin Data,Indefinido,Media Jornada,Sin Data,Restaurantes McDonalds,Sin Data
2026-09-03,Trabajoscom,Las Palmas,Vecindario,Únete a nuestro equipo. Vecindario - Gran Canaria,Sin Data,Sin Data,Indefinido,Jornada Indiferente,Sin Data,Restaurantes McDonalds,Sin Data
2026-09-03,Trabajoscom,Málaga,Malaga,Únete a nuestro equipo. Málaga Universidad (zona Teatinos),Sin Data,Sin Data,Indefinido,Media Jornada,Sin Data,Restaurantes McDonalds,Sin Data
2026-09-03,Trabajoscom,Baleares,Palma De Mallorca,Únete a nuestro equipo. McDonald's Palma Pio XII (Zona Borne),Sin Data,Sin Data,Indefinido,Media Jornada,Sin Data,Restaurantes McDonalds,Sin Data
2026-09-03,Trabajoscom,Sevilla,Sevilla,MCDONALD´S ALCALÁ,Sin Data,Sin Data,Indefinido,Media Jornada,Sin Data,Restaurantes McDonalds,Sin Data
2026-09-03,Trabajoscom,S.C. Tenerife,Arona,Únete a nuestro equipo. McDonald's P. Las Vistas,Sin Data,Sin Data,Indefinido,Jornada Indiferente,Sin Data,Restaurantes McDonalds,Sin Data
2026-09-03,Trabajoscom,Barcelona,Barcelona,Únete a nuestro equipo. McDonald's Sants Estación,Sin Data,Sin Data,Indefinido,Jornada Indiferente,Sin Data,Restaurantes McDonalds,Sin Data
2026-09-03,Trabajoscom,Valencia,Aldaia,Únete a nuestro equipo. McDonald's Aldaya,Sin Data,Sin Data,Indefinido,Jornada Indiferente,Sin Data,Restaurantes McDonalds,Sin Data
2026-09-03,Trabajoscom,S.C. Tenerife,Santa Cruz De Tenerife,Únete a nuestro equipo. McDonald's La Laguna,Sin Data,Sin Data,Indefinido,Media Jornada,Sin Data,Restaurantes McDonalds,Sin Data
2026-09-03,Trabajoscom,Sevilla,Sevilla,Únete a nuestro equipo McDonald's Sevilla Ciudad Imagen,Sin Data,Sin Data,Indefinido,Media Jornada,Sin Data,Restaurantes McDonalds,Sin Data
2026-09-03,Trabajoscom,Sevilla,Sevilla,MCDONALD´S ALCALÁ,Sin Data,Sin Data,Indefinido,Media Jornada,Sin Data,Restaurantes McDonalds,Sin Data
2026-09-03,Trabajoscom,Madrid,Meco,TÉCNICOS/AS DE REPARACIÓN GAMA BLANCA,12 €,Sin Data,De duracion determinada,Jornada Completa,Sin Data,Grupo Noa's,Sin Data
2026-09-03,Trabajoscom,Huesca,Aisa,Técnico/a de Mantenimiento eléctrico,Sin Data,Sin Data,Indefinido,Media Jornada,Sin Data,Grupo Adecco,Sin Data
2026-09-03,Trabajoscom,Barcelona,Barberà Del Vallès,Técnico/a de Mantenimiento General Industrial (ESTABLE),Sin Data,Sin Data,Indefinido,Jornada Intensiva,Sin Data,Grupo Adecco,Sin Data
2026-09-03,Trabajoscom,Madrid,Madrid,Mozo/a de Almacén,Sin Data,Sin Data,De duracion determinada,Media Jornada,Sin Data,Grupo Adecco,Sin Data
2026-09-03,Trabajoscom,Guadalajara,Mondejar,Especialista en ventas - Guadalajara,Sin Data,Sin Data,Indefinido,Jornada Completa,Sin Data,Grupo Adecco,Sin Data
2026-09-03,Trabajoscom,Murcia,Campo Arriba,Especialista en ventas - Murcia,Sin Data,Sin Data,Indefinido,Jornada Completa,Sin Data,Grupo Adecco,Sin Data
2026-09-03,Trabajoscom,Cáceres,Trujillo,Especialista en ventas - Cáceres,Sin Data,Sin Data,Indefinido,Jornada Completa,Sin Data,Grupo Adecco,Sin Data
2026-09-03,Trabajoscom,Jaén,Jaén,Especialista en ventas - Jaén,Sin Data,Sin Data,Indefinido,Jornada Completa,Sin Data,Grupo Adecco,Sin Data
2026-09-03,Trabajoscom,Ávila,Fuente De La Salud,Especialista en ventas - Ávila,Sin Data,Sin Data,Indefinido,Jornada Completa,Sin Data,Grupo Adecco,Sin Data
2026-09-03,Trabajoscom,Navarra,Tudela,Especialista en ventas - Navarra,Sin Data,Sin Data,Indefinido,Jornada Completa,Sin Data,Grupo Adecco,Sin Data
2026-09-03,Trabajoscom, Pontevedra, Pontevedra,🚗 Operarios/as de Automoción | Vigo y O Porriño,9 € - 12 €,Sin Data,De duracion determinada,Jornada Intensiva,Sin Data,Grupo Adecco,Sin Data
2026-09-03,Trabajoscom,Zaragoza,La Puebla De Alfinden,DELINEANTE/A POLIVALENTE,Sin Data,Sin Data,De duracion determinada,Jornada Completa,Sin Data,Grupo Adecco,Sin Data
2026-09-03,Trabajoscom,Madrid,Ajalvir,Administrativo/a de empresa de mecanizado industrial (7862),22.000 € - 23.000 €,Sin Data,Indefinido,Jornada Completa,Sin Data,Human Simbio Consulting,Sin Data
2026-09-03,Trabajoscom,Barcelona,Todo Barcelona,Especialista de crédito inmobiliario,15.000 € - 25.000 €,Sin Data,Indefinido,Jornada Completa,Sin Data,Àkteon,Sin Data
2026-09-03,Trabajoscom,Barcelona,Mataro,Informador/a de crédito inmobiliario,15.000 € - 25.000 €,Sin Data,Indefinido,Jornada Completa,Sin Data,Àkteon,Sin Data
2026-09-03,Trabajoscom,Madrid,Torres De La Alameda,Soldador Cerrajero (11125),25.000 € - 30.000 €,Sin Data,Indefinido,Jornada Completa,Sin Data,Human Simbio Consulting,Sin Data
2026-09-03,Trabajoscom,Tarragona,La Selva Del Camp,OPERARIOS/AS DE CORTE DE PRECISIÓN,Sin Data,Sin Data,Indefinido,Jornada Completa,Sin Data,Grupo Adecco,Sin Data
2026-09-03,Trabajoscom,Sevilla,Todo Sevilla,PINTOR/DECORADOR,1.400 € - 1.500 €,Sin Data,Indefinido,Jornada Intensiva,Sin Data,Leal Ascensores,Sin Data
2026-09-03,Trabajoscom,Bizkaia,Orozko,Administrativo/a CON COCHE (OROZKO),Sin Data,Sin Data,Indefinido,Jornada Completa,Sin Data,Grupo Adecco,Sin Data
2026-09-03,Trabajoscom,Las Palmas,Puerto Del Rosario,Operario/a limpieza de vehículos Fuerteventura,Sin Data,Sin Data,De duracion determinada,Media Jornada,Sin Data,Grupo Adecco,Sin Data
2026-09-03,Trabajoscom,Gipuzkoa,Todo Gipuzkoa,Operador/a de Producción,Sin Data,Sin Data,De duracion determinada,Jornada Completa,Sin Data,AdegiLan,Sin Data
2026-09-03,Trabajoscom,Gipuzkoa,Todo Gipuzkoa,Técnico/a Financiero,Sin Data,Sin Data,Indefinido,Jornada Completa,Sin Data,AdegiLan,Sin Data
2026-09-03,Trabajoscom,Gipuzkoa,Todo Gipuzkoa,Gestor-a de Oficina de Estudiantes,Sin Data,Sin Data,Indefinido,Jornada Completa,Sin Data,AdegiLan,Sin Data
2026-09-03,Trabajoscom,Gipuzkoa,Todo Gipuzkoa,Deception Junior Integrator,Sin Data,Sin Data,De duracion determinada,Jornada Completa,Sin Data,AdegiLan,Sin Data
2026-09-03,Trabajoscom,Navarra,Pamplona/iruña,Monitor/a deportivo en Pamplona y Comarca,15 €,Sin Data,Fijo discontinuo,Trabajo Por Horas,Sin Data,Hartford,Sin Data
2026-09-03,Trabajoscom,Bizkaia,Durango,Operario/a de producción,Sin Data,Sin Data,De duracion determinada,Jornada Completa,Sin Data,Temps,Sin Data
2026-09-03,Trabajoscom,Guadalajara,Guadalajara,MOZO/A DE EMPAQUETADO/REVISION MERCANCIA,Sin Data,Sin Data,De duracion determinada,Jornada Completa,Sin Data,Temps,Sin Data
2026-09-03,Trabajoscom,Guadalajara,Guadalajara,Copy MOZO/A MANIPULACION -LABORATORIO CON DISCAPACIDAD,Sin Data,Sin Data,De duracion determinada,Jornada Completa,Sin Data,Temps,Sin Data
2026-09-03,Trabajoscom,Barcelona,Les Franqueses Del Vallès,Técnico Mantenimiento (Sector industrial),Sin Data,Sin Data,Indefinido,Jornada Completa,Sin Data,Temps,Sin Data
2026-09-03,Trabajoscom,A Coruña,Santiago De Compostela,Cajero/a Reponedor/a Vigo,Sin Data,Sin Data,Indefinido,Jornada Indiferente,Sin Data,Grupo DIA,Sin Data
2026-09-03,Trabajoscom,León,Santa Catalina De Somoza,Cajero/a Reponedor/a Barcelona 12h,Sin Data,Sin Data,Indefinido,Jornada Indiferente,Sin Data,Grupo DIA,Sin Data
2026-09-03,Trabajoscom,Barcelona,Parets Del Vallès,OPERARIO/A DE PRODUCCIÓN -SECTOR TÉXTIL- PARETS DEL VALLÈS,Sin Data,Sin Data,De duracion determinada,Jornada Completa,Sin Data,Temps,Sin Data
2026-09-03,Trabajoscom,Valencia,Puçol,Un/a delineante/a Mecánico/a Responsable delegación,Sin Data,Sin Data,Indefinido,Jornada Completa,Sin Data,Grupo Adecco,Sin Data
2026-09-03,Trabajoscom,Pontevedra,Todo Pontevedra,Operario/a de Almacén en Países Bajos con Alojamiento Incluido en Boon Food,14 € - 17 €,Sin Data,Indefinido,Jornada Intensiva,Sin Data,OTTO Work Force,Sin Data
2026-09-03,Trabajoscom,Sevilla,Todo Sevilla,Operario/a de Almacén en Países Bajos con Alojamiento Incluido en Boon Food,14 € - 17 €,Sin Data,Indefinido,Jornada Intensiva,Sin Data,OTTO Work Force,Sin Data
2026-09-03,Trabajoscom,Soria,Todo Soria,Operario/a de Almacén en Países Bajos con Alojamiento Incluido en Boon Food,14 € - 17 €,Sin Data,Indefinido,Jornada Intensiva,Sin Data,OTTO Work Force,Sin Data
2026-09-03,Trabajoscom,Valencia,Todo Valencia,Operario/a de Almacén en Países Bajos con Alojamiento Incluido en Boon Food,14 € - 17 €,Sin Data,Indefinido,Jornada Intensiva,Sin Data,OTTO Work Force,Sin Data
2026-09-03,Trabajoscom,Zamora,Todo Zamora,Operario/a de Almacén en Países Bajos con Alojamiento Incluido en Boon Food,14 € - 17 €,Sin Data,Indefinido,Jornada Intensiva,Sin Data,OTTO Work Force,Sin Data
2026-09-03,Trabajoscom,Barcelona,Sant Andreu De La Barca,ELECTRICISTA -SANT ANDREU DE LA BARCA-,27.000 € - 28.000 €,Sin Data,De duracion determinada,Jornada Completa,Sin Data,Temps,Sin Data
2026-09-03,Trabajoscom,Coruña,Todo Coruña,Operario de Almacén en Países Bajos con Alojamiento Incluido | CEVA Logistics,14 € - 16 €,Sin Data,Indefinido,Jornada Completa,Sin Data,OTTO Work Force,Sin Data
2026-09-03,Trabajoscom,Badajoz,Todo Badajoz,Operario de Almacén en Países Bajos con Alojamiento Incluido | CEVA Logistics,14 € - 16 €,Sin Data,Indefinido,Jornada Completa,Sin Data,OTTO Work Force,Sin Data
2026-09-03,Trabajoscom,Ávila,Todo Ávila,Operario de Almacén en Países Bajos con Alojamiento Incluido | CEVA Logistics,14 € - 16 €,Sin Data,Indefinido,Jornada Completa,Sin Data,OTTO Work Force,Sin Data
2026-09-03,Trabajoscom,Alicante,Todo Alicante,Operario de Almacén en Países Bajos con Alojamiento Incluido | CEVA Logistics,14 € - 16 €,Sin Data,Indefinido,Jornada Completa,Sin Data,OTTO Work Force,Sin Data
2026-09-03,Trabajoscom,Ceuta,Todo Ceuta,Operario de Almacén en Países Bajos con Alojamiento Incluido | CEVA Logistics,14 € - 16 €,Sin Data,Indefinido,Jornada Completa,Sin Data,OTTO Work Force,Sin Data
2026-09-03,Trabajoscom,Girona,Todo Girona,Operario de Almacén en Países Bajos con Alojamiento Incluido | CEVA Logistics,14 € - 16 €,Sin Data,Indefinido,Jornada Completa,Sin Data,OTTO Work Force,Sin Data
2026-09-03,Trabajoscom,Cuenca,Todo Cuenca,Operario de Almacén en Países Bajos con Alojamiento Incluido | CEVA Logistics,14 € - 16 €,Sin Data,Indefinido,Jornada Completa,Sin Data,OTTO Work Force,Sin Data
2026-09-03,Trabajoscom,Córdoba,Todo Córdoba,Operario de Almacén en Países Bajos con Alojamiento Incluido | CEVA Logistics,14 € - 16 €,Sin Data,Indefinido,Jornada Completa,Sin Data,OTTO Work Force,Sin Data
2026-09-03,Trabajoscom,Zaragoza,Zaragoza,Técnico/a de Métodos y Tiempos,Sin Data,Sin Data,Indefinido,Jornada Completa,Sin Data,Temps,Sin Data
2026-09-03,Trabajoscom,Málaga,Marbella,Mozo /a de Limpieza en Hospital (Contrato Temporal),Sin Data,Sin Data,De duracion determinada,Jornada Completa,Sin Data,Temps,Sin Data
2026-09-03,Trabajoscom,Zaragoza,Épila,Operario/a de montaje,Sin Data,Sin Data,De duracion determinada,Jornada Completa,Sin Data,Temps,Sin Data
2026-09-03,Trabajoscom,Albacete,Todo Albacete,Operario/a de Almacén en Países Bajos con Alojamiento Incluido en Boon Food,14 € - 17 €,Sin Data,Indefinido,Jornada Intensiva,Sin Data,OTTO Work Force,Sin Data
2026-09-03,Trabajoscom,Asturias,Todo Asturias,Operario/a de Almacén en Países Bajos con Alojamiento Incluido en Boon Food,14 € - 17 €,Sin Data,Indefinido,Jornada Intensiva,Sin Data,OTTO Work Force,Sin Data
2026-09-03,Trabajoscom,Araba,Todo Araba,Operario/a de Almacén en Países Bajos con Alojamiento Incluido en Boon Food,14 € - 17 €,Sin Data,Indefinido,Jornada Intensiva,Sin Data,OTTO Work Force,Sin Data
2026-09-03,Trabajoscom,Ávila,Todo Ávila,Operario/a de Almacén en Países Bajos con Alojamiento Incluido en Boon Food,14 € - 17 €,Sin Data,Indefinido,Jornada Intensiva,Sin Data,OTTO Work Force,Sin Data
2026-09-03,Trabajoscom,Bizkaia,Todo Bizkaia,Operario/a de Almacén en Países Bajos con Alojamiento Incluido en Boon Food,14 € - 17 €,Sin Data,Indefinido,Jornada Intensiva,Sin Data,OTTO Work Force,Sin Data
2026-09-03,Trabajoscom,Cádiz,Todo Cádiz,Operario/a de Almacén en Países Bajos con Alojamiento Incluido en Boon Food,14 € - 17 €,Sin Data,Indefinido,Jornada Intensiva,Sin Data,OTTO Work Force,Sin Data
2026-09-03,Trabajoscom,Real,Todo Real,Operario/a de Almacén en Países Bajos con Alojamiento Incluido en Boon Food,14 € - 17 €,Sin Data,Indefinido,Jornada Intensiva,Sin Data,OTTO Work Force,Sin Data
2026-09-03,Trabajoscom,Cuenca,Todo Cuenca,Operario/a de Almacén en Países Bajos con Alojamiento Incluido en Boon Food,14 € - 17 €,Sin Data,Indefinido,Jornada Intensiva,Sin Data,OTTO Work Force,Sin Data
2026-09-03,Trabajoscom,Granada,Todo Granada,Operario/a de Almacén en Países Bajos con Alojamiento Incluido en Boon Food,14 € - 17 €,Sin Data,Indefinido,Jornada Intensiva,Sin Data,OTTO Work Force,Sin Data
2026-09-03,Trabajoscom,Madrid,Todo Madrid,Operario/a de Almacén en Países Bajos con Alojamiento Incluido en Boon Food,14 € - 17 €,Sin Data,Indefinido,Jornada Intensiva,Sin Data,OTTO Work Force,Sin Data
2026-09-03,Trabajoscom,Melilla,Todo Melilla,Operario/a de Almacén en Países Bajos con Alojamiento Incluido en Boon Food,14 € - 17 €,Sin Data,Indefinido,Jornada Intensiva,Sin Data,OTTO Work Force,Sin Data
2026-09-03,Trabajoscom,Palmas,Todo Palmas,Operario de Almacén en Países Bajos con Alojamiento Incluido | CEVA Logistics,14 € - 16 €,Sin Data,Indefinido,Jornada Completa,Sin Data,OTTO Work Force,Sin Data
2026-09-03,Trabajoscom,Lleida,Todo Lleida,Operario de Almacén en Países Bajos con Alojamiento Incluido | CEVA Logistics,14 € - 16 €,Sin Data,Indefinido,Jornada Completa,Sin Data,OTTO Work Force,Sin Data
2026-09-03,Trabajoscom,Málaga,Todo Málaga,Operario de Almacén en Países Bajos con Alojamiento Incluido | CEVA Logistics,14 € - 16 €,Sin Data,Indefinido,Jornada Completa,Sin Data,OTTO Work Force,Sin Data
2026-09-03,Trabajoscom,Madrid,Todo Madrid,Operario de Almacén en Países Bajos con Alojamiento Incluido | CEVA Logistics,14 € - 16 €,Sin Data,Indefinido,Jornada Completa,Sin Data,OTTO Work Force,Sin Data
2026-09-03,Trabajoscom,Palencia,Todo Palencia,Operario de Almacén en Países Bajos con Alojamiento Incluido | CEVA Logistics,14 € - 16 €,Sin Data,Indefinido,Jornada Completa,Sin Data,OTTO Work Force,Sin Data
2026-09-03,Trabajoscom,Ourense,Todo Ourense,Operario de Almacén en Países Bajos con Alojamiento Incluido | CEVA Logistics,14 € - 16 €,Sin Data,Indefinido,Jornada Completa,Sin Data,OTTO Work Force,Sin Data
2026-09-03,Trabajoscom,Pontevedra,Todo Pontevedra,Operario de Almacén en Países Bajos con Alojamiento Incluido | CEVA Logistics,14 € - 16 €,Sin Data,Indefinido,Jornada Completa,Sin Data,OTTO Work Force,Sin Data
2026-09-03,Trabajoscom,Navarra,Todo Navarra,Operario de Almacén en Países Bajos con Alojamiento Incluido | CEVA Logistics,14 € - 16 €,Sin Data,Indefinido,Jornada Completa,Sin Data,OTTO Work Force,Sin Data
2026-09-03,Trabajoscom,Soria,Todo Soria,Operario de Almacén en Países Bajos con Alojamiento Incluido | CEVA Logistics,14 € - 16 €,Sin Data,Indefinido,Jornada Completa,Sin Data,OTTO Work Force,Sin Data
2026-09-03,Trabajoscom,Valencia,Todo Valencia,Operario de Almacén en Países Bajos con Alojamiento Incluido | CEVA Logistics,14 € - 16 €,Sin Data,Indefinido,Jornada Completa,Sin Data,OTTO Work Force,Sin Data
2026-09-03,Trabajoscom,Zaragoza,Todo Zaragoza,Operario de Almacén en Países Bajos con Alojamiento Incluido | CEVA Logistics,14 € - 16 €,Sin Data,Indefinido,Jornada Completa,Sin Data,OTTO Work Force,Sin Data
2026-09-03,Trabajoscom,Madrid,Madrid,ESTETICISTA,1.500 €,Sin Data,Indefinido,Jornada Intensiva,Sin Data,Beauty Concept,Sin Data
2026-09-03,Trabajoscom,Zaragoza,Remolinos,Pintor/a industrial airless,2.000 € - 2.500 €,Sin Data,De duracion determinada,Jornada Completa,Sin Data,Temps,Sin Data
2026-09-03,Trabajoscom,Barcelona,Todo Barcelona,TÉCNICO/A DE INYECCIÓN DE PLÁSTICO,Sin Data,Sin Data,Indefinido,Jornada Indiferente,Sin Data,RAS Interim - Recruiting,Sin Data
2026-09-03,Trabajoscom,Barcelona,Todo Barcelona,RESPONSABLE DE CALIDAD,40.000 € - 50.000 €,Sin Data,Indefinido,Jornada Indiferente,Sin Data,RAS Interim - Recruiting,Sin Data
2026-09-03,Trabajoscom,Barcelona,Todo Barcelona,RESPONSABLE DE INYECCIÓN DE PLÁSTICOS,Sin Data,Sin Data,Indefinido,Jornada Indiferente,Sin Data,RAS Interim - Recruiting,Sin Data
2026-09-03,Trabajoscom,Madrid,Las Rozas De Madrid,Técnico/a de Fiscal,Sin Data,Sin Data,Indefinido,Jornada Indiferente,Sin Data,Grupo DIA,Sin Data
2026-09-03,Trabajoscom,Barcelona,Todo Barcelona,INGENIERO/A ELÉCTRICO JUNIOR,Sin Data,Sin Data,Indefinido,Jornada Indiferente,Sin Data,RAS Interim - Recruiting,Sin Data
2026-09-03,Trabajoscom,Toledo,Illescas,OPERARIO/A DE ALMACÉN,Sin Data,Sin Data,Indefinido,Jornada Indiferente,Sin Data,RAS Interim,Sin Data
2026-09-03,Trabajoscom,Tarragona,Reus,AUXILIAR DE ENVASADO,Sin Data,Sin Data,Indefinido,Jornada Indiferente,Sin Data,RAS Interim,Sin Data
2026-09-03,Trabajoscom,Girona,Blanes,MOZOS/AS DE LIMPIEZA INDUSTRIAL 3T,Sin Data,Sin Data,Indefinido,Jornada Indiferente,Sin Data,RAS Interim,Sin Data
2026-09-03,Trabajoscom,Tarragona,Reus,INTÉRPRETE DE CHINO MANDARÍN,Sin Data,Sin Data,Indefinido,Jornada Indiferente,Sin Data,RAS Interim,Sin Data
2026-09-03,Trabajoscom,Alicante,Orihuela,"Cajero/a Reponedor/a en Vilamarxant, Valencia",Sin Data,Sin Data,Indefinido,Jornada Indiferente,Sin Data,Grupo DIA,Sin Data
2026-09-03,Trabajoscom,Alicante,Orihuela,Cajero/a Reponedor/a en Albacete,Sin Data,Sin Data,Indefinido,Jornada Indiferente,Sin Data,Grupo DIA,Sin Data
2026-09-03,Trabajoscom,Burgos,Miranda De Ebro,Personal de Inventarios Navarra 30 h,Sin Data,Sin Data,Indefinido,Jornada Indiferente,Sin Data,Grupo DIA,Sin Data
2026-09-03,Trabajoscom,Málaga,Antequera,ADJUNTO/A - ZONA FUENGIROLA (MÁLAGA),Sin Data,Sin Data,Indefinido,Jornada Indiferente,Sin Data,Grupo DIA,Sin Data
2026-09-03,Trabajoscom,Barcelona,Todo Barcelona,OPERARIO/A DE LAMINACIÓN Y CUBIERTAS,Sin Data,Sin Data,Indefinido,Jornada Indiferente,Sin Data,RAS Interim,Sin Data
2026-09-03,Trabajoscom,Barcelona,Todo Barcelona,COMERCIAL - MERCADO FRANCÉS,Sin Data,Sin Data,Indefinido,Jornada Indiferente,Sin Data,RAS Interim - Recruiting,Sin Data
2026-09-03,Trabajoscom,Málaga,Antequera,CAJERO/A - REPONEDOR/A  MARBELLA (MÁLAGA),Sin Data,Sin Data,Indefinido,Jornada Indiferente,Sin Data,Grupo DIA,Sin Data
2026-09-03,Trabajoscom,Alicante,Orihuela,"Cajero/a Reponedor/a en Molina de Segura, Murcia",Sin Data,Sin Data,Indefinido,Jornada Indiferente,Sin Data,Grupo DIA,Sin Data
2026-09-03,Trabajoscom,Barcelona,Todo Barcelona,OPERARIO/A SOLDADURA DE COMPONENTES ELECTRÓNICOS,Sin Data,Sin Data,Indefinido,Jornada Indiferente,Sin Data,RAS Interim,Sin Data
2026-09-03,Trabajoscom,Barcelona,Vic,OPERARI/ÀRIA ENVASAT,Sin Data,Sin Data,Indefinido,Jornada Indiferente,Sin Data,RAS Interim,Sin Data
2026-09-03,Trabajoscom, Granada, Granada,Electromecánico/a,18.000 € - 22.000 €,Sin Data,Indefinido,Jornada Completa,Sin Data,Crit Interim España ETT,Sin Data
2026-09-03,Trabajoscom, Sevilla, Sevilla,Electromecánico/a Ecija,Sin Data,Sin Data,De duracion determinada,Jornada Completa,Sin Data,Iman Temporing,Sin Data
2026-09-03,Trabajoscom, Málaga, Málaga,Envasador/a de Frutas y Verduras (Zona Axarquía),Sin Data,Sin Data,Indefinido,Jornada Completa,Sin Data,Iman Temporing,Sin Data
2026-09-03,Trabajoscom, Madrid, Madrid,Administrativo/a  Logística,22.000 € - 23.000 €,Sin Data,De duracion determinada,Jornada Completa,Sin Data,Iman Temporing,Sin Data
2026-09-03,Trabajoscom, Toledo, Toledo,Maquinista de Rebobinadora de Papel y Cartón,18.500 € - 24.000 €,Sin Data,De duracion determinada,Jornada Completa,Sin Data,Crit Interim España ETT,Sin Data
2026-09-03,Trabajoscom,Barcelona,Todo Barcelona,CARRETILLERO/A TRILATERAL,Sin Data,Sin Data,Indefinido,Jornada Indiferente,Sin Data,RAS Interim,Sin Data
2026-09-03,Trabajoscom, Sevilla, Sevilla,Electromecánico/a,Sin Data,Sin Data,Indefinido,Jornada Completa,Sin Data,Pacto,Sin Data
2026-09-03,Trabajoscom, Barcelona, Barcelona,Customer Service,Sin Data,Sin Data,Indefinido,Jornada Completa,Sin Data,Iman Temporing,Sin Data
2026-09-03,Trabajoscom, Barcelona, Barcelona,Auxiliares de control de acceso,Sin Data,Sin Data,Indefinido,Jornada Completa,Sin Data,Iman Corporation,Sin Data
2026-09-03,Trabajoscom,Barcelona,Todo Barcelona,PICKER,Sin Data,Sin Data,Indefinido,Jornada Indiferente,Sin Data,RAS Interim,Sin Data
2026-09-03,Trabajoscom, Asturias, Asturias,Gerocultor/a - Auxiliar de enfermería Centro Residencial DomusVi El Quirinal,Sin Data,Sin Data,De duracion determinada,Jornada Completa,Sin Data,DomusVi,Sin Data
2026-09-03,Trabajoscom, Asturias, Asturias,Consultor/a PRL Seguridad de Máquinas,Sin Data,Sin Data,Indefinido,Jornada Completa,Sin Data,Crit Interim España ETT,Sin Data
2026-09-03,Trabajoscom, Gipuzkoa, Gipuzkoa,Consultor/a de RRHH,Sin Data,Sin Data,Indefinido,Jornada Completa,Sin Data,Pacto,Sin Data
2026-09-03,Trabajoscom, Valencia, Valencia,Operario/a de Rotomoldeo,Sin Data,Sin Data,De duracion determinada,Jornada Completa,Sin Data,Iman Temporing,Sin Data
2026-09-03,Trabajoscom, A Coruña, A Coruña,Administrativo/a Recepcionista - Santiago,Sin Data,Sin Data,De duracion determinada,Jornada Completa,Sin Data,Iman Temporing,Sin Data
2026-09-03,Trabajoscom, Valencia, Valencia,Operario/a alimentación MAQUINISTA - Zona Catadau,18.000 € - 20.000 €,Sin Data,De duracion determinada,Jornada Completa,Sin Data,Iman Temporing,Sin Data
2026-09-03,Trabajoscom, Barcelona, Barcelona,Instal·lador/a electricista,Sin Data,Sin Data,Indefinido,Jornada Completa,Sin Data,Iman Temporing,Sin Data
2026-09-03,Trabajoscom, Murcia, Murcia,Administrativo/a,Sin Data,Sin Data,Indefinido,Jornada Completa,Sin Data,Crit Interim España ETT,Sin Data
2026-09-03,Trabajoscom, Barcelona, Barcelona,Peón/a de Producción y Logística,Sin Data,Sin Data,De duracion determinada,Jornada Completa,Sin Data,Crit Interim España ETT,Sin Data
2026-09-03,Trabajoscom, Málaga, Málaga,Técnico/a en Microsoldadura y Electrónica – Incorporación inmediata,Sin Data,Sin Data,De duracion determinada,Jornada Completa,Sin Data,Iman Temporing,Sin Data
2026-09-03,Trabajoscom, Girona, Girona,Chofer para Tanatorio de Mascotas - Riudarenes,17.271 €,Sin Data,De duracion determinada,Jornada Completa,Sin Data,Iman Temporing,Sin Data
2026-09-03,Trabajoscom, Lugo, Lugo,Gerocultor/a - Auxiliar de enfermería Centro Residencial DomusVi Lugo (Outeiro de Rei),Sin Data,Sin Data,De duracion determinada,Jornada Completa,Sin Data,DomusVi,Sin Data
2026-09-03,Trabajoscom, Cantabria, Cantabria,Gerocultor/a - Auxiliar de enfermería Centro Residencial DomusVi Stella Maris,Sin Data,Sin Data,De duracion determinada,Jornada Completa,Sin Data,DomusVi,Sin Data
2026-09-03,Trabajoscom, Barcelona, Barcelona,Matricero/a,Sin Data,Sin Data,Indefinido,Jornada Completa,Sin Data,Crit Interim España ETT,Sin Data
2026-09-03,Trabajoscom,Barcelona,Todo Barcelona,PICKER,Sin Data,Sin Data,Indefinido,Jornada Indiferente,Sin Data,RAS Interim,Sin Data
2026-09-03,Trabajoscom, Tarragona, Tarragona,Carretillero/a retráctil (Radiofrecuencia),Sin Data,Sin Data,De duracion determinada,Jornada Completa,Sin Data,Iman Temporing,Sin Data
2026-09-03,Trabajoscom, Barcelona, Barcelona,Operario/a Producción + Carretilla,Sin Data,Sin Data,Indefinido,Jornada Completa,Sin Data,Crit Interim España ETT,Sin Data
2026-09-03,Trabajoscom, Jaén, Jaén,Soldador Acero / Hierro - MIG/TIG,Sin Data,Sin Data,De duracion determinada,Jornada Completa,Sin Data,Iman Temporing,Sin Data
2026-09-03,Trabajoscom, Sevilla, Sevilla,Auxiliar de impresión (H/M),Sin Data,Sin Data,De duracion determinada,Jornada Completa,Sin Data,Crit Interim España ETT,Sin Data
2026-09-03,Trabajoscom, Madrid, Madrid,Monitor/a Ruta escolar - Madrid,Sin Data,Sin Data,De duracion determinada,Media Jornada,Sin Data,Crit Interim España ETT,Sin Data
2026-09-03,Trabajoscom, Valladolid, Valladolid,Técnico de Mantenimiento Industrial en Medina del Campo (Valladolid),29 €,Sin Data,Indefinido,Jornada Completa,Sin Data,Iman Global Consulting,Sin Data
2026-09-03,Trabajoscom, Salamanca, Salamanca,Técnico de Mantenimiento Industrial en Medina del Campo (Valladolid),29 €,Sin Data,Indefinido,Jornada Completa,Sin Data,Iman Global Consulting,Sin Data
2026-09-03,Trabajoscom, Valencia, Valencia,Carretillero/a (Experiencia) - Piles,Sin Data,Sin Data,Indefinido,Jornada Completa,Sin Data,Crit Interim España ETT,Sin Data
2026-09-03,Trabajoscom, Barcelona, Barcelona,Ayudante de peluquería,9 €,Sin Data,De duracion determinada,Jornada Completa,Sin Data,Iman Temporing,Sin Data
2026-09-03,Trabajoscom, Jaén, Jaén,Mecánico/a maquinaria agrícola Jaén/Úbeda,Sin Data,Sin Data,Indefinido,Jornada Completa,Sin Data,Crit Interim España ETT,Sin Data
2026-09-03,Trabajoscom, Jaén, Jaén,Responsable de recambios (H/M) Jaén/Úbeda,Sin Data,Sin Data,De duracion determinada,Jornada Completa,Sin Data,Crit Interim España ETT,Sin Data
2026-09-03,Trabajoscom, Guadalajara, Guadalajara,Analista de Control de Calidad - Fisicoquímico,Sin Data,Sin Data,Indefinido,Jornada Completa,Sin Data,Crit Interim España ETT,Sin Data
2026-09-03,Trabajoscom, Madrid, Madrid,Terapeuta Ocupacional Centro Residencial DomusVi Albufera,Sin Data,Sin Data,De duracion determinada,Jornada Indiferente,Sin Data,DomusVi,Sin Data
2026-09-03,Trabajoscom, Alicante, Alicante,Enfermero/a - DUE Centro Residencial DomusVi Elche Carrús,Sin Data,Sin Data,Indefinido,Media Jornada,Sin Data,DomusVi,Sin Data
2026-09-03,Trabajoscom, Guadalajara, Guadalajara,Analista de Desarrollo Analítico I+D,Sin Data,Sin Data,Indefinido,Jornada Completa,Sin Data,Crit Interim España ETT,Sin Data
2026-09-03,Trabajoscom, Barcelona, Barcelona,ADMINISTRATIVO/A POLIVALENTE,23.000 €,Sin Data,De duracion determinada,Jornada Completa,Sin Data,Iman Temporing,Sin Data
2026-09-03,Trabajoscom, Barcelona, Barcelona,AGENTE TELEMARKETING,Sin Data,Sin Data,De duracion determinada,Media Jornada,Sin Data,Iman Temporing,Sin Data
2026-09-03,Trabajoscom, Ávila, Ávila,Gerocultor/a - Auxiliar de enfermería Centro Residencial DomusVi Decanos,Sin Data,Sin Data,De duracion determinada,Jornada Indiferente,Sin Data,DomusVi,Sin Data
2026-09-03,Trabajoscom, Valladolid, Valladolid,Técnico/a de Comercio y Logística en Tordesillas (Valladolid),29.856 € - 30.000 €,Sin Data,Indefinido,Jornada Completa,Sin Data,Iman Global Consulting,Sin Data
2026-09-03,Trabajoscom, Cádiz, Cádiz,Carretillero/a Cádiz - Días sueltos.,Sin Data,Sin Data,De duracion determinada,Jornada Completa,Sin Data,Crit Interim España ETT,Sin Data
2026-09-03,Trabajoscom, Jaén, Jaén,Ingeniero/a Oficina Técnica,Sin Data,Sin Data,De duracion determinada,Jornada Completa,Sin Data,Iman Temporing,Sin Data
2026-09-03,Trabajoscom, Barcelona, Barcelona,Vigilantes Seguridad- Centro Datos Plus Bienvenida,Sin Data,Sin Data,Indefinido,Jornada Completa,Sin Data,Iman Seguridad,Sin Data
2026-09-03,Trabajoscom, Guadalajara, Guadalajara,MOZOS/AS DE CARGA Y DESCARGA,Sin Data,Sin Data,Indefinido,Jornada Completa,Sin Data,Iman Temporing,Sin Data
2026-09-03,Trabajoscom, Barcelona, Barcelona,Soldadores/a sector metal - Polinyà,28.887 €,Sin Data,De duracion determinada,Jornada Indiferente,Sin Data,Pacto,Sin Data
2026-09-03,Trabajoscom, Bizkaia, Bizkaia,Tu inicio en producción si eres manitas,Sin Data,Sin Data,De duracion determinada,Jornada Completa,Sin Data,Iman Temporing,Sin Data
2026-09-03,Trabajoscom, Sevilla, Sevilla,Técnico/a de mantenimiento industrial,Sin Data,Sin Data,De duracion determinada,Jornada Completa,Sin Data,Crit Interim España ETT,Sin Data
2026-09-03,Trabajoscom, Madrid, Madrid,Mozo/a de almacén,Sin Data,Sin Data,De duracion determinada,Jornada Completa,Sin Data,Iman Temporing,Sin Data
2026-09-03,Trabajoscom, Barcelona, Barcelona,Técnico/a Frigorista,Sin Data,Sin Data,Indefinido,Jornada Completa,Sin Data,Crit Interim España ETT,Sin Data
2026-09-03,Trabajoscom, Barcelona, Barcelona,Mozo/a almacén + Carnet de carretillero,18.000 € - 19.000 €,Sin Data,De duracion determinada,Jornada Completa,Sin Data,Iman Temporing,Sin Data
2026-09-03,Trabajoscom, Madrid, Madrid,Auxiliar de ruta - Centro de Día Domusvi Jardín de os Mayores,Sin Data,Sin Data,Indefinido,Media Jornada,Sin Data,DomusVi,Sin Data
2026-09-03,Trabajoscom, Zamora, Zamora,Operario/a de Granja,Sin Data,Sin Data,Indefinido,Jornada Completa,Sin Data,Iman Temporing,Sin Data
2026-09-03,Trabajoscom, Barcelona, Barcelona,Operario/a con carnet de carretilla - SANT CELONI,Sin Data,Sin Data,Indefinido,Jornada Completa,Sin Data,Pacto,Sin Data
2026-09-03,Trabajoscom, A Coruña, A Coruña,ENCARGADO/A Y CARPINTERO/A MONTADOR/A,Sin Data,Sin Data,Indefinido,Jornada Completa,Sin Data,Iman Temporing,Sin Data
2026-09-03,Trabajoscom, Madrid, Madrid,Enfermero/a - DUE Centro Residencial DomusVi Rosario,Sin Data,Sin Data,Indefinido,Jornada Completa,Sin Data,DomusVi,Sin Data
2026-09-03,Trabajoscom, Sevilla, Sevilla,Técnico/a Laboral en Écija,Sin Data,Sin Data,Indefinido,Jornada Completa,Sin Data,Iman Temporing,Sin Data
2026-09-03,Trabajoscom, Barcelona, Barcelona,Operario/a Producción con carretilla,Sin Data,Sin Data,De duracion determinada,Jornada Completa,Sin Data,Crit Interim España ETT,Sin Data
2026-09-03,Trabajoscom, S.C. Tenerife, S.C. Tenerife,Mozo/a conductor/a-lavacoches(Rent a car)TNF norte,17.094 €,Sin Data,De duracion determinada,Jornada Completa,Sin Data,Citius Solutions,Sin Data
2026-09-03,Trabajoscom, Barcelona, Barcelona,Teleoperador/a atención al cliente - Sector Farma,Sin Data,Sin Data,De duracion determinada,Jornada Completa,Sin Data,Crit Interim España ETT,Sin Data
2026-09-03,Trabajoscom, Barcelona, Barcelona,Aux. Administrativo/a. Ventas/Exportación,Sin Data,Sin Data,Indefinido,Jornada Completa,Sin Data,Crit Interim España ETT,Sin Data
2026-09-03,Trabajoscom, A Coruña, A Coruña,ENCARGADO/A Y CARPINTERO/A MONTADOR/A,Sin Data,Sin Data,Indefinido,Jornada Completa,Sin Data,Iman Temporing,Sin Data
2026-09-03,Trabajoscom, Madrid, Madrid,Enfermero/a - DUE Centro Residencial DomusVi Rosario,Sin Data,Sin Data,Indefinido,Jornada Completa,Sin Data,DomusVi,Sin Data
2026-09-03,Trabajoscom, S.C. Tenerife, S.C. Tenerife,Camarero/a coctelería (Puerto de la Cruz),17.000 € - 18.000 €,Sin Data,Indefinido,Jornada Completa,Sin Data,Pacto,Sin Data
2026-09-03,Trabajoscom, Valencia, Valencia,Mecánico Industrial (H/M),Sin Data,Sin Data,De duracion determinada,Jornada Completa,Sin Data,Crit Interim España ETT,Sin Data
2026-09-03,Trabajoscom, Valencia, Valencia,Conductor/a de furgoneta - Reponedor/a,Sin Data,Sin Data,Indefinido,Jornada Completa,Sin Data,Crit Interim España ETT,Sin Data
2026-09-03,Trabajoscom, Pontevedra, Pontevedra,Oficial de mantenimiento Centro Residencial DomusVi Ciudad de Pontevedra,Sin Data,Sin Data,Indefinido,Jornada Completa,Sin Data,DomusVi,Sin Data
2026-09-03,Trabajoscom, Burgos, Burgos,Consultor/a RRHH | Burgos,Sin Data,Sin Data,Indefinido,Jornada Completa,Sin Data,Iman Temporing,Sin Data
2026-09-03,Trabajoscom, Granada, Granada,Conductor/a Repartidor/a Camión Ruta Baza y Guadix,18.000 €,Sin Data,Indefinido,Jornada Completa,Sin Data,Crit Interim España ETT,Sin Data
2026-09-03,Trabajoscom, Zaragoza, Zaragoza,Administrativo/a Comercial - Recambista,Sin Data,Sin Data,Indefinido,Jornada Completa,Sin Data,Crit Interim España ETT,Sin Data
2026-09-03,Trabajoscom, Toledo, Toledo,Auxiliar Administrativo - Yuncler,Sin Data,Sin Data,Indefinido,Jornada Completa,Sin Data,Iman Temporing,Sin Data
2026-09-03,Trabajoscom, Barcelona, Barcelona,Mecánico/a Soldador/a - Instalaciones Industriales,Sin Data,Sin Data,Indefinido,Jornada Completa,Sin Data,Iman Global Consulting,Sin Data
2026-09-03,Trabajoscom, Barcelona, Barcelona,Operaria/o de planta química,23.000 € - 27.000 €,Sin Data,Indefinido,Jornada Completa,Sin Data,Iman Temporing,Sin Data
2026-09-03,Trabajoscom, Barcelona, Barcelona,Electromecànic/a Junior,Sin Data,Sin Data,Indefinido,Jornada Completa,Sin Data,Iman Temporing,Sin Data
2026-09-03,Trabajoscom, Madrid, Madrid,Delineante Proyectista BIM/Revit y SolidWorks,Sin Data,Sin Data,Indefinido,Jornada Completa,Sin Data,Crit Interim España ETT,Sin Data
2026-09-03,Trabajoscom, Córdoba, Córdoba,Responsable administrativo laboral,Sin Data,Sin Data,Indefinido,Jornada Completa,Sin Data,Crit Interim España ETT,Sin Data
2026-09-03,Trabajoscom, Asturias, Asturias,Mozo/a conductor/a-lavacoches- ASTURIAS,12.820 €,Sin Data,De duracion determinada,Media Jornada,Sin Data,Citius Solutions,Sin Data
2026-09-03,Trabajoscom, Barcelona, Barcelona,Supervisor/a Centro Residencial DomusVi Can Buxeres,Sin Data,Sin Data,Indefinido,Jornada Completa,Sin Data,DomusVi,Sin Data
2026-09-03,Trabajoscom, Lugo, Lugo,Enfermero/a - DUE Centro Residencial DomusVi Outeiro de Rei,Sin Data,Sin Data,Indefinido,Jornada Completa,Sin Data,DomusVi,Sin Data
2026-09-03,Trabajoscom, Zaragoza, Zaragoza,Operario/a de Producción – Sector Papel,Sin Data,Sin Data,De duracion determinada,Jornada Completa,Sin Data,Iman Temporing,Sin Data
2026-09-03,Trabajoscom, Barcelona, Barcelona,Administrativo/a de Producción,Sin Data,Sin Data,De duracion determinada,Jornada Completa,Sin Data,Iman Temporing,Sin Data
2026-09-03,Trabajoscom, Valladolid, Valladolid,Responsable de Seguridad PRL (Metal) - Valladolid,Sin Data,Sin Data,Indefinido,Jornada Completa,Sin Data,Iman Global Consulting,Sin Data
2026-09-03,Trabajoscom, Valencia, Valencia,"Soldador hilo, TIG, MigMag, zona Alginet-L'Alcúdia",24.000 € - 25.000 €,Sin Data,De duracion determinada,Jornada Completa,Sin Data,Iman Temporing,Sin Data
2026-09-03,Trabajoscom, Barcelona, Barcelona,Operari/a Cardona torns rotatius,19.719 € - 21.000 €,Sin Data,De duracion determinada,Jornada Completa,Sin Data,Iman Temporing,Sin Data
2026-09-03,Trabajoscom, Barcelona, Barcelona,Personal de manipulado (+33 DISCAPACIDAD o IPT) coche LLIÇÀ DE VALL,Sin Data,Sin Data,Indefinido,Jornada Indiferente,Sin Data,Diswork,Sin Data
2026-09-03,Trabajoscom, Barcelona, Barcelona,Vigilante de seguridad 7:30 a 15:30 h Sust.,Sin Data,Sin Data,Indefinido,Jornada Completa,Sin Data,Iman Seguridad,Sin Data
2026-09-03,Trabajoscom, A Coruña, A Coruña,MOZO/A DE ALMACÉN,Sin Data,Sin Data,De duracion determinada,Jornada Completa,Sin Data,Iman Temporing,Sin Data
2026-09-03,Trabajoscom, Madrid, Madrid,PREPARADORES/AS,Sin Data,Sin Data,Indefinido,Jornada Completa,Sin Data,Iman Temporing,Sin Data
2026-09-03,Trabajoscom, Zaragoza, Zaragoza,Peón/a especialista,Sin Data,Sin Data,De duracion determinada,Jornada Completa,Sin Data,Iman Temporing,Sin Data
2026-09-03,Trabajoscom, Cantabria, Cantabria,Operario/a Puente Grúa y Carretilla,24.000 €,Sin Data,De duracion determinada,Jornada Indiferente,Sin Data,Iman Temporing,Sin Data
2026-09-03,Trabajoscom, Barcelona, Barcelona,MECÁNICO/A MAQUINARIA MOTORES DIÉSEL,Sin Data,Sin Data,Indefinido,Jornada Completa,Sin Data,Iman Temporing,Sin Data
2026-09-03,Trabajoscom, Valladolid, Valladolid,Operario/a de fabrica 4º turno,Sin Data,Sin Data,De duracion determinada,Jornada Completa,Sin Data,Iman Temporing,Sin Data
2026-09-03,Trabajoscom, Girona, Girona,Operari/a Residus (Llagostera),21.000 € - 22.000 €,Sin Data,Indefinido,Jornada Completa,Sin Data,Iman Temporing,Sin Data
2026-09-03,Trabajoscom, Las Palmas, Las Palmas,PERSONAL DE LIMPIEZA EN LAS PALMAS,Sin Data,Sin Data,Indefinido,Jornada Indiferente,Sin Data,Pacto,Sin Data
2026-09-03,Trabajoscom, Valencia, Valencia,Operario/a automoción con mucha experiencia-Almussafes,Sin Data,Sin Data,De duracion determinada,Jornada Completa,Sin Data,Iman Temporing,Sin Data
2026-09-03,Trabajoscom, La Rioja, La Rioja,Técnico/a mantenimiento preventivo y correctivo,22.000 € - 32.000 €,Sin Data,Indefinido,Jornada Completa,Sin Data,Iman Temporing,Sin Data
2026-09-03,Trabajoscom, Málaga, Málaga,Cocinero/a Hotel 5 estrellas en Málaga Centro,Sin Data,Sin Data,Indefinido,Jornada Completa,Sin Data,Pacto,Sin Data
2026-09-03,Trabajoscom, Baleares, Baleares,Gobernante/a – Jefe/a de SSHH Centro Residencial DomusVi Santanyí,Sin Data,Sin Data,Indefinido,Jornada Completa,Sin Data,DomusVi,Sin Data
2026-09-03,Trabajoscom, Barcelona, Barcelona,Gobernante/a de Hotel 5* sitges,Sin Data,Sin Data,Indefinido,Jornada Completa,Sin Data,Citius Outsourcing,Sin Data
2026-09-03,Trabajoscom, Madrid, Madrid,Becario/a rrhh,6.000 € - 7.680 €,Sin Data,Formativo,Jornada Indiferente,Sin Data,Pacto,Sin Data
2026-09-03,Trabajoscom, Valencia, Valencia,Carretillero frontal con SAP,Sin Data,Sin Data,De duracion determinada,Jornada Completa,Sin Data,Iman Temporing,Sin Data
2026-09-03,Trabajoscom, Valencia, Valencia,Carretillero frontal con SAP,Sin Data,Sin Data,De duracion determinada,Jornada Completa,Sin Data,Iman Temporing,Sin Data
2026-09-03,Trabajoscom, Araba, Araba,Camarera/o de pisos media jornada,Sin Data,Sin Data,De duracion determinada,Media Jornada,Sin Data,Citius Outsourcing,Sin Data
2026-09-03,Trabajoscom, Zaragoza, Zaragoza,Operario/a plegados,Sin Data,Sin Data,De duracion determinada,Jornada Completa,Sin Data,Iman Temporing,Sin Data
2026-09-03,Trabajoscom, Castellón, Castellón,Técnico/a Laboral,Sin Data,Sin Data,Indefinido,Jornada Completa,Sin Data,Iman Global Consulting,Sin Data
2026-09-03,Trabajoscom, Valencia, Valencia,AUXILIAR DE PREIMPRESIÓN ARTES GRÁFICAS (MONCADA),Sin Data,Sin Data,Indefinido,Jornada Completa,Sin Data,Iman Temporing,Sin Data
2026-09-03,Trabajoscom, Girona, Girona,McDonald's Roses,Sin Data,Sin Data,Indefinido,Media Jornada,Sin Data,Restaurantes McDonalds,Sin Data
2026-09-03,Trabajoscom,Sevilla,Camas,Únete a nuestro equipo McDonald's Camas,Sin Data,Sin Data,Indefinido,Media Jornada,Sin Data,Restaurantes McDonalds,Sin Data
2026-09-03,Trabajoscom,Málaga,Malaga,Únete a nuestro equipo Málaga Centro,Sin Data,Sin Data,Indefinido,Media Jornada,Sin Data,Restaurantes McDonalds,Sin Data
2026-09-03,Trabajoscom,Las Palmas,Aguimes,Únete a nuestro equipo McDonald's Agüimes,Sin Data,Sin Data,Indefinido,Media Jornada,Sin Data,Restaurantes McDonalds,Sin Data
2026-09-03,Trabajoscom,S.C. Tenerife,Fañabe,Únete a nuestro equipo. McDonald's Fañabé,Sin Data,Sin Data,Indefinido,Jornada Indiferente,Sin Data,Restaurantes McDonalds,Sin Data
2026-09-03,Trabajoscom,S.C. Tenerife,Adeje,#5 - Únete a nuestro equipo. McDonald's Playa de las Américas,Sin Data,Sin Data,Indefinido,Jornada Indiferente,Sin Data,Restaurantes McDonalds,Sin Data
2026-09-03,Trabajoscom,S.C. Tenerife,San Miguel De Abona,Únete a nuestro equipo. McDonald's Chafiras,Sin Data,Sin Data,Indefinido,Jornada Indiferente,Sin Data,Restaurantes McDonalds,Sin Data
2026-09-03,Trabajoscom,Madrid,Madrid,Únete a nuestro equipo. Aeropuerto Barajas T4,Sin Data,Sin Data,Indefinido,Media Jornada,Sin Data,Restaurantes McDonalds,Sin Data
2026-09-03,Trabajoscom,S.C. Tenerife,Adeje,#5 - Únete a nuestro equipo. McDonald's Torviscas,Sin Data,Sin Data,Indefinido,Media Jornada,Sin Data,Restaurantes McDonalds,Sin Data
2026-09-03,Trabajoscom,Barcelona,Sabadell,Únete a nuestro equipo. McDonald's Sabadell Sur,Sin Data,Sin Data,Indefinido,Media Jornada,Sin Data,Restaurantes McDonalds,Sin Data
2026-09-03,Trabajoscom,Gipuzkoa,Donostia-San Sebastian,Únete a nuestro equipo - BRETXA,Sin Data,Sin Data,Indefinido,Media Jornada,Sin Data,Restaurantes McDonalds,Sin Data
2026-09-03,Trabajoscom, Murcia, Murcia,Tu primer trabajo. Tu próximo gran paso.,Sin Data,Sin Data,Indefinido,Media Jornada,Sin Data,Restaurantes McDonalds,Sin Data
2026-09-03,Trabajoscom, Barcelona, Barcelona,Oferta de Empleo,Sin Data,Sin Data,Indefinido,Jornada Indiferente,Sin Data,Restaurantes McDonalds,Sin Data
