Fecha,Plataforma,Provincia,Localidad,Oferta_Empleo,Salario,Modalidad,Tipo_Contrato,Tipo_Jornada,Experiencia,Empresa,Requisitos
2026-08-06,Trabajoscom, Valencia, Valencia,Administrativo/a Contable 1/2 jornada,Sin Data,Sin Data,Indefinido,Jornada Indiferente,Sin Data,Iman Temporing,Sin Data
2026-08-06,Trabajoscom,Barcelona,Moia,PROFESIONAL LIMPIEZA MOIÀ -ID 70017-,304 €,Sin Data,Indefinido,Media Jornada,Sin Data,Multiserveis Ndavant,Sin Data
2026-08-06,Trabajoscom,Navarra,Arazuri,OPERARIO/A DE LIMPIEZA / ARAZURI NAVARRA / INCORPORACIÓN INMEDIATA,Sin Data,Sin Data,De duracion determinada,Jornada Indiferente,Sin Data,Sernet Servicios Integrales,Sin Data
2026-08-06,Trabajoscom,Coruña,Todo Coruña,Operario de Almacén en Países Bajos + Alojamiento Incluido | CEVA Logistics,14 € - 16 €,Sin Data,Indefinido,Jornada Completa,Sin Data,OTTO Work Force,Sin Data
2026-08-06,Trabajoscom,Cantabria,Todo Cantabria,Operario de Almacén en Países Bajos + Alojamiento Incluido | CEVA Logistics,14 € - 16 €,Sin Data,Indefinido,Jornada Completa,Sin Data,OTTO Work Force,Sin Data
2026-08-06,Trabajoscom,Alicante,Todo Alicante,Operario de Almacén en Países Bajos + Alojamiento Incluido | CEVA Logistics,14 € - 16 €,Sin Data,Indefinido,Jornada Completa,Sin Data,OTTO Work Force,Sin Data
2026-08-06,Trabajoscom,Barcelona,Esparreguera,Técnico/a Laboral,Sin Data,Sin Data,Indefinido,Jornada Completa,Sin Data,Grupo Adecco,Sin Data
2026-08-06,Trabajoscom,Asturias,Todo Asturias,Operario de Almacén en Países Bajos + Alojamiento Incluido | CEVA Logistics,14 € - 16 €,Sin Data,Indefinido,Jornada Completa,Sin Data,OTTO Work Force,Sin Data
2026-08-06,Trabajoscom,Albacete,Todo Albacete,Operario de Almacén en Países Bajos + Alojamiento Incluido | CEVA Logistics,14 € - 16 €,Sin Data,Indefinido,Jornada Completa,Sin Data,OTTO Work Force,Sin Data
2026-08-06,Trabajoscom,Araba,Todo Araba,Operario de Almacén en Países Bajos + Alojamiento Incluido | CEVA Logistics,14 € - 16 €,Sin Data,Indefinido,Jornada Completa,Sin Data,OTTO Work Force,Sin Data
2026-08-06,Trabajoscom,Pontevedra,Todo Pontevedra,Operario de Almacén en Países Bajos + Alojamiento Incluido | CEVA Logistics,14 € - 16 €,Sin Data,Indefinido,Jornada Completa,Sin Data,OTTO Work Force,Sin Data
2026-08-06,Trabajoscom,Guadalajara,Todo Guadalajara,Operario de Almacén en Países Bajos + Alojamiento Incluido | CEVA Logistics,14 € - 16 €,Sin Data,Indefinido,Jornada Completa,Sin Data,OTTO Work Force,Sin Data
2026-08-06,Trabajoscom,Cuenca,Todo Cuenca,Operario de Almacén en Países Bajos + Alojamiento Incluido | CEVA Logistics,14 € - 16 €,Sin Data,Indefinido,Jornada Completa,Sin Data,OTTO Work Force,Sin Data
2026-08-06,Trabajoscom,Girona,Todo Girona,Operario de Almacén en Países Bajos + Alojamiento Incluido | CEVA Logistics,14 € - 16 €,Sin Data,Indefinido,Jornada Completa,Sin Data,OTTO Work Force,Sin Data
2026-08-06,Trabajoscom,Gipuzkoa,Todo Gipuzkoa,Operario de Almacén en Países Bajos + Alojamiento Incluido | CEVA Logistics,14 € - 16 €,Sin Data,Indefinido,Jornada Completa,Sin Data,OTTO Work Force,Sin Data
2026-08-06,Trabajoscom,Córdoba,Todo Córdoba,Operario de Almacén en Países Bajos + Alojamiento Incluido | CEVA Logistics,14 € - 16 €,Sin Data,Indefinido,Jornada Completa,Sin Data,OTTO Work Force,Sin Data
2026-08-06,Trabajoscom,Real,Todo Real,Operario de Almacén en Países Bajos + Alojamiento Incluido | CEVA Logistics,14 € - 16 €,Sin Data,Indefinido,Jornada Completa,Sin Data,OTTO Work Force,Sin Data
2026-08-06,Trabajoscom,Valladolid,Todo Valladolid,Operario de Almacén en Países Bajos + Alojamiento Incluido | CEVA Logistics,14 € - 16 €,Sin Data,Indefinido,Jornada Completa,Sin Data,OTTO Work Force,Sin Data
2026-08-06,Trabajoscom,Palmas,Todo Palmas,Operario de Almacén en Países Bajos + Alojamiento Incluido | CEVA Logistics,14 € - 16 €,Sin Data,Indefinido,Jornada Completa,Sin Data,OTTO Work Force,Sin Data
2026-08-06,Trabajoscom,Murcia,Todo Murcia,Operario de Almacén en Países Bajos + Alojamiento Incluido | CEVA Logistics,14 € - 16 €,Sin Data,Indefinido,Jornada Completa,Sin Data,OTTO Work Force,Sin Data
2026-08-06,Trabajoscom,Toledo,Todo Toledo,Operario de Almacén en Países Bajos + Alojamiento Incluido | CEVA Logistics,14 € - 16 €,Sin Data,Indefinido,Jornada Completa,Sin Data,OTTO Work Force,Sin Data
2026-08-06,Trabajoscom,León,Todo León,Operario de Almacén en Países Bajos + Alojamiento Incluido | CEVA Logistics,14 € - 16 €,Sin Data,Indefinido,Jornada Completa,Sin Data,OTTO Work Force,Sin Data
2026-08-06,Trabajoscom,Sevilla,Todo Sevilla,Operario de Almacén en Países Bajos + Alojamiento Incluido | CEVA Logistics,14 € - 16 €,Sin Data,Indefinido,Jornada Completa,Sin Data,OTTO Work Force,Sin Data
2026-08-06,Trabajoscom,Cádiz,Todo Cádiz,Operario de Almacén en Países Bajos + Alojamiento Incluido | CEVA Logistics,14 € - 16 €,Sin Data,Indefinido,Jornada Completa,Sin Data,OTTO Work Force,Sin Data
2026-08-06,Trabajoscom,Baleares,Todo Baleares,Operario de Almacén en Países Bajos + Alojamiento Incluido | CEVA Logistics,14 € - 16 €,Sin Data,Indefinido,Jornada Completa,Sin Data,OTTO Work Force,Sin Data
2026-08-06,Trabajoscom,Salamanca,Todo Salamanca,Operario/a de Almacén en Boon Food + Alojamiento Incluido | Países Bajos,14 € - 17 €,Sin Data,Indefinido,Jornada Intensiva,Sin Data,OTTO Work Force,Sin Data
2026-08-06,Trabajoscom,Murcia,Todo Murcia,Operario/a de Almacén GXO Logistics + Alojamiento Incluido,14 € - 16 €,Sin Data,Indefinido,Jornada Intensiva,Sin Data,OTTO Work Force,Sin Data
2026-08-06,Trabajoscom,Coruña,Todo Coruña,Operario/a de Almacén GXO Logistics + Alojamiento Incluido,14 € - 16 €,Sin Data,Indefinido,Jornada Intensiva,Sin Data,OTTO Work Force,Sin Data
2026-08-06,Trabajoscom,Araba,Todo Araba,Operario/a de Almacén GXO Logistics + Alojamiento Incluido,14 € - 16 €,Sin Data,Indefinido,Jornada Intensiva,Sin Data,OTTO Work Force,Sin Data
2026-08-06,Trabajoscom,Rioja,Todo Rioja,Operario/a de Almacén GXO Logistics + Alojamiento Incluido,14 € - 16 €,Sin Data,Indefinido,Jornada Intensiva,Sin Data,OTTO Work Force,Sin Data
2026-08-06,Trabajoscom,Málaga,Todo Málaga,Operario/a de Almacén GXO Logistics + Alojamiento Incluido,14 € - 16 €,Sin Data,Indefinido,Jornada Intensiva,Sin Data,OTTO Work Force,Sin Data
2026-08-06,Trabajoscom,Bizkaia,Todo Bizkaia,Operario/a de Almacén GXO Logistics + Alojamiento Incluido,14 € - 16 €,Sin Data,Indefinido,Jornada Intensiva,Sin Data,OTTO Work Force,Sin Data
2026-08-06,Trabajoscom,Sevilla,Todo Sevilla,Operario/a de Almacén GXO Logistics + Alojamiento Incluido,14 € - 16 €,Sin Data,Indefinido,Jornada Intensiva,Sin Data,OTTO Work Force,Sin Data
2026-08-06,Trabajoscom,Ourense,Todo Ourense,Operario/a de Almacén GXO Logistics + Alojamiento Incluido,14 € - 16 €,Sin Data,Indefinido,Jornada Intensiva,Sin Data,OTTO Work Force,Sin Data
2026-08-06,Trabajoscom,Pontevedra,Todo Pontevedra,Operario/a de Almacén GXO Logistics + Alojamiento Incluido,14 € - 16 €,Sin Data,Indefinido,Jornada Intensiva,Sin Data,OTTO Work Force,Sin Data
2026-08-06,Trabajoscom,Tenerife,Todo Tenerife,Operario/a de Almacén GXO Logistics + Alojamiento Incluido,14 € - 16 €,Sin Data,Indefinido,Jornada Intensiva,Sin Data,OTTO Work Force,Sin Data
2026-08-06,Trabajoscom,Castellón,Todo Castellón,Operario/a de Almacén GXO Logistics + Alojamiento Incluido,14 € - 16 €,Sin Data,Indefinido,Jornada Intensiva,Sin Data,OTTO Work Force,Sin Data
2026-08-06,Trabajoscom,Salamanca,Todo Salamanca,Operario/a de Almacén GXO Logistics + Alojamiento Incluido,14 € - 16 €,Sin Data,Indefinido,Jornada Intensiva,Sin Data,OTTO Work Force,Sin Data
2026-08-06,Trabajoscom,Burgos,Todo Burgos,Operario/a de Almacén GXO Logistics + Alojamiento Incluido,14 € - 16 €,Sin Data,Indefinido,Jornada Intensiva,Sin Data,OTTO Work Force,Sin Data
2026-08-06,Trabajoscom,Asturias,Todo Asturias,Operario/a Almacén PVH (Tommy Hilfiger & Calvin Klein) | Países Bajos con Alojamiento,15 € - 17 €,Sin Data,Indefinido,Jornada Intensiva,Sin Data,OTTO Work Force,Sin Data
2026-08-06,Trabajoscom,Araba,Todo Araba,Operario/a de Almacén GXO Logistics + Alojamiento Incluido,14 € - 16 €,Sin Data,Indefinido,Jornada Intensiva,Sin Data,OTTO Work Force,Sin Data
2026-08-06,Trabajoscom,Rioja,Todo Rioja,Operario/a de Almacén GXO Logistics + Alojamiento Incluido,14 € - 16 €,Sin Data,Indefinido,Jornada Intensiva,Sin Data,OTTO Work Force,Sin Data
2026-08-06,Trabajoscom,Málaga,Todo Málaga,Operario/a de Almacén GXO Logistics + Alojamiento Incluido,14 € - 16 €,Sin Data,Indefinido,Jornada Intensiva,Sin Data,OTTO Work Force,Sin Data
2026-08-06,Trabajoscom,Bizkaia,Todo Bizkaia,Operario/a de Almacén GXO Logistics + Alojamiento Incluido,14 € - 16 €,Sin Data,Indefinido,Jornada Intensiva,Sin Data,OTTO Work Force,Sin Data
2026-08-06,Trabajoscom,Sevilla,Todo Sevilla,Operario/a de Almacén GXO Logistics + Alojamiento Incluido,14 € - 16 €,Sin Data,Indefinido,Jornada Intensiva,Sin Data,OTTO Work Force,Sin Data
2026-08-06,Trabajoscom,Ourense,Todo Ourense,Operario/a de Almacén GXO Logistics + Alojamiento Incluido,14 € - 16 €,Sin Data,Indefinido,Jornada Intensiva,Sin Data,OTTO Work Force,Sin Data
2026-08-06,Trabajoscom,Pontevedra,Todo Pontevedra,Operario/a de Almacén GXO Logistics + Alojamiento Incluido,14 € - 16 €,Sin Data,Indefinido,Jornada Intensiva,Sin Data,OTTO Work Force,Sin Data
2026-08-06,Trabajoscom,Tenerife,Todo Tenerife,Operario/a de Almacén GXO Logistics + Alojamiento Incluido,14 € - 16 €,Sin Data,Indefinido,Jornada Intensiva,Sin Data,OTTO Work Force,Sin Data
2026-08-06,Trabajoscom,Castellón,Todo Castellón,Operario/a de Almacén GXO Logistics + Alojamiento Incluido,14 € - 16 €,Sin Data,Indefinido,Jornada Intensiva,Sin Data,OTTO Work Force,Sin Data
2026-08-06,Trabajoscom,Salamanca,Todo Salamanca,Operario/a de Almacén GXO Logistics + Alojamiento Incluido,14 € - 16 €,Sin Data,Indefinido,Jornada Intensiva,Sin Data,OTTO Work Force,Sin Data
2026-08-06,Trabajoscom,Burgos,Todo Burgos,Operario/a de Almacén GXO Logistics + Alojamiento Incluido,14 € - 16 €,Sin Data,Indefinido,Jornada Intensiva,Sin Data,OTTO Work Force,Sin Data
2026-08-06,Trabajoscom,Asturias,Todo Asturias,Operario/a Almacén PVH (Tommy Hilfiger & Calvin Klein) | Países Bajos con Alojamiento,15 € - 17 €,Sin Data,Indefinido,Jornada Intensiva,Sin Data,OTTO Work Force,Sin Data
2026-08-06,Trabajoscom,Huesca,Todo Huesca,Operario/a de Almacén GXO Logistics + Alojamiento Incluido,14 € - 16 €,Sin Data,Indefinido,Jornada Intensiva,Sin Data,OTTO Work Force,Sin Data
2026-08-06,Trabajoscom,Huelva,Todo Huelva,Operario/a de Almacén GXO Logistics + Alojamiento Incluido,14 € - 16 €,Sin Data,Indefinido,Jornada Intensiva,Sin Data,OTTO Work Force,Sin Data
2026-08-06,Trabajoscom,Araba,Todo Araba,Operario/a Almacén PVH (Tommy Hilfiger & Calvin Klein) | Países Bajos con Alojamiento,15 € - 17 €,Sin Data,Indefinido,Jornada Intensiva,Sin Data,OTTO Work Force,Sin Data
2026-08-06,Trabajoscom,Zamora,Todo Zamora,Operario/a de Almacén GXO Logistics + Alojamiento Incluido,14 € - 16 €,Sin Data,Indefinido,Jornada Intensiva,Sin Data,OTTO Work Force,Sin Data
2026-08-06,Trabajoscom,Barcelona,Todo Barcelona,Operario/a Almacén PVH (Tommy Hilfiger & Calvin Klein) | Países Bajos con Alojamiento,15 € - 17 €,Sin Data,Indefinido,Jornada Intensiva,Sin Data,OTTO Work Force,Sin Data
2026-08-06,Trabajoscom,Córdoba,Todo Córdoba,Operario/a Almacén PVH (Tommy Hilfiger & Calvin Klein) | Países Bajos con Alojamiento,15 € - 17 €,Sin Data,Indefinido,Jornada Intensiva,Sin Data,OTTO Work Force,Sin Data
2026-08-06,Trabajoscom,Huelva,Todo Huelva,Operario/a Almacén PVH (Tommy Hilfiger & Calvin Klein) | Países Bajos con Alojamiento,15 € - 17 €,Sin Data,Indefinido,Jornada Intensiva,Sin Data,OTTO Work Force,Sin Data
2026-08-06,Trabajoscom,Guadalajara,Todo Guadalajara,Operario/a Almacén PVH (Tommy Hilfiger & Calvin Klein) | Países Bajos con Alojamiento,15 € - 17 €,Sin Data,Indefinido,Jornada Intensiva,Sin Data,OTTO Work Force,Sin Data
2026-08-06,Trabajoscom,Cáceres,Todo Cáceres,Operario/a Almacén PVH (Tommy Hilfiger & Calvin Klein) | Países Bajos con Alojamiento,15 € - 17 €,Sin Data,Indefinido,Jornada Intensiva,Sin Data,OTTO Work Force,Sin Data
2026-08-06,Trabajoscom,Tarragona,Todo Tarragona,Operario/a Almacén PVH (Tommy Hilfiger & Calvin Klein) | Países Bajos con Alojamiento,15 € - 17 €,Sin Data,Indefinido,Jornada Intensiva,Sin Data,OTTO Work Force,Sin Data
2026-08-06,Trabajoscom,Sevilla,Todo Sevilla,Operario/a Almacén PVH (Tommy Hilfiger & Calvin Klein) | Países Bajos con Alojamiento,15 € - 17 €,Sin Data,Indefinido,Jornada Intensiva,Sin Data,OTTO Work Force,Sin Data
2026-08-06,Trabajoscom,Pontevedra,Todo Pontevedra,Operario/a Almacén PVH (Tommy Hilfiger & Calvin Klein) | Países Bajos con Alojamiento,15 € - 17 €,Sin Data,Indefinido,Jornada Intensiva,Sin Data,OTTO Work Force,Sin Data
2026-08-06,Trabajoscom,Melilla,Todo Melilla,Operario/a Almacén PVH (Tommy Hilfiger & Calvin Klein) | Países Bajos con Alojamiento,15 € - 17 €,Sin Data,Indefinido,Jornada Intensiva,Sin Data,OTTO Work Force,Sin Data
2026-08-06,Trabajoscom,Palmas,Todo Palmas,Operario/a Almacén PVH (Tommy Hilfiger & Calvin Klein) | Países Bajos con Alojamiento,15 € - 17 €,Sin Data,Indefinido,Jornada Intensiva,Sin Data,OTTO Work Force,Sin Data
2026-08-06,Trabajoscom,Lleida,Todo Lleida,Operario/a Almacén PVH (Tommy Hilfiger & Calvin Klein) | Países Bajos con Alojamiento,15 € - 17 €,Sin Data,Indefinido,Jornada Intensiva,Sin Data,OTTO Work Force,Sin Data
2026-08-06,Trabajoscom,Teruel,Todo Teruel,Operario/a Almacén PVH (Tommy Hilfiger & Calvin Klein) | Países Bajos con Alojamiento,15 € - 17 €,Sin Data,Indefinido,Jornada Intensiva,Sin Data,OTTO Work Force,Sin Data
2026-08-06,Trabajoscom,Salamanca,Todo Salamanca,Operario/a Almacén PVH (Tommy Hilfiger & Calvin Klein) | Países Bajos con Alojamiento,15 € - 17 €,Sin Data,Indefinido,Jornada Intensiva,Sin Data,OTTO Work Force,Sin Data
2026-08-06,Trabajoscom,Girona,Girona,Responsable de Supermercat GIRONA,Sin Data,Sin Data,Indefinido,Jornada Completa,Sin Data,Grupo Adecco,Sin Data
2026-08-06,Trabajoscom,Madrid,Meco,TÉCNICO/A DE REPARACIÓN EQUIPOS ELECTRÓNICOS,12 €,Sin Data,De duracion determinada,Jornada Completa,Sin Data,Grupo Noa's,Sin Data
2026-08-06,Trabajoscom,Barcelona,Barcelona,Responsable de Supermercat BARCELONA,Sin Data,Sin Data,Indefinido,Jornada Completa,Sin Data,Grupo Adecco,Sin Data
2026-08-06,Trabajoscom,Madrid,Las Rozas De Madrid,Vendedor/a,1.300 € - 3.000 €,Sin Data,Indefinido,Jornada Completa,Sin Data,Tecnocasa - Estudio Inmobiliario Las Rozas Európolis,Sin Data
2026-08-06,Trabajoscom,Barcelona,L'hospitalet De Llobregat,Administrativo/a de Soporte al Servicio Técnico/a Temporal-Hospitalet,Sin Data,Sin Data,De duracion determinada,Jornada Completa,Sin Data,Grupo Adecco,Sin Data
2026-08-06,Trabajoscom,Barcelona,L'hospitalet De Llobregat,Administrativo/a Logístico/a Temporal-Hospitalet,Sin Data,Sin Data,De duracion determinada,Jornada Completa,Sin Data,Grupo Adecco,Sin Data
2026-08-06,Trabajoscom,Barcelona,La Garriga,OPERARIO/A DE AUTOMOCIÓN - LA GARRIGA,Sin Data,Sin Data,De duracion determinada,Jornada Completa,Sin Data,Temps,Sin Data
2026-08-06,Trabajoscom,Lleida,Tora,Operario/a de taller,Sin Data,Sin Data,Indefinido,Media Jornada,Sin Data,Grupo Adecco,Sin Data
2026-08-06,Trabajoscom,Barcelona,Montornes Del Vallés,Operario/a Offset,Sin Data,Sin Data,Indefinido,Media Jornada,Sin Data,Grupo Adecco,Sin Data
2026-08-06,Trabajoscom,Cádiz,La Linea De La Concepcion,Oficiales Encofradores/ Ferralla/ Albañiles – Gibraltar,1.650 € - 1.800 €,Sin Data,Fijo discontinuo,Jornada Completa,Sin Data,Franmar Work Solution,Sin Data
2026-08-06,Trabajoscom,Sevilla,Sevilla,Oficiales Electricistas Sevilla,2.000 € - 2.200 €,Sin Data,Fijo discontinuo,Jornada Completa,Sin Data,Franmar Work Solution,Sin Data
2026-08-06,Trabajoscom,Sevilla,Sevilla,"Ingeniero Industrial -Jefe de obra ingeniero industrial, Sevilla",32.000 € - 33.000 €,Sin Data,Indefinido,Jornada Completa,Sin Data,Franmar Work Solution,Sin Data
2026-08-06,Trabajoscom,Madrid,Torrejón De Ardoz,Administrativo/a de formación Torrejón,Sin Data,Sin Data,Indefinido,Jornada Completa,Sin Data,Grupo Adecco,Sin Data
2026-08-06,Trabajoscom,Guadalajara,Guadalajara,TÉCNICO/A ELECTROMECÁNICO/A PARA MANTENIMIENTO DE INSTALACIONES LOGÍSTICAS,18 € - 20 €,Sin Data,De duracion determinada,Jornada Completa,Sin Data,Temps,Sin Data
2026-08-06,Trabajoscom,Barcelona,Les Franqueses Del Vallès,TÉCNICO/A LABORATORIO -LES FRANQUESES DEL VALLÈS-,Sin Data,Sin Data,De duracion determinada,Jornada Completa,Sin Data,Temps,Sin Data
2026-08-06,Trabajoscom,Valencia,Todo Valencia,Preparador/a de Pedidos en Albert Heijn Online | Alojamiento + 300€ Bono Bienvenida,17 € - 18 €,Sin Data,Indefinido,Jornada Completa,Sin Data,OTTO Work Force,Sin Data
2026-08-06,Trabajoscom,Araba,Todo Araba,Repartidor/a en Albert Heijn con alojamiento incluido y bono de 400 € - Países Bajos,17 € - 18 €,Sin Data,Indefinido,Jornada Completa,Sin Data,OTTO Work Force,Sin Data
2026-08-06,Trabajoscom,Zaragoza,Todo Zaragoza,Preparador/a de Pedidos en Albert Heijn Online | Alojamiento + 300€ Bono Bienvenida,17 € - 18 €,Sin Data,Indefinido,Jornada Completa,Sin Data,OTTO Work Force,Sin Data
2026-08-06,Trabajoscom,Albacete,Todo Albacete,Repartidor/a en Albert Heijn con alojamiento incluido y bono de 400 € - Países Bajos,17 € - 18 €,Sin Data,Indefinido,Jornada Completa,Sin Data,OTTO Work Force,Sin Data
2026-08-06,Trabajoscom,Almería,Todo Almería,Repartidor/a en Albert Heijn con alojamiento incluido y bono de 400 € - Países Bajos,17 € - 18 €,Sin Data,Indefinido,Jornada Completa,Sin Data,OTTO Work Force,Sin Data
2026-08-06,Trabajoscom,Real,Todo Real,Preparador/a de Pedidos en Albert Heijn Online | Alojamiento + 300€ Bono Bienvenida,17 € - 18 €,Sin Data,Indefinido,Jornada Completa,Sin Data,OTTO Work Force,Sin Data
2026-08-06,Trabajoscom,Ourense,Todo Ourense,Preparador/a de Pedidos en Albert Heijn Online | Alojamiento + 300€ Bono Bienvenida,17 € - 18 €,Sin Data,Indefinido,Jornada Completa,Sin Data,OTTO Work Force,Sin Data
2026-08-06,Trabajoscom,Murcia,Todo Murcia,Preparador/a de Pedidos en Albert Heijn Online | Alojamiento + 300€ Bono Bienvenida,17 € - 18 €,Sin Data,Indefinido,Jornada Completa,Sin Data,OTTO Work Force,Sin Data
2026-08-06,Trabajoscom,Navarra,Todo Navarra,Preparador/a de Pedidos en Albert Heijn Online | Alojamiento + 300€ Bono Bienvenida,17 € - 18 €,Sin Data,Indefinido,Jornada Completa,Sin Data,OTTO Work Force,Sin Data
2026-08-06,Trabajoscom,Sevilla,Todo Sevilla,Preparador/a de Pedidos en Albert Heijn Online | Alojamiento + 300€ Bono Bienvenida,17 € - 18 €,Sin Data,Indefinido,Jornada Completa,Sin Data,OTTO Work Force,Sin Data
2026-08-06,Trabajoscom,Soria,Todo Soria,Preparador/a de Pedidos en Albert Heijn Online | Alojamiento + 300€ Bono Bienvenida,17 € - 18 €,Sin Data,Indefinido,Jornada Completa,Sin Data,OTTO Work Force,Sin Data
2026-08-06,Trabajoscom,Madrid,Todo Madrid,Soldador/a TIG en Tanis - (horario de mañana 07:00-16:00),28 € - 29 €,Sin Data,Indefinido,Jornada Intensiva,Sin Data,OTTO Work Force,Sin Data
2026-08-06,Trabajoscom,Lugo,Todo Lugo,Soldador/a TIG en Tanis - (horario de mañana 07:00-16:00),28 € - 29 €,Sin Data,Indefinido,Jornada Intensiva,Sin Data,OTTO Work Force,Sin Data
2026-08-06,Trabajoscom,Toledo,Todo Toledo,Preparador/a de Pedidos en Albert Heijn Online | Alojamiento + 300€ Bono Bienvenida,17 € - 18 €,Sin Data,Indefinido,Jornada Completa,Sin Data,OTTO Work Force,Sin Data
2026-08-06,Trabajoscom,Ourense,Todo Ourense,Soldador/a TIG en Tanis - (horario de mañana 07:00-16:00),28 € - 29 €,Sin Data,Indefinido,Jornada Intensiva,Sin Data,OTTO Work Force,Sin Data
2026-08-06,Trabajoscom,Burgos,Todo Burgos,Repartidor/a en Albert Heijn con alojamiento incluido y bono de 400 € - Países Bajos,17 € - 18 €,Sin Data,Indefinido,Jornada Completa,Sin Data,OTTO Work Force,Sin Data
2026-08-06,Trabajoscom,Ourense,Todo Ourense,Repartidor/a en Albert Heijn con alojamiento incluido y bono de 400 € - Países Bajos,17 € - 18 €,Sin Data,Indefinido,Jornada Completa,Sin Data,OTTO Work Force,Sin Data
2026-08-06,Trabajoscom,Palencia,Todo Palencia,Repartidor/a en Albert Heijn con alojamiento incluido y bono de 400 € - Países Bajos,17 € - 18 €,Sin Data,Indefinido,Jornada Completa,Sin Data,OTTO Work Force,Sin Data
2026-08-06,Trabajoscom,Murcia,Todo Murcia,Repartidor/a en Albert Heijn con alojamiento incluido y bono de 400 € - Países Bajos,17 € - 18 €,Sin Data,Indefinido,Jornada Completa,Sin Data,OTTO Work Force,Sin Data
2026-08-06,Trabajoscom,Pontevedra,Todo Pontevedra,Repartidor/a en Albert Heijn con alojamiento incluido y bono de 400 € - Países Bajos,17 € - 18 €,Sin Data,Indefinido,Jornada Completa,Sin Data,OTTO Work Force,Sin Data
2026-08-06,Trabajoscom,Tarragona,Todo Tarragona,Repartidor/a en Albert Heijn con alojamiento incluido y bono de 400 € - Países Bajos,17 € - 18 €,Sin Data,Indefinido,Jornada Completa,Sin Data,OTTO Work Force,Sin Data
2026-08-06,Trabajoscom, Barcelona, Barcelona,Cocinero/a para centro residencial,18.866 €,Sin Data,De duracion determinada,Jornada Completa,Sin Data,Iman Temporing,Sin Data
2026-08-06,Trabajoscom,Granada,Todo Granada,Repartidor/a en Albert Heijn con alojamiento incluido y bono de 400 € - Países Bajos,17 € - 18 €,Sin Data,Indefinido,Jornada Completa,Sin Data,OTTO Work Force,Sin Data
2026-08-06,Trabajoscom,León,Todo León,Repartidor/a en Albert Heijn con alojamiento incluido y bono de 400 € - Países Bajos,17 € - 18 €,Sin Data,Indefinido,Jornada Completa,Sin Data,OTTO Work Force,Sin Data
2026-08-06,Trabajoscom,Guadalajara,Todo Guadalajara,Repartidor/a en Albert Heijn con alojamiento incluido y bono de 400 € - Países Bajos,17 € - 18 €,Sin Data,Indefinido,Jornada Completa,Sin Data,OTTO Work Force,Sin Data
2026-08-06,Trabajoscom,Rioja,Todo Rioja,Repartidor/a en Albert Heijn con alojamiento incluido y bono de 400 € - Países Bajos,17 € - 18 €,Sin Data,Indefinido,Jornada Completa,Sin Data,OTTO Work Force,Sin Data
2026-08-06,Trabajoscom,Cáceres,Todo Cáceres,Repartidor/a en Albert Heijn con alojamiento incluido y bono de 400 € - Países Bajos,17 € - 18 €,Sin Data,Indefinido,Jornada Completa,Sin Data,OTTO Work Force,Sin Data
2026-08-06,Trabajoscom,Real,Todo Real,Repartidor/a en Albert Heijn con alojamiento incluido y bono de 400 € - Países Bajos,17 € - 18 €,Sin Data,Indefinido,Jornada Completa,Sin Data,OTTO Work Force,Sin Data
2026-08-06,Trabajoscom,Zamora,Todo Zamora,Repartidor/a en Albert Heijn con alojamiento incluido y bono de 400 € - Países Bajos,17 € - 18 €,Sin Data,Indefinido,Jornada Completa,Sin Data,OTTO Work Force,Sin Data
2026-08-06,Trabajoscom,Bizkaia,Todo Bizkaia,Repartidor/a en Albert Heijn con alojamiento incluido y bono de 400 € - Países Bajos,17 € - 18 €,Sin Data,Indefinido,Jornada Completa,Sin Data,OTTO Work Force,Sin Data
2026-08-06,Trabajoscom,Lleida,Todo Lleida,Repartidor/a en Albert Heijn con alojamiento incluido y bono de 400 € - Países Bajos,17 € - 18 €,Sin Data,Indefinido,Jornada Completa,Sin Data,OTTO Work Force,Sin Data
2026-08-06,Trabajoscom,Teruel,Todo Teruel,Repartidor/a en Albert Heijn con alojamiento incluido y bono de 400 € - Países Bajos,17 € - 18 €,Sin Data,Indefinido,Jornada Completa,Sin Data,OTTO Work Force,Sin Data
2026-08-06,Trabajoscom,Gipuzkoa,Todo Gipuzkoa,Soldador/a TIG en Tanis - (horario de mañana 07:00-16:00),28 € - 29 €,Sin Data,Indefinido,Jornada Intensiva,Sin Data,OTTO Work Force,Sin Data
2026-08-06,Trabajoscom,Ceuta,Todo Ceuta,Soldador/a TIG en Tanis - (horario de mañana 07:00-16:00),28 € - 29 €,Sin Data,Indefinido,Jornada Intensiva,Sin Data,OTTO Work Force,Sin Data
2026-08-06,Trabajoscom,Almería,Todo Almería,Preparador/a de Pedidos en Albert Heijn Online | Alojamiento + 300€ Bono Bienvenida,17 € - 18 €,Sin Data,Indefinido,Jornada Completa,Sin Data,OTTO Work Force,Sin Data
2026-08-06,Trabajoscom,Valencia,Todo Valencia,Soldador/a TIG en Tanis - (horario de mañana 07:00-16:00),28 € - 29 €,Sin Data,Indefinido,Jornada Intensiva,Sin Data,OTTO Work Force,Sin Data
2026-08-06,Trabajoscom,Lleida,Todo Lleida,Preparador/a de Pedidos en Albert Heijn Online | Alojamiento + 300€ Bono Bienvenida,17 € - 18 €,Sin Data,Indefinido,Jornada Completa,Sin Data,OTTO Work Force,Sin Data
2026-08-06,Trabajoscom,Girona,Todo Girona,Preparador/a de Pedidos en Albert Heijn Online | Alojamiento + 300€ Bono Bienvenida,17 € - 18 €,Sin Data,Indefinido,Jornada Completa,Sin Data,OTTO Work Force,Sin Data
2026-08-06,Trabajoscom,Córdoba,Todo Córdoba,Preparador/a de Pedidos en Albert Heijn Online | Alojamiento + 300€ Bono Bienvenida,17 € - 18 €,Sin Data,Indefinido,Jornada Completa,Sin Data,OTTO Work Force,Sin Data
2026-08-06,Trabajoscom,Melilla,Todo Melilla,Preparador/a de Pedidos en Albert Heijn Online | Alojamiento + 300€ Bono Bienvenida,17 € - 18 €,Sin Data,Indefinido,Jornada Completa,Sin Data,OTTO Work Force,Sin Data
2026-08-06,Trabajoscom,Palmas,Todo Palmas,Preparador/a de Pedidos en Albert Heijn Online | Alojamiento + 300€ Bono Bienvenida,17 € - 18 €,Sin Data,Indefinido,Jornada Completa,Sin Data,OTTO Work Force,Sin Data
2026-08-06,Trabajoscom,Valencia,Todo Valencia,Preparador/a de Pedidos en Albert Heijn Online | Alojamiento + 300€ Bono Bienvenida,17 € - 18 €,Sin Data,Indefinido,Jornada Completa,Sin Data,OTTO Work Force,Sin Data
2026-08-06,Trabajoscom,Araba,Todo Araba,Repartidor/a en Albert Heijn con alojamiento incluido y bono de 400 € - Países Bajos,17 € - 18 €,Sin Data,Indefinido,Jornada Completa,Sin Data,OTTO Work Force,Sin Data
2026-08-06,Trabajoscom,Zaragoza,Todo Zaragoza,Preparador/a de Pedidos en Albert Heijn Online | Alojamiento + 300€ Bono Bienvenida,17 € - 18 €,Sin Data,Indefinido,Jornada Completa,Sin Data,OTTO Work Force,Sin Data
2026-08-06,Trabajoscom,Albacete,Todo Albacete,Repartidor/a en Albert Heijn con alojamiento incluido y bono de 400 € - Países Bajos,17 € - 18 €,Sin Data,Indefinido,Jornada Completa,Sin Data,OTTO Work Force,Sin Data
2026-08-06,Trabajoscom,Pontevedra,Todo Pontevedra,Repartidor/a en Albert Heijn con alojamiento incluido y bono de 400 € - Países Bajos,17 € - 18 €,Sin Data,Indefinido,Jornada Completa,Sin Data,OTTO Work Force,Sin Data
2026-08-06,Trabajoscom,Tarragona,Todo Tarragona,Repartidor/a en Albert Heijn con alojamiento incluido y bono de 400 € - Países Bajos,17 € - 18 €,Sin Data,Indefinido,Jornada Completa,Sin Data,OTTO Work Force,Sin Data
2026-08-06,Trabajoscom, Barcelona, Barcelona,Cocinero/a para centro residencial,18.866 €,Sin Data,De duracion determinada,Jornada Completa,Sin Data,Iman Temporing,Sin Data
2026-08-06,Trabajoscom,Guadalajara,Guadalajara,PREPARADOR/A DE PEDIDOS CON USO DE TRASPALET ELÉCTRICO/MOTO,12 €,Sin Data,De duracion determinada,Jornada Completa,Sin Data,Temps,Sin Data
2026-08-06,Trabajoscom,Madrid,Leganés,"REPARTIDOR/A , CONDUCTOR/A TEXTIL - MADRID",17.000 € - 18.000 €,Sin Data,Indefinido,Jornada Completa,Sin Data,Temps,Sin Data
2026-08-06,Trabajoscom,Granada,Todo Granada,Repartidor/a en Albert Heijn con alojamiento incluido y bono de 400 € - Países Bajos,17 € - 18 €,Sin Data,Indefinido,Jornada Completa,Sin Data,OTTO Work Force,Sin Data
2026-08-06,Trabajoscom,León,Todo León,Repartidor/a en Albert Heijn con alojamiento incluido y bono de 400 € - Países Bajos,17 € - 18 €,Sin Data,Indefinido,Jornada Completa,Sin Data,OTTO Work Force,Sin Data
2026-08-06,Trabajoscom,Cádiz,Todo Cádiz,Soldador/a TIG en Tanis - (horario de mañana 07:00-16:00),28 € - 29 €,Sin Data,Indefinido,Jornada Intensiva,Sin Data,OTTO Work Force,Sin Data
2026-08-06,Trabajoscom,Cáceres,Todo Cáceres,Soldador/a TIG en Tanis - (horario de mañana 07:00-16:00),28 € - 29 €,Sin Data,Indefinido,Jornada Intensiva,Sin Data,OTTO Work Force,Sin Data
2026-08-06,Trabajoscom,Ávila,Todo Ávila,Soldador/a TIG en Tanis - (horario de mañana 07:00-16:00),28 € - 29 €,Sin Data,Indefinido,Jornada Intensiva,Sin Data,OTTO Work Force,Sin Data
2026-08-06,Trabajoscom,Baleares,Todo Baleares,Soldador/a TIG en Tanis - (horario de mañana 07:00-16:00),28 € - 29 €,Sin Data,Indefinido,Jornada Intensiva,Sin Data,OTTO Work Force,Sin Data
2026-08-06,Trabajoscom, Bizkaia, Bizkaia,Comercial ventas concesionario,Sin Data,Sin Data,Indefinido,Jornada Completa,Sin Data,Iman Global Consulting,Sin Data
2026-08-06,Trabajoscom, Sevilla, Sevilla,Electromecánico/a industrial,25.000 € - 27.000 €,Sin Data,Indefinido,Jornada Completa,Sin Data,Crit Interim España ETT,Sin Data
2026-08-06,Trabajoscom, Sevilla, Sevilla,Operario/a fábrica de alimentación,Sin Data,Sin Data,De duracion determinada,Jornada Completa,Sin Data,Crit Interim España ETT,Sin Data
2026-08-06,Trabajoscom, Valladolid, Valladolid,Carretillero/a - Dias sueltos,Sin Data,Sin Data,De duracion determinada,Jornada Completa,Sin Data,Iman Temporing,Sin Data
2026-08-06,Trabajoscom, Cantabria, Cantabria,Operario/a producción,Sin Data,Sin Data,De duracion determinada,Jornada Completa,Sin Data,Crit Interim España ETT,Sin Data
2026-08-06,Trabajoscom, Madrid, Madrid,EJECUTIVO/A DE MARKETING,Sin Data,Sin Data,Indefinido,Jornada Completa,Sin Data,Iman Temporing,Sin Data
2026-08-06,Trabajoscom, Araba, Araba,Administrativo/a inventario,24.000 €,Sin Data,Indefinido,Jornada Completa,Sin Data,Iman Global Consulting,Sin Data
2026-08-06,Trabajoscom, Barcelona, Barcelona,Mozos/as reponedor con apilador,Sin Data,Sin Data,De duracion determinada,Jornada Completa,Sin Data,Iman Temporing,Sin Data
2026-08-06,Trabajoscom, Madrid, Madrid,Técnico/a de Soporte Informático Nivel 1.,Sin Data,Sin Data,De duracion determinada,Jornada Completa,Sin Data,Iman Temporing,Sin Data
2026-08-06,Trabajoscom, Lugo, Lugo,Ayudante de Cocina- Centro Residencial DomusVi Viveiro,Sin Data,Sin Data,De duracion determinada,Jornada Completa,Sin Data,DomusVi,Sin Data
2026-08-06,Trabajoscom, Navarra, Navarra,Operario/a de Bodega,Sin Data,Sin Data,De duracion determinada,Jornada Completa,Sin Data,Iman Temporing,Sin Data
2026-08-06,Trabajoscom, Cantabria, Cantabria,Mozo carga y descarga días sueltos (h/m),Sin Data,Sin Data,De duracion determinada,Media Jornada,Sin Data,Crit Interim España ETT,Sin Data
2026-08-06,Trabajoscom, Navarra, Navarra,Un/a Operario/a de Almacén,Sin Data,Sin Data,Indefinido,Jornada Completa,Sin Data,Pacto,Sin Data
2026-08-06,Trabajoscom, Madrid, Madrid,Mozos/as de Evento ALCALÁ DE HENARES,Sin Data,Sin Data,De duracion determinada,Media Jornada,Sin Data,Pacto,Sin Data
2026-08-06,Trabajoscom, Cantabria, Cantabria,Mozo/a de almacen con Carretilla,Sin Data,Sin Data,De duracion determinada,Jornada Completa,Sin Data,Crit Interim España ETT,Sin Data
2026-08-06,Trabajoscom, Cantabria, Cantabria,Técnico/a Contable,Sin Data,Sin Data,Indefinido,Jornada Completa,Sin Data,Crit Interim España ETT,Sin Data
2026-08-06,Trabajoscom, Barcelona, Barcelona,Personal de almacén con carnet B - Molins de Rei,Sin Data,Sin Data,De duracion determinada,Jornada Completa,Sin Data,Pacto,Sin Data
2026-08-06,Trabajoscom, Lleida, Lleida,Operario/a,Sin Data,Sin Data,De duracion determinada,Jornada Completa,Sin Data,Iman Temporing,Sin Data
2026-08-06,Trabajoscom, Bizkaia, Bizkaia,Operario/a Corte Sierra - Galdakao,Sin Data,Sin Data,De duracion determinada,Jornada Completa,Sin Data,Iman Temporing,Sin Data
2026-08-06,Trabajoscom, Barcelona, Barcelona,Recruiter | Martorell,Sin Data,Sin Data,Indefinido,Jornada Completa,Sin Data,Iman Temporing,Sin Data
2026-08-06,Trabajoscom, Alicante, Alicante,Gerocultor/a - Auxiliar de enfermería Centro Residencial DomusVi Alicante Babel,Sin Data,Sin Data,De duracion determinada,Jornada Completa,Sin Data,DomusVi,Sin Data
2026-08-06,Trabajoscom, Valencia, Valencia,Auxiliar Administrativo/a,19.800 €,Sin Data,Indefinido,Jornada Completa,Sin Data,Citius Solutions,Sin Data
2026-08-06,Trabajoscom, Barcelona, Barcelona,Técnico/a de impuestos y nóminas,Sin Data,Sin Data,De duracion determinada,Jornada Completa,Sin Data,Iman Temporing,Sin Data
2026-08-06,Trabajoscom, Madrid, Madrid,Arquitecto Project Lead (Hoteles de lujo),Sin Data,Sin Data,Indefinido,Jornada Completa,Sin Data,Iman Global Consulting,Sin Data
2026-08-06,Trabajoscom, Alicante, Alicante,Operario/a de inyección de plástico,Sin Data,Sin Data,De duracion determinada,Jornada Completa,Sin Data,Iman Temporing,Sin Data
2026-08-06,Trabajoscom, Granada, Granada,Administrativo/a de soporte al cliente,Sin Data,Sin Data,De duracion determinada,Jornada Completa,Sin Data,Iman Temporing,Sin Data
2026-08-06,Trabajoscom, Málaga, Málaga,Enfermero/a - DUE Centro Residencial DomusVi Sierra de las Nieves,Sin Data,Sin Data,Indefinido,Jornada Completa,Sin Data,DomusVi,Sin Data
2026-08-06,Trabajoscom, Toledo, Toledo,"Vigilante de seguridad zona Borox, (Toledo)",Sin Data,Sin Data,Indefinido,Jornada Completa,Sin Data,Iman Seguridad,Sin Data
2026-08-06,Trabajoscom, Zamora, Zamora,Mozo/a de almacén (con carretilla),Sin Data,Sin Data,De duracion determinada,Jornada Completa,Sin Data,Iman Temporing,Sin Data
2026-08-06,Trabajoscom, Cantabria, Cantabria,OPERARIOS/AS DE PRODUCCION,16.600 €,Sin Data,De duracion determinada,Jornada Indiferente,Sin Data,Iman Temporing,Sin Data
2026-08-06,Trabajoscom, Zaragoza, Zaragoza,Operario/a de obrador,Sin Data,Sin Data,De duracion determinada,Jornada Completa,Sin Data,Iman Temporing,Sin Data
2026-08-06,Trabajoscom, Barcelona, Barcelona,Técnico/a de calidad,Sin Data,Sin Data,Indefinido,Jornada Completa,Sin Data,Iman Temporing,Sin Data
2026-08-06,Trabajoscom, Burgos, Burgos,Personal de Limpieza - Centro Residencial DomusVi Celada,Sin Data,Sin Data,Indefinido,Media Jornada,Sin Data,DomusVi,Sin Data
2026-08-06,Trabajoscom, Barcelona, Barcelona,Operario/a segundas operaciones y mecanización,Sin Data,Sin Data,De duracion determinada,Jornada Completa,Sin Data,Crit Interim España ETT,Sin Data
2026-08-06,Trabajoscom, Pontevedra, Pontevedra,Ayudante de Cocina- Centro Residencial DomusVi Fátima,Sin Data,Sin Data,De duracion determinada,Jornada Completa,Sin Data,DomusVi,Sin Data
2026-08-06,Trabajoscom, Lugo, Lugo,Gerocultor/a - Auxiliar de enfermería Centro Residencial DomusVi Viveiro,Sin Data,Sin Data,De duracion determinada,Jornada Completa,Sin Data,DomusVi,Sin Data
2026-08-06,Trabajoscom, Pontevedra, Pontevedra,Fisioterapeuta Centro Residencial DomusVi Pontevedra,Sin Data,Sin Data,De duracion determinada,Jornada Completa,Sin Data,DomusVi,Sin Data
2026-08-06,Trabajoscom, Barcelona, Barcelona,Adm. Comercial con Inglés (inc. Directa),Sin Data,Sin Data,Indefinido,Jornada Completa,Sin Data,Pacto,Sin Data
2026-08-06,Trabajoscom, Castellón, Castellón,Promotor/a paneles cerámicos,Sin Data,Sin Data,De duracion determinada,Jornada Completa,Sin Data,Iman Temporing,Sin Data
2026-08-06,Trabajoscom, La Rioja, La Rioja,REPARTIDOR/A POLIVALENTE CON APOYO A MONTAJE,Sin Data,Sin Data,De duracion determinada,Jornada Completa,Sin Data,Iman Temporing,Sin Data
2026-08-06,Trabajoscom, Lleida, Lleida,Business Developer (Marketing B2B),Sin Data,Sin Data,Indefinido,Jornada Completa,Sin Data,Crit Interim España ETT,Sin Data
2026-08-06,Trabajoscom, Barcelona, Barcelona,OPERARIO/A LÍNEA DE ENVASADO,Sin Data,Sin Data,De duracion determinada,Jornada Indiferente,Sin Data,Iman Temporing,Sin Data
2026-08-06,Trabajoscom, Navarra, Navarra,Carretillero/a envasado,Sin Data,Sin Data,De duracion determinada,Jornada Completa,Sin Data,Iman Temporing,Sin Data
2026-08-06,Trabajoscom, Córdoba, Córdoba,Mozo/a con carnet Carretilla,17.500 € - 18.500 €,Sin Data,De duracion determinada,Jornada Completa,Sin Data,Crit Interim España ETT,Sin Data
2026-08-06,Trabajoscom, Lleida, Lleida,Técnico/a de Soluciones Audiovisuales e Inmersivas,Sin Data,Sin Data,Indefinido,Jornada Completa,Sin Data,Crit Interim España ETT,Sin Data
2026-08-06,Trabajoscom, Segovia, Segovia,Cajero/a reponedor/a Carbonero,Sin Data,Sin Data,De duracion determinada,Media Jornada,Sin Data,Iman Temporing,Sin Data
2026-08-06,Trabajoscom, Barcelona, Barcelona,Administrativo/a de Postfirma,17.652 €,Sin Data,De duracion determinada,Jornada Completa,Sin Data,Iman Temporing,Sin Data
2026-08-06,Trabajoscom, Jaén, Jaén,Fontanero/a,Sin Data,Sin Data,A tiempo parcial,Jornada Completa,Sin Data,Crit Interim España ETT,Sin Data
2026-08-06,Trabajoscom, Alicante, Alicante,Técnico/a Junior de Logística Internacional,Sin Data,Sin Data,De duracion determinada,Jornada Completa,Sin Data,Iman Temporing,Sin Data
2026-08-06,Trabajoscom, Madrid, Madrid,Administrativo/a Contable - Importaciones,Sin Data,Sin Data,Indefinido,Jornada Completa,Sin Data,Crit Interim España ETT,Sin Data
2026-08-06,Trabajoscom, Barcelona, Barcelona,Técnico/a de Mantenimiento con carné de calderas,28.000 € - 30.000 €,Sin Data,Indefinido,Jornada Completa,Sin Data,Iman Temporing,Sin Data
2026-08-06,Trabajoscom, Barcelona, Barcelona,AUX. ADMINISTRATIVO/A - DPT. LOGÍSTICA - JORNADA PARCIAL,Sin Data,Sin Data,A tiempo parcial,Jornada Completa,Sin Data,Iman Temporing,Sin Data
2026-08-06,Trabajoscom, Navarra, Navarra,Maquinista de linea,21.000 € - 26.000 €,Sin Data,De duracion determinada,Jornada Completa,Sin Data,Iman Temporing,Sin Data
2026-08-06,Trabajoscom, Barcelona, Barcelona,MOZO/A APARCACOCHES,Sin Data,Sin Data,De duracion determinada,Jornada Completa,Sin Data,Iman Temporing,Sin Data
2026-08-06,Trabajoscom, Valladolid, Valladolid,Ayudante de camarero/a o cocina,Sin Data,Sin Data,De duracion determinada,Media Jornada,Sin Data,Iman Temporing,Sin Data
2026-08-06,Trabajoscom, Barcelona, Barcelona,Auxiliar de farmacia - Centro Residencial DomusVi Regina,Sin Data,Sin Data,Indefinido,Jornada Completa,Sin Data,DomusVi,Sin Data
2026-08-06,Trabajoscom, Barcelona, Barcelona,Team Leader Comercial - Mercado Italiano,Sin Data,Sin Data,Indefinido,Jornada Completa,Sin Data,Crit Interim España ETT,Sin Data
2026-08-06,Trabajoscom, Madrid, Madrid,Operario/a Maquinista de Extrusión,Sin Data,Sin Data,De duracion determinada,Jornada Completa,Sin Data,Crit Interim España ETT,Sin Data
2026-08-06,Trabajoscom, Madrid, Madrid,MOZOS/AS  DE ALMACEN TURNO PARCIAL MAÑANA,Sin Data,Sin Data,A tiempo parcial,Jornada Completa,Sin Data,Iman Temporing,Sin Data
2026-08-06,Trabajoscom, Barcelona, Barcelona,Back Office Exportaciones,Sin Data,Sin Data,De duracion determinada,Jornada Completa,Sin Data,Iman Temporing,Sin Data
2026-08-06,Trabajoscom, La Rioja, La Rioja,REPARTIDOR/A POLIVALENTE CON APOYO A MONTAJE,Sin Data,Sin Data,De duracion determinada,Jornada Completa,Sin Data,Iman Temporing,Sin Data
2026-08-06,Trabajoscom, Barcelona, Barcelona,OPERARIO/A LÍNEA DE ENVASADO,Sin Data,Sin Data,De duracion determinada,Jornada Indiferente,Sin Data,Iman Temporing,Sin Data
2026-08-06,Trabajoscom, Jaén, Jaén,Operario de corte - Madera,Sin Data,Sin Data,Indefinido,Jornada Indiferente,Sin Data,Iman Temporing,Sin Data
2026-08-06,Trabajoscom, Barcelona, Barcelona,Manipulador/a Turno TARDE,Sin Data,Sin Data,De duracion determinada,Jornada Completa,Sin Data,Iman Temporing,Sin Data
2026-08-06,Trabajoscom, Zaragoza, Zaragoza,ADMINISTRATIVO/A CONTABLE,Sin Data,Sin Data,De duracion determinada,Jornada Indiferente,Sin Data,Iman Temporing,Sin Data
2026-08-06,Trabajoscom, Barcelona, Barcelona,Técnico/a de impuestos y nóminas,Sin Data,Sin Data,De duracion determinada,Jornada Completa,Sin Data,Iman Temporing,Sin Data
2026-08-06,Trabajoscom, Barcelona, Barcelona,Recambista Automoción - Call Center,Sin Data,Sin Data,De duracion determinada,Jornada Completa,Sin Data,Crit Interim España ETT,Sin Data
2026-08-06,Trabajoscom, Madrid, Madrid,Coordinador/a de servicios de hostelería,Sin Data,Sin Data,Indefinido,Jornada Completa,Sin Data,Royal Rooms,Sin Data
2026-08-06,Trabajoscom, Sevilla, Sevilla,Operario/a con formación del metal,Sin Data,Sin Data,De duracion determinada,Jornada Completa,Sin Data,Crit Interim España ETT,Sin Data
2026-08-06,Trabajoscom, Teruel, Teruel,Administrativo/a ( horario noche),Sin Data,Sin Data,Indefinido,Media Jornada,Sin Data,Iman Temporing,Sin Data
2026-08-06,Trabajoscom, Asturias, Asturias,Gerocultor/a - Auxiliar de enfermería Centro Residencial DomusVi Carancos,Sin Data,Sin Data,De duracion determinada,Jornada Completa,Sin Data,DomusVi,Sin Data
2026-08-06,Trabajoscom, Zamora, Zamora,Operario/a de Granja,Sin Data,Sin Data,Indefinido,Jornada Completa,Sin Data,Iman Temporing,Sin Data
2026-08-06,Trabajoscom, Baleares, Baleares,Repartidor/a con carnet B,Sin Data,Sin Data,A tiempo parcial,Jornada Completa,Sin Data,Iman Temporing,Sin Data
2026-08-06,Trabajoscom, Barcelona, Barcelona,Operario/a de Producción con Carretilla,Sin Data,Sin Data,De duracion determinada,Jornada Completa,Sin Data,Crit Interim España ETT,Sin Data
2026-08-06,Trabajoscom, Barcelona, Barcelona,Mozo/a de almacén carretilla frontal,17.860 €,Sin Data,De duracion determinada,Jornada Completa,Sin Data,Iman Temporing,Sin Data
2026-08-06,Trabajoscom, Murcia, Murcia,Operario/a de Granja (Lorca),Sin Data,Sin Data,Indefinido,Jornada Completa,Sin Data,Iman Temporing,Sin Data
2026-08-06,Trabajoscom, Toledo, Toledo,Operario/a de Industria Cárnica- Totanés,Sin Data,Sin Data,De duracion determinada,Jornada Completa,Sin Data,Iman Temporing,Sin Data
2026-08-06,Trabajoscom, Sevilla, Sevilla,Operario/a de calidad - línea de producción,Sin Data,Sin Data,De duracion determinada,Jornada Completa,Sin Data,Crit Interim España ETT,Sin Data
2026-08-06,Trabajoscom, Barcelona, Barcelona,Operario/a de producción,28.000 € - 33.000 €,Sin Data,De duracion determinada,Jornada Completa,Sin Data,Iman Temporing,Sin Data
2026-08-06,Trabajoscom, Jaén, Jaén,Mecanico/a de Vehículos Industriales,Sin Data,Sin Data,De duracion determinada,Jornada Completa,Sin Data,Iman Temporing,Sin Data
2026-08-06,Trabajoscom, Barcelona, Barcelona,Inspector/a de calidad,Sin Data,Sin Data,De duracion determinada,Jornada Completa,Sin Data,Crit Interim España ETT,Sin Data
2026-08-06,Trabajoscom, Sevilla, Sevilla,Operario/a fábrica de alimentación,Sin Data,Sin Data,De duracion determinada,Jornada Completa,Sin Data,Crit Interim España ETT,Sin Data
2026-08-06,Trabajoscom, Cantabria, Cantabria,Técnico/a Contable,Sin Data,Sin Data,Indefinido,Jornada Completa,Sin Data,Crit Interim España ETT,Sin Data
2026-08-06,Trabajoscom, Cantabria, Cantabria,Mozo/a de almacen con Carretilla,Sin Data,Sin Data,De duracion determinada,Jornada Completa,Sin Data,Crit Interim España ETT,Sin Data
2026-08-06,Trabajoscom, Araba, Araba,Administrativo/a inventario,24.000 €,Sin Data,Indefinido,Jornada Completa,Sin Data,Iman Global Consulting,Sin Data
2026-08-06,Trabajoscom, Madrid, Madrid,EJECUTIVO/A DE MARKETING,Sin Data,Sin Data,Indefinido,Jornada Completa,Sin Data,Iman Temporing,Sin Data
2026-08-06,Trabajoscom, Valladolid, Valladolid,Carretillero/a - Dias sueltos,Sin Data,Sin Data,De duracion determinada,Jornada Completa,Sin Data,Iman Temporing,Sin Data
2026-08-06,Trabajoscom, Cantabria, Cantabria,Operario/a producción,Sin Data,Sin Data,De duracion determinada,Jornada Completa,Sin Data,Crit Interim España ETT,Sin Data
2026-08-06,Trabajoscom, Lugo, Lugo,Ayudante de Cocina- Centro Residencial DomusVi Viveiro,Sin Data,Sin Data,De duracion determinada,Jornada Completa,Sin Data,DomusVi,Sin Data
2026-08-06,Trabajoscom, Cantabria, Cantabria,Mozo carga y descarga días sueltos (h/m),Sin Data,Sin Data,De duracion determinada,Media Jornada,Sin Data,Crit Interim España ETT,Sin Data
2026-08-06,Trabajoscom, Navarra, Navarra,Operario/a de Bodega,Sin Data,Sin Data,De duracion determinada,Jornada Completa,Sin Data,Iman Temporing,Sin Data
2026-08-06,Trabajoscom, Madrid, Madrid,Mozos/as de Evento ALCALÁ DE HENARES,Sin Data,Sin Data,De duracion determinada,Media Jornada,Sin Data,Pacto,Sin Data
2026-08-06,Trabajoscom, Bizkaia, Bizkaia,Comercial ventas concesionario,Sin Data,Sin Data,Indefinido,Jornada Completa,Sin Data,Iman Global Consulting,Sin Data
2026-08-06,Trabajoscom, Sevilla, Sevilla,Electromecánico/a industrial,25.000 € - 27.000 €,Sin Data,Indefinido,Jornada Completa,Sin Data,Crit Interim España ETT,Sin Data
2026-08-06,Trabajoscom, Barcelona, Barcelona,Mozos/as reponedor con apilador,Sin Data,Sin Data,De duracion determinada,Jornada Completa,Sin Data,Iman Temporing,Sin Data
2026-08-06,Trabajoscom, Madrid, Madrid,Técnico/a de Soporte Informático Nivel 1.,Sin Data,Sin Data,De duracion determinada,Jornada Completa,Sin Data,Iman Temporing,Sin Data
2026-08-06,Trabajoscom, Navarra, Navarra,Un/a Operario/a de Almacén,Sin Data,Sin Data,Indefinido,Jornada Completa,Sin Data,Pacto,Sin Data
2026-08-06,Trabajoscom, Bizkaia, Bizkaia,Operario/a Corte Sierra - Galdakao,Sin Data,Sin Data,De duracion determinada,Jornada Completa,Sin Data,Iman Temporing,Sin Data
2026-08-06,Trabajoscom, Barcelona, Barcelona,Personal de almacén con carnet B - Molins de Rei,Sin Data,Sin Data,De duracion determinada,Jornada Completa,Sin Data,Pacto,Sin Data
2026-08-06,Trabajoscom, Barcelona, Barcelona,Recruiter | Martorell,Sin Data,Sin Data,Indefinido,Jornada Completa,Sin Data,Iman Temporing,Sin Data
2026-08-06,Trabajoscom, Lleida, Lleida,Operario/a,Sin Data,Sin Data,De duracion determinada,Jornada Completa,Sin Data,Iman Temporing,Sin Data
2026-08-06,Trabajoscom, Madrid, Madrid,Mozo/a con carretilla retráctil,Sin Data,Sin Data,De duracion determinada,Jornada Completa,Sin Data,Iman Temporing,Sin Data
2026-08-06,Trabajoscom,Málaga,Benalmadena Costa,ASESOR/A COMERCIAL CON RUMANO – BENALMÁDENA (MÁLAGA),1.600 € - 1.850 €,Sin Data,Indefinido,Jornada Completa,Sin Data,Guiding Hands Team,Sin Data
2026-08-06,Trabajoscom,Teruel,Todo Teruel,Operario de Almacén en Países Bajos + Alojamiento Incluido | CEVA Logistics,14 € - 16 €,Sin Data,Indefinido,Jornada Completa,Sin Data,OTTO Work Force,Sin Data
2026-08-06,Trabajoscom,Zaragoza,Todo Zaragoza,Operario de Almacén en Países Bajos + Alojamiento Incluido | CEVA Logistics,14 € - 16 €,Sin Data,Indefinido,Jornada Completa,Sin Data,OTTO Work Force,Sin Data
2026-08-06,Trabajoscom,Ourense,Todo Ourense,Operario de Almacén en Países Bajos + Alojamiento Incluido | CEVA Logistics,14 € - 16 €,Sin Data,Indefinido,Jornada Completa,Sin Data,OTTO Work Force,Sin Data
2026-08-06,Trabajoscom,Valencia,Todo Valencia,Operario de Almacén en Países Bajos + Alojamiento Incluido | CEVA Logistics,14 € - 16 €,Sin Data,Indefinido,Jornada Completa,Sin Data,OTTO Work Force,Sin Data
2026-08-06,Trabajoscom,Segovia,Todo Segovia,Operario de Almacén en Países Bajos + Alojamiento Incluido | CEVA Logistics,14 € - 16 €,Sin Data,Indefinido,Jornada Completa,Sin Data,OTTO Work Force,Sin Data
2026-08-06,Trabajoscom,Lugo,Todo Lugo,Operario de Almacén en Países Bajos + Alojamiento Incluido | CEVA Logistics,14 € - 16 €,Sin Data,Indefinido,Jornada Completa,Sin Data,OTTO Work Force,Sin Data
2026-08-06,Trabajoscom,Soria,Todo Soria,Operario de Almacén en Países Bajos + Alojamiento Incluido | CEVA Logistics,14 € - 16 €,Sin Data,Indefinido,Jornada Completa,Sin Data,OTTO Work Force,Sin Data
2026-08-06,Trabajoscom,Tarragona,Todo Tarragona,Operario de Almacén en Países Bajos + Alojamiento Incluido | CEVA Logistics,14 € - 16 €,Sin Data,Indefinido,Jornada Completa,Sin Data,OTTO Work Force,Sin Data
2026-08-06,Trabajoscom,Barcelona,Todo Barcelona,Operario de Almacén en Países Bajos + Alojamiento Incluido | CEVA Logistics,14 € - 16 €,Sin Data,Indefinido,Jornada Completa,Sin Data,OTTO Work Force,Sin Data
2026-08-06,Trabajoscom,Cáceres,Todo Cáceres,Operario de Almacén en Países Bajos + Alojamiento Incluido | CEVA Logistics,14 € - 16 €,Sin Data,Indefinido,Jornada Completa,Sin Data,OTTO Work Force,Sin Data
2026-08-06,Trabajoscom,Ceuta,Todo Ceuta,Operario de Almacén en Países Bajos + Alojamiento Incluido | CEVA Logistics,14 € - 16 €,Sin Data,Indefinido,Jornada Completa,Sin Data,OTTO Work Force,Sin Data
2026-08-06,Trabajoscom,Almería,Todo Almería,Operario de Almacén en Países Bajos + Alojamiento Incluido | CEVA Logistics,14 € - 16 €,Sin Data,Indefinido,Jornada Completa,Sin Data,OTTO Work Force,Sin Data
2026-08-06,Trabajoscom,Burgos,Todo Burgos,Operario de Almacén en Países Bajos + Alojamiento Incluido | CEVA Logistics,14 € - 16 €,Sin Data,Indefinido,Jornada Completa,Sin Data,OTTO Work Force,Sin Data
2026-08-06,Trabajoscom,Ávila,Todo Ávila,Operario de Almacén en Países Bajos + Alojamiento Incluido | CEVA Logistics,14 € - 16 €,Sin Data,Indefinido,Jornada Completa,Sin Data,OTTO Work Force,Sin Data
2026-08-06,Trabajoscom,Badajoz,Todo Badajoz,Operario de Almacén en Países Bajos + Alojamiento Incluido | CEVA Logistics,14 € - 16 €,Sin Data,Indefinido,Jornada Completa,Sin Data,OTTO Work Force,Sin Data
2026-08-06,Trabajoscom,Huelva,Todo Huelva,Operario de Almacén en Países Bajos + Alojamiento Incluido | CEVA Logistics,14 € - 16 €,Sin Data,Indefinido,Jornada Completa,Sin Data,OTTO Work Force,Sin Data
2026-08-06,Trabajoscom,Huesca,Todo Huesca,Operario de Almacén en Países Bajos + Alojamiento Incluido | CEVA Logistics,14 € - 16 €,Sin Data,Indefinido,Jornada Completa,Sin Data,OTTO Work Force,Sin Data
2026-08-06,Trabajoscom,Tenerife,Todo Tenerife,Operario de Almacén en Países Bajos + Alojamiento Incluido | CEVA Logistics,14 € - 16 €,Sin Data,Indefinido,Jornada Completa,Sin Data,OTTO Work Force,Sin Data
2026-08-06,Trabajoscom,Salamanca,Todo Salamanca,Operario de Almacén en Países Bajos + Alojamiento Incluido | CEVA Logistics,14 € - 16 €,Sin Data,Indefinido,Jornada Completa,Sin Data,OTTO Work Force,Sin Data
2026-08-06,Trabajoscom,Granada,Todo Granada,Operario de Almacén en Países Bajos + Alojamiento Incluido | CEVA Logistics,14 € - 16 €,Sin Data,Indefinido,Jornada Completa,Sin Data,OTTO Work Force,Sin Data
2026-08-06,Trabajoscom,Navarra,Todo Navarra,Operario de Almacén en Países Bajos + Alojamiento Incluido | CEVA Logistics,14 € - 16 €,Sin Data,Indefinido,Jornada Completa,Sin Data,OTTO Work Force,Sin Data
2026-08-06,Trabajoscom,Málaga,Todo Málaga,Operario de Almacén en Países Bajos + Alojamiento Incluido | CEVA Logistics,14 € - 16 €,Sin Data,Indefinido,Jornada Completa,Sin Data,OTTO Work Force,Sin Data
2026-08-06,Trabajoscom,Alicante,Todo Alicante,Operario/a de Almacén GXO Logistics + Alojamiento Incluido,14 € - 16 €,Sin Data,Indefinido,Jornada Intensiva,Sin Data,OTTO Work Force,Sin Data
2026-08-06,Trabajoscom,Barcelona,Todo Barcelona,Operario/a de Almacén GXO Logistics + Alojamiento Incluido,14 € - 16 €,Sin Data,Indefinido,Jornada Intensiva,Sin Data,OTTO Work Force,Sin Data
2026-08-06,Trabajoscom,Asturias,Todo Asturias,Operario/a de Almacén GXO Logistics + Alojamiento Incluido,14 € - 16 €,Sin Data,Indefinido,Jornada Intensiva,Sin Data,OTTO Work Force,Sin Data
2026-08-06,Trabajoscom,Zaragoza,Todo Zaragoza,Operario/a de Almacén en Boon Food + Alojamiento Incluido | Países Bajos,14 € - 17 €,Sin Data,Indefinido,Jornada Intensiva,Sin Data,OTTO Work Force,Sin Data
2026-08-06,Trabajoscom,Almería,Todo Almería,Operario/a de Almacén GXO Logistics + Alojamiento Incluido,14 € - 16 €,Sin Data,Indefinido,Jornada Intensiva,Sin Data,OTTO Work Force,Sin Data
2026-08-06,Trabajoscom,Madrid,Todo Madrid,Operario/a de Almacén GXO Logistics + Alojamiento Incluido,14 € - 16 €,Sin Data,Indefinido,Jornada Intensiva,Sin Data,OTTO Work Force,Sin Data
2026-08-06,Trabajoscom,Palencia,Todo Palencia,Operario/a de Almacén GXO Logistics + Alojamiento Incluido,14 € - 16 €,Sin Data,Indefinido,Jornada Intensiva,Sin Data,OTTO Work Force,Sin Data
2026-08-06,Trabajoscom,Soria,Todo Soria,Operario/a de Almacén GXO Logistics + Alojamiento Incluido,14 € - 16 €,Sin Data,Indefinido,Jornada Intensiva,Sin Data,OTTO Work Force,Sin Data
2026-08-06,Trabajoscom,Teruel,Todo Teruel,Operario/a de Almacén GXO Logistics + Alojamiento Incluido,14 € - 16 €,Sin Data,Indefinido,Jornada Intensiva,Sin Data,OTTO Work Force,Sin Data
2026-08-06,Trabajoscom,Melilla,Todo Melilla,Operario/a de Almacén GXO Logistics + Alojamiento Incluido,14 € - 16 €,Sin Data,Indefinido,Jornada Intensiva,Sin Data,OTTO Work Force,Sin Data
2026-08-06,Trabajoscom,Segovia,Todo Segovia,Operario/a de Almacén GXO Logistics + Alojamiento Incluido,14 € - 16 €,Sin Data,Indefinido,Jornada Intensiva,Sin Data,OTTO Work Force,Sin Data
2026-08-06,Trabajoscom,Cantabria,Todo Cantabria,Operario/a de Almacén GXO Logistics + Alojamiento Incluido,14 € - 16 €,Sin Data,Indefinido,Jornada Intensiva,Sin Data,OTTO Work Force,Sin Data
2026-08-06,Trabajoscom,León,Todo León,Operario/a de Almacén GXO Logistics + Alojamiento Incluido,14 € - 16 €,Sin Data,Indefinido,Jornada Intensiva,Sin Data,OTTO Work Force,Sin Data
2026-08-06,Trabajoscom,Ceuta,Todo Ceuta,Operario/a de Almacén GXO Logistics + Alojamiento Incluido,14 € - 16 €,Sin Data,Indefinido,Jornada Intensiva,Sin Data,OTTO Work Force,Sin Data
2026-08-06,Trabajoscom,Cádiz,Todo Cádiz,Operario/a de Almacén GXO Logistics + Alojamiento Incluido,14 € - 16 €,Sin Data,Indefinido,Jornada Intensiva,Sin Data,OTTO Work Force,Sin Data
2026-08-06,Trabajoscom,Granada,Todo Granada,Operario/a de Almacén en Boon Food + Alojamiento Incluido | Países Bajos,14 € - 17 €,Sin Data,Indefinido,Jornada Intensiva,Sin Data,OTTO Work Force,Sin Data
2026-08-06,Trabajoscom,Valladolid,Todo Valladolid,Operario/a de Almacén en Boon Food + Alojamiento Incluido | Países Bajos,14 € - 17 €,Sin Data,Indefinido,Jornada Intensiva,Sin Data,OTTO Work Force,Sin Data
2026-08-06,Trabajoscom,Pontevedra,Todo Pontevedra,Operario/a de Almacén en Boon Food + Alojamiento Incluido | Países Bajos,14 € - 17 €,Sin Data,Indefinido,Jornada Intensiva,Sin Data,OTTO Work Force,Sin Data
2026-08-06,Trabajoscom,Toledo,Todo Toledo,Operario/a de Almacén en Boon Food + Alojamiento Incluido | Países Bajos,14 € - 17 €,Sin Data,Indefinido,Jornada Intensiva,Sin Data,OTTO Work Force,Sin Data
2026-08-06,Trabajoscom,Badajoz,Todo Badajoz,Operario/a de Almacén GXO Logistics + Alojamiento Incluido,14 € - 16 €,Sin Data,Indefinido,Jornada Intensiva,Sin Data,OTTO Work Force,Sin Data
2026-08-06,Trabajoscom,Alicante,Todo Alicante,Operario/a de Almacén GXO Logistics + Alojamiento Incluido,14 € - 16 €,Sin Data,Indefinido,Jornada Intensiva,Sin Data,OTTO Work Force,Sin Data
2026-08-06,Trabajoscom,Asturias,Todo Asturias,Operario/a de Almacén GXO Logistics + Alojamiento Incluido,14 € - 16 €,Sin Data,Indefinido,Jornada Intensiva,Sin Data,OTTO Work Force,Sin Data
2026-08-06,Trabajoscom,Barcelona,Todo Barcelona,Operario/a de Almacén GXO Logistics + Alojamiento Incluido,14 € - 16 €,Sin Data,Indefinido,Jornada Intensiva,Sin Data,OTTO Work Force,Sin Data
2026-08-06,Trabajoscom,Zaragoza,Todo Zaragoza,Operario/a de Almacén en Boon Food + Alojamiento Incluido | Países Bajos,14 € - 17 €,Sin Data,Indefinido,Jornada Intensiva,Sin Data,OTTO Work Force,Sin Data
2026-08-06,Trabajoscom,Almería,Todo Almería,Operario/a de Almacén GXO Logistics + Alojamiento Incluido,14 € - 16 €,Sin Data,Indefinido,Jornada Intensiva,Sin Data,OTTO Work Force,Sin Data
2026-08-06,Trabajoscom,Madrid,Todo Madrid,Operario/a de Almacén GXO Logistics + Alojamiento Incluido,14 € - 16 €,Sin Data,Indefinido,Jornada Intensiva,Sin Data,OTTO Work Force,Sin Data
2026-08-06,Trabajoscom,Palencia,Todo Palencia,Operario/a de Almacén GXO Logistics + Alojamiento Incluido,14 € - 16 €,Sin Data,Indefinido,Jornada Intensiva,Sin Data,OTTO Work Force,Sin Data
2026-08-06,Trabajoscom,Soria,Todo Soria,Operario/a de Almacén GXO Logistics + Alojamiento Incluido,14 € - 16 €,Sin Data,Indefinido,Jornada Intensiva,Sin Data,OTTO Work Force,Sin Data
2026-08-06,Trabajoscom,Melilla,Todo Melilla,Operario/a de Almacén GXO Logistics + Alojamiento Incluido,14 € - 16 €,Sin Data,Indefinido,Jornada Intensiva,Sin Data,OTTO Work Force,Sin Data
2026-08-06,Trabajoscom,Segovia,Todo Segovia,Operario/a de Almacén GXO Logistics + Alojamiento Incluido,14 € - 16 €,Sin Data,Indefinido,Jornada Intensiva,Sin Data,OTTO Work Force,Sin Data
2026-08-06,Trabajoscom,Teruel,Todo Teruel,Operario/a de Almacén GXO Logistics + Alojamiento Incluido,14 € - 16 €,Sin Data,Indefinido,Jornada Intensiva,Sin Data,OTTO Work Force,Sin Data
2026-08-06,Trabajoscom,Cantabria,Todo Cantabria,Operario/a de Almacén GXO Logistics + Alojamiento Incluido,14 € - 16 €,Sin Data,Indefinido,Jornada Intensiva,Sin Data,OTTO Work Force,Sin Data
2026-08-06,Trabajoscom,León,Todo León,Operario/a de Almacén GXO Logistics + Alojamiento Incluido,14 € - 16 €,Sin Data,Indefinido,Jornada Intensiva,Sin Data,OTTO Work Force,Sin Data
2026-08-06,Trabajoscom,Cádiz,Todo Cádiz,Operario/a de Almacén GXO Logistics + Alojamiento Incluido,14 € - 16 €,Sin Data,Indefinido,Jornada Intensiva,Sin Data,OTTO Work Force,Sin Data
2026-08-06,Trabajoscom,Ceuta,Todo Ceuta,Operario/a de Almacén GXO Logistics + Alojamiento Incluido,14 € - 16 €,Sin Data,Indefinido,Jornada Intensiva,Sin Data,OTTO Work Force,Sin Data
2026-08-06,Trabajoscom,Cáceres,Todo Cáceres,Operario/a de Almacén GXO Logistics + Alojamiento Incluido,14 € - 16 €,Sin Data,Indefinido,Jornada Intensiva,Sin Data,OTTO Work Force,Sin Data
2026-08-06,Trabajoscom,Gipuzkoa,Todo Gipuzkoa,Operario/a de Almacén GXO Logistics + Alojamiento Incluido,14 € - 16 €,Sin Data,Indefinido,Jornada Intensiva,Sin Data,OTTO Work Force,Sin Data
2026-08-06,Trabajoscom,Valladolid,Rueda,Electromecánico/a. Jorn. mañanas.,Sin Data,Sin Data,Indefinido,Jornada Intensiva,Sin Data,Grupo Adecco,Sin Data
2026-08-06,Trabajoscom,Badajoz,Todo Badajoz,Operario/a Almacén PVH (Tommy Hilfiger & Calvin Klein) | Países Bajos con Alojamiento,15 € - 17 €,Sin Data,Indefinido,Jornada Intensiva,Sin Data,OTTO Work Force,Sin Data
2026-08-06,Trabajoscom,Almería,Todo Almería,Operario/a Almacén PVH (Tommy Hilfiger & Calvin Klein) | Países Bajos con Alojamiento,15 € - 17 €,Sin Data,Indefinido,Jornada Intensiva,Sin Data,OTTO Work Force,Sin Data
2026-08-06,Trabajoscom,Baleares,Todo Baleares,Operario/a Almacén PVH (Tommy Hilfiger & Calvin Klein) | Países Bajos con Alojamiento,15 € - 17 €,Sin Data,Indefinido,Jornada Intensiva,Sin Data,OTTO Work Force,Sin Data
2026-08-06,Trabajoscom,Alicante,Todo Alicante,Operario/a Almacén PVH (Tommy Hilfiger & Calvin Klein) | Países Bajos con Alojamiento,15 € - 17 €,Sin Data,Indefinido,Jornada Intensiva,Sin Data,OTTO Work Force,Sin Data
2026-08-06,Trabajoscom,Valencia,Todo Valencia,Operario/a de Almacén GXO Logistics + Alojamiento Incluido,14 € - 16 €,Sin Data,Indefinido,Jornada Intensiva,Sin Data,OTTO Work Force,Sin Data
2026-08-06,Trabajoscom,Gipuzkoa,Todo Gipuzkoa,Operario/a Almacén PVH (Tommy Hilfiger & Calvin Klein) | Países Bajos con Alojamiento,15 € - 17 €,Sin Data,Indefinido,Jornada Intensiva,Sin Data,OTTO Work Force,Sin Data
2026-08-06,Trabajoscom,Ceuta,Todo Ceuta,Operario/a Almacén PVH (Tommy Hilfiger & Calvin Klein) | Países Bajos con Alojamiento,15 € - 17 €,Sin Data,Indefinido,Jornada Intensiva,Sin Data,OTTO Work Force,Sin Data
2026-08-06,Trabajoscom,Burgos,Todo Burgos,Operario/a Almacén PVH (Tommy Hilfiger & Calvin Klein) | Países Bajos con Alojamiento,15 € - 17 €,Sin Data,Indefinido,Jornada Intensiva,Sin Data,OTTO Work Force,Sin Data
2026-08-06,Trabajoscom,Cuenca,Todo Cuenca,Operario/a Almacén PVH (Tommy Hilfiger & Calvin Klein) | Países Bajos con Alojamiento,15 € - 17 €,Sin Data,Indefinido,Jornada Intensiva,Sin Data,OTTO Work Force,Sin Data
2026-08-06,Trabajoscom,Navarra,Todo Navarra,Operario/a Almacén PVH (Tommy Hilfiger & Calvin Klein) | Países Bajos con Alojamiento,15 € - 17 €,Sin Data,Indefinido,Jornada Intensiva,Sin Data,OTTO Work Force,Sin Data
2026-08-06,Trabajoscom,Huesca,Todo Huesca,Operario/a Almacén PVH (Tommy Hilfiger & Calvin Klein) | Países Bajos con Alojamiento,15 € - 17 €,Sin Data,Indefinido,Jornada Intensiva,Sin Data,OTTO Work Force,Sin Data
2026-08-06,Trabajoscom,Tenerife,Todo Tenerife,Operario/a Almacén PVH (Tommy Hilfiger & Calvin Klein) | Países Bajos con Alojamiento,15 € - 17 €,Sin Data,Indefinido,Jornada Intensiva,Sin Data,OTTO Work Force,Sin Data
2026-08-06,Trabajoscom,Ourense,Todo Ourense,Operario/a Almacén PVH (Tommy Hilfiger & Calvin Klein) | Países Bajos con Alojamiento,15 € - 17 €,Sin Data,Indefinido,Jornada Intensiva,Sin Data,OTTO Work Force,Sin Data
2026-08-06,Trabajoscom,Rioja,Todo Rioja,Operario/a Almacén PVH (Tommy Hilfiger & Calvin Klein) | Países Bajos con Alojamiento,15 € - 17 €,Sin Data,Indefinido,Jornada Intensiva,Sin Data,OTTO Work Force,Sin Data
2026-08-06,Trabajoscom,Zaragoza,Todo Zaragoza,Operario/a Almacén PVH (Tommy Hilfiger & Calvin Klein) | Países Bajos con Alojamiento,15 € - 17 €,Sin Data,Indefinido,Jornada Intensiva,Sin Data,OTTO Work Force,Sin Data
2026-08-06,Trabajoscom,Toledo,Todo Toledo,Operario/a Almacén PVH (Tommy Hilfiger & Calvin Klein) | Países Bajos con Alojamiento,15 € - 17 €,Sin Data,Indefinido,Jornada Intensiva,Sin Data,OTTO Work Force,Sin Data
2026-08-06,Trabajoscom,Valladolid,Todo Valladolid,Operario/a Almacén PVH (Tommy Hilfiger & Calvin Klein) | Países Bajos con Alojamiento,15 € - 17 €,Sin Data,Indefinido,Jornada Intensiva,Sin Data,OTTO Work Force,Sin Data
2026-08-06,Trabajoscom,Valencia,Todo Valencia,Operario/a Almacén PVH (Tommy Hilfiger & Calvin Klein) | Países Bajos con Alojamiento,15 € - 17 €,Sin Data,Indefinido,Jornada Intensiva,Sin Data,OTTO Work Force,Sin Data
2026-08-06,Trabajoscom,Baleares,Todo Baleares,Operario/a de Almacén en Boon Food + Alojamiento Incluido | Países Bajos,14 € - 17 €,Sin Data,Indefinido,Jornada Intensiva,Sin Data,OTTO Work Force,Sin Data
2026-08-06,Trabajoscom,Cáceres,Todo Cáceres,Operario/a de Almacén en Boon Food + Alojamiento Incluido | Países Bajos,14 € - 17 €,Sin Data,Indefinido,Jornada Intensiva,Sin Data,OTTO Work Force,Sin Data
2026-08-06,Trabajoscom,Barcelona,Sant Quirze Del Vallès,Técnico/a de mantenimiento,Sin Data,Sin Data,Indefinido,Jornada Completa,Sin Data,Grupo Adecco,Sin Data
2026-08-06,Trabajoscom,Madrid,Todo Madrid,ASESOR INMOBILIARIO LEGANES - ALUCHE,1.300 € - 2.600 €,Sin Data,Indefinido,Jornada Completa,Sin Data,Tecnocasa,Sin Data
2026-08-06,Trabajoscom,Sevilla,Todo Sevilla,COMERCIAL VENTAS,14.700 € - 15.000 €,Sin Data,Indefinido,Media Jornada,Sin Data,Depurlife,Sin Data
2026-08-06,Trabajoscom,Bizkaia,Bilbao,Repartidores/as en zona Bizkaia,Sin Data,Sin Data,De duracion determinada,Jornada Completa,Sin Data,Temps,Sin Data
2026-08-06,Trabajoscom,Tarragona,Tarragona,MECÁNICO/A AJUSTADOR/A,Sin Data,Sin Data,Indefinido,Jornada Completa,Sin Data,Grupo Adecco,Sin Data
2026-08-06,Trabajoscom,Cádiz,Cadiz,Oficial Albañiles en Cádiz.,1.700 € - 1.900 €,Sin Data,Fijo discontinuo,Jornada Completa,Sin Data,Franmar Work Solution,Sin Data
2026-08-06,Trabajoscom,Sevilla,Sevilla,Oficiales de Albañilería Sevilla,2.000 € - 2.200 €,Sin Data,Fijo discontinuo,Jornada Completa,Sin Data,Franmar Work Solution,Sin Data
2026-08-06,Trabajoscom,Madrid,Todo Madrid,"Oficiales Electricistas – Valdebebas, Madrid",2.000 € - 2.200 €,Sin Data,Fijo discontinuo,Jornada Completa,Sin Data,Franmar Work Solution,Sin Data
2026-08-06,Trabajoscom,Pontevedra,O Grove (San Martin P.),Operarios/as producción conservera - O GROVE,Sin Data,Sin Data,De duracion determinada,Jornada Completa,Sin Data,Grupo Adecco,Sin Data
2026-08-06,Trabajoscom,Tarragona,Salou,Recepcionista Nocturno/a Hotel - Salou,Sin Data,Sin Data,De duracion determinada,Media Jornada,Sin Data,Grupo Adecco,Sin Data
2026-08-06,Trabajoscom,Madrid,Madrid,Carretillero/a con SAP,Sin Data,Sin Data,De duracion determinada,Media Jornada,Sin Data,Grupo Adecco,Sin Data
2026-08-06,Trabajoscom,Madrid,Madrid,Conductor/a Repartidor/a - Mozo/a de Almacén,Sin Data,Sin Data,De duracion determinada,Jornada Completa,Sin Data,Grupo Adecco,Sin Data
2026-08-06,Trabajoscom,Barcelona,Esplugues De Llobregat,Cajero/a de Supermercado - Fines de Semana Esplugues,Sin Data,Sin Data,Indefinido,Jornada Intensiva,Sin Data,CH Montferrer,Sin Data
2026-08-06,Trabajoscom,Barcelona,Mollet Del Vallès,Operario/a de producción (Alimentación) - Estable,Sin Data,Sin Data,Indefinido,Jornada Completa,Sin Data,Grupo Adecco,Sin Data
2026-08-06,Trabajoscom,A Coruña,Boiro - Boiro,REESCRIBE TU CARRERA BOIRO,Sin Data,Sin Data,Indefinido,Jornada Completa,Sin Data,Grupo Adecco,Sin Data
2026-08-06,Trabajoscom,Huesca,Todo Huesca,Repartidor/a en Albert Heijn con alojamiento incluido y bono de 400 € - Países Bajos,17 € - 18 €,Sin Data,Indefinido,Jornada Completa,Sin Data,OTTO Work Force,Sin Data
2026-08-06,Trabajoscom,Palmas,Todo Palmas,Repartidor/a en Albert Heijn con alojamiento incluido y bono de 400 € - Países Bajos,17 € - 18 €,Sin Data,Indefinido,Jornada Completa,Sin Data,OTTO Work Force,Sin Data
2026-08-06,Trabajoscom,Badajoz,Todo Badajoz,Repartidor/a en Albert Heijn con alojamiento incluido y bono de 400 € - Países Bajos,17 € - 18 €,Sin Data,Indefinido,Jornada Completa,Sin Data,OTTO Work Force,Sin Data
2026-08-06,Trabajoscom,Girona,Todo Girona,Repartidor/a en Albert Heijn con alojamiento incluido y bono de 400 € - Países Bajos,17 € - 18 €,Sin Data,Indefinido,Jornada Completa,Sin Data,OTTO Work Force,Sin Data
2026-08-06,Trabajoscom,Tenerife,Todo Tenerife,Repartidor/a en Albert Heijn con alojamiento incluido y bono de 400 € - Países Bajos,17 € - 18 €,Sin Data,Indefinido,Jornada Completa,Sin Data,OTTO Work Force,Sin Data
2026-08-06,Trabajoscom,Bizkaia,Izurtza,Fisioterapeuta una jornada de 3h al mes en Izurtza,800 € - 900 €,Sin Data,Indefinido,Trabajo Por Horas,Sin Data,Fisioterapia y Psicología para Empresas,Sin Data
2026-08-06,Trabajoscom, Madrid, Madrid,Personal Gasolinera (H/M/D)  CON DISCAPACIDAD - Cobeña,17.000 € - 17.500 €,Sin Data,Discapacidad,Jornada Completa,Sin Data,Ilunion,Sin Data
2026-08-06,Trabajoscom,Murcia,Alhama De Murcia,Conductor de Tráiler - Indefinido,2.400 € - 2.600 €,Sin Data,Indefinido,Jornada Completa,Sin Data,ELLTRUCK,Sin Data
2026-08-06,Trabajoscom,Madrid,San Fernando De Henares,CONDUCTOR TRÁILER MADRID SAN FERNANDO DE HENARES,34.000 € - 35.000 €,Sin Data,Indefinido,Jornada Completa,Sin Data,A Tu Hora Express,Sin Data
2026-08-06,Trabajoscom,Burgos,Burgos,Servicio de limpieza en Burgos,Sin Data,Sin Data,De duracion determinada,Trabajo Por Horas,Sin Data,Trigo y Martin Asociados,Sin Data
2026-08-06,Trabajoscom,Coruña,Todo Coruña,Soldador/a TIG en Tanis - (horario de mañana 07:00-16:00),28 € - 29 €,Sin Data,Indefinido,Jornada Intensiva,Sin Data,OTTO Work Force,Sin Data
2026-08-06,Trabajoscom,Cantabria,Todo Cantabria,Soldador/a TIG en Tanis - (horario de mañana 07:00-16:00),28 € - 29 €,Sin Data,Indefinido,Jornada Intensiva,Sin Data,OTTO Work Force,Sin Data
2026-08-06,Trabajoscom,Alicante,Todo Alicante,Soldador/a TIG en Tanis - (horario de mañana 07:00-16:00),28 € - 29 €,Sin Data,Indefinido,Jornada Intensiva,Sin Data,OTTO Work Force,Sin Data
2026-08-06,Trabajoscom,Burgos,Todo Burgos,Soldador/a TIG en Tanis - (horario de mañana 07:00-16:00),28 € - 29 €,Sin Data,Indefinido,Jornada Intensiva,Sin Data,OTTO Work Force,Sin Data
2026-08-06,Trabajoscom,Bizkaia,Todo Bizkaia,Soldador/a TIG en Tanis - (horario de mañana 07:00-16:00),28 € - 29 €,Sin Data,Indefinido,Jornada Intensiva,Sin Data,OTTO Work Force,Sin Data
2026-08-06,Trabajoscom,Almería,Todo Almería,Soldador/a TIG en Tanis - (horario de mañana 07:00-16:00),28 € - 29 €,Sin Data,Indefinido,Jornada Intensiva,Sin Data,OTTO Work Force,Sin Data
2026-08-06,Trabajoscom,Barcelona,Todo Barcelona,Soldador/a TIG en Tanis - (horario de mañana 07:00-16:00),28 € - 29 €,Sin Data,Indefinido,Jornada Intensiva,Sin Data,OTTO Work Force,Sin Data
2026-08-06,Trabajoscom,Badajoz,Todo Badajoz,Soldador/a TIG en Tanis - (horario de mañana 07:00-16:00),28 € - 29 €,Sin Data,Indefinido,Jornada Intensiva,Sin Data,OTTO Work Force,Sin Data
2026-08-06,Trabajoscom,Castellón,Todo Castellón,Repartidor/a en Albert Heijn con alojamiento incluido y bono de 400 € - Países Bajos,17 € - 18 €,Sin Data,Indefinido,Jornada Completa,Sin Data,OTTO Work Force,Sin Data
2026-08-06,Trabajoscom,Cantabria,Todo Cantabria,Repartidor/a en Albert Heijn con alojamiento incluido y bono de 400 € - Países Bajos,17 € - 18 €,Sin Data,Indefinido,Jornada Completa,Sin Data,OTTO Work Force,Sin Data
2026-08-06,Trabajoscom,Sevilla,Todo Sevilla,Repartidor/a en Albert Heijn con alojamiento incluido y bono de 400 € - Países Bajos,17 € - 18 €,Sin Data,Indefinido,Jornada Completa,Sin Data,OTTO Work Force,Sin Data
2026-08-06,Trabajoscom,Valencia,Todo Valencia,Repartidor/a en Albert Heijn con alojamiento incluido y bono de 400 € - Países Bajos,17 € - 18 €,Sin Data,Indefinido,Jornada Completa,Sin Data,OTTO Work Force,Sin Data
2026-08-06,Trabajoscom,Huelva,Todo Huelva,Preparador/a de Pedidos en Albert Heijn Online | Alojamiento + 300€ Bono Bienvenida,17 € - 18 €,Sin Data,Indefinido,Jornada Completa,Sin Data,OTTO Work Force,Sin Data
2026-08-06,Trabajoscom,Lugo,Todo Lugo,Preparador/a de Pedidos en Albert Heijn Online | Alojamiento + 300€ Bono Bienvenida,17 € - 18 €,Sin Data,Indefinido,Jornada Completa,Sin Data,OTTO Work Force,Sin Data
2026-08-06,Trabajoscom,Granada,Todo Granada,Preparador/a de Pedidos en Albert Heijn Online | Alojamiento + 300€ Bono Bienvenida,17 € - 18 €,Sin Data,Indefinido,Jornada Completa,Sin Data,OTTO Work Force,Sin Data
2026-08-06,Trabajoscom,Gipuzkoa,Todo Gipuzkoa,Preparador/a de Pedidos en Albert Heijn Online | Alojamiento + 300€ Bono Bienvenida,17 € - 18 €,Sin Data,Indefinido,Jornada Completa,Sin Data,OTTO Work Force,Sin Data
2026-08-06,Trabajoscom,Cantabria,Todo Cantabria,Preparador/a de Pedidos en Albert Heijn Online | Alojamiento + 300€ Bono Bienvenida,17 € - 18 €,Sin Data,Indefinido,Jornada Completa,Sin Data,OTTO Work Force,Sin Data
2026-08-06,Trabajoscom,Burgos,Todo Burgos,Preparador/a de Pedidos en Albert Heijn Online | Alojamiento + 300€ Bono Bienvenida,17 € - 18 €,Sin Data,Indefinido,Jornada Completa,Sin Data,OTTO Work Force,Sin Data
2026-08-06,Trabajoscom,Cádiz,Todo Cádiz,Preparador/a de Pedidos en Albert Heijn Online | Alojamiento + 300€ Bono Bienvenida,17 € - 18 €,Sin Data,Indefinido,Jornada Completa,Sin Data,OTTO Work Force,Sin Data
2026-08-06,Trabajoscom,Granada,Todo Granada,Soldador/a TIG en Tanis - (horario de mañana 07:00-16:00),28 € - 29 €,Sin Data,Indefinido,Jornada Intensiva,Sin Data,OTTO Work Force,Sin Data
2026-08-06,Trabajoscom,Girona,Todo Girona,Soldador/a TIG en Tanis - (horario de mañana 07:00-16:00),28 € - 29 €,Sin Data,Indefinido,Jornada Intensiva,Sin Data,OTTO Work Force,Sin Data
2026-08-06,Trabajoscom,Tenerife,Todo Tenerife,Soldador/a TIG en Tanis - (horario de mañana 07:00-16:00),28 € - 29 €,Sin Data,Indefinido,Jornada Intensiva,Sin Data,OTTO Work Force,Sin Data
2026-08-06,Trabajoscom,Tarragona,Todo Tarragona,Soldador/a TIG en Tanis - (horario de mañana 07:00-16:00),28 € - 29 €,Sin Data,Indefinido,Jornada Intensiva,Sin Data,OTTO Work Force,Sin Data
2026-08-06,Trabajoscom,Salamanca,Todo Salamanca,Soldador/a TIG en Tanis - (horario de mañana 07:00-16:00),28 € - 29 €,Sin Data,Indefinido,Jornada Intensiva,Sin Data,OTTO Work Force,Sin Data
2026-08-06,Trabajoscom,Segovia,Todo Segovia,Soldador/a TIG en Tanis - (horario de mañana 07:00-16:00),28 € - 29 €,Sin Data,Indefinido,Jornada Intensiva,Sin Data,OTTO Work Force,Sin Data
2026-08-06,Trabajoscom,Toledo,Todo Toledo,Soldador/a TIG en Tanis - (horario de mañana 07:00-16:00),28 € - 29 €,Sin Data,Indefinido,Jornada Intensiva,Sin Data,OTTO Work Force,Sin Data
2026-08-06,Trabajoscom,Córdoba,Todo Córdoba,Repartidor/a en Albert Heijn con alojamiento incluido y bono de 400 € - Países Bajos,17 € - 18 €,Sin Data,Indefinido,Jornada Completa,Sin Data,OTTO Work Force,Sin Data
2026-08-06,Trabajoscom,Soria,Todo Soria,Repartidor/a en Albert Heijn con alojamiento incluido y bono de 400 € - Países Bajos,17 € - 18 €,Sin Data,Indefinido,Jornada Completa,Sin Data,OTTO Work Force,Sin Data
2026-08-06,Trabajoscom,Toledo,Todo Toledo,Repartidor/a en Albert Heijn con alojamiento incluido y bono de 400 € - Países Bajos,17 € - 18 €,Sin Data,Indefinido,Jornada Completa,Sin Data,OTTO Work Force,Sin Data
2026-08-06,Trabajoscom,Valladolid,Todo Valladolid,Repartidor/a en Albert Heijn con alojamiento incluido y bono de 400 € - Países Bajos,17 € - 18 €,Sin Data,Indefinido,Jornada Completa,Sin Data,OTTO Work Force,Sin Data
2026-08-06,Trabajoscom,Melilla,Todo Melilla,Repartidor/a en Albert Heijn con alojamiento incluido y bono de 400 € - Países Bajos,17 € - 18 €,Sin Data,Indefinido,Jornada Completa,Sin Data,OTTO Work Force,Sin Data
2026-08-06,Trabajoscom,Málaga,Todo Málaga,Repartidor/a en Albert Heijn con alojamiento incluido y bono de 400 € - Países Bajos,17 € - 18 €,Sin Data,Indefinido,Jornada Completa,Sin Data,OTTO Work Force,Sin Data
2026-08-06,Trabajoscom,Tenerife,Todo Tenerife,Repartidor/a en Albert Heijn con alojamiento incluido y bono de 400 € - Países Bajos,17 € - 18 €,Sin Data,Indefinido,Jornada Completa,Sin Data,OTTO Work Force,Sin Data
2026-08-06,Trabajoscom,Bizkaia,Izurtza,Fisioterapeuta una jornada de 3h al mes en Izurtza,800 € - 900 €,Sin Data,Indefinido,Trabajo Por Horas,Sin Data,Fisioterapia y Psicología para Empresas,Sin Data
2026-08-06,Trabajoscom, Madrid, Madrid,Personal Gasolinera (H/M/D)  CON DISCAPACIDAD - Cobeña,17.000 € - 17.500 €,Sin Data,Discapacidad,Jornada Completa,Sin Data,Ilunion,Sin Data
2026-08-06,Trabajoscom,Murcia,Alhama De Murcia,Conductor de Tráiler - Indefinido,2.400 € - 2.600 €,Sin Data,Indefinido,Jornada Completa,Sin Data,ELLTRUCK,Sin Data
2026-08-06,Trabajoscom,Burgos,Burgos,Servicio de limpieza en Burgos,Sin Data,Sin Data,De duracion determinada,Trabajo Por Horas,Sin Data,Trigo y Martin Asociados,Sin Data
2026-08-06,Trabajoscom,Madrid,San Fernando De Henares,CONDUCTOR TRÁILER MADRID SAN FERNANDO DE HENARES,34.000 € - 35.000 €,Sin Data,Indefinido,Jornada Completa,Sin Data,A Tu Hora Express,Sin Data
2026-08-06,Trabajoscom,Coruña,Todo Coruña,Soldador/a TIG en Tanis - (horario de mañana 07:00-16:00),28 € - 29 €,Sin Data,Indefinido,Jornada Intensiva,Sin Data,OTTO Work Force,Sin Data
2026-08-06,Trabajoscom,Cantabria,Todo Cantabria,Soldador/a TIG en Tanis - (horario de mañana 07:00-16:00),28 € - 29 €,Sin Data,Indefinido,Jornada Intensiva,Sin Data,OTTO Work Force,Sin Data
2026-08-06,Trabajoscom,Alicante,Todo Alicante,Soldador/a TIG en Tanis - (horario de mañana 07:00-16:00),28 € - 29 €,Sin Data,Indefinido,Jornada Intensiva,Sin Data,OTTO Work Force,Sin Data
2026-08-06,Trabajoscom,Burgos,Todo Burgos,Soldador/a TIG en Tanis - (horario de mañana 07:00-16:00),28 € - 29 €,Sin Data,Indefinido,Jornada Intensiva,Sin Data,OTTO Work Force,Sin Data
2026-08-06,Trabajoscom,Bizkaia,Todo Bizkaia,Soldador/a TIG en Tanis - (horario de mañana 07:00-16:00),28 € - 29 €,Sin Data,Indefinido,Jornada Intensiva,Sin Data,OTTO Work Force,Sin Data
2026-08-06,Trabajoscom,Almería,Todo Almería,Soldador/a TIG en Tanis - (horario de mañana 07:00-16:00),28 € - 29 €,Sin Data,Indefinido,Jornada Intensiva,Sin Data,OTTO Work Force,Sin Data
2026-08-06,Trabajoscom,Barcelona,Todo Barcelona,Soldador/a TIG en Tanis - (horario de mañana 07:00-16:00),28 € - 29 €,Sin Data,Indefinido,Jornada Intensiva,Sin Data,OTTO Work Force,Sin Data
2026-08-06,Trabajoscom,Badajoz,Todo Badajoz,Soldador/a TIG en Tanis - (horario de mañana 07:00-16:00),28 € - 29 €,Sin Data,Indefinido,Jornada Intensiva,Sin Data,OTTO Work Force,Sin Data
2026-08-06,Trabajoscom,Asturias,Todo Asturias,Soldador/a TIG en Tanis - (horario de mañana 07:00-16:00),28 € - 29 €,Sin Data,Indefinido,Jornada Intensiva,Sin Data,OTTO Work Force,Sin Data
2026-08-06,Trabajoscom,Madrid,Todo Madrid,ARQUITECTO PROYECTISTA PARA ESTUDIO DE ARQUITECTURA E INGENIERIA CON SEDE EN MADRID,40.000 €,Sin Data,Indefinido,Jornada Completa,Sin Data,ASJ Ingeniería,Sin Data
2026-08-06,Trabajoscom,Palencia,Villamuriel De Cerrato,Conductor/a camión C+CAP+Tarjeta Tacógrafo,Sin Data,Sin Data,De duracion determinada,Jornada Completa,Sin Data,Iman Temporing,Sin Data
2026-08-06,Trabajoscom, Teruel, Teruel,Mozo/a de Almacén Industrial.,Sin Data,Sin Data,De duracion determinada,Jornada Completa,Sin Data,Iman Temporing,Sin Data
2026-08-06,Trabajoscom, Granada, Granada,OPERARIO/A DE FÁBRICA Y ALMACÉN,Sin Data,Sin Data,De duracion determinada,Jornada Completa,Sin Data,Iman Temporing,Sin Data
2026-08-06,Trabajoscom, Palencia, Palencia,Operario/a con carretilla,Sin Data,Sin Data,De duracion determinada,Jornada Completa,Sin Data,Iman Temporing,Sin Data
2026-08-06,Trabajoscom, Cantabria, Cantabria,PINTOR/A INDUSTRIAL,Sin Data,Sin Data,De duracion determinada,Jornada Indiferente,Sin Data,Iman Temporing,Sin Data
2026-08-06,Trabajoscom, Murcia, Murcia,Administrativo/a de logística,17.000 € - 18.000 €,Sin Data,De duracion determinada,Jornada Completa,Sin Data,Iman Temporing,Sin Data
2026-08-06,Trabajoscom, Castellón, Castellón,Chófer,Sin Data,Sin Data,Indefinido,Jornada Completa,Sin Data,Iman Temporing,Sin Data
2026-08-06,Trabajoscom, Barcelona, Barcelona,AUX DE SERVICIOS- CONTROL DE ACCESOS SUST,Sin Data,Sin Data,A tiempo parcial,Media Jornada,Sin Data,Iman Seguridad,Sin Data
2026-08-06,Trabajoscom, Baleares, Baleares,Becario/a RRHH,Sin Data,Sin Data,Formativo,Jornada Indiferente,Sin Data,Pacto,Sin Data
2026-08-06,Trabajoscom, Valencia, Valencia,Técnico/a de Compliance,Sin Data,Sin Data,Indefinido,Jornada Completa,Sin Data,Iman Temporing,Sin Data
2026-08-06,Trabajoscom, Barcelona, Barcelona,ELECTROMECÁNICO/A - MARTORELLES,Sin Data,Sin Data,Indefinido,Jornada Completa,Sin Data,Pacto,Sin Data
2026-08-06,Trabajoscom, Baleares, Baleares,Conductor/a - Centro de Día DomusVi Sa Residencia,Sin Data,Sin Data,Indefinido,Jornada Completa,Sin Data,DomusVi,Sin Data
2026-08-06,Trabajoscom, Valencia, Valencia,Técnico/a de Mantenimiento Electromecánico,Sin Data,Sin Data,De duracion determinada,Jornada Completa,Sin Data,Iman Temporing,Sin Data
2026-08-06,Trabajoscom, Barcelona, Barcelona,Personal de limpieza (+33% DISCAPACIDAD o IPT) MONTCADA/ noche,Sin Data,Sin Data,Indefinido,Jornada Indiferente,Sin Data,Diswork,Sin Data
2026-08-06,Trabajoscom, Barcelona, Barcelona,Control de accesos (+33% DISCAPACIDAD i IPT) Mollet,Sin Data,Sin Data,Indefinido,Jornada Indiferente,Sin Data,Diswork,Sin Data
2026-08-06,Trabajoscom, Barcelona, Barcelona,Administrativo/a de servicios (rrhh),Sin Data,Sin Data,Indefinido,Jornada Completa,Sin Data,Iman Corporation,Sin Data
2026-08-06,Trabajoscom, Madrid, Madrid,OPERARIOS/AS  DE PRODUCCIÓN,Sin Data,Sin Data,Indefinido,Jornada Completa,Sin Data,Iman Temporing,Sin Data
2026-08-06,Trabajoscom, Zamora, Zamora,Gerocultor/a - Auxiliar de enfermería Centro Residencial DomusVi Villaralbo,Sin Data,Sin Data,De duracion determinada,Jornada Indiferente,Sin Data,DomusVi,Sin Data
2026-08-06,Trabajoscom, Madrid, Madrid,Oficial de Teleasistencia - DomusVi TAD,Sin Data,Sin Data,De duracion determinada,Jornada Completa,Sin Data,DomusVi,Sin Data
2026-08-06,Trabajoscom, Valencia, Valencia,Mozo/a de almacén con carretilla frontal,10 € - 11 €,Sin Data,De duracion determinada,Jornada Completa,Sin Data,Iman Temporing,Sin Data
2026-08-06,Trabajoscom, Girona, Girona,OPERARIO/A COSTURA,Sin Data,Sin Data,Indefinido,Jornada Completa,Sin Data,Pacto,Sin Data
2026-08-06,Trabajoscom, Barcelona, Barcelona,MANIPULADOR/A PICKING (PREPARACIÓN DE PEDIDOS),Sin Data,Sin Data,De duracion determinada,Jornada Indiferente,Sin Data,Iman Temporing,Sin Data
2026-08-06,Trabajoscom, Madrid, Madrid,Repasador/a con experiencia en radial,Sin Data,Sin Data,Indefinido,Jornada Completa,Sin Data,Iman Temporing,Sin Data
2026-08-06,Trabajoscom, Barcelona, Barcelona,Operario/a de Envasado,Sin Data,Sin Data,De duracion determinada,Jornada Completa,Sin Data,Iman Temporing,Sin Data
2026-08-06,Trabajoscom, Gipuzkoa, Gipuzkoa,Camarero/a para bodega de vino,Sin Data,Sin Data,De duracion determinada,Jornada Completa,Sin Data,Iman Temporing,Sin Data
2026-08-06,Trabajoscom, Guadalajara, Guadalajara,Técnico/a Prevención de Riesgos Laborales,Sin Data,Sin Data,Indefinido,Jornada Completa,Sin Data,Iman Temporing,Sin Data
2026-08-06,Trabajoscom, Madrid, Madrid,Gerocultor/a - Auxiliar de enfermería Centro Residencial DomusVi Tres Cantos,Sin Data,Sin Data,De duracion determinada,Jornada Completa,Sin Data,DomusVi,Sin Data
2026-08-06,Trabajoscom, Tarragona, Tarragona,Técnico/a de Garantía de Calidad,Sin Data,Sin Data,Indefinido,Jornada Indiferente,Sin Data,Iman Temporing,Sin Data
2026-08-06,Trabajoscom, Toledo, Toledo,Fisioterapeuta Centro Residencial DomusVi Parque de Gavilanes,Sin Data,Sin Data,Indefinido,Jornada Completa,Sin Data,DomusVi,Sin Data
2026-08-06,Trabajoscom, Alicante, Alicante,Customer Service Specialist / Atención al Cliente (B2B),25.000 €,Sin Data,De duracion determinada,Jornada Completa,Sin Data,Iman Temporing,Sin Data
2026-08-06,Trabajoscom, Barcelona, Barcelona,Mozo/as Carretilleros/as - Caldes de Montbui,20.000 €,Sin Data,Indefinido,Jornada Completa,Sin Data,Pacto,Sin Data
2026-08-06,Trabajoscom, Teruel, Teruel,Molinero/a.,Sin Data,Sin Data,De duracion determinada,Jornada Completa,Sin Data,Iman Temporing,Sin Data
2026-08-06,Trabajoscom, Gipuzkoa, Gipuzkoa,Repartidor,Sin Data,Sin Data,De duracion determinada,Jornada Indiferente,Sin Data,Iman Temporing,Sin Data
2026-08-06,Trabajoscom, Araba, Araba,Coordinador/a de Línea - Álava,Sin Data,Sin Data,Indefinido,Jornada Completa,Sin Data,Iman Global Consulting,Sin Data
2026-08-06,Trabajoscom, Barcelona, Barcelona,Operario/a  turno mañana,17.000 € - 17.500 €,Sin Data,De duracion determinada,Jornada Completa,Sin Data,Iman Temporing,Sin Data
2026-08-06,Trabajoscom, Valladolid, Valladolid,Operario/a Alimentación en Medina del Campo,Sin Data,Sin Data,Indefinido,Jornada Completa,Sin Data,Iman Temporing,Sin Data
2026-08-06,Trabajoscom, Alicante, Alicante,CAMARERO/A HOTEL 4 Y 5 ESTRELLAS,Sin Data,Sin Data,Indefinido,Media Jornada,Sin Data,Pacto,Sin Data
2026-08-06,Trabajoscom, Araba, Araba,Verificador/a cableado- Sector Automoción,Sin Data,Sin Data,De duracion determinada,Jornada Completa,Sin Data,Iman Temporing,Sin Data
2026-08-06,Trabajoscom, Las Palmas, Las Palmas,MOZO/A DE ALMACÉN CON CARNET C,Sin Data,Sin Data,Indefinido,Jornada Indiferente,Sin Data,Pacto,Sin Data
2026-08-06,Trabajoscom, Las Palmas, Las Palmas,Mozo/a conductor/a-lavacoches(Rent a car)-Lanzarot,17.094 €,Sin Data,De duracion determinada,Jornada Completa,Sin Data,Citius Solutions,Sin Data
2026-08-06,Trabajoscom, Araba, Araba,Peluquero/a Centro Residencial DomusVi Ariznabarra,Sin Data,Sin Data,De duracion determinada,Media Jornada,Sin Data,DomusVi,Sin Data
2026-08-06,Trabajoscom,Málaga,Antequera,Inventarista - Zona Málaga,Sin Data,Sin Data,Indefinido,Jornada Indiferente,Sin Data,Grupo DIA,Sin Data
2026-08-06,Trabajoscom, Sevilla, Sevilla,Tornero/a oficial 3ª-(Sevilla),Sin Data,Sin Data,De duracion determinada,Jornada Completa,Sin Data,Crit Interim España ETT,Sin Data
2026-08-06,Trabajoscom, Barcelona, Barcelona,Conductor/a Repartidor/a con carnet B,Sin Data,Sin Data,De duracion determinada,Jornada Completa,Sin Data,Iman Temporing,Sin Data
2026-08-06,Trabajoscom, Valladolid, Valladolid,Operario/a de producción (Carnet Carretillas),22 € - 23 €,Sin Data,De duracion determinada,Jornada Completa,Sin Data,Iman Temporing,Sin Data
2026-08-06,Trabajoscom, Pontevedra, Pontevedra,Enfermero/a - DUE Centro Residencial DomusVi Fátima,Sin Data,Sin Data,De duracion determinada,Media Jornada,Sin Data,DomusVi,Sin Data
2026-08-06,Trabajoscom, Jaén, Jaén,ELECTRICISTA EN ÚBEDA (JAÉN),Sin Data,Sin Data,De duracion determinada,Jornada Completa,Sin Data,Iman Temporing,Sin Data
2026-08-06,Trabajoscom, Castellón, Castellón,Técnico/a Laboral,Sin Data,Sin Data,Indefinido,Jornada Completa,Sin Data,Iman Global Consulting,Sin Data
2026-08-06,Trabajoscom, Barcelona, Barcelona,Operario/a de Calidad,Sin Data,Sin Data,Indefinido,Jornada Completa,Sin Data,Crit Interim España ETT,Sin Data
2026-08-06,Trabajoscom, Tarragona, Tarragona,Carretillero/a de expediciones,Sin Data,Sin Data,De duracion determinada,Jornada Completa,Sin Data,Iman Temporing,Sin Data
2026-08-06,Trabajoscom, Madrid, Madrid,Director/a Financiero/a (Sector Industrial),Sin Data,Sin Data,Indefinido,Jornada Completa,Sin Data,Iman Global Consulting,Sin Data
2026-08-06,Trabajoscom, Ciudad Real, Ciudad Real,Mozo/a conductor/a-lavacoches. Ciudad Real,12.820 €,Sin Data,De duracion determinada,Media Jornada,Sin Data,Citius Solutions,Sin Data
2026-08-06,Trabajoscom, Granada, Granada,Operario/a de Producción Química,Sin Data,Sin Data,De duracion determinada,Jornada Completa,Sin Data,Iman Temporing,Sin Data
2026-08-06,Trabajoscom, Jaén, Jaén,Operario/a Plegadora CNC,Sin Data,Sin Data,Indefinido,Jornada Completa,Sin Data,Iman Temporing,Sin Data
2026-08-06,Trabajoscom, Lugo, Lugo,VENDIMIA ZONA SOBER,Sin Data,Sin Data,De duracion determinada,Jornada Completa,Sin Data,Iman Temporing,Sin Data
2026-08-06,Trabajoscom, Lleida, Lleida,Fisioterapeuta Centro Residencial DomusVi Lleida,Sin Data,Sin Data,Indefinido,Jornada Completa,Sin Data,DomusVi,Sin Data
2026-08-06,Trabajoscom, Córdoba, Córdoba,Limpiador/a,Sin Data,Sin Data,De duracion determinada,Jornada Completa,Sin Data,Crit Interim España ETT,Sin Data
2026-08-06,Trabajoscom, Lleida, Lleida,ADMINISTRATIVO/A,18.000 € - 25.000 €,Sin Data,Indefinido,Jornada Completa,Sin Data,Iman Temporing,Sin Data
2026-08-06,Trabajoscom, Alicante, Alicante,Repartidor/a de alimentación en Elche,Sin Data,Sin Data,De duracion determinada,Jornada Completa,Sin Data,Iman Temporing,Sin Data
2026-08-06,Trabajoscom, Barcelona, Barcelona,Gerocultor/a - Auxiliar de enfermería Centro Residencial DomusVi Regina,Sin Data,Sin Data,Indefinido,Jornada Completa,Sin Data,DomusVi,Sin Data
2026-08-06,Trabajoscom, Barcelona, Barcelona,Vigilante de Seguridad en Entidad Pública Audiovisual,Sin Data,Sin Data,Indefinido,Jornada Completa,Sin Data,Iman Seguridad,Sin Data
2026-08-06,Trabajoscom, Sevilla, Sevilla,Técnico/a de nóminas,26.000 €,Sin Data,De duracion determinada,Jornada Completa,Sin Data,Crit Interim España ETT,Sin Data
2026-08-06,Trabajoscom, Segovia, Segovia,Repartidor/a paquetería (sin experiencia),Sin Data,Sin Data,De duracion determinada,Jornada Completa,Sin Data,Iman Temporing,Sin Data
2026-08-06,Trabajoscom, Barcelona, Barcelona,Consultor/a Selección (RPO),Sin Data,Sin Data,De duracion determinada,Jornada Completa,Sin Data,Iman Temporing,Sin Data
2026-08-06,Trabajoscom, Madrid, Madrid,Responsable Industrialización (Iny. de Plástico),Sin Data,Sin Data,Indefinido,Jornada Completa,Sin Data,Iman Global Consulting,Sin Data
2026-08-06,Trabajoscom, Guadalajara, Guadalajara,Carnicero/a,Sin Data,Sin Data,De duracion determinada,Jornada Completa,Sin Data,Crit Interim España ETT,Sin Data
2026-08-06,Trabajoscom, Madrid, Madrid,Administrativo/a Suplencia hasta 30 de Septiembre,19.000 €,Sin Data,De duracion determinada,Jornada Completa,Sin Data,Iman Temporing,Sin Data
2026-08-06,Trabajoscom, Madrid, Madrid,Psicólogo/a Docente- Media jornada,Sin Data,Sin Data,Indefinido,Media Jornada,Sin Data,Crit Interim España ETT,Sin Data
2026-08-06,Trabajoscom, Asturias, Asturias,CHEF EJECUTIVO/A,Sin Data,Sin Data,Indefinido,Jornada Completa,Sin Data,Iman Temporing,Sin Data
2026-08-06,Trabajoscom, Madrid, Madrid,Project Lead | Arquitecto/a Senior | Hospitality,Sin Data,Sin Data,Indefinido,Jornada Completa,Sin Data,Iman Global Consulting,Sin Data
2026-08-06,Trabajoscom, Madrid, Madrid,Repartidores/as conductores/as paquetería,Sin Data,Sin Data,A tiempo parcial,Jornada Indiferente,Sin Data,Iman Temporing,Sin Data
2026-08-06,Trabajoscom, Ourense, Ourense,Personal de Supermercado (Ribadavia),Sin Data,Sin Data,De duracion determinada,Jornada Completa,Sin Data,Iman Temporing,Sin Data
2026-08-06,Trabajoscom, Asturias, Asturias,"Personal de Sala (Oviedo, Gijón y Avilés)",Sin Data,Sin Data,De duracion determinada,Jornada Completa,Sin Data,Iman Temporing,Sin Data
2026-08-06,Trabajoscom, Barcelona, Barcelona,Operario/a en planta de reciclaje  ( metales ),25.000 € - 26.000 €,Sin Data,Indefinido,Jornada Completa,Sin Data,Iman Temporing,Sin Data
2026-08-06,Trabajoscom, Zaragoza, Zaragoza,Gerocultor/a - Auxiliar de enfermería Centro Residencial DomusVi Zalfonada,Sin Data,Sin Data,De duracion determinada,Jornada Completa,Sin Data,DomusVi,Sin Data
2026-08-06,Trabajoscom, Toledo, Toledo,Personal de Limpieza - Centro Residencial DomusVi Parque Gavilanes,Sin Data,Sin Data,De duracion determinada,Jornada Indiferente,Sin Data,DomusVi,Sin Data
2026-08-06,Trabajoscom, Asturias, Asturias,Cocinero/a - Centro Residencial DomusVi La Dehesa,Sin Data,Sin Data,De duracion determinada,Media Jornada,Sin Data,DomusVi,Sin Data
2026-08-06,Trabajoscom, Barcelona, Barcelona,Soldador/a,Sin Data,Sin Data,De duracion determinada,Jornada Completa,Sin Data,Crit Interim España ETT,Sin Data
2026-08-06,Trabajoscom, Barcelona, Barcelona,Operario/a de producción en Vacarisses,19.242 €,Sin Data,De duracion determinada,Jornada Completa,Sin Data,Iman Temporing,Sin Data
2026-08-06,Trabajoscom, Barcelona, Barcelona,Operario/a calderero,28.000 € - 30.000 €,Sin Data,De duracion determinada,Jornada Completa,Sin Data,Iman Temporing,Sin Data
2026-08-06,Trabajoscom, Granada, Granada,OPERARIO/A DE FÁBRICA Y ALMACÉN,Sin Data,Sin Data,De duracion determinada,Jornada Completa,Sin Data,Iman Temporing,Sin Data
2026-08-06,Trabajoscom, Barcelona, Barcelona,MOZO/A DE ALMACÉN,Sin Data,Sin Data,De duracion determinada,Jornada Completa,Sin Data,Iman Temporing,Sin Data
2026-08-06,Trabajoscom, Cantabria, Cantabria,"Conductor/a C+E, CAP y tarjeta de tacógrafo",Sin Data,Sin Data,Indefinido,Jornada Completa,Sin Data,Crit Interim España ETT,Sin Data
2026-08-06,Trabajoscom, Cantabria, Cantabria,Responsable Financiero Senior,Sin Data,Sin Data,Indefinido,Jornada Completa,Sin Data,Crit Interim España ETT,Sin Data
2026-08-06,Trabajoscom, Cantabria, Cantabria,Operarios/as Mecanizado CNC,Sin Data,Sin Data,De duracion determinada,Jornada Completa,Sin Data,Crit Interim España ETT,Sin Data
2026-08-06,Trabajoscom, Jaén, Jaén,Gerocultor/a - Auxiliar de enfermería Centro Residencial DomusVi Condes de Corbull,Sin Data,Sin Data,De duracion determinada,Media Jornada,Sin Data,DomusVi,Sin Data
2026-08-06,Trabajoscom, Valladolid, Valladolid,Técnico/a de Mantenimiento - Mojados (Valladolid),25.000 € - 26.000 €,Sin Data,Indefinido,Jornada Completa,Sin Data,Iman Global Consulting,Sin Data
2026-08-06,Trabajoscom, Toledo, Toledo,Fisioterapeuta Centro Residencial DomusVi Illescas,Sin Data,Sin Data,De duracion determinada,Jornada Indiferente,Sin Data,DomusVi,Sin Data
2026-08-06,Trabajoscom, Valencia, Valencia,Granjero/a (porcino),Sin Data,Sin Data,Indefinido,Jornada Completa,Sin Data,Iman Temporing,Sin Data
2026-08-06,Trabajoscom, Alicante, Alicante,Personal de Limpieza - Centro Residencial DomusVi Mutxamel,Sin Data,Sin Data,Indefinido,Media Jornada,Sin Data,DomusVi,Sin Data
2026-08-06,Trabajoscom, Barcelona, Barcelona,MOZO/A DE ALMACÉN,Sin Data,Sin Data,De duracion determinada,Jornada Completa,Sin Data,Iman Temporing,Sin Data
2026-08-06,Trabajoscom, Barcelona, Barcelona,Operario/a calderero,28.000 € - 30.000 €,Sin Data,De duracion determinada,Jornada Completa,Sin Data,Iman Temporing,Sin Data
2026-08-06,Trabajoscom, Barcelona, Barcelona,Operario/a de Envasado Industrial,Sin Data,Sin Data,Indefinido,Jornada Completa,Sin Data,Crit Interim España ETT,Sin Data
2026-08-06,Trabajoscom, Tarragona, Tarragona,Operario/a polivalente para lavandería,Sin Data,Sin Data,De duracion determinada,Jornada Completa,Sin Data,Iman Temporing,Sin Data
2026-08-06,Trabajoscom, Cantabria, Cantabria,Operarios/as alimentación,Sin Data,Sin Data,De duracion determinada,Jornada Completa,Sin Data,Crit Interim España ETT,Sin Data
2026-08-06,Trabajoscom, Cantabria, Cantabria,Carretillero/a frontal,Sin Data,Sin Data,De duracion determinada,Jornada Completa,Sin Data,Crit Interim España ETT,Sin Data
2026-08-06,Trabajoscom, Valencia, Valencia,Repartidor/a con Carnet B-Incorporación inmediata,Sin Data,Sin Data,De duracion determinada,Jornada Completa,Sin Data,Iman Temporing,Sin Data
2026-08-06,Trabajoscom, Sevilla, Sevilla,Electromecánico/a Industrial Junior,Sin Data,Sin Data,Indefinido,Jornada Completa,Sin Data,Crit Interim España ETT,Sin Data
2026-08-06,Trabajoscom, Baleares, Baleares,URGENTE Personal Crucero Ibiza 7 agosto,Sin Data,Sin Data,Indefinido,Jornada Completa,Sin Data,Art i Cultura,Sin Data
2026-08-06,Trabajoscom,Barcelona,Vallirana,LIMPIADOR/A - SAD VALLIRANA Y ALREDEDORES,960 € - 1.184 €,Sin Data,De duracion determinada,Jornada Intensiva,Sin Data,Accent Social,Sin Data
2026-08-06,Trabajoscom,Alicante,Todo Alicante,ASESOR/A COMERCIAL CON RUMANO – ALICANTE,1.600 € - 1.850 €,Sin Data,Indefinido,Jornada Completa,Sin Data,Guiding Hands Team,Sin Data
2026-08-06,Trabajoscom,Castellón,Todo Castellón,Operario de Almacén en Países Bajos + Alojamiento Incluido | CEVA Logistics,14 € - 16 €,Sin Data,Indefinido,Jornada Completa,Sin Data,OTTO Work Force,Sin Data
2026-08-06,Trabajoscom,Jaén,Todo Jaén,Operario de Almacén en Países Bajos + Alojamiento Incluido | CEVA Logistics,14 € - 16 €,Sin Data,Indefinido,Jornada Completa,Sin Data,OTTO Work Force,Sin Data
2026-08-06,Trabajoscom,Lleida,Todo Lleida,Operario de Almacén en Países Bajos + Alojamiento Incluido | CEVA Logistics,14 € - 16 €,Sin Data,Indefinido,Jornada Completa,Sin Data,OTTO Work Force,Sin Data
2026-08-06,Trabajoscom,Rioja,Todo Rioja,Operario de Almacén en Países Bajos + Alojamiento Incluido | CEVA Logistics,14 € - 16 €,Sin Data,Indefinido,Jornada Completa,Sin Data,OTTO Work Force,Sin Data
2026-08-06,Trabajoscom,Melilla,Todo Melilla,Operario de Almacén en Países Bajos + Alojamiento Incluido | CEVA Logistics,14 € - 16 €,Sin Data,Indefinido,Jornada Completa,Sin Data,OTTO Work Force,Sin Data
2026-08-06,Trabajoscom,Palencia,Todo Palencia,Operario de Almacén en Países Bajos + Alojamiento Incluido | CEVA Logistics,14 € - 16 €,Sin Data,Indefinido,Jornada Completa,Sin Data,OTTO Work Force,Sin Data
2026-08-06,Trabajoscom,Madrid,Todo Madrid,Operario de Almacén en Países Bajos + Alojamiento Incluido | CEVA Logistics,14 € - 16 €,Sin Data,Indefinido,Jornada Completa,Sin Data,OTTO Work Force,Sin Data
2026-08-06,Trabajoscom,Zamora,Todo Zamora,Operario de Almacén en Países Bajos + Alojamiento Incluido | CEVA Logistics,14 € - 16 €,Sin Data,Indefinido,Jornada Completa,Sin Data,OTTO Work Force,Sin Data
2026-08-06,Trabajoscom,Bizkaia,Todo Bizkaia,Operario de Almacén en Países Bajos + Alojamiento Incluido | CEVA Logistics,14 € - 16 €,Sin Data,Indefinido,Jornada Completa,Sin Data,OTTO Work Force,Sin Data
2026-08-06,Trabajoscom,Barcelona,Vilanova I La Geltru,OPERARIA DE LIMPIEZA - EN VILANOVA I LA GELTRÚ (SUPLENCIA VACACIONES),Sin Data,Sin Data,De duracion determinada,Jornada Indiferente,Sin Data,Sernet Servicios Integrales,Sin Data
2026-08-06,Trabajoscom,Lugo,Todo Lugo,Operario/a de Almacén GXO Logistics + Alojamiento Incluido,14 € - 16 €,Sin Data,Indefinido,Jornada Intensiva,Sin Data,OTTO Work Force,Sin Data
2026-08-06,Trabajoscom,Navarra,Todo Navarra,Operario/a de Almacén GXO Logistics + Alojamiento Incluido,14 € - 16 €,Sin Data,Indefinido,Jornada Intensiva,Sin Data,OTTO Work Force,Sin Data
2026-08-06,Trabajoscom,Lleida,Todo Lleida,Operario/a de Almacén GXO Logistics + Alojamiento Incluido,14 € - 16 €,Sin Data,Indefinido,Jornada Intensiva,Sin Data,OTTO Work Force,Sin Data
2026-08-06,Trabajoscom,Palmas,Todo Palmas,Operario/a de Almacén GXO Logistics + Alojamiento Incluido,14 € - 16 €,Sin Data,Indefinido,Jornada Intensiva,Sin Data,OTTO Work Force,Sin Data
2026-08-06,Trabajoscom,Tarragona,Todo Tarragona,Operario/a de Almacén GXO Logistics + Alojamiento Incluido,14 € - 16 €,Sin Data,Indefinido,Jornada Intensiva,Sin Data,OTTO Work Force,Sin Data
2026-08-06,Trabajoscom,Cuenca,Todo Cuenca,Operario/a de Almacén GXO Logistics + Alojamiento Incluido,14 € - 16 €,Sin Data,Indefinido,Jornada Intensiva,Sin Data,OTTO Work Force,Sin Data
2026-08-06,Trabajoscom,Real,Todo Real,Operario/a de Almacén GXO Logistics + Alojamiento Incluido,14 € - 16 €,Sin Data,Indefinido,Jornada Intensiva,Sin Data,OTTO Work Force,Sin Data
2026-08-06,Trabajoscom,Córdoba,Todo Córdoba,Operario/a de Almacén GXO Logistics + Alojamiento Incluido,14 € - 16 €,Sin Data,Indefinido,Jornada Intensiva,Sin Data,OTTO Work Force,Sin Data
2026-08-06,Trabajoscom,Jaén,Todo Jaén,Operario/a de Almacén GXO Logistics + Alojamiento Incluido,14 € - 16 €,Sin Data,Indefinido,Jornada Intensiva,Sin Data,OTTO Work Force,Sin Data
2026-08-06,Trabajoscom,Girona,Todo Girona,Operario/a de Almacén GXO Logistics + Alojamiento Incluido,14 € - 16 €,Sin Data,Indefinido,Jornada Intensiva,Sin Data,OTTO Work Force,Sin Data
2026-08-06,Trabajoscom,Granada,Todo Granada,Operario/a de Almacén GXO Logistics + Alojamiento Incluido,14 € - 16 €,Sin Data,Indefinido,Jornada Intensiva,Sin Data,OTTO Work Force,Sin Data
2026-08-06,Trabajoscom,Guadalajara,Todo Guadalajara,Operario/a de Almacén GXO Logistics + Alojamiento Incluido,14 € - 16 €,Sin Data,Indefinido,Jornada Intensiva,Sin Data,OTTO Work Force,Sin Data
2026-08-06,Trabajoscom,Ávila,Todo Ávila,Operario/a Almacén PVH (Tommy Hilfiger & Calvin Klein) | Países Bajos con Alojamiento,15 € - 17 €,Sin Data,Indefinido,Jornada Intensiva,Sin Data,OTTO Work Force,Sin Data
2026-08-06,Trabajoscom,Albacete,Todo Albacete,Operario/a Almacén PVH (Tommy Hilfiger & Calvin Klein) | Países Bajos con Alojamiento,15 € - 17 €,Sin Data,Indefinido,Jornada Intensiva,Sin Data,OTTO Work Force,Sin Data
2026-08-06,Trabajoscom,Zaragoza,Todo Zaragoza,Operario/a de Almacén GXO Logistics + Alojamiento Incluido,14 € - 16 €,Sin Data,Indefinido,Jornada Intensiva,Sin Data,OTTO Work Force,Sin Data
2026-08-06,Trabajoscom,Coruña,Todo Coruña,Operario/a Almacén PVH (Tommy Hilfiger & Calvin Klein) | Países Bajos con Alojamiento,15 € - 17 €,Sin Data,Indefinido,Jornada Intensiva,Sin Data,OTTO Work Force,Sin Data
2026-08-06,Trabajoscom,Valladolid,Todo Valladolid,Operario/a de Almacén GXO Logistics + Alojamiento Incluido,14 € - 16 €,Sin Data,Indefinido,Jornada Intensiva,Sin Data,OTTO Work Force,Sin Data
2026-08-06,Trabajoscom,Toledo,Todo Toledo,Operario/a de Almacén GXO Logistics + Alojamiento Incluido,14 € - 16 €,Sin Data,Indefinido,Jornada Intensiva,Sin Data,OTTO Work Force,Sin Data
2026-08-06,Trabajoscom,Cádiz,Todo Cádiz,Operario/a Almacén PVH (Tommy Hilfiger & Calvin Klein) | Países Bajos con Alojamiento,15 € - 17 €,Sin Data,Indefinido,Jornada Intensiva,Sin Data,OTTO Work Force,Sin Data
2026-08-06,Trabajoscom,Granada,Todo Granada,Operario/a Almacén PVH (Tommy Hilfiger & Calvin Klein) | Países Bajos con Alojamiento,15 € - 17 €,Sin Data,Indefinido,Jornada Intensiva,Sin Data,OTTO Work Force,Sin Data
2026-08-06,Trabajoscom,Málaga,Todo Málaga,Operario/a de Almacén en Boon Food + Alojamiento Incluido | Países Bajos,14 € - 17 €,Sin Data,Indefinido,Jornada Intensiva,Sin Data,OTTO Work Force,Sin Data
2026-08-06,Trabajoscom,Palmas,Todo Palmas,Operario/a de Almacén en Boon Food + Alojamiento Incluido | Países Bajos,14 € - 17 €,Sin Data,Indefinido,Jornada Intensiva,Sin Data,OTTO Work Force,Sin Data
2026-08-06,Trabajoscom,Huelva,Todo Huelva,Operario/a de Almacén en Boon Food + Alojamiento Incluido | Países Bajos,14 € - 17 €,Sin Data,Indefinido,Jornada Intensiva,Sin Data,OTTO Work Force,Sin Data
2026-08-06,Trabajoscom,Guadalajara,Todo Guadalajara,Operario/a de Almacén en Boon Food + Alojamiento Incluido | Países Bajos,14 € - 17 €,Sin Data,Indefinido,Jornada Intensiva,Sin Data,OTTO Work Force,Sin Data
2026-08-06,Trabajoscom,Girona,Todo Girona,Operario/a de Almacén en Boon Food + Alojamiento Incluido | Países Bajos,14 € - 17 €,Sin Data,Indefinido,Jornada Intensiva,Sin Data,OTTO Work Force,Sin Data
2026-08-06,Trabajoscom,Tarragona,Todo Tarragona,Operario/a de Almacén en Boon Food + Alojamiento Incluido | Países Bajos,14 € - 17 €,Sin Data,Indefinido,Jornada Intensiva,Sin Data,OTTO Work Force,Sin Data
2026-08-06,Trabajoscom,Zamora,Todo Zamora,Operario/a de Almacén en Boon Food + Alojamiento Incluido | Países Bajos,14 € - 17 €,Sin Data,Indefinido,Jornada Intensiva,Sin Data,OTTO Work Force,Sin Data
2026-08-06,Trabajoscom,Teruel,Todo Teruel,Operario/a de Almacén en Boon Food + Alojamiento Incluido | Países Bajos,14 € - 17 €,Sin Data,Indefinido,Jornada Intensiva,Sin Data,OTTO Work Force,Sin Data
2026-08-06,Trabajoscom,Tenerife,Todo Tenerife,Operario/a de Almacén en Boon Food + Alojamiento Incluido | Países Bajos,14 € - 17 €,Sin Data,Indefinido,Jornada Intensiva,Sin Data,OTTO Work Force,Sin Data
2026-08-06,Trabajoscom,Segovia,Todo Segovia,Operario/a de Almacén en Boon Food + Alojamiento Incluido | Países Bajos,14 € - 17 €,Sin Data,Indefinido,Jornada Intensiva,Sin Data,OTTO Work Force,Sin Data
2026-08-06,Trabajoscom,Ávila,Todo Ávila,Operario/a de Almacén GXO Logistics + Alojamiento Incluido,14 € - 16 €,Sin Data,Indefinido,Jornada Intensiva,Sin Data,OTTO Work Force,Sin Data
2026-08-06,Trabajoscom,Córdoba,Cordoba,Oficiales fontaneros Córdoba,1.950 € - 2.100 €,Sin Data,Fijo discontinuo,Jornada Completa,Sin Data,Franmar Work Solution,Sin Data
2026-08-06,Trabajoscom,Baleares,Todo Baleares,Operario/a de Almacén GXO Logistics + Alojamiento Incluido,14 € - 16 €,Sin Data,Indefinido,Jornada Intensiva,Sin Data,OTTO Work Force,Sin Data
2026-08-06,Trabajoscom,Albacete,Todo Albacete,Operario/a de Almacén GXO Logistics + Alojamiento Incluido,14 € - 16 €,Sin Data,Indefinido,Jornada Intensiva,Sin Data,OTTO Work Force,Sin Data
2026-08-06,Trabajoscom,Real,Todo Real,Operario/a Almacén PVH (Tommy Hilfiger & Calvin Klein) | Países Bajos con Alojamiento,15 € - 17 €,Sin Data,Indefinido,Jornada Intensiva,Sin Data,OTTO Work Force,Sin Data
2026-08-06,Trabajoscom,Girona,Todo Girona,Operario/a Almacén PVH (Tommy Hilfiger & Calvin Klein) | Países Bajos con Alojamiento,15 € - 17 €,Sin Data,Indefinido,Jornada Intensiva,Sin Data,OTTO Work Force,Sin Data
2026-08-06,Trabajoscom,Castellón,Todo Castellón,Operario/a Almacén PVH (Tommy Hilfiger & Calvin Klein) | Países Bajos con Alojamiento,15 € - 17 €,Sin Data,Indefinido,Jornada Intensiva,Sin Data,OTTO Work Force,Sin Data
2026-08-06,Trabajoscom,Bizkaia,Todo Bizkaia,Operario/a Almacén PVH (Tommy Hilfiger & Calvin Klein) | Países Bajos con Alojamiento,15 € - 17 €,Sin Data,Indefinido,Jornada Intensiva,Sin Data,OTTO Work Force,Sin Data
2026-08-06,Trabajoscom,Murcia,Todo Murcia,Operario/a Almacén PVH (Tommy Hilfiger & Calvin Klein) | Países Bajos con Alojamiento,15 € - 17 €,Sin Data,Indefinido,Jornada Intensiva,Sin Data,OTTO Work Force,Sin Data
2026-08-06,Trabajoscom,Cantabria,Todo Cantabria,Operario/a Almacén PVH (Tommy Hilfiger & Calvin Klein) | Países Bajos con Alojamiento,15 € - 17 €,Sin Data,Indefinido,Jornada Intensiva,Sin Data,OTTO Work Force,Sin Data
2026-08-06,Trabajoscom,Madrid,Todo Madrid,Operario/a Almacén PVH (Tommy Hilfiger & Calvin Klein) | Países Bajos con Alojamiento,15 € - 17 €,Sin Data,Indefinido,Jornada Intensiva,Sin Data,OTTO Work Force,Sin Data
2026-08-06,Trabajoscom,Segovia,Todo Segovia,Operario/a Almacén PVH (Tommy Hilfiger & Calvin Klein) | Países Bajos con Alojamiento,15 € - 17 €,Sin Data,Indefinido,Jornada Intensiva,Sin Data,OTTO Work Force,Sin Data
2026-08-06,Trabajoscom,Soria,Todo Soria,Operario/a Almacén PVH (Tommy Hilfiger & Calvin Klein) | Países Bajos con Alojamiento,15 € - 17 €,Sin Data,Indefinido,Jornada Intensiva,Sin Data,OTTO Work Force,Sin Data
2026-08-06,Trabajoscom,Málaga,Todo Málaga,Operario/a Almacén PVH (Tommy Hilfiger & Calvin Klein) | Países Bajos con Alojamiento,15 € - 17 €,Sin Data,Indefinido,Jornada Intensiva,Sin Data,OTTO Work Force,Sin Data
2026-08-06,Trabajoscom,Jaén,Todo Jaén,Operario/a Almacén PVH (Tommy Hilfiger & Calvin Klein) | Países Bajos con Alojamiento,15 € - 17 €,Sin Data,Indefinido,Jornada Intensiva,Sin Data,OTTO Work Force,Sin Data
2026-08-06,Trabajoscom,León,Todo León,Operario/a Almacén PVH (Tommy Hilfiger & Calvin Klein) | Países Bajos con Alojamiento,15 € - 17 €,Sin Data,Indefinido,Jornada Intensiva,Sin Data,OTTO Work Force,Sin Data
2026-08-06,Trabajoscom,Palencia,Todo Palencia,Operario/a Almacén PVH (Tommy Hilfiger & Calvin Klein) | Países Bajos con Alojamiento,15 € - 17 €,Sin Data,Indefinido,Jornada Intensiva,Sin Data,OTTO Work Force,Sin Data
2026-08-06,Trabajoscom,Zamora,Todo Zamora,Operario/a Almacén PVH (Tommy Hilfiger & Calvin Klein) | Países Bajos con Alojamiento,15 € - 17 €,Sin Data,Indefinido,Jornada Intensiva,Sin Data,OTTO Work Force,Sin Data
2026-08-06,Trabajoscom,Lugo,Todo Lugo,Operario/a Almacén PVH (Tommy Hilfiger & Calvin Klein) | Países Bajos con Alojamiento,15 € - 17 €,Sin Data,Indefinido,Jornada Intensiva,Sin Data,OTTO Work Force,Sin Data
2026-08-06,Trabajoscom,Araba,Todo Araba,Operario/a de Almacén en Boon Food + Alojamiento Incluido | Países Bajos,14 € - 17 €,Sin Data,Indefinido,Jornada Intensiva,Sin Data,OTTO Work Force,Sin Data
2026-08-06,Trabajoscom,Ávila,Todo Ávila,Operario/a de Almacén en Boon Food + Alojamiento Incluido | Países Bajos,14 € - 17 €,Sin Data,Indefinido,Jornada Intensiva,Sin Data,OTTO Work Force,Sin Data
2026-08-06,Trabajoscom,Almería,Todo Almería,Operario/a de Almacén en Boon Food + Alojamiento Incluido | Países Bajos,14 € - 17 €,Sin Data,Indefinido,Jornada Intensiva,Sin Data,OTTO Work Force,Sin Data
2026-08-06,Trabajoscom,Castellón,Todo Castellón,Operario/a de Almacén en Boon Food + Alojamiento Incluido | Países Bajos,14 € - 17 €,Sin Data,Indefinido,Jornada Intensiva,Sin Data,OTTO Work Force,Sin Data
2026-08-06,Trabajoscom,Ourense,Todo Ourense,Operario/a de Almacén en Boon Food + Alojamiento Incluido | Países Bajos,14 € - 17 €,Sin Data,Indefinido,Jornada Intensiva,Sin Data,OTTO Work Force,Sin Data
2026-08-06,Trabajoscom,Cádiz,Todo Cádiz,Operario/a de Almacén en Boon Food + Alojamiento Incluido | Países Bajos,14 € - 17 €,Sin Data,Indefinido,Jornada Intensiva,Sin Data,OTTO Work Force,Sin Data
2026-08-06,Trabajoscom,Melilla,Todo Melilla,Operario/a de Almacén en Boon Food + Alojamiento Incluido | Países Bajos,14 € - 17 €,Sin Data,Indefinido,Jornada Intensiva,Sin Data,OTTO Work Force,Sin Data
2026-08-06,Trabajoscom,León,Todo León,Operario/a de Almacén en Boon Food + Alojamiento Incluido | Países Bajos,14 € - 17 €,Sin Data,Indefinido,Jornada Intensiva,Sin Data,OTTO Work Force,Sin Data
2026-08-06,Trabajoscom,Madrid,Todo Madrid,Operario/a de Almacén en Boon Food + Alojamiento Incluido | Países Bajos,14 € - 17 €,Sin Data,Indefinido,Jornada Intensiva,Sin Data,OTTO Work Force,Sin Data
2026-08-06,Trabajoscom,Barcelona,Todo Barcelona,EDUCADOR/A E INTEGRADOR /A SOCIAL CRAE,1.300 € - 1.800 €,Sin Data,A tiempo parcial,Jornada Completa,Sin Data,Drecera,Sin Data
2026-08-06,Trabajoscom,Burgos,Burgos,Operario/a de Montaje Mecánico/a.,Sin Data,Sin Data,Indefinido,Jornada Completa,Sin Data,Grupo Adecco,Sin Data
2026-08-06,Trabajoscom,Girona,Les Planes D'hostoles,Adjunt Responsable Supermercat GIRONA,Sin Data,Sin Data,Indefinido,Jornada Completa,Sin Data,Grupo Adecco,Sin Data
2026-08-06,Trabajoscom,Girona,Les Planes D'hostoles,Carnisser/a a Girona,Sin Data,Sin Data,Indefinido,Jornada Completa,Sin Data,Grupo Adecco,Sin Data
2026-08-06,Trabajoscom,León,León,URGE MOZO/A CARRETILLERO/A LEON,Sin Data,Sin Data,De duracion determinada,Jornada Completa,Sin Data,Grupo Adecco,Sin Data
2026-08-06,Trabajoscom,Tarragona,Tarragona,Oficial/a de 1ª de Mantenimiento Integral para Complejo Residencial | Larga Duración,Sin Data,Sin Data,Indefinido,Jornada Completa,Sin Data,Grupo Adecco,Sin Data
2026-08-06,Trabajoscom,Madrid,Todo Madrid,TECNICO DE LABORATORIO C3 LABORATORIO DE ENSAYOS Y HOMOLOGACION DE ANTENAS,25.959 € - 26.500 €,Sin Data,Indefinido,Jornada Completa,Sin Data,Fundetel,Sin Data
2026-08-06,Trabajoscom,Sevilla,Alcala De Guadaira,"Oficiales electricistas - Entrenucleos, Sevilla",2.000 € - 2.200 €,Sin Data,Fijo discontinuo,Jornada Completa,Sin Data,Franmar Work Solution,Sin Data
2026-08-06,Trabajoscom,Madrid,Todo Madrid,Oficiales Electricistas – Madrid,2.000 € - 2.200 €,Sin Data,Fijo discontinuo,Jornada Completa,Sin Data,Franmar Work Solution,Sin Data
2026-08-06,Trabajoscom,Barcelona,Barcelona,"Customer Specialist with Dutch, Spanish and English",Sin Data,Sin Data,De duracion determinada,Jornada Completa,Sin Data,Grupo Adecco,Sin Data
2026-08-06,Trabajoscom,Málaga,Todo Málaga,Se necesita personal para limpieza,1.400 € - 1.500 €,Sin Data,Indefinido,Jornada Completa,Sin Data,Limpiezas Jose Sebastian,Sin Data
2026-08-06,Trabajoscom,Barcelona,Badalona,Dependiente/a de Supermercado en Badalona - Indefinido,Sin Data,Sin Data,Indefinido,Jornada Completa,Sin Data,CH Montferrer,Sin Data
2026-08-06,Trabajoscom,Pontevedra,Porriño (Santa Maria P.),Carretillero/a con Experiencia. Rotativo M/T. Porriño,Sin Data,Sin Data,De duracion determinada,Jornada Intensiva,Sin Data,Grupo Adecco,Sin Data
2026-08-06,Trabajoscom,Madrid,Meco,JEFE/A DE EQUIPO LOGÍSTICO,25.000 €,Sin Data,De duracion determinada,Jornada Completa,Sin Data,Grupo Noa's,Sin Data
2026-08-06,Trabajoscom,Valencia,Catarroja,Repartidor/a,17.000 € - 19.000 €,Sin Data,De duracion determinada,Jornada Completa,Sin Data,Temps,Sin Data
2026-08-06,Trabajoscom,Tarragona,Valls,Junior Commodity Buyer (Europe & Africa),Sin Data,Sin Data,De duracion determinada,Jornada Completa,Sin Data,Grupo Adecco,Sin Data
2026-08-06,Trabajoscom,Málaga,Málaga,Auxiliar Administrativo/a (Media Jornada) | Empresa de Apartamentos Turísticos,Sin Data,Sin Data,Indefinido,Media Jornada,Sin Data,Grupo Adecco,Sin Data
2026-08-06,Trabajoscom,Tarragona,Alcover,JEFE/A DE LÍNEA,Sin Data,Sin Data,Indefinido,Jornada Completa,Sin Data,Grupo Adecco,Sin Data
2026-08-06,Trabajoscom,Burgos,Burgos,Frigorista / Técnico/a de Refrigeración y Climatización - BURGOS,Sin Data,Sin Data,Indefinido,Jornada Completa,Sin Data,Temps,Sin Data
2026-08-06,Trabajoscom,Navarra,Todo Navarra,Repartidor/a en Albert Heijn con alojamiento incluido y bono de 400 € - Países Bajos,17 € - 18 €,Sin Data,Indefinido,Jornada Completa,Sin Data,OTTO Work Force,Sin Data
2026-08-06,Trabajoscom, Tarragona, Tarragona,Verificador/a de Piezas (Sector Logístico),Sin Data,Sin Data,De duracion determinada,Jornada Completa,Sin Data,Iman Temporing,Sin Data
2026-08-06,Trabajoscom,Pontevedra,Todo Pontevedra,Soldador/a TIG en Tanis - (horario de mañana 07:00-16:00),28 € - 29 €,Sin Data,Indefinido,Jornada Intensiva,Sin Data,OTTO Work Force,Sin Data
2026-08-06,Trabajoscom,Albacete,Todo Albacete,Preparador/a de Pedidos en Albert Heijn Online | Alojamiento + 300€ Bono Bienvenida,17 € - 18 €,Sin Data,Indefinido,Jornada Completa,Sin Data,OTTO Work Force,Sin Data
2026-08-06,Trabajoscom,Ávila,Todo Ávila,Preparador/a de Pedidos en Albert Heijn Online | Alojamiento + 300€ Bono Bienvenida,17 € - 18 €,Sin Data,Indefinido,Jornada Completa,Sin Data,OTTO Work Force,Sin Data
2026-08-06,Trabajoscom,Asturias,Todo Asturias,Preparador/a de Pedidos en Albert Heijn Online | Alojamiento + 300€ Bono Bienvenida,17 € - 18 €,Sin Data,Indefinido,Jornada Completa,Sin Data,OTTO Work Force,Sin Data
2026-08-06,Trabajoscom,Coruña,Todo Coruña,Preparador/a de Pedidos en Albert Heijn Online | Alojamiento + 300€ Bono Bienvenida,17 € - 18 €,Sin Data,Indefinido,Jornada Completa,Sin Data,OTTO Work Force,Sin Data
2026-08-06,Trabajoscom,Badajoz,Todo Badajoz,Preparador/a de Pedidos en Albert Heijn Online | Alojamiento + 300€ Bono Bienvenida,17 € - 18 €,Sin Data,Indefinido,Jornada Completa,Sin Data,OTTO Work Force,Sin Data
2026-08-06,Trabajoscom,Zaragoza,Todo Zaragoza,Soldador/a TIG en Tanis - (horario de mañana 07:00-16:00),28 € - 29 €,Sin Data,Indefinido,Jornada Intensiva,Sin Data,OTTO Work Force,Sin Data
2026-08-06,Trabajoscom,Teruel,Todo Teruel,Soldador/a TIG en Tanis - (horario de mañana 07:00-16:00),28 € - 29 €,Sin Data,Indefinido,Jornada Intensiva,Sin Data,OTTO Work Force,Sin Data
2026-08-06,Trabajoscom,Valladolid,Todo Valladolid,Soldador/a TIG en Tanis - (horario de mañana 07:00-16:00),28 € - 29 €,Sin Data,Indefinido,Jornada Intensiva,Sin Data,OTTO Work Force,Sin Data
2026-08-06,Trabajoscom,Jaén,Jaen,SHIFT SUPERVISOR | RESPONSABLE DE TURNO STARBUCKS COFFEE JAÉN [ASSS],1 €,Sin Data,A tiempo parcial,Jornada Completa,Sin Data,Starbucks,Sin Data
2026-08-06,Trabajoscom,León,Todo León,Preparador/a de Pedidos en Albert Heijn Online | Alojamiento + 300€ Bono Bienvenida,17 € - 18 €,Sin Data,Indefinido,Jornada Completa,Sin Data,OTTO Work Force,Sin Data
2026-08-06,Trabajoscom,Barcelona,Todo Barcelona,Preparador/a de Pedidos en Albert Heijn Online | Alojamiento + 300€ Bono Bienvenida,17 € - 18 €,Sin Data,Indefinido,Jornada Completa,Sin Data,OTTO Work Force,Sin Data
2026-08-06,Trabajoscom,Bizkaia,Todo Bizkaia,Preparador/a de Pedidos en Albert Heijn Online | Alojamiento + 300€ Bono Bienvenida,17 € - 18 €,Sin Data,Indefinido,Jornada Completa,Sin Data,OTTO Work Force,Sin Data
2026-08-06,Trabajoscom,Ceuta,Todo Ceuta,Preparador/a de Pedidos en Albert Heijn Online | Alojamiento + 300€ Bono Bienvenida,17 € - 18 €,Sin Data,Indefinido,Jornada Completa,Sin Data,OTTO Work Force,Sin Data
2026-08-06,Trabajoscom,Cáceres,Todo Cáceres,Preparador/a de Pedidos en Albert Heijn Online | Alojamiento + 300€ Bono Bienvenida,17 € - 18 €,Sin Data,Indefinido,Jornada Completa,Sin Data,OTTO Work Force,Sin Data
2026-08-06,Trabajoscom,Castellón,Todo Castellón,Preparador/a de Pedidos en Albert Heijn Online | Alojamiento + 300€ Bono Bienvenida,17 € - 18 €,Sin Data,Indefinido,Jornada Completa,Sin Data,OTTO Work Force,Sin Data
2026-08-06,Trabajoscom,Zamora,Todo Zamora,Preparador/a de Pedidos en Albert Heijn Online | Alojamiento + 300€ Bono Bienvenida,17 € - 18 €,Sin Data,Indefinido,Jornada Completa,Sin Data,OTTO Work Force,Sin Data
2026-08-06,Trabajoscom,Málaga,Todo Málaga,Preparador/a de Pedidos en Albert Heijn Online | Alojamiento + 300€ Bono Bienvenida,17 € - 18 €,Sin Data,Indefinido,Jornada Completa,Sin Data,OTTO Work Force,Sin Data
2026-08-06,Trabajoscom,Alicante,Todo Alicante,Repartidor/a en Albert Heijn con alojamiento incluido y bono de 400 € - Países Bajos,17 € - 18 €,Sin Data,Indefinido,Jornada Completa,Sin Data,OTTO Work Force,Sin Data
2026-08-06,Trabajoscom,Valladolid,Todo Valladolid,Preparador/a de Pedidos en Albert Heijn Online | Alojamiento + 300€ Bono Bienvenida,17 € - 18 €,Sin Data,Indefinido,Jornada Completa,Sin Data,OTTO Work Force,Sin Data
2026-08-06,Trabajoscom,Coruña,Todo Coruña,Repartidor/a en Albert Heijn con alojamiento incluido y bono de 400 € - Países Bajos,17 € - 18 €,Sin Data,Indefinido,Jornada Completa,Sin Data,OTTO Work Force,Sin Data
2026-08-06,Trabajoscom,Tarragona,Todo Tarragona,Preparador/a de Pedidos en Albert Heijn Online | Alojamiento + 300€ Bono Bienvenida,17 € - 18 €,Sin Data,Indefinido,Jornada Completa,Sin Data,OTTO Work Force,Sin Data
2026-08-06,Trabajoscom,Pontevedra,Todo Pontevedra,Preparador/a de Pedidos en Albert Heijn Online | Alojamiento + 300€ Bono Bienvenida,17 € - 18 €,Sin Data,Indefinido,Jornada Completa,Sin Data,OTTO Work Force,Sin Data
2026-08-06,Trabajoscom,A Coruña,Cambre,Repartidor/a de paquetería,Sin Data,Sin Data,De duracion determinada,Jornada Completa,Sin Data,Temps,Sin Data
2026-08-06,Trabajoscom,Navarra,Tudela,OPERARIO/A LIMPIEZA INDUSTRIAL,Sin Data,Sin Data,De duracion determinada,Jornada Completa,Sin Data,Temps,Sin Data
2026-08-06,Trabajoscom,Navarra,Marcilla,CARRETILLERO/A RETRÁCTIL DISPONIBILIDAD INMEDIATA,Sin Data,Sin Data,De duracion determinada,Jornada Completa,Sin Data,Temps,Sin Data
2026-08-06,Trabajoscom,Huelva,Todo Huelva,Repartidor/a en Albert Heijn con alojamiento incluido y bono de 400 € - Países Bajos,17 € - 18 €,Sin Data,Indefinido,Jornada Completa,Sin Data,OTTO Work Force,Sin Data
2026-08-06,Trabajoscom,Baleares,Todo Baleares,Repartidor/a en Albert Heijn con alojamiento incluido y bono de 400 € - Países Bajos,17 € - 18 €,Sin Data,Indefinido,Jornada Completa,Sin Data,OTTO Work Force,Sin Data
2026-08-06,Trabajoscom,Jaén,Todo Jaén,Repartidor/a en Albert Heijn con alojamiento incluido y bono de 400 € - Países Bajos,17 € - 18 €,Sin Data,Indefinido,Jornada Completa,Sin Data,OTTO Work Force,Sin Data
2026-08-06,Trabajoscom,Castellón,Todo Castellón,Soldador/a TIG en Tanis - (horario de mañana 07:00-16:00),28 € - 29 €,Sin Data,Indefinido,Jornada Intensiva,Sin Data,OTTO Work Force,Sin Data
2026-08-06,Trabajoscom,Tenerife,Todo Tenerife,Preparador/a de Pedidos en Albert Heijn Online | Alojamiento + 300€ Bono Bienvenida,17 € - 18 €,Sin Data,Indefinido,Jornada Completa,Sin Data,OTTO Work Force,Sin Data
2026-08-06,Trabajoscom,Ávila,Todo Ávila,Repartidor/a en Albert Heijn con alojamiento incluido y bono de 400 € - Países Bajos,17 € - 18 €,Sin Data,Indefinido,Jornada Completa,Sin Data,OTTO Work Force,Sin Data
2026-08-06,Trabajoscom,Segovia,Todo Segovia,Preparador/a de Pedidos en Albert Heijn Online | Alojamiento + 300€ Bono Bienvenida,17 € - 18 €,Sin Data,Indefinido,Jornada Completa,Sin Data,OTTO Work Force,Sin Data
2026-08-06,Trabajoscom,Palencia,Todo Palencia,Soldador/a TIG en Tanis - (horario de mañana 07:00-16:00),28 € - 29 €,Sin Data,Indefinido,Jornada Intensiva,Sin Data,OTTO Work Force,Sin Data
2026-08-06,Trabajoscom,Real,Todo Real,Soldador/a TIG en Tanis - (horario de mañana 07:00-16:00),28 € - 29 €,Sin Data,Indefinido,Jornada Intensiva,Sin Data,OTTO Work Force,Sin Data
2026-08-06,Trabajoscom,Melilla,Todo Melilla,Soldador/a TIG en Tanis - (horario de mañana 07:00-16:00),28 € - 29 €,Sin Data,Indefinido,Jornada Intensiva,Sin Data,OTTO Work Force,Sin Data
2026-08-06,Trabajoscom,Navarra,Todo Navarra,Soldador/a TIG en Tanis - (horario de mañana 07:00-16:00),28 € - 29 €,Sin Data,Indefinido,Jornada Intensiva,Sin Data,OTTO Work Force,Sin Data
2026-08-06,Trabajoscom,Huesca,Todo Huesca,Soldador/a TIG en Tanis - (horario de mañana 07:00-16:00),28 € - 29 €,Sin Data,Indefinido,Jornada Intensiva,Sin Data,OTTO Work Force,Sin Data
2026-08-06,Trabajoscom,Alicante,Todo Alicante,Preparador/a de Pedidos en Albert Heijn Online | Alojamiento + 300€ Bono Bienvenida,17 € - 18 €,Sin Data,Indefinido,Jornada Completa,Sin Data,OTTO Work Force,Sin Data
2026-08-06,Trabajoscom,Córdoba,Todo Córdoba,Soldador/a TIG en Tanis - (horario de mañana 07:00-16:00),28 € - 29 €,Sin Data,Indefinido,Jornada Intensiva,Sin Data,OTTO Work Force,Sin Data
2026-08-06,Trabajoscom,Guadalajara,Todo Guadalajara,Soldador/a TIG en Tanis - (horario de mañana 07:00-16:00),28 € - 29 €,Sin Data,Indefinido,Jornada Intensiva,Sin Data,OTTO Work Force,Sin Data
2026-08-06,Trabajoscom,Huelva,Todo Huelva,Soldador/a TIG en Tanis - (horario de mañana 07:00-16:00),28 € - 29 €,Sin Data,Indefinido,Jornada Intensiva,Sin Data,OTTO Work Force,Sin Data
2026-08-06,Trabajoscom,Gipuzkoa,Todo Gipuzkoa,Repartidor/a en Albert Heijn con alojamiento incluido y bono de 400 € - Países Bajos,17 € - 18 €,Sin Data,Indefinido,Jornada Completa,Sin Data,OTTO Work Force,Sin Data
2026-08-06,Trabajoscom,Barcelona,Todo Barcelona,Repartidor/a en Albert Heijn con alojamiento incluido y bono de 400 € - Países Bajos,17 € - 18 €,Sin Data,Indefinido,Jornada Completa,Sin Data,OTTO Work Force,Sin Data
2026-08-06,Trabajoscom,Madrid,Todo Madrid,Repartidor/a en Albert Heijn con alojamiento incluido y bono de 400 € - Países Bajos,17 € - 18 €,Sin Data,Indefinido,Jornada Completa,Sin Data,OTTO Work Force,Sin Data
2026-08-06,Trabajoscom,Cuenca,Todo Cuenca,Repartidor/a en Albert Heijn con alojamiento incluido y bono de 400 € - Países Bajos,17 € - 18 €,Sin Data,Indefinido,Jornada Completa,Sin Data,OTTO Work Force,Sin Data
2026-08-06,Trabajoscom,Ceuta,Todo Ceuta,Repartidor/a en Albert Heijn con alojamiento incluido y bono de 400 € - Países Bajos,17 € - 18 €,Sin Data,Indefinido,Jornada Completa,Sin Data,OTTO Work Force,Sin Data
2026-08-06,Trabajoscom,Lugo,Todo Lugo,Repartidor/a en Albert Heijn con alojamiento incluido y bono de 400 € - Países Bajos,17 € - 18 €,Sin Data,Indefinido,Jornada Completa,Sin Data,OTTO Work Force,Sin Data
2026-08-06,Trabajoscom,Cádiz,Todo Cádiz,Repartidor/a en Albert Heijn con alojamiento incluido y bono de 400 € - Países Bajos,17 € - 18 €,Sin Data,Indefinido,Jornada Completa,Sin Data,OTTO Work Force,Sin Data
2026-08-06,Trabajoscom,Zaragoza,Todo Zaragoza,Repartidor/a en Albert Heijn con alojamiento incluido y bono de 400 € - Países Bajos,17 € - 18 €,Sin Data,Indefinido,Jornada Completa,Sin Data,OTTO Work Force,Sin Data
2026-08-06,Trabajoscom,Segovia,Todo Segovia,Repartidor/a en Albert Heijn con alojamiento incluido y bono de 400 € - Países Bajos,17 € - 18 €,Sin Data,Indefinido,Jornada Completa,Sin Data,OTTO Work Force,Sin Data
2026-08-06,Trabajoscom,Salamanca,Todo Salamanca,Repartidor/a en Albert Heijn con alojamiento incluido y bono de 400 € - Países Bajos,17 € - 18 €,Sin Data,Indefinido,Jornada Completa,Sin Data,OTTO Work Force,Sin Data
2026-08-06,Trabajoscom,Araba,Todo Araba,Soldador/a TIG en Tanis - (horario de mañana 07:00-16:00),28 € - 29 €,Sin Data,Indefinido,Jornada Intensiva,Sin Data,OTTO Work Force,Sin Data
2026-08-06,Trabajoscom,Albacete,Todo Albacete,Soldador/a TIG en Tanis - (horario de mañana 07:00-16:00),28 € - 29 €,Sin Data,Indefinido,Jornada Intensiva,Sin Data,OTTO Work Force,Sin Data
2026-08-06,Trabajoscom,León,Leon,"Profesor/a para Clases de Costura, Corte y Confección",10 € - 12 €,Sin Data,A tiempo parcial,Media Jornada,Sin Data,Cursos Presenciales León,Sin Data
2026-08-06,Trabajoscom,Gipuzkoa,Donostia-San Sebastian,Comercial B2B - Inside Sales - Servicios para Empresas,Sin Data,Sin Data,Indefinido,Jornada Completa,Sin Data,Hispavista,Sin Data
2026-08-06,Trabajoscom,Madrid,Madrid,VENDEDORES - CARRETILLEROS,19.000 € - 21.000 €,Sin Data,Indefinido,Jornada Completa,Sin Data,Veramat materiales de construcción,Sin Data
2026-08-06,Trabajoscom,Madrid,Villaviciosa De Odon,CARRETILLERO ALMACEN VILLAVICIOSA ODON,19 € - 21 €,Sin Data,Indefinido,Jornada Completa,Sin Data,La Obra distribuciones Madrid Sur,Sin Data
2026-08-06,Trabajoscom,Teruel,Todo Teruel,Personal De Hostelería,17.500 € - 21.500 €,Sin Data,De duracion determinada,Jornada Completa,Sin Data,Iman Temporing,Sin Data
2026-08-06,Trabajoscom,Palencia,Venta De Baños,Técnico/a de mantenimiento,Sin Data,Sin Data,De duracion determinada,Jornada Completa,Sin Data,Iman Temporing,Sin Data
2026-08-06,Trabajoscom, Sevilla, Sevilla,Mecánico/a Maquinaria Pesada (Inc dir Empresa),Sin Data,Sin Data,Indefinido,Jornada Completa,Sin Data,Pacto,Sin Data
2026-08-06,Trabajoscom, Asturias, Asturias,Auxiliar Administrativo/a,19.800 €,Sin Data,Indefinido,Jornada Completa,Sin Data,Citius Solutions,Sin Data
2026-08-06,Trabajoscom, Madrid, Madrid,Operario/a montaje FP electricidad,Sin Data,Sin Data,De duracion determinada,Jornada Completa,Sin Data,Iman Temporing,Sin Data
2026-08-06,Trabajoscom, Cantabria, Cantabria,Operario/a De Producción,Sin Data,Sin Data,De duracion determinada,Jornada Completa,Sin Data,Iman Temporing,Sin Data
2026-08-06,Trabajoscom, Barcelona, Barcelona,Control de accesos NOCTURNO,Sin Data,Sin Data,Indefinido,Jornada Completa,Sin Data,Iman Corporation,Sin Data
2026-08-06,Trabajoscom, Valladolid, Valladolid,Operario/a de Alimentación (días sueltos),18.000 € - 19.000 €,Sin Data,De duracion determinada,Jornada Completa,Sin Data,Iman Temporing,Sin Data
2026-08-06,Trabajoscom, Cantabria, Cantabria,Técnico/a PRL,Sin Data,Sin Data,Indefinido,Jornada Completa,Sin Data,Iman Global Consulting,Sin Data
2026-08-06,Trabajoscom, Cantabria, Cantabria,FILETERAS,Sin Data,Sin Data,De duracion determinada,Jornada Indiferente,Sin Data,Iman Temporing,Sin Data
2026-08-06,Trabajoscom, Barcelona, Barcelona,Auxiliares servicios Zona Martorell- Castellbisbal,Sin Data,Sin Data,Indefinido,Jornada Completa,Sin Data,Iman Corporation,Sin Data
2026-08-06,Trabajoscom, Barcelona, Barcelona,Aux de Servicios - control de acceso- Portería,Sin Data,Sin Data,A tiempo parcial,Jornada Completa,Sin Data,Iman Corporation,Sin Data
2026-08-06,Trabajoscom, Valencia, Valencia,Chófer Carnet C  (Paterna),Sin Data,Sin Data,Indefinido,Jornada Completa,Sin Data,Iman Temporing,Sin Data
2026-08-06,Trabajoscom, Sevilla, Sevilla,Operario/a Producción (sustitución paternidad),Sin Data,Sin Data,De duracion determinada,Jornada Completa,Sin Data,Iman Temporing,Sin Data
2026-08-06,Trabajoscom, Zaragoza, Zaragoza,Técnico/a Senior de Recursos Humanos-Zaragoza,35.000 €,Sin Data,Indefinido,Jornada Completa,Sin Data,Iman Global Consulting,Sin Data
2026-08-06,Trabajoscom, Barcelona, Barcelona,Vigilante de sust en Manresa con Plus tardes,Sin Data,Sin Data,Indefinido,Jornada Completa,Sin Data,Iman Seguridad,Sin Data
2026-08-06,Trabajoscom, Barcelona, Barcelona,Vigilante Entidad Pública del sector Audiovisual,Sin Data,Sin Data,Indefinido,Jornada Completa,Sin Data,Iman Seguridad,Sin Data
2026-08-06,Trabajoscom, Valencia, Valencia,Becario/a rrhh,Sin Data,Sin Data,Formativo,Jornada Indiferente,Sin Data,Pacto,Sin Data
2026-08-06,Trabajoscom, Sevilla, Sevilla,CONTROLADOR ACCESOS DISCAPACIDAD SEVILLA,Sin Data,Sin Data,Indefinido,Jornada Indiferente,Sin Data,Iman Corporation,Sin Data
2026-08-06,Trabajoscom, Barcelona, Barcelona,Aux. de Servicios Organismo de Salud - Granollers,Sin Data,Sin Data,Indefinido,Jornada Completa,Sin Data,Iman Corporation,Sin Data
2026-08-06,Trabajoscom, Soria, Soria,TECNICO/A COMERCIAL DE MOSTRADOR (INDUSTRIAL),Sin Data,Sin Data,Indefinido,Jornada Completa,Sin Data,Iman Temporing,Sin Data
2026-08-06,Trabajoscom, Valencia, Valencia,Operario/a con carretilla FRIO INDUSTRIAL,Sin Data,Sin Data,De duracion determinada,Jornada Completa,Sin Data,Iman Temporing,Sin Data
2026-08-06,Trabajoscom, Sevilla, Sevilla,Conductor/a de Reparto furgoneta 3500 kg,Sin Data,Sin Data,De duracion determinada,Jornada Completa,Sin Data,Iman Temporing,Sin Data
2026-08-06,Trabajoscom, Cantabria, Cantabria,Cajero/a reponedor/a supermercado,Sin Data,Sin Data,De duracion determinada,Media Jornada,Sin Data,Iman Temporing,Sin Data
2026-08-06,Trabajoscom, Gipuzkoa, Gipuzkoa,Mozo/a de almacén Fresco,Sin Data,Sin Data,De duracion determinada,Jornada Completa,Sin Data,Iman Temporing,Sin Data
2026-08-06,Trabajoscom, Palencia, Palencia,Cajero/a reponedor/a supermercado,Sin Data,Sin Data,De duracion determinada,Media Jornada,Sin Data,Iman Temporing,Sin Data
2026-08-06,Trabajoscom, Castellón, Castellón,Director/a de Operaciones-Castellón,60.000 € - 80.000 €,Sin Data,Indefinido,Jornada Completa,Sin Data,Iman Global Consulting,Sin Data
2026-08-06,Trabajoscom, Barcelona, Barcelona,Camarera/o de Pisos Hotel en Sant Cugat,1.100 € - 1.104 €,Sin Data,Indefinido,Jornada Indiferente,Sin Data,Royal Rooms,Sin Data
2026-08-06,Trabajoscom, A Coruña, A Coruña,ENCARGADO/A DE EXPEDICIONES,Sin Data,Sin Data,Indefinido,Jornada Completa,Sin Data,Iman Temporing,Sin Data
2026-08-06,Trabajoscom, León, León,Enfermero/a - DUE Centro Residencial DomusVi Nuestra Señora del Camino,Sin Data,Sin Data,Indefinido,Jornada Indiferente,Sin Data,DomusVi,Sin Data
2026-08-06,Trabajoscom, Córdoba, Córdoba,REPARTIDOR/A EN CÓRDOBA CAPITAL,Sin Data,Sin Data,Indefinido,Jornada Completa,Sin Data,Iman Temporing,Sin Data
2026-08-06,Trabajoscom, Barcelona, Barcelona,Operarios/as de revestimientos de techos de coche,Sin Data,Sin Data,Indefinido,Jornada Completa,Sin Data,Iman Temporing,Sin Data
2026-08-06,Trabajoscom, Sevilla, Sevilla,Hydraulic Engineer,Sin Data,Sin Data,Indefinido,Jornada Completa,Sin Data,Iman Global Consulting,Sin Data
2026-08-06,Trabajoscom, Valladolid, Valladolid,Operario/a de producción en Medina del Campo,Sin Data,Sin Data,Indefinido,Jornada Completa,Sin Data,Iman Temporing,Sin Data
2026-08-06,Trabajoscom, Valladolid, Valladolid,Operario/a de producción en Medina del Campo,Sin Data,Sin Data,Indefinido,Jornada Completa,Sin Data,Iman Temporing,Sin Data
2026-08-06,Trabajoscom, Guadalajara, Guadalajara,Administrativo/a con Ingles,Sin Data,Sin Data,Indefinido,Jornada Completa,Sin Data,Iman Temporing,Sin Data
2026-08-06,Trabajoscom, Barcelona, Barcelona,Operario/a Trilateral,Sin Data,Sin Data,De duracion determinada,Jornada Completa,Sin Data,Iman Temporing,Sin Data
2026-08-06,Trabajoscom, Zaragoza, Zaragoza,Auxiliar Administrativo/a,19.800 €,Sin Data,Indefinido,Jornada Completa,Sin Data,Citius Solutions,Sin Data
2026-08-06,Trabajoscom, Valencia, Valencia,CARRETILLERO/A RETRACTIL CHESTE,Sin Data,Sin Data,Indefinido,Jornada Completa,Sin Data,Iman Temporing,Sin Data
2026-08-06,Trabajoscom,Cáceres,Jaraiz De La Vera,Cajero/a Reponedor/a para Jaraíz de la Vera,Sin Data,Sin Data,Indefinido,Jornada Indiferente,Sin Data,Grupo DIA,Sin Data
2026-08-06,Trabajoscom,Valladolid,Valladolid,Cajero/a-Reponedor/a- Peñafiel- 40 horas semanales,Sin Data,Sin Data,Indefinido,Jornada Indiferente,Sin Data,Grupo DIA,Sin Data
2026-08-06,Trabajoscom, Guadalajara, Guadalajara,Gerocultor/a - Auxiliar de enfermería Centro Residencial DomusVi Princesa de Eboli,Sin Data,Sin Data,Indefinido,Jornada Indiferente,Sin Data,DomusVi,Sin Data
2026-08-06,Trabajoscom, Ourense, Ourense,Gerocultor/a - Auxiliar de enfermería Centro Residencial DomusVi Pereiro,Sin Data,Sin Data,De duracion determinada,Jornada Completa,Sin Data,DomusVi,Sin Data
2026-08-06,Trabajoscom, Tarragona, Tarragona,Agente asesor/a de ventas,Sin Data,Sin Data,Indefinido,Jornada Completa,Sin Data,Crit Interim España ETT,Sin Data
2026-08-06,Trabajoscom, Ourense, Ourense,Enfermero/a - DUE Centro Residencial DomusVi Ourense centro,Sin Data,Sin Data,De duracion determinada,Jornada Completa,Sin Data,DomusVi,Sin Data
2026-08-06,Trabajoscom, Barcelona, Barcelona,Mozo/a - Carretillero/a Sant Andreu de la Barca,Sin Data,Sin Data,De duracion determinada,Jornada Completa,Sin Data,Crit Interim España ETT,Sin Data
2026-08-06,Trabajoscom, Barcelona, Barcelona,Operarios/as Producción - Polvos (Sector Farma),Sin Data,Sin Data,De duracion determinada,Jornada Completa,Sin Data,Iman Temporing,Sin Data
2026-08-06,Trabajoscom, Madrid, Madrid,Vigilante de Seguridad - Organismo de Salud (Pozuelo de Alarcón),Sin Data,Sin Data,Indefinido,Jornada Completa,Sin Data,Iman Seguridad,Sin Data
2026-08-06,Trabajoscom, Zaragoza, Zaragoza,Repartidor de paquetería con MOTO,Sin Data,Sin Data,De duracion determinada,Jornada Completa,Sin Data,Iman Temporing,Sin Data
2026-08-06,Trabajoscom, Tarragona, Tarragona,Carretillero/a de envasado con GS,Sin Data,Sin Data,De duracion determinada,Jornada Completa,Sin Data,Iman Temporing,Sin Data
2026-08-06,Trabajoscom, Madrid, Madrid,Técnico/a RRHH  SUSTITUCION  MATERNIDAD,30.000 € - 32.000 €,Sin Data,Indefinido,Jornada Completa,Sin Data,Iman Temporing,Sin Data
2026-08-06,Trabajoscom, Valencia, Valencia,"Encajador/a, maquinista y/o capaceador/a- Octubre",Sin Data,Sin Data,Indefinido,Jornada Completa,Sin Data,Crit Interim España ETT,Sin Data
2026-08-06,Trabajoscom, Barcelona, Barcelona,Operario/a carretillero Industria química,22.000 €,Sin Data,Indefinido,Jornada Completa,Sin Data,Iman Temporing,Sin Data
2026-08-06,Trabajoscom, Valencia, Valencia,Operarios/as de Producción - Sector Alimentación,17.000 € - 18.000 €,Sin Data,De duracion determinada,Jornada Completa,Sin Data,Pacto,Sin Data
2026-08-06,Trabajoscom, Madrid, Madrid,Gestor/a de Atención al cliente Seguros de Automóvil,Sin Data,Sin Data,De duracion determinada,Jornada Completa,Sin Data,Crit Interim España ETT,Sin Data
2026-08-06,Trabajoscom, La Rioja, La Rioja,ADMINISTRATIVO/A SECTOR SEGUROS,Sin Data,Sin Data,De duracion determinada,Media Jornada,Sin Data,Iman Temporing,Sin Data
2026-08-06,Trabajoscom, Badajoz, Badajoz,Médico/a Centro Residencial DomusVi Ciudad de Badajoz,Sin Data,Sin Data,Indefinido,Jornada Indiferente,Sin Data,DomusVi,Sin Data
2026-08-06,Trabajoscom, Barcelona, Barcelona,Operario/a,Sin Data,Sin Data,De duracion determinada,Jornada Completa,Sin Data,Crit Interim España ETT,Sin Data
2026-08-06,Trabajoscom, Sevilla, Sevilla,Auxiliar de Matadero,Sin Data,Sin Data,De duracion determinada,Jornada Completa,Sin Data,Crit Interim España ETT,Sin Data
2026-08-06,Trabajoscom, Barcelona, Barcelona,Manipulador/a Turno MAÑANA,Sin Data,Sin Data,De duracion determinada,Jornada Completa,Sin Data,Iman Temporing,Sin Data
2026-08-06,Trabajoscom, Madrid, Madrid,Jefe/a de Obra (Reformas Residenciales),Sin Data,Sin Data,Indefinido,Jornada Completa,Sin Data,Iman Global Consulting,Sin Data
2026-08-06,Trabajoscom, Madrid, Madrid,Diseñador/a Retail,Sin Data,Sin Data,Indefinido,Jornada Completa,Sin Data,Crit Interim España ETT,Sin Data
2026-08-06,Trabajoscom, Madrid, Madrid,Psicólogo/a Sanitario- Media jornada,Sin Data,Sin Data,Indefinido,Media Jornada,Sin Data,Crit Interim España ETT,Sin Data
2026-08-06,Trabajoscom, Barcelona, Barcelona,Vigilantes de seguridad con Licencia de armas,Sin Data,Sin Data,Indefinido,Jornada Completa,Sin Data,Iman Seguridad,Sin Data
2026-08-06,Trabajoscom, Navarra, Navarra,Administrativo/a con SAP e Inglés,23.500 € - 25.000 €,Sin Data,De duracion determinada,Jornada Completa,Sin Data,Iman Temporing,Sin Data
2026-08-06,Trabajoscom, Barcelona, Barcelona,Técnico/a Compresorista,Sin Data,Sin Data,Indefinido,Jornada Completa,Sin Data,Crit Interim España ETT,Sin Data
2026-08-06,Trabajoscom, Madrid, Madrid,Comercial sector construcción,Sin Data,Sin Data,De duracion determinada,Jornada Completa,Sin Data,Iman Temporing,Sin Data
2026-08-06,Trabajoscom, Barcelona, Barcelona,Limpiador/a industrial,Sin Data,Sin Data,De duracion determinada,Media Jornada,Sin Data,Iman Temporing,Sin Data
2026-08-06,Trabajoscom, Barcelona, Barcelona,URGE 3 Pickers turno de 8 a 16h,24.000 €,Sin Data,De duracion determinada,Jornada Completa,Sin Data,Iman Temporing,Sin Data
2026-08-06,Trabajoscom, Lugo, Lugo,Técnico/a de calidad de planta (junior),23.000 € - 24.000 €,Sin Data,De duracion determinada,Jornada Completa,Sin Data,Iman Temporing,Sin Data
2026-08-06,Trabajoscom, Barcelona, Barcelona,Mozo de almacen,Sin Data,Sin Data,Indefinido,Jornada Completa,Sin Data,Crit Interim España ETT,Sin Data
2026-08-06,Trabajoscom, Barcelona, Barcelona,Mozo/a de almacén,Sin Data,Sin Data,Indefinido,Jornada Completa,Sin Data,Crit Interim España ETT,Sin Data
2026-08-06,Trabajoscom, Gipuzkoa, Gipuzkoa,Becario/a rrhh selección,Sin Data,Sin Data,Formativo,Jornada Completa,Sin Data,Citius Outsourcing,Sin Data
2026-08-06,Trabajoscom, Barcelona, Barcelona,Vigilantes Seguridad Data Center  Plus Bienvenida,Sin Data,Sin Data,Indefinido,Jornada Completa,Sin Data,Iman Seguridad,Sin Data
2026-08-06,Trabajoscom, Barcelona, Barcelona,Administrativo/a Centro Residencial DomusVi Bonanova,Sin Data,Sin Data,Indefinido,Jornada Completa,Sin Data,DomusVi,Sin Data
2026-08-06,Trabajoscom, Tarragona, Tarragona,Analista de Laboratorio Control Calidad,23.000 € - 25.000 €,Sin Data,De duracion determinada,Jornada Completa,Sin Data,Iman Temporing,Sin Data
2026-08-06,Trabajoscom, Gipuzkoa, Gipuzkoa,Becario/a rrhh selección,Sin Data,Sin Data,Formativo,Jornada Completa,Sin Data,Citius Outsourcing,Sin Data
2026-08-06,Trabajoscom, Barcelona, Barcelona,Vigilantes Seguridad Data Center  Plus Bienvenida,Sin Data,Sin Data,Indefinido,Jornada Completa,Sin Data,Iman Seguridad,Sin Data
2026-08-06,Trabajoscom, Madrid, Madrid,Jardinero/a,Sin Data,Sin Data,De duracion determinada,Jornada Completa,Sin Data,Crit Interim España ETT,Sin Data
2026-08-06,Trabajoscom, Burgos, Burgos,Enfermero/a - DUE Centro Residencial DomusVi Rio Vena,Sin Data,Sin Data,Indefinido,Jornada Indiferente,Sin Data,DomusVi,Sin Data
2026-08-06,Trabajoscom, Málaga, Málaga,Técnico/a en Microsoldadura y Electrónica – Incorporación inmediata,Sin Data,Sin Data,De duracion determinada,Jornada Completa,Sin Data,Iman Temporing,Sin Data
2026-08-06,Trabajoscom, Las Palmas, Las Palmas,"Empleado/a de salón - Gran Tarajal, Fuerteventura",Sin Data,Sin Data,De duracion determinada,Jornada Completa,Sin Data,Iman Global Consulting,Sin Data
2026-08-06,Trabajoscom, Araba, Araba,TÉCNICO/A DE LABORATORIO - BODEGA RIOJA ALAVESA,Sin Data,Sin Data,De duracion determinada,Jornada Completa,Sin Data,Iman Temporing,Sin Data
2026-08-06,Trabajoscom, Las Palmas, Las Palmas,Técnico/a SAT máquinas recreativas LANZAROTE,Sin Data,Sin Data,Indefinido,Jornada Completa,Sin Data,Iman Global Consulting,Sin Data
2026-08-06,Trabajoscom, Murcia, Murcia,Operario/a de envasado,Sin Data,Sin Data,De duracion determinada,Jornada Completa,Sin Data,Iman Temporing,Sin Data
2026-08-06,Trabajoscom, Sevilla, Sevilla,"Oficial Mantenimiento, Electromecánico o Electricista.",Sin Data,Sin Data,De duracion determinada,Jornada Completa,Sin Data,Iman Temporing,Sin Data
2026-08-06,Trabajoscom, Granada, Granada,"Carretillero/a Fines de Semana Lachár, Granada",Sin Data,Sin Data,De duracion determinada,Jornada Completa,Sin Data,Crit Interim España ETT,Sin Data
2026-08-06,Trabajoscom, Córdoba, Córdoba,Camarero/a pisos EXTRA - Cordoba,Sin Data,Sin Data,Indefinido,Jornada Completa,Sin Data,Pacto,Sin Data
2026-08-06,Trabajoscom, Almería, Almería,Mozo/a Almacén Pulpí,Sin Data,Sin Data,De duracion determinada,Jornada Completa,Sin Data,Crit Interim España ETT,Sin Data
2026-08-06,Trabajoscom, Alicante, Alicante,Auxiliar de Apoyo Equipo Asistencial Centro Residencial DomusVi El Campello,Sin Data,Sin Data,De duracion determinada,Jornada Completa,Sin Data,DomusVi,Sin Data
2026-08-06,Trabajoscom, Madrid, Madrid,Mozos/as con frontal rotativos 24h/semanales,Sin Data,Sin Data,De duracion determinada,Jornada Completa,Sin Data,Iman Temporing,Sin Data
2026-08-06,Trabajoscom, Toledo, Toledo,Carretillero/a retráctil (Talavera de la Reina),24.000 € - 25.000 €,Sin Data,De duracion determinada,Jornada Completa,Sin Data,Crit Interim España ETT,Sin Data
2026-08-06,Trabajoscom, Navarra, Navarra,Delineante/Técnico de Ofi.Técnica (CAD/Mecanizado),Sin Data,Sin Data,De duracion determinada,Jornada Completa,Sin Data,Iman Temporing,Sin Data
2026-08-06,Trabajoscom, Valencia, Valencia,Técnico/a de Mantenimiento Industrial,Sin Data,Sin Data,Indefinido,Jornada Completa,Sin Data,Iman Global Consulting,Sin Data
2026-08-06,Trabajoscom, Murcia, Murcia,Mozo/a almacén,Sin Data,Sin Data,De duracion determinada,Jornada Completa,Sin Data,Crit Interim España ETT,Sin Data
