Fecha,Plataforma,Provincia,Localidad,Oferta_Empleo,Salario,Modalidad,Tipo_Contrato,Tipo_Jornada,Experiencia,Empresa,Requisitos
2026-09-25,Trabajoscom,Barcelona,La Garriga,TRABAJADOR/A FAMILIAR - SAD LA GARRIGA (Indefinido),870 € - 920 €,Sin Data,A tiempo parcial,Jornada Intensiva,Sin Data,Accent Social,Sin Data
2026-09-25,Trabajoscom,Barcelona,Llinars Del Valles,TRABAJADOR/A FAMILIAR - SAD LLINARS DEL VALLÈS (Indefinido),920 € - 950 €,Sin Data,A tiempo parcial,Jornada Intensiva,Sin Data,Accent Social,Sin Data
2026-09-25,Trabajoscom,Barcelona,Manresa,Especialista cristales - brigada.    MANRESA,18.000 €,Sin Data,De duracion determinada,Media Jornada,Sin Data,Limpiezas Deyse,Sin Data
2026-09-25,Trabajoscom,Madrid,Alcobendas,Laboratorio con experiencia en revestimiento,Sin Data,Sin Data,Indefinido,Jornada Completa,Sin Data,Temps,Sin Data
2026-09-25,Trabajoscom,Burgos,Burgos,OPERADOR/A DE FABRICACIÓN,Sin Data,Sin Data,De duracion determinada,Jornada Completa,Sin Data,Grupo Adecco,Sin Data
2026-09-25,Trabajoscom,Toledo,Illescas,Almacenero/a (Dpto. Accesorios),23.000 € - 24.000 €,Sin Data,De duracion determinada,Jornada Completa,Sin Data,Temps,Sin Data
2026-09-25,Trabajoscom,Pontevedra,Vigo,Técnico/a de mantenimiento industrial,Sin Data,Sin Data,De duracion determinada,Media Jornada,Sin Data,Grupo Adecco,Sin Data
2026-09-25,Trabajoscom,Cádiz,Cádiz,Ingeniero/a Especialista de Inversiones,Sin Data,Sin Data,De duracion determinada,Media Jornada,Sin Data,Grupo Adecco,Sin Data
2026-09-25,Trabajoscom,Murcia,Murcia,Asesor/a Personal Seguros,Sin Data,Sin Data,Indefinido,Jornada Completa,Sin Data,Grupo Adecco,Sin Data
2026-09-25,Trabajoscom,Barcelona,Sabadell,Especialista en Atención al Cliente y Gestión de Envíos - Mail Boxes Etc.,Sin Data,Sin Data,De duracion determinada,Jornada Completa,Sin Data,Mail Boxes Etc,Sin Data
2026-09-25,Trabajoscom,Lleida,Torrefarrera,Técnico/a de Servicio Postventa con inglés,Sin Data,Sin Data,Indefinido,Jornada Completa,Sin Data,Grupo Adecco,Sin Data
2026-09-25,Trabajoscom,Madrid,Getafe,Técnico/a Contable (A3) - Getafe,Sin Data,Sin Data,Indefinido,Jornada Completa,Sin Data,Grupo Adecco,Sin Data
2026-09-25,Trabajoscom,Girona,Blanes,Operario/a de Envasado Sector Alimentación,Sin Data,Sin Data,Indefinido,Media Jornada,Sin Data,Grupo Adecco,Sin Data
2026-09-25,Trabajoscom,Barcelona,Sant Quintí De Mediona,Administrativo/a de mantenimiento,Sin Data,Sin Data,Indefinido,Jornada Completa,Sin Data,Grupo Adecco,Sin Data
2026-09-25,Trabajoscom,Zaragoza,Zaragoza,Operario/a metal con vehículo propio,Sin Data,Sin Data,De duracion determinada,Media Jornada,Sin Data,Grupo Adecco,Sin Data
2026-09-25,Trabajoscom,Zaragoza,La Puebla De Alfinden,Operario/a carpintería de aluminio,Sin Data,Sin Data,Indefinido,Media Jornada,Sin Data,Grupo Adecco,Sin Data
2026-09-25,Trabajoscom,Burgos,Burgos,Cocinero/a y Atención al Cliente,Sin Data,Sin Data,De duracion determinada,Media Jornada,Sin Data,Grupo Adecco,Sin Data
2026-09-25,Trabajoscom,Zaragoza,Pedrola,Operarios/as con coche (turno fijo de noche).,Sin Data,Sin Data,Indefinido,Jornada Completa,Sin Data,Grupo Adecco,Sin Data
2026-09-25,Trabajoscom,Teruel,Teruel,Conductor/a Repartidor/a,Sin Data,Sin Data,Indefinido,Jornada Completa,Sin Data,Grupo Adecco,Sin Data
2026-09-25,Trabajoscom,Zaragoza,Zaragoza,Carretilleros/as con coche (Turno fijo noche),Sin Data,Sin Data,Indefinido,Jornada Completa,Sin Data,Grupo Adecco,Sin Data
2026-09-25,Trabajoscom,Gipuzkoa,Todo Gipuzkoa,"Director/a de Tecnología, Producto y Soluciones Industriales",72.000 € - 90.000 €,Sin Data,Indefinido,Jornada Indiferente,Sin Data,AdegiLan,Sin Data
2026-09-25,Trabajoscom,Gipuzkoa,Todo Gipuzkoa,Técnico/a Mantenimiento Industrial,Sin Data,Sin Data,Indefinido,Jornada Completa,Sin Data,AdegiLan,Sin Data
2026-09-25,Trabajoscom,Gipuzkoa,Todo Gipuzkoa,Adjunto/a a Dirección del Área Estadística,Sin Data,Sin Data,De duracion determinada,Jornada Completa,Sin Data,AdegiLan,Sin Data
2026-09-25,Trabajoscom,Gipuzkoa,Todo Gipuzkoa,"Técnico/a PRL, Calidad y Medioambiente",42 € - 54 €,Sin Data,Indefinido,Jornada Completa,Sin Data,AdegiLan,Sin Data
2026-09-25,Trabajoscom,Gipuzkoa,Todo Gipuzkoa,Electricista,18 € - 30 €,Sin Data,Indefinido,Jornada Completa,Sin Data,AdegiLan,Sin Data
2026-09-25,Trabajoscom,Granada,Granada,"Conductor/a C+ E, Granada",Sin Data,Sin Data,Indefinido,Jornada Completa,Sin Data,Grupo Adecco,Sin Data
2026-09-25,Trabajoscom,Gipuzkoa,Todo Gipuzkoa,Tecnico/a de Metrologia,Sin Data,Sin Data,Indefinido,Jornada Completa,Sin Data,AdegiLan,Sin Data
2026-09-25,Trabajoscom,Gipuzkoa,Todo Gipuzkoa,Responsable Comercial,42 € - 54 €,Sin Data,Indefinido,Jornada Completa,Sin Data,AdegiLan,Sin Data
2026-09-25,Trabajoscom,Gipuzkoa,Todo Gipuzkoa,Técnico-a de Mantenimiento,Sin Data,Sin Data,Indefinido,Jornada Completa,Sin Data,AdegiLan,Sin Data
2026-09-25,Trabajoscom,Gipuzkoa,Todo Gipuzkoa,Técnico/a Estadístico/a,Sin Data,Sin Data,De duracion determinada,Jornada Completa,Sin Data,AdegiLan,Sin Data
2026-09-25,Trabajoscom,Zaragoza,Pedrola,Operarios/as con coche (turno fijo de noche).,Sin Data,Sin Data,Indefinido,Jornada Completa,Sin Data,Grupo Adecco,Sin Data
2026-09-25,Trabajoscom,Málaga,Vélez-Málaga,"Técnico/a de Automatización y Programación PLC , ALMERIA",Sin Data,Sin Data,Indefinido,Jornada Completa,Sin Data,Grupo Adecco,Sin Data
2026-09-25,Trabajoscom,Guadalajara,Guadalajara,MOZOS/AS RECEPCIÓN DE MERCANCÍA,1.400 € - 1.500 €,Sin Data,De duracion determinada,Jornada Completa,Sin Data,Temps,Sin Data
2026-09-25,Trabajoscom,Barcelona,Castellar Del Valles,MANIPULADOR/A,Sin Data,Sin Data,Indefinido,Jornada Indiferente,Sin Data,RAS Interim,Sin Data
2026-09-25,Trabajoscom,Zaragoza,Zaragoza,Copy REPARTIDOR/A DE PAQUETERÍA (Posibilidad solo fines de semana),Sin Data,Sin Data,De duracion determinada,Jornada Completa,Sin Data,Temps,Sin Data
2026-09-25,Trabajoscom,Guadalajara,Guadalajara,MOZOS/AS DE ALMACÉN PARA FINES DE SEMANA - TORIJA,12 €,Sin Data,De duracion determinada,Media Jornada,Sin Data,Temps,Sin Data
2026-09-25,Trabajoscom,Valencia,Catarroja,Repartidor/a,17.000 € - 19.000 €,Sin Data,De duracion determinada,Jornada Completa,Sin Data,Temps,Sin Data
2026-09-25,Trabajoscom,Soria,Soria,OPERARIO/A CÁRNICO - DESHUESE y/o CORTE A MANO,Sin Data,Sin Data,Indefinido,Jornada Completa,Sin Data,Temps,Sin Data
2026-09-25,Trabajoscom,Barcelona,Teia,Oficiala/l de jardinería.  Teià,23.036 €,Sin Data,Indefinido,Jornada Completa,Sin Data,Talher,Sin Data
2026-09-25,Trabajoscom,Valencia,Todo Valencia,"CAMAREROS/AS, LIMPIADORES/AS Y MOZOS/AS (DIAS Y EVENTOS SUELTOS)",Sin Data,Sin Data,Indefinido,Jornada Indiferente,Sin Data,RAS Interim,Sin Data
2026-09-25,Trabajoscom,Barcelona,Blanes,MOZO/A CON CARNET DE CARRETILLA,Sin Data,Sin Data,Indefinido,Jornada Indiferente,Sin Data,RAS Interim,Sin Data
2026-09-25,Trabajoscom,Valencia,Lliria,Operarios (H/M/D) CON DISCAPACIDAD (Liria),17.000 € - 18.000 €,Sin Data,Discapacidad,Jornada Completa,Sin Data,Ilunion,Sin Data
2026-09-25,Trabajoscom,Valencia,Sagunt/sagunto,PERSONAL DE LIMPIEZA (H/M/D) CON DISCAPACIDAD (PUERTO DE SAGUNTO),Sin Data,Sin Data,De duracion determinada,Jornada Indiferente,Sin Data,Ilunion,Sin Data
2026-09-25,Trabajoscom,Málaga,Todo Málaga,Repartidor/a – Málaga,Sin Data,Sin Data,Fijo discontinuo,Jornada Completa,Sin Data,Empresa de Selección,Sin Data
2026-09-25,Trabajoscom,Madrid,La Estación - Collado Villalba,Promotor/a comercial gimnasio. 1 mes,Sin Data,Sin Data,De duracion determinada,Media Jornada,Sin Data,Grupo Adecco,Sin Data
2026-09-25,Trabajoscom,Girona,Todo Girona,CARPINTERO/A,Sin Data,Sin Data,Indefinido,Jornada Indiferente,Sin Data,RAS Interim,Sin Data
2026-09-25,Trabajoscom,Valencia,Gandia,Store Manager - Retail,Sin Data,Sin Data,Indefinido,Jornada Completa,Sin Data,Grupo Adecco,Sin Data
2026-09-25,Trabajoscom,Guadalajara,Guadalajara,CARRETILLEROS/AS DE RETRÁCTIL CON EXPERIENCIA DEMOSTRABLE - TORIJA,12 € - 14 €,Sin Data,De duracion determinada,Jornada Completa,Sin Data,Temps,Sin Data
2026-09-25,Trabajoscom,Valencia,Alboraya,Jefe/a de Ventas B2C - ALICANTE,Sin Data,Sin Data,Indefinido,Jornada Indiferente,Sin Data,Lumon Cristales España,Sin Data
2026-09-25,Trabajoscom,Barcelona,Todo Barcelona,CARPINTERO/A,Sin Data,Sin Data,Indefinido,Jornada Indiferente,Sin Data,RAS Interim,Sin Data
2026-09-25,Trabajoscom,Madrid,Alcala De Henares,CONDUCTOR/A C + CAP,Sin Data,Sin Data,Indefinido,Jornada Indiferente,Sin Data,RAS Interim,Sin Data
2026-09-25,Trabajoscom,Tarragona,Valls,MOZO/A ALMACÉN CON CARRETILLA FRONTAL,Sin Data,Sin Data,Indefinido,Jornada Indiferente,Sin Data,RAS Interim,Sin Data
2026-09-25,Trabajoscom,Tarragona,Reus,OPERARIO/A CON CARRETILLA,Sin Data,Sin Data,Indefinido,Jornada Indiferente,Sin Data,RAS Interim,Sin Data
2026-09-25,Trabajoscom,Alicante,Alicante,CHÓFER B,Sin Data,Sin Data,Indefinido,Jornada Indiferente,Sin Data,RAS Interim,Sin Data
2026-09-25,Trabajoscom,Barcelona,Parets Del Valles,ADMINISTRATIVO/A,Sin Data,Sin Data,Indefinido,Jornada Indiferente,Sin Data,RAS Interim,Sin Data
2026-09-25,Trabajoscom,Girona,Blanes,MOZO/A CON CARNET DE CARRETILLA,Sin Data,Sin Data,Indefinido,Jornada Indiferente,Sin Data,RAS Interim,Sin Data
2026-09-25,Trabajoscom,Málaga,Antequera,ADJUNTO - ZONA MOLLINA (MÁLAGA),Sin Data,Sin Data,Indefinido,Jornada Indiferente,Sin Data,Grupo DIA,Sin Data
2026-09-25,Trabajoscom,Cantabria,Reinosa,Carnicero/a para Reinosa,Sin Data,Sin Data,Indefinido,Jornada Indiferente,Sin Data,Grupo DIA,Sin Data
2026-09-25,Trabajoscom,Barcelona,Martorell,OPERARIO/A METAL,Sin Data,Sin Data,Indefinido,Jornada Indiferente,Sin Data,RAS Interim,Sin Data
2026-09-25,Trabajoscom,Valladolid,Valladolid,Cajeros/as-Reponedores/as - Laguna de Duero - 30 horas semanales,Sin Data,Sin Data,Indefinido,Jornada Indiferente,Sin Data,Grupo DIA,Sin Data
2026-09-25,Trabajoscom,León,Santa Catalina De Somoza,Cajero/a Reponedor/a El Prat de Llobregat 24h tardes,Sin Data,Sin Data,Indefinido,Jornada Indiferente,Sin Data,Grupo DIA,Sin Data
2026-09-25,Trabajoscom,León,Santa Catalina De Somoza,Cajera/o Reponedor/a Alcover 40 h.,Sin Data,Sin Data,Indefinido,Jornada Indiferente,Sin Data,Grupo DIA,Sin Data
2026-09-25,Trabajoscom,Navarra,Altsasu/alsasua,Cajero/a Reponedor/a para Alsasua 20h,Sin Data,Sin Data,Indefinido,Jornada Indiferente,Sin Data,Grupo DIA,Sin Data
2026-09-25,Trabajoscom,Sevilla,Ecija,Cajero/a Reponedor/a,Sin Data,Sin Data,Indefinido,Jornada Indiferente,Sin Data,Grupo DIA,Sin Data
2026-09-25,Trabajoscom,Toledo,Illescas,OPERARIO/A DE PRODUCCIÓN  INDUSTRIAL – TURNOS ROTATIVOS,Sin Data,Sin Data,Indefinido,Jornada Indiferente,Sin Data,RAS Interim,Sin Data
2026-09-25,Trabajoscom,Girona,Girona,ADMINISTRATIU/VA POLIVALENT,Sin Data,Sin Data,Indefinido,Jornada Indiferente,Sin Data,RAS Interim,Sin Data
2026-09-25,Trabajoscom,Palencia,Cervera De Pisuerga,Cajero/a Reponedor/a para Cervera de pisuerga,Sin Data,Sin Data,Indefinido,Jornada Indiferente,Sin Data,Grupo DIA,Sin Data
2026-09-25,Trabajoscom,Toledo,Illescas,Cajero/a Reponedor/a Cobeña(Madrid),Sin Data,Sin Data,Indefinido,Jornada Indiferente,Sin Data,Grupo DIA,Sin Data
2026-09-25,Trabajoscom,Bizkaia,Galdakao,Cajero/a Reponedor/a para Galdacano,Sin Data,Sin Data,Indefinido,Jornada Indiferente,Sin Data,Grupo DIA,Sin Data
2026-09-25,Trabajoscom,Madrid,Ciempozuelos,OPERARIO/A DE PRODUCCIÓN,Sin Data,Sin Data,Indefinido,Jornada Indiferente,Sin Data,RAS Interim,Sin Data
2026-09-25,Trabajoscom, Bizkaia, Bizkaia,Técnico/a Especialista en RRHH con Inglés - Proyecto UNILEVER FOODS - 9 meses,Sin Data,Sin Data,De duracion determinada,Jornada Completa,Sin Data,Iman Temporing,Sin Data
2026-09-25,Trabajoscom, Madrid, Madrid,Ingeniero/a Comercial Junior con Francés,Sin Data,Sin Data,Indefinido,Jornada Completa,Sin Data,Crit Interim España ETT,Sin Data
2026-09-25,Trabajoscom, Barcelona, Barcelona,Operario/a de Inyección,Sin Data,Sin Data,De duracion determinada,Jornada Completa,Sin Data,Crit Interim España ETT,Sin Data
2026-09-25,Trabajoscom, La Rioja, La Rioja,OFICIAL 2ª CONSTRUCCIÓN,Sin Data,Sin Data,Indefinido,Jornada Completa,Sin Data,Iman Temporing,Sin Data
2026-09-25,Trabajoscom, Barcelona, Barcelona,Limpiador/a industrial,Sin Data,Sin Data,De duracion determinada,Media Jornada,Sin Data,Iman Temporing,Sin Data
2026-09-25,Trabajoscom, Madrid, Madrid,Gerocultor/a - Auxiliar de enfermería Centro Residencial DomusVi Valdemoro,Sin Data,Sin Data,De duracion determinada,Jornada Indiferente,Sin Data,DomusVi,Sin Data
2026-09-25,Trabajoscom, Barcelona, Barcelona,Administrativo/a contabilidad,Sin Data,Sin Data,Indefinido,Jornada Completa,Sin Data,Crit Interim España ETT,Sin Data
2026-09-25,Trabajoscom, Murcia, Murcia,Encajadoras/es ( Campaña cítricos 2026-2027),Sin Data,Sin Data,Indefinido,Jornada Completa,Sin Data,Iman Temporing,Sin Data
2026-09-25,Trabajoscom, Barcelona, Barcelona,Enfermero/a - DUE Centro Residencial DomusVi Terrassa Ciutat,Sin Data,Sin Data,Indefinido,Jornada Completa,Sin Data,DomusVi,Sin Data
2026-09-25,Trabajoscom, Guadalajara, Guadalajara,Administrativo/a de Logística,Sin Data,Sin Data,De duracion determinada,Jornada Completa,Sin Data,Crit Interim España ETT,Sin Data
2026-09-25,Trabajoscom, Araba, Araba,Operario/a de corte por sierra,Sin Data,Sin Data,Indefinido,Jornada Completa,Sin Data,Crit Interim España ETT,Sin Data
2026-09-25,Trabajoscom, Sevilla, Sevilla,Gestor/a de Oportunidades Comerciales,Sin Data,Sin Data,De duracion determinada,Media Jornada,Sin Data,Crit Interim España ETT,Sin Data
2026-09-25,Trabajoscom, Alicante, Alicante,Enfermero/a - DUE Centro Residencial DomusVi Calpe,Sin Data,Sin Data,Indefinido,Jornada Completa,Sin Data,DomusVi,Sin Data
2026-09-25,Trabajoscom, Barcelona, Barcelona,Xòfer/a C + CAP (substitució 10 mesos),Sin Data,Sin Data,Indefinido,Jornada Completa,Sin Data,Iman Temporing,Sin Data
2026-09-25,Trabajoscom, Córdoba, Córdoba,Auxiliar de producción,Sin Data,Sin Data,De duracion determinada,Jornada Completa,Sin Data,Crit Interim España ETT,Sin Data
2026-09-25,Trabajoscom, Córdoba, Córdoba,Responsable administrativo laboral,Sin Data,Sin Data,Indefinido,Jornada Completa,Sin Data,Crit Interim España ETT,Sin Data
2026-09-25,Trabajoscom, Guadalajara, Guadalajara,Auxiliar de Servicios – Parking (Azuqueca de Henares),Sin Data,Sin Data,Indefinido,Media Jornada,Sin Data,Iman Corporation,Sin Data
2026-09-25,Trabajoscom, Almería, Almería,Responsable de calidad Hortofrutícola (H/M),Sin Data,Sin Data,De duracion determinada,Jornada Completa,Sin Data,Crit Interim España ETT,Sin Data
2026-09-25,Trabajoscom, Baleares, Baleares,Enfermero/a - DUE Centro Residencial DomusVi Costa d'en Blanes,Sin Data,Sin Data,Indefinido,Jornada Completa,Sin Data,DomusVi,Sin Data
2026-09-25,Trabajoscom, Alicante, Alicante,Fisioterapeuta Centro Residencial DomusVi Alicante Babel,Sin Data,Sin Data,Indefinido,Media Jornada,Sin Data,DomusVi,Sin Data
2026-09-25,Trabajoscom, Barcelona, Barcelona,Supervisor/a Centro Residencial DomusVi Sant Jordi,Sin Data,Sin Data,Indefinido,Jornada Completa,Sin Data,DomusVi,Sin Data
2026-09-25,Trabajoscom, Sevilla, Sevilla,Técnico/a Instalador/a Electricista - Sevilla,Sin Data,Sin Data,Indefinido,Jornada Completa,Sin Data,Iman Global Consulting,Sin Data
2026-09-25,Trabajoscom, Sevilla, Sevilla,Mozo/Operario/a de producción (Arahal),Sin Data,Sin Data,De duracion determinada,Jornada Completa,Sin Data,Iman Temporing,Sin Data
2026-09-25,Trabajoscom, S.C. Tenerife, S.C. Tenerife,"Socorrista - Adeje, Tenerife Sur",17.000 € - 18.000 €,Sin Data,Indefinido,Jornada Completa,Sin Data,Pacto,Sin Data
2026-09-25,Trabajoscom, Barcelona, Barcelona,Administrativo/a logístico/a,28 € - 30 €,Sin Data,De duracion determinada,Jornada Indiferente,Sin Data,Iman Temporing,Sin Data
2026-09-25,Trabajoscom, Barcelona, Barcelona,PEÓN/NA TRIPERIA,Sin Data,Sin Data,De duracion determinada,Jornada Completa,Sin Data,Iman Temporing,Sin Data
2026-09-25,Trabajoscom, Asturias, Asturias,Gerocultor/a - Auxiliar de enfermería Centro Residencial DomusVi Carancos,Sin Data,Sin Data,De duracion determinada,Jornada Completa,Sin Data,DomusVi,Sin Data
2026-09-25,Trabajoscom, Araba, Araba,Comercial  (Vitoria),21.800 € - 27.000 €,Sin Data,Indefinido,Jornada Completa,Sin Data,Crit Interim España ETT,Sin Data
2026-09-25,Trabajoscom, Teruel, Teruel,Responsable de Compras,Sin Data,Sin Data,Indefinido,Jornada Completa,Sin Data,Iman Temporing,Sin Data
2026-09-25,Trabajoscom, Baleares, Baleares,Ayudante de Cocina- Centro Residencial DomusVi Sa Riera,Sin Data,Sin Data,De duracion determinada,Jornada Completa,Sin Data,DomusVi,Sin Data
2026-09-25,Trabajoscom, Madrid, Madrid,Montador/a de Estructuras Metálica- Radial,Sin Data,Sin Data,De duracion determinada,Jornada Completa,Sin Data,Crit Interim España ETT,Sin Data
2026-09-25,Trabajoscom, Barcelona, Barcelona,Operario/a en planta de reciclaje  ( metales ),25.000 € - 26.000 €,Sin Data,Indefinido,Jornada Completa,Sin Data,Iman Temporing,Sin Data
2026-09-25,Trabajoscom, Barcelona, Barcelona,Dependiente/a tiempo parcial -Ideal Estudiantes,Sin Data,Sin Data,Indefinido,Jornada Completa,Sin Data,Iman Temporing,Sin Data
2026-09-25,Trabajoscom, Barcelona, Barcelona,Carretillero/a madera Muestras,Sin Data,Sin Data,De duracion determinada,Jornada Completa,Sin Data,Crit Interim España ETT,Sin Data
2026-09-25,Trabajoscom, Valencia, Valencia,Electromecánico sector Alimentación zona Catadau,Sin Data,Sin Data,De duracion determinada,Jornada Completa,Sin Data,Iman Temporing,Sin Data
2026-09-25,Trabajoscom, Burgos, Burgos,Operario/a producción,25.000 € - 26.000 €,Sin Data,De duracion determinada,Jornada Completa,Sin Data,Lis,Sin Data
2026-09-25,Trabajoscom, Murcia, Murcia,Operario/a-charcutero/a - MURCIA,Sin Data,Sin Data,De duracion determinada,Jornada Completa,Sin Data,Crit Interim España ETT,Sin Data
2026-09-25,Trabajoscom, Sevilla, Sevilla,Carretillero/a (Campaña Aceitunas),Sin Data,Sin Data,De duracion determinada,Jornada Completa,Sin Data,Iman Temporing,Sin Data
2026-09-25,Trabajoscom, Zaragoza, Zaragoza,Carretillero/a,Sin Data,Sin Data,De duracion determinada,Jornada Completa,Sin Data,Crit Interim España ETT,Sin Data
2026-09-25,Trabajoscom, S.C. Tenerife, S.C. Tenerife,"Socorrista - Adeje, Tenerife Sur",17.000 € - 18.000 €,Sin Data,Indefinido,Jornada Completa,Sin Data,Pacto,Sin Data
2026-09-25,Trabajoscom, Barcelona, Barcelona,Responsable de tienda en Vic,Sin Data,Sin Data,Indefinido,Jornada Completa,Sin Data,Crit Interim España ETT,Sin Data
2026-09-25,Trabajoscom, Madrid, Madrid,Montador/a de Estructuras Metálica- Radial,Sin Data,Sin Data,De duracion determinada,Jornada Completa,Sin Data,Crit Interim España ETT,Sin Data
2026-09-25,Trabajoscom, Murcia, Murcia,Operario/a-charcutero/a - MURCIA,Sin Data,Sin Data,De duracion determinada,Jornada Completa,Sin Data,Crit Interim España ETT,Sin Data
2026-09-25,Trabajoscom, Barcelona, Barcelona,Carretillero/a madera Muestras,Sin Data,Sin Data,De duracion determinada,Jornada Completa,Sin Data,Crit Interim España ETT,Sin Data
2026-09-25,Trabajoscom, Valencia, Valencia,Electromecánico sector Alimentación zona Catadau,Sin Data,Sin Data,De duracion determinada,Jornada Completa,Sin Data,Iman Temporing,Sin Data
2026-09-25,Trabajoscom, Burgos, Burgos,Operario/a producción,25.000 € - 26.000 €,Sin Data,De duracion determinada,Jornada Completa,Sin Data,Lis,Sin Data
2026-09-25,Trabajoscom, Sevilla, Sevilla,Carretillero/a (Campaña Aceitunas),Sin Data,Sin Data,De duracion determinada,Jornada Completa,Sin Data,Iman Temporing,Sin Data
2026-09-25,Trabajoscom, Sevilla, Sevilla,Enfermero/a - DUE Centro Residencial DomusVi Santa Justa,Sin Data,Sin Data,De duracion determinada,Jornada Indiferente,Sin Data,DomusVi,Sin Data
2026-09-25,Trabajoscom, Barcelona, Barcelona,CHOFER CARNET C (turno de noche),Sin Data,Sin Data,De duracion determinada,Jornada Completa,Sin Data,Iman Temporing,Sin Data
2026-09-25,Trabajoscom, Barcelona, Barcelona,Encarregat/da de botiga (Alimentació),Sin Data,Sin Data,Indefinido,Jornada Completa,Sin Data,Iman Temporing,Sin Data
2026-09-25,Trabajoscom, Murcia, Murcia,Electromecánico/a - Las torres de Cotillas.,Sin Data,Sin Data,Indefinido,Jornada Completa,Sin Data,Crit Interim España ETT,Sin Data
2026-09-25,Trabajoscom, Barcelona, Barcelona,Soldador/a TIG y MIG,Sin Data,Sin Data,Indefinido,Jornada Completa,Sin Data,Iman Global Consulting,Sin Data
2026-09-25,Trabajoscom, Navarra, Navarra,Carretillero/a,18.000 € - 19.000 €,Sin Data,De duracion determinada,Media Jornada,Sin Data,Iman Temporing,Sin Data
2026-09-25,Trabajoscom, Barcelona, Barcelona,Aux Administrativa/o - La Roca,19.000 €,Sin Data,De duracion determinada,Jornada Completa,Sin Data,Pacto,Sin Data
2026-09-25,Trabajoscom, Bizkaia, Bizkaia,Operario/a Montaje Eléctrico,Sin Data,Sin Data,De duracion determinada,Jornada Completa,Sin Data,Iman Temporing,Sin Data
2026-09-25,Trabajoscom, Barcelona, Barcelona,Auxiliar administrativo/a logística,Sin Data,Sin Data,Indefinido,Jornada Completa,Sin Data,Iman Temporing,Sin Data
2026-09-25,Trabajoscom, Girona, Girona,Operario/a con carnet de carretilla - Hostalric,Sin Data,Sin Data,Indefinido,Jornada Completa,Sin Data,Pacto,Sin Data
2026-09-25,Trabajoscom, Murcia, Murcia,Cocinero/a Industrial - Alhama de Murcia,Sin Data,Sin Data,Indefinido,Jornada Completa,Sin Data,Crit Interim España ETT,Sin Data
2026-09-25,Trabajoscom, Badajoz, Badajoz,Mozo/a de Almacén - Turno de Tarde,Sin Data,Sin Data,Indefinido,Media Jornada,Sin Data,Crit Interim España ETT,Sin Data
2026-09-25,Trabajoscom, Madrid, Madrid,SUPERVISOR/A DE HOTEL - MADRID,17.785 €,Sin Data,Indefinido,Jornada Completa,Sin Data,Citius Outsourcing,Sin Data
2026-09-25,Trabajoscom, León, León,Azafatos/as en Ponferrada - Lunes 28 SEPT,Sin Data,Sin Data,A tiempo parcial,Jornada Indiferente,Sin Data,Art i Cultura,Sin Data
2026-09-25,Trabajoscom, Lleida, Lleida,SOLDADOR/A,Sin Data,Sin Data,Indefinido,Jornada Completa,Sin Data,Iman Temporing,Sin Data
2026-09-25,Trabajoscom,Barcelona,Barcelona,"Store Manager, Barcelona",35.000 € - 40.000 €,Sin Data,Indefinido,Jornada Completa,Sin Data,Michael Page,Sin Data
2026-09-25,Trabajoscom,Madrid,Madrid,Asesor/a fiscal - Despacho especializado en fiscalidad,40.000 € - 45.000 €,Sin Data,Indefinido,Jornada Completa,Sin Data,Michael Page,Sin Data
2026-09-25,Trabajoscom,Araba,Vitoria-Gasteiz,Responsable de Tráfico y Planificación - Vitoria,38.000 € - 42.000 €,Sin Data,Indefinido,Jornada Completa,Sin Data,Michael Page,Sin Data
2026-09-25,Trabajoscom,Madrid,Madrid,Restaurant Manager - Cocina Americana (Madrid),27.000 € - 30.000 €,Sin Data,Indefinido,Jornada Completa,Sin Data,Michael Page,Sin Data
2026-09-25,Trabajoscom, Málaga, Málaga,Técnico/a de PRL - Sector Industrial - Valle de Ayala,31.500 € - 38.500 €,Sin Data,Indefinido,Jornada Completa,Sin Data,Michael Page,Sin Data
2026-09-25,Trabajoscom,Valencia,Valencia,Programador/a PLC,25.000 € - 30.000 €,Sin Data,Indefinido,Jornada Completa,Sin Data,Michael Page,Sin Data
2026-09-25,Trabajoscom, Sevilla, Sevilla,Tramitador/a Siniestros Hogar,22.732 € - 25.000 €,Sin Data,Indefinido,Jornada Completa,Sin Data,Michael Page,Sin Data
2026-09-25,Trabajoscom, Bizkaia, Bizkaia,Operario/a grúa pulpo/Camión C+E-Estable,27.932 € - 28.000 €,Sin Data,Indefinido,Jornada Completa,Sin Data,Iman Temporing,Sin Data
2026-09-25,Trabajoscom, Barcelona, Barcelona,CHAPISTA OFICIAL 1ª SECTOR AUTOMOCIÓN,Sin Data,Sin Data,Indefinido,Jornada Completa,Sin Data,Iman Temporing,Sin Data
2026-09-25,Trabajoscom, Barcelona, Barcelona,Oficial Laminador/a Artes graficas,Sin Data,Sin Data,Indefinido,Jornada Completa,Sin Data,Crit Interim España ETT,Sin Data
2026-09-25,Trabajoscom, Barcelona, Barcelona,Operario/a planta quimica,Sin Data,Sin Data,Indefinido,Jornada Completa,Sin Data,Iman Temporing,Sin Data
2026-09-25,Trabajoscom, Sevilla, Sevilla,Operario/a Industria cárnica,23.000 €,Sin Data,Indefinido,Jornada Completa,Sin Data,Crit Interim España ETT,Sin Data
2026-09-25,Trabajoscom, Bizkaia, Bizkaia,Operario/a de producción,Sin Data,Sin Data,De duracion determinada,Jornada Completa,Sin Data,Crit Interim España ETT,Sin Data
2026-09-25,Trabajoscom, Barcelona, Barcelona,Recepcionista - Centro Residencial de nueva apertura DomusVi Gavá Ciutat,Sin Data,Sin Data,Indefinido,Jornada Completa,Sin Data,DomusVi,Sin Data
2026-09-25,Trabajoscom, Las Palmas, Las Palmas,CAMAREROS/AS Y AYUDANTES DE CAMAREROS/AS (Mogán),Sin Data,Sin Data,Indefinido,Jornada Indiferente,Sin Data,Pacto,Sin Data
2026-09-25,Trabajoscom, Araba, Araba,Vigilante de Seguridad - (Aeropuerto de Vitoria) PLUS +2000€,Sin Data,Sin Data,Indefinido,Jornada Completa,Sin Data,Iman Seguridad,Sin Data
2026-09-25,Trabajoscom, Barcelona, Barcelona,Técnico/a SAT máquinas recreativas Temporal - Terrassa,Sin Data,Sin Data,De duracion determinada,Jornada Completa,Sin Data,Iman Temporing,Sin Data
2026-09-25,Trabajoscom, Barcelona, Barcelona,Oficial Laminador/a Artes graficas,Sin Data,Sin Data,Indefinido,Jornada Completa,Sin Data,Crit Interim España ETT,Sin Data
2026-09-25,Trabajoscom, Barcelona, Barcelona,Oficial 1ª Soldador/Calderero,Sin Data,Sin Data,Indefinido,Jornada Completa,Sin Data,Crit Interim España ETT,Sin Data
2026-09-25,Trabajoscom, Bizkaia, Bizkaia,Operario/a grúa pulpo/Camión C+E-Estable,27.932 € - 28.000 €,Sin Data,Indefinido,Jornada Completa,Sin Data,Iman Temporing,Sin Data
2026-09-25,Trabajoscom, Navarra, Navarra,Técnico/a de Mantenimiento Industrial,Sin Data,Sin Data,Indefinido,Jornada Completa,Sin Data,Pacto,Sin Data
2026-09-25,Trabajoscom, Barcelona, Barcelona,CHAPISTA OFICIAL 1ª SECTOR AUTOMOCIÓN,Sin Data,Sin Data,Indefinido,Jornada Completa,Sin Data,Iman Temporing,Sin Data
2026-09-25,Trabajoscom, Barcelona, Barcelona,Operario/a planta quimica,Sin Data,Sin Data,Indefinido,Jornada Completa,Sin Data,Iman Temporing,Sin Data
2026-09-25,Trabajoscom, Málaga, Málaga,Técnico/a de mantenimiento - Málaga,Sin Data,Sin Data,Indefinido,Jornada Completa,Sin Data,Iman Temporing,Sin Data
2026-09-25,Trabajoscom,Madrid,Madrid,Contable-Controller General,35.000 € - 36.000 €,Sin Data,Indefinido,Jornada Completa,Sin Data,Michael Page,Sin Data
2026-09-25,Trabajoscom,Madrid,Madrid,Responsable compras indirectas - cadena de restauración,40.000 € - 45.000 €,Sin Data,Indefinido,Jornada Completa,Sin Data,Michael Page,Sin Data
2026-09-25,Trabajoscom,Barcelona,Barcelona,Tramitador/a de siniestros (Broker de seguros) Barcelona,28.000 € - 35.000 €,Sin Data,Indefinido,Jornada Completa,Sin Data,Michael Page,Sin Data
2026-09-25,Trabajoscom,Zaragoza,Zaragoza,Operario/a de Producción (Reciclaje industrial) - (5h - 13h),25.000 € - 35.000 €,Sin Data,Indefinido,Jornada Completa,Sin Data,Michael Page,Sin Data
2026-09-25,Trabajoscom,Barcelona,Barcelona,Comercial Técnico/a | Industria y Distribución,35.000 € - 40.000 €,Sin Data,Indefinido,Jornada Completa,Sin Data,Michael Page,Sin Data
2026-09-25,Trabajoscom,Madrid,Madrid,Back Office Comercial - Sector Industrial,32.000 € - 35.000 €,Sin Data,Indefinido,Jornada Completa,Sin Data,Michael Page,Sin Data
2026-09-25,Trabajoscom,Salamanca,Espadaña,Administrador de Virtualización - Tech Solutions,25.000 € - 28.000 €,Sin Data,Indefinido,Jornada Completa,Sin Data,Michael Page,Sin Data
2026-09-25,Trabajoscom,Valencia,Valencia,Project Manager / Jefe de Obra Retail - Valencia,40.000 € - 43.000 €,Sin Data,Indefinido,Jornada Completa,Sin Data,Michael Page,Sin Data
2026-09-25,Trabajoscom,Madrid,Madrid,KAM - Canal Retail Alimentación,35.000 € - 45.000 €,Sin Data,Indefinido,Jornada Completa,Sin Data,Michael Page,Sin Data
2026-09-25,Trabajoscom,Zaragoza,Zaragoza,Gestor/a Administrativo-Contable,28.000 € - 35.000 €,Sin Data,Indefinido,Jornada Completa,Sin Data,Michael Page,Sin Data
2026-09-25,Trabajoscom,Madrid,Madrid,Técnico de Aduanas - temporal (Coslada),27.000 € - 30.000 €,Sin Data,De duracion determinada,Jornada Completa,Sin Data,Michael Page,Sin Data
2026-09-25,Trabajoscom,Barcelona,Barcelona,Customer Service con Francés - Barcelona,23.000 € - 28.000 €,Sin Data,Indefinido,Jornada Completa,Sin Data,Michael Page,Sin Data
2026-09-25,Trabajoscom,Madrid,Madrid,Accounts Receivable with Portuguese / Short-term contract,25.000 €,Sin Data,Indefinido,Jornada Completa,Sin Data,Michael Page,Sin Data
2026-09-25,Trabajoscom,Barcelona,Barcelona,Técnico de producción y ensamblaje,29.000 € - 35.000 €,Sin Data,Indefinido,Jornada Completa,Sin Data,Michael Page,Sin Data
2026-09-25,Trabajoscom,Madrid,Madrid,Técnico/a de Operación de Sistemas / Operador/a CPD,25.000 € - 30.000 €,Sin Data,Indefinido,Jornada Completa,Sin Data,Michael Page,Sin Data
2026-09-25,Trabajoscom,Cantabria,Vizcaya,Consultor Senior - Michael Page,40.000 € - 41.000 €,Sin Data,Indefinido,Jornada Completa,Sin Data,Michael Page,Sin Data
2026-09-25,Trabajoscom,Albacete,Fuenlabrada,Inside Sales - Climatización,25.000 € - 27.000 €,Sin Data,Indefinido,Jornada Completa,Sin Data,Michael Page,Sin Data
2026-09-25,Trabajoscom,Asturias,Asturias,Comercial belleza - canal profesional,30.000 € - 32.000 €,Sin Data,Indefinido,Jornada Completa,Sin Data,Michael Page,Sin Data
2026-09-25,Trabajoscom,Córdoba,Cordoba,Responsable de Cuentas: Asesor Fiscal - Senior,34.000 € - 42.000 €,Sin Data,Indefinido,Jornada Completa,Sin Data,Michael Page,Sin Data
2026-09-25,Trabajoscom,Cantabria,Vizcaya,Responsable Técnico y de Control de Costes - Instalaciones HVAC,38.000 € - 42.000 €,Sin Data,Indefinido,Jornada Completa,Sin Data,Michael Page,Sin Data
2026-09-25,Trabajoscom,Madrid,Madrid,Store Manager - Moda Deportiva,38.000 € - 43.000 €,Sin Data,Indefinido,Jornada Completa,Sin Data,Michael Page,Sin Data
2026-09-25,Trabajoscom,Madrid,Madrid,Coordinador de Compras - Sector Restauración / Food Service,27.000 € - 33.000 €,Sin Data,Indefinido,Jornada Completa,Sin Data,Michael Page,Sin Data
2026-09-25,Trabajoscom,Barcelona,Barcelona,Accounts Payables - Customer Service,28.000 € - 29.000 €,Sin Data,Indefinido,Jornada Completa,Sin Data,Michael Page,Sin Data
2026-09-25,Trabajoscom,Barcelona,Barcelona,Accounts Payables - Master Data,28.000 € - 29.000 €,Sin Data,Indefinido,Jornada Completa,Sin Data,Michael Page,Sin Data
2026-09-25,Trabajoscom,Almería,Almeria,Técnico de Obra,35.000 € - 45.000 €,Sin Data,Indefinido,Jornada Completa,Sin Data,Michael Page,Sin Data
2026-09-25,Trabajoscom,Barcelona,Barcelona,Técnico Mantenimiento Electromecánico - Quinto Turno,30.000 € - 45.000 €,Sin Data,Indefinido,Jornada Completa,Sin Data,Michael Page,Sin Data
2026-09-25,Trabajoscom,Valencia,Valencia,Técnico/a de Mantenimiento Industrial,23.000 € - 27.000 €,Sin Data,Indefinido,Jornada Completa,Sin Data,Michael Page,Sin Data
2026-09-25,Trabajoscom,Barcelona,Granollers,Responsbale de compras zona Granollers,35.000 € - 45.000 €,Sin Data,Indefinido,Jornada Completa,Sin Data,Michael Page,Sin Data
2026-09-25,Trabajoscom,Barcelona,L' Hospitalet De Llobregat,Contable general Senior - Hospitalet del Llobregat,30.000 € - 40.000 €,Sin Data,Indefinido,Jornada Completa,Sin Data,Michael Page,Sin Data
2026-09-25,Trabajoscom,Alicante,Alicante,Controller Costes Industrial,30.000 € - 40.000 €,Sin Data,Indefinido,Jornada Completa,Sin Data,Michael Page,Sin Data
2026-09-25,Trabajoscom,Burgos,Burgos,Técnico Comercial - Maquinaria Industrial Burgos,30.000 € - 35.000 €,Sin Data,Indefinido,Jornada Completa,Sin Data,Michael Page,Sin Data
2026-09-25,Trabajoscom,Madrid,Madrid,Ingeniero electrónico junior,30.000 € - 35.000 €,Sin Data,Indefinido,Jornada Completa,Sin Data,Michael Page,Sin Data
2026-09-25,Trabajoscom,Barcelona,Granollers,Contable general senior - SAP (Franqueses del Vallès),40.000 € - 45.000 €,Sin Data,Indefinido,Jornada Completa,Sin Data,Michael Page,Sin Data
2026-09-25,Trabajoscom,Madrid,Madrid,Administrativo Facturación/Polivalente,26.000 € - 28.000 €,Sin Data,Indefinido,Jornada Completa,Sin Data,Michael Page,Sin Data
2026-09-25,Trabajoscom,Córdoba,Marbella,Administrativo de Obra,27.000 € - 33.000 €,Sin Data,Indefinido,Jornada Completa,Sin Data,Michael Page,Sin Data
2026-09-25,Trabajoscom,Valencia,Valencia,Gestor/a de Adquisiciones Inmobiliarias - Valencia Sur,40.000 € - 45.000 €,Sin Data,Indefinido,Jornada Completa,Sin Data,Michael Page,Sin Data
2026-09-25,Trabajoscom,Valencia,Valencia,Técnico/a Contable - Torrent (Valencia),23.000 € - 28.000 €,Sin Data,Indefinido,Jornada Completa,Sin Data,Michael Page,Sin Data
2026-09-25,Trabajoscom,Barcelona,Barcelona,Contable / Controller Jr- Barcelona,32.000 € - 35.000 €,Sin Data,Indefinido,Jornada Completa,Sin Data,Michael Page,Sin Data
2026-09-25,Trabajoscom,Madrid,Alcobendas,Junior IT Specialist,20.000 € - 25.000 €,Sin Data,Indefinido,Jornada Completa,Sin Data,Michael Page,Sin Data
2026-09-25,Trabajoscom,Madrid,Madrid,Técnico Contable Senior en Madrid,32.000 € - 36.000 €,Sin Data,Indefinido,Jornada Completa,Sin Data,Michael Page,Sin Data
2026-09-25,Trabajoscom,Valencia,Valencia,Ingeniero/a de Instalaciones - Oficina Técnica,22.000 € - 24.000 €,Sin Data,Indefinido,Jornada Completa,Sin Data,Michael Page,Sin Data
2026-09-25,Trabajoscom,Murcia,Murcia,Administrativo/a Backoffice comercial con inglés y francés,22.000 € - 27.000 €,Sin Data,Indefinido,Jornada Completa,Sin Data,Michael Page,Sin Data
2026-09-25,Trabajoscom,Valencia,Valencia,Responsable Comercial - Canal Perfumería,27.000 € - 33.000 €,Sin Data,Indefinido,Jornada Completa,Sin Data,Michael Page,Sin Data
2026-09-25,Trabajoscom,Madrid,Madrid,Gestión y análisis de riesgos financieros y no-financieros.,40.000 € - 43.000 €,Sin Data,Indefinido,Jornada Completa,Sin Data,Michael Page,Sin Data
2026-09-25,Trabajoscom,Valencia,Valencia,Delineante Proyectista de Instalaciones,25.000 € - 30.000 €,Sin Data,Indefinido,Jornada Completa,Sin Data,Michael Page,Sin Data
2026-09-25,Trabajoscom,Zaragoza,Zaragoza,Técnico de Campo Frutícola,30.000 € - 40.000 €,Sin Data,Indefinido,Jornada Completa,Sin Data,Michael Page,Sin Data
2026-09-25,Trabajoscom,Madrid,Alcobendas,AP Accountant Specialist,30.000 €,Sin Data,De duracion determinada,Jornada Completa,Sin Data,Michael Page,Sin Data
2026-09-25,Trabajoscom,Zaragoza,Zaragoza,Administrador de Sistemas Senior,30.000 € - 35.000 €,Sin Data,Indefinido,Jornada Completa,Sin Data,Michael Page,Sin Data
2026-09-25,Trabajoscom,Madrid,Madrid,Project Manager Junior Data,35.000 € - 45.000 €,Sin Data,Indefinido,Jornada Completa,Sin Data,Michael Page,Sin Data
2026-09-25,Trabajoscom,Málaga,Malaga,Comercial Telefónico - Medios de Comunicación,20.000 € - 32.000 €,Sin Data,Indefinido,Jornada Completa,Sin Data,Michael Page,Sin Data
2026-09-25,Trabajoscom,Salamanca,Espadaña,Técnico de Redes,20.000 € - 27.000 €,Sin Data,Indefinido,Jornada Completa,Sin Data,Michael Page,Sin Data
2026-09-25,Trabajoscom,Salamanca,Espadaña,JUNIOR CRM/ERP,18.000 € - 22.000 €,Sin Data,Indefinido,Jornada Completa,Sin Data,Michael Page,Sin Data
2026-09-25,Trabajoscom,Zaragoza,Zaragoza,Consultor Senior de RRHH (Freelance / Interim),35.000 € - 40.000 €,Sin Data,Indefinido,Jornada Completa,Sin Data,Michael Page,Sin Data
2026-09-25,Trabajoscom,Barcelona,Gava,Responsable y Coordinador de Almacén Junior - Baix Llobregat,24.000 € - 26.000 €,Sin Data,Indefinido,Jornada Completa,Sin Data,Michael Page,Sin Data
2026-09-25,Trabajoscom,Huelva,Huelva,Comercial Internacional FMCG - Lepe,26.000 € - 27.000 €,Sin Data,Indefinido,Jornada Completa,Sin Data,Michael Page,Sin Data
2026-09-25,Trabajoscom,Madrid,Madrid,Marketing & Brand Specialist - sector gran consumo,35.000 € - 45.000 €,Sin Data,Indefinido,Jornada Completa,Sin Data,Michael Page,Sin Data
2026-09-25,Trabajoscom,Alicante,Alicante,Técnico Comercial Materiales de Construcción,36.000 € - 44.000 €,Sin Data,Indefinido,Jornada Completa,Sin Data,Michael Page,Sin Data
2026-09-25,Trabajoscom,Alicante,Alicante,Técnico Recursos Humanos (Generalista),25.000 € - 30.000 €,Sin Data,Indefinido,Jornada Completa,Sin Data,Michael Page,Sin Data
2026-09-25,Trabajoscom,Granada,Granada,Comercial de Estancos Granada - Almería,18.000 €,Sin Data,Indefinido,Jornada Completa,Sin Data,Michael Page,Sin Data
2026-09-25,Trabajoscom,Salamanca,Espadaña,Técnico/a Superior de PRL - Industria/Obra,40.000 € - 45.000 €,Sin Data,Indefinido,Jornada Completa,Sin Data,Michael Page,Sin Data
2026-09-25,Trabajoscom,Valencia,Valencia,Técnico Comercial de Recambios (Automóvil),27.000 € - 29.000 €,Sin Data,Indefinido,Jornada Completa,Sin Data,Michael Page,Sin Data
2026-09-25,Trabajoscom,Madrid,Madrid,Office Manager,45.000 €,Sin Data,Indefinido,Jornada Completa,Sin Data,Michael Page,Sin Data
2026-09-25,Trabajoscom,Madrid,Pozuelo De Alarcon,Administrativo/a de  Obra - Pozuelo,25.000 € - 28.000 €,Sin Data,Indefinido,Jornada Completa,Sin Data,Michael Page,Sin Data
2026-09-25,Trabajoscom,Barcelona,Sabadell,Optical R&D Scientist (Python)- Sector oftálmico- Vallés Occ.,28.000 € - 30.000 €,Sin Data,Indefinido,Jornada Completa,Sin Data,Michael Page,Sin Data
2026-09-25,Trabajoscom,Madrid,Madrid,Marketing assistant EMEA temporal - inglés avanzado,35.000 € - 40.000 €,Sin Data,De duracion determinada,Jornada Completa,Sin Data,Michael Page,Sin Data
2026-09-25,Trabajoscom,Almería,Almeria,Ingeniero de Diseño,34.200 € - 41.800 €,Sin Data,Indefinido,Jornada Completa,Sin Data,Michael Page,Sin Data
2026-09-25,Trabajoscom,Madrid,Madrid,Montador/a Industrial de Estructuras Metálicas,33.000 € - 38.000 €,Sin Data,Indefinido,Jornada Completa,Sin Data,Michael Page,Sin Data
2026-09-25,Trabajoscom,Madrid,Madrid,Coordinador/a Unidad Técnica de PBC/FT - Despacho de Abogados,38.000 € - 40.000 €,Sin Data,Indefinido,Jornada Completa,Sin Data,Michael Page,Sin Data
2026-09-25,Trabajoscom,Zaragoza,Zaragoza,Ingeniero/a de cálculos eléctricos,35.000 € - 45.000 €,Sin Data,Indefinido,Jornada Completa,Sin Data,Michael Page,Sin Data
2026-09-25,Trabajoscom,Madrid,Madrid,Accounts Payable Operations with English,30.000 €,Sin Data,Indefinido,Jornada Completa,Sin Data,Michael Page,Sin Data
2026-09-25,Trabajoscom,Madrid,Madrid,Payroll Specialist | Multinational Company,35.000 € - 40.000 €,Sin Data,Indefinido,Jornada Completa,Sin Data,Michael Page,Sin Data
2026-09-25,Trabajoscom,Alicante,Alicante,Asesor/a Laboral - Alrededores de Calpe,22.500 € - 27.000 €,Sin Data,Indefinido,Jornada Completa,Sin Data,Michael Page,Sin Data
2026-09-25,Trabajoscom,Madrid,Madrid,Técnico Selección y Formación - Zona sureste de Madrid,26.000 € - 30.000 €,Sin Data,Indefinido,Jornada Completa,Sin Data,Michael Page,Sin Data
2026-09-25,Trabajoscom,Badajoz,Badajoz,Responsable Mantenimiento IVECO / Maquinaria de Obra,25.000 € - 35.000 €,Sin Data,Indefinido,Jornada Completa,Sin Data,Michael Page,Sin Data
2026-09-25,Trabajoscom,Salamanca,Espadaña,Consultor/a I+D+i Tax Incentives  - REMOTO,25.000 € - 27.000 €,Sin Data,Indefinido,Jornada Completa,Sin Data,Michael Page,Sin Data
2026-09-25,Trabajoscom,Bizkaia,Bilbao,Programador Eléctrico/Electrónico (h/m),28.000 € - 38.000 €,Sin Data,Indefinido,Jornada Completa,Sin Data,Michael Page,Sin Data
2026-09-25,Trabajoscom,Bizkaia,Bilbao,Ingeniero Oficina Técnica - Ing. Instalaciones Eléctricas (h/m),38.000 € - 42.000 €,Sin Data,Indefinido,Jornada Completa,Sin Data,Michael Page,Sin Data
2026-09-25,Trabajoscom, Navarra, Navarra,Project Manager - Automoción - Ribera Alta,40.000 € - 45.000 €,Sin Data,Indefinido,Jornada Completa,Sin Data,Michael Page,Sin Data
2026-09-25,Trabajoscom,Bizkaia,Bilbao,Gestor de Proyectos - Ing. de Instalaciones Eléctricas (h/m),38.000 € - 42.000 €,Sin Data,Indefinido,Jornada Completa,Sin Data,Michael Page,Sin Data
2026-09-25,Trabajoscom,Madrid,Madrid,Contable Senior,35.000 € - 38.000 €,Sin Data,Indefinido,Jornada Completa,Sin Data,Michael Page,Sin Data
2026-09-25,Trabajoscom,Huelva,Huelva,RESPONSABLE DE CAPTACIÓN -  HUELVA,30.000 € - 40.000 €,Sin Data,Indefinido,Jornada Completa,Sin Data,Michael Page,Sin Data
2026-09-25,Trabajoscom,Cantabria,Vizcaya,Ingeniero/a de Proyecto - Energías Renovables,33.000 € - 38.000 €,Sin Data,Indefinido,Jornada Completa,Sin Data,Michael Page,Sin Data
2026-09-25,Trabajoscom,Valencia,Valencia,Inside Sales con inglés,25.000 € - 30.000 €,Sin Data,Indefinido,Jornada Completa,Sin Data,Michael Page,Sin Data
2026-09-25,Trabajoscom,Cádiz,Cadiz,Jefe/a de Cosecha,25.000 € - 30.000 €,Sin Data,Indefinido,Jornada Completa,Sin Data,Michael Page,Sin Data
2026-09-25,Trabajoscom,Madrid,Pinto,Técnico/a Postventa Pinto recambios vehículos industriales,26.000 € - 33.000 €,Sin Data,Indefinido,Jornada Completa,Sin Data,Michael Page,Sin Data
2026-09-25,Trabajoscom, Castellón, Castellón,Técnico/a PRL + Coordinador/a Seguridad y Salud obra industrial,28.000 € - 35.000 €,Sin Data,Indefinido,Jornada Completa,Sin Data,Michael Page,Sin Data
2026-09-25,Trabajoscom,Madrid,Coslada,Administrativo Import/Export inglés alto - Coslada,26.000 € - 26.500 €,Sin Data,Indefinido,Jornada Completa,Sin Data,Michael Page,Sin Data
2026-09-25,Trabajoscom,Valencia,Valencia,OPERATIVO TRAFICO TERRESTRE CON FRANCÉS,26.000 € - 30.000 €,Sin Data,Indefinido,Jornada Completa,Sin Data,Michael Page,Sin Data
2026-09-25,Trabajoscom,Zaragoza,Zaragoza,Técnico/a superior PRL,27.000 € - 33.000 €,Sin Data,Indefinido,Jornada Completa,Sin Data,Michael Page,Sin Data
2026-09-25,Trabajoscom,Madrid,Madrid,Logistics & Supply Chain Specialist I Madrid,30.000 €,Sin Data,Indefinido,Jornada Completa,Sin Data,Michael Page,Sin Data
2026-09-25,Trabajoscom,Madrid,Madrid,Ejecutivo/a Comercial B2B/B2B2C seguros,30.000 € - 32.000 €,Sin Data,Indefinido,Jornada Completa,Sin Data,Michael Page,Sin Data
2026-09-25,Trabajoscom,Valencia,Valencia,Comprador/a - Sector Retail,27.000 € - 28.000 €,Sin Data,Indefinido,Jornada Completa,Sin Data,Michael Page,Sin Data
2026-09-25,Trabajoscom,Madrid,Madrid,Agente Comercial - Generación de Leads,22.000 € - 25.000 €,Sin Data,Indefinido,Jornada Completa,Sin Data,Michael Page,Sin Data
2026-09-25,Trabajoscom,Madrid,Pinto,Ingeniero/a Internacional CL1 de Soldadura Pinto,32.000 € - 42.000 €,Sin Data,Indefinido,Jornada Completa,Sin Data,Michael Page,Sin Data
2026-09-25,Trabajoscom,Alicante,Alicante,Contable Junior - Benidorm,22.000 € - 25.000 €,Sin Data,Indefinido,Jornada Completa,Sin Data,Michael Page,Sin Data
2026-09-25,Trabajoscom,Tarragona,Tarragona,Técnico/a de Calidad de Obra | Tarragona,40.000 € - 45.000 €,Sin Data,Indefinido,Jornada Completa,Sin Data,Michael Page,Sin Data
2026-09-25,Trabajoscom,Madrid,Madrid,Responsable de Contabilidad - Alcobendas (H/M/D),40.000 € - 45.000 €,Sin Data,Indefinido,Jornada Completa,Sin Data,Michael Page,Sin Data
2026-09-25,Trabajoscom,Barcelona,Barbera Del Valles,Planificador de materiales (FMCG),35.000 € - 40.000 €,Sin Data,Indefinido,Jornada Completa,Sin Data,Michael Page,Sin Data
2026-09-25,Trabajoscom,Madrid,Madrid,Ingeniero Comercial | Construcción,40.000 € - 45.000 €,Sin Data,Indefinido,Jornada Completa,Sin Data,Michael Page,Sin Data
2026-09-25,Trabajoscom,Murcia,Murcia,Administrativo/a Backoffice comercial con checo,19.000 € - 23.000 €,Sin Data,Indefinido,Jornada Completa,Sin Data,Michael Page,Sin Data
2026-09-25,Trabajoscom,Las Palmas,San Bartolome De Lanzarote,Contable/Controller - Lanzarote (relocation),27.000 € - 30.000 €,Sin Data,Indefinido,Jornada Completa,Sin Data,Michael Page,Sin Data
2026-09-25,Trabajoscom,Barcelona,Barcelona,Modelador BIM MEP (Climatización e Instalaciones) | Barcelona,30.000 € - 35.000 €,Sin Data,Indefinido,Jornada Completa,Sin Data,Michael Page,Sin Data
2026-09-25,Trabajoscom,Madrid,Madrid,Jefe/a de Proyecto eléctrico junior,38.000 € - 40.000 €,Sin Data,Indefinido,Jornada Completa,Sin Data,Michael Page,Sin Data
2026-09-25,Trabajoscom,Valencia,Valencia,Ingeniero/a de Proyectos de Software Industrial,30.000 € - 42.000 €,Sin Data,Indefinido,Jornada Completa,Sin Data,Michael Page,Sin Data
2026-09-25,Trabajoscom,Tarragona,Tarragona,Técnico/a de Estudios - Sta Coloma de Queralt,22.000 € - 28.000 €,Sin Data,Indefinido,Jornada Completa,Sin Data,Michael Page,Sin Data
2026-09-25,Trabajoscom,Madrid,Madrid,Marketing Communication Analyst temporal inglés avanzado,28.000 € - 30.000 €,Sin Data,De duracion determinada,Jornada Completa,Sin Data,Michael Page,Sin Data
2026-09-25,Trabajoscom,Madrid,Madrid,Marketing Printing Manager (100% remoto),35.000 € - 42.000 €,Sin Data,De duracion determinada,Jornada Completa,Sin Data,Michael Page,Sin Data
2026-09-25,Trabajoscom,La Rioja,Logroño,Responsable Administración & Finanzas (H/M),35.000 € - 40.000 €,Sin Data,Indefinido,Jornada Completa,Sin Data,Michael Page,Sin Data
2026-09-25,Trabajoscom,Madrid,Madrid,Desarrollador/a BCM Helix (Remoto 100%),25.000 € - 30.000 €,Sin Data,De duracion determinada,Jornada Completa,Sin Data,Michael Page,Sin Data
2026-09-25,Trabajoscom,Salamanca,Espadaña,Creative Copywriter & Strategist - REMOTO,35.000 € - 38.000 €,Sin Data,Indefinido,Jornada Completa,Sin Data,Michael Page,Sin Data
2026-09-25,Trabajoscom,Barcelona,Barcelona,Ecommerce Specialist,30.000 € - 38.500 €,Sin Data,Indefinido,Jornada Completa,Sin Data,Michael Page,Sin Data
2026-09-25,Trabajoscom,Madrid,Madrid,Tramitador/a de Siniestros Hogar,20.000 €,Sin Data,Indefinido,Jornada Completa,Sin Data,Michael Page,Sin Data
2026-09-25,Trabajoscom,Huelva,Huelva,Responsable de Compras,36.000 € - 44.000 €,Sin Data,Indefinido,Jornada Completa,Sin Data,Michael Page,Sin Data
2026-09-25,Trabajoscom,Barcelona,Barcelona,Product Developer (Tech Services),30.000 € - 38.000 €,Sin Data,Indefinido,Jornada Completa,Sin Data,Michael Page,Sin Data
2026-09-25,Trabajoscom,Asturias,Asturias,Responsable Técnico de Instalaciones de gas | Zona Norte,31.500 € - 38.500 €,Sin Data,Indefinido,Jornada Completa,Sin Data,Michael Page,Sin Data
2026-09-25,Trabajoscom,Barcelona,Vilafranca Del Penedes,Contable - Vilafranca del Penedès,25.000 € - 30.000 €,Sin Data,Indefinido,Jornada Completa,Sin Data,Michael Page,Sin Data
2026-09-25,Trabajoscom,Zaragoza,Zaragoza,Electromecánico/a (turnos),26.000 € - 35.000 €,Sin Data,Indefinido,Jornada Completa,Sin Data,Michael Page,Sin Data
2026-09-25,Trabajoscom,Barcelona,Manlleu,Operario/a de Acondicionamiento Primario - Osona,22.000 € - 28.000 €,Sin Data,Indefinido,Jornada Completa,Sin Data,Michael Page,Sin Data
2026-09-25,Trabajoscom,Barcelona,Barcelona,Ingeniero/a Preventa - Electrónica y Sistemas de Control,30.000 € - 35.000 €,Sin Data,Indefinido,Jornada Completa,Sin Data,Michael Page,Sin Data
2026-09-25,Trabajoscom,Barcelona,Barcelona,Business Applications Specialist,31.500 € - 38.500 €,Sin Data,Indefinido,Jornada Completa,Sin Data,Michael Page,Sin Data
2026-09-25,Trabajoscom,Málaga,Malaga,Asesor/a comercial Automoción,26.000 € - 34.000 €,Sin Data,Indefinido,Jornada Completa,Sin Data,Michael Page,Sin Data
2026-09-25,Trabajoscom,Valencia,Valencia,Técnico Comercial - Sector Acero,25.000 € - 35.000 €,Sin Data,Indefinido,Jornada Completa,Sin Data,Michael Page,Sin Data
2026-09-25,Trabajoscom,Madrid,Madrid,Asesor Fiscal - Despacho de Abogados,30.000 € - 40.000 €,Sin Data,Indefinido,Jornada Completa,Sin Data,Michael Page,Sin Data
2026-09-25,Trabajoscom,Bizkaia,Bilbao,Técnico/a Medio Ambiente y Calidad,40.000 € - 41.000 €,Sin Data,Indefinido,Jornada Completa,Sin Data,Michael Page,Sin Data
2026-09-25,Trabajoscom,Barcelona,Barcelona,Payroll Admin - English C1,28.000 € - 29.000 €,Sin Data,Indefinido,Jornada Completa,Sin Data,Michael Page,Sin Data
2026-09-25,Trabajoscom,Barcelona,Barcelona,Tecnico Contable y Fiscal - Barcelona,28.000 € - 33.000 €,Sin Data,Indefinido,Jornada Completa,Sin Data,Michael Page,Sin Data
2026-09-25,Trabajoscom,León,Santa Catalina De Somoza,Delegado Comercial - (Mercado Nacional y Europeo) - FMCG,25.000 € - 30.000 €,Sin Data,Indefinido,Jornada Completa,Sin Data,Michael Page,Sin Data
2026-09-25,Trabajoscom,Córdoba,La Carlota,Ingeniero de Automatización,28.800 € - 35.200 €,Sin Data,Indefinido,Jornada Completa,Sin Data,Michael Page,Sin Data
2026-09-25,Trabajoscom,Sevilla,Sevilla,Encargado de Obra,35.000 € - 42.000 €,Sin Data,Indefinido,Jornada Completa,Sin Data,Michael Page,Sin Data
2026-09-25,Trabajoscom,Madrid,Madrid,Técnico soporte postventa (Automoción),35.000 € - 44.000 €,Sin Data,Indefinido,Jornada Completa,Sin Data,Michael Page,Sin Data
2026-09-25,Trabajoscom,Barcelona,Barcelona,Operario/a Fabricación Sector Farmacéutico,30.000 € - 35.000 €,Sin Data,Indefinido,Jornada Completa,Sin Data,Michael Page,Sin Data
2026-09-25,Trabajoscom,Valencia,Valencia,Técnico/a Contable - Riba-Roja de Turia,24.000 € - 27.000 €,Sin Data,Indefinido,Jornada Completa,Sin Data,Michael Page,Sin Data
2026-09-25,Trabajoscom,Madrid,Madrid,HR Generalist with a focus on Labor Relations,40.000 € - 45.000 €,Sin Data,Indefinido,Jornada Completa,Sin Data,Michael Page,Sin Data
2026-09-25,Trabajoscom,Barcelona,Barcelona,Jefe/a de Equipo Comercial - Zona Baix Llobregat,30.000 € - 33.000 €,Sin Data,Indefinido,Jornada Completa,Sin Data,Michael Page,Sin Data
2026-09-25,Trabajoscom,Madrid,Madrid,Ingeniero/a de Procesos y automatización,40.000 € - 44.000 €,Sin Data,Indefinido,Jornada Completa,Sin Data,Michael Page,Sin Data
2026-09-25,Trabajoscom,Madrid,Madrid,Responsable de Tesorería con Inglés,40.000 € - 45.000 €,Sin Data,Indefinido,Jornada Completa,Sin Data,Michael Page,Sin Data
2026-09-25,Trabajoscom,Valencia,Valencia,Arquitecto/a Superior Senior - Valencia,30.000 € - 40.000 €,Sin Data,Indefinido,Jornada Completa,Sin Data,Michael Page,Sin Data
2026-09-25,Trabajoscom,Madrid,Madrid,Técnico/a Comercial - Automatización y Digitalización,40.000 € - 45.000 €,Sin Data,Indefinido,Jornada Completa,Sin Data,Michael Page,Sin Data
2026-09-25,Trabajoscom,Alicante,Alicante,Operario/a CNC,27.000 € - 32.000 €,Sin Data,Indefinido,Jornada Completa,Sin Data,Michael Page,Sin Data
2026-09-25,Trabajoscom,Barcelona,Barcelona,Técnico SAT de Climatización (Edificios Terciarios),35.000 € - 45.000 €,Sin Data,Indefinido,Jornada Completa,Sin Data,Michael Page,Sin Data
2026-09-25,Trabajoscom,Madrid,Madrid,Técnico/a de seguridad PRL,40.000 € - 41.000 €,Sin Data,Indefinido,Jornada Completa,Sin Data,Michael Page,Sin Data
2026-09-25,Trabajoscom, Málaga, Málaga,Ingeniero de Desarrollo de Producto HVAC,40.000 € - 45.000 €,Sin Data,Indefinido,Jornada Completa,Sin Data,Michael Page,Sin Data
2026-09-25,Trabajoscom,Valencia,Valencia,Ingeniero/a de Diseño Mecánico y Proyectos Industriales,38.000 € - 39.000 €,Sin Data,Indefinido,Jornada Completa,Sin Data,Michael Page,Sin Data
2026-09-25,Trabajoscom,Madrid,Madrid,Abogado/a Corporativo - Empresa Internacional,30.000 € - 35.000 €,Sin Data,Indefinido,Jornada Completa,Sin Data,Michael Page,Sin Data
2026-09-25,Trabajoscom,Toledo,Toledo,Adjunto Responsable de Compras,40.000 € - 45.000 €,Sin Data,Indefinido,Jornada Completa,Sin Data,Michael Page,Sin Data
2026-09-25,Trabajoscom,Valencia,Valencia,Técnico/a de Mantenimiento industrial,27.000 € - 29.000 €,Sin Data,Indefinido,Jornada Completa,Sin Data,Michael Page,Sin Data
2026-09-25,Trabajoscom,Valencia,Valencia,DIRECTOR DE DESARROLLO DE NEGOCIO,42.000 € - 45.000 €,Sin Data,Indefinido,Jornada Completa,Sin Data,Michael Page,Sin Data
2026-09-25,Trabajoscom, Sevilla, Sevilla,Junior Data Analyst,22.000 € - 25.000 €,Sin Data,Indefinido,Jornada Completa,Sin Data,Michael Page,Sin Data
2026-09-25,Trabajoscom,Valencia,Valencia,Controller Senior (FP&A) - Zona Xàtiva,40.000 €,Sin Data,Indefinido,Jornada Completa,Sin Data,Michael Page,Sin Data
2026-09-25,Trabajoscom,Madrid,Madrid,Ingeniero/a de Cálculo de Estructuras - Construcción,40.000 € - 45.000 €,Sin Data,Indefinido,Jornada Completa,Sin Data,Michael Page,Sin Data
2026-09-25,Trabajoscom,Bizkaia,Bilbao,Técnico/a de sistemas de seguridad - País Vasco,24.000 € - 34.000 €,Sin Data,Indefinido,Jornada Completa,Sin Data,Michael Page,Sin Data
2026-09-25,Trabajoscom,La Rioja,Logroño,Técnico/a de Mantenimiento  (H/M),29.700 € - 36.300 €,Sin Data,Indefinido,Jornada Completa,Sin Data,Michael Page,Sin Data
2026-09-25,Trabajoscom,Gipuzkoa,Beasain,Técncio/a de mantenimiento de grúas - Olaberria (H/M),30.000 € - 35.000 €,Sin Data,Indefinido,Jornada Completa,Sin Data,Michael Page,Sin Data
2026-09-25,Trabajoscom,Barcelona,Barcelona,Sales Associate - Alta Relojería - Inglés Alto - Barcelona,40.000 €,Sin Data,Indefinido,Jornada Completa,Sin Data,Michael Page,Sin Data
2026-09-25,Trabajoscom,Madrid,Madrid,CRM Specialist (Zoho) & Revenue Operations (RevOps) - B2B,30.000 € - 35.000 €,Sin Data,Indefinido,Jornada Completa,Sin Data,Michael Page,Sin Data
2026-09-25,Trabajoscom,Barcelona,Barcelona,Ingeniero/a Electrónico/a Junior,28.000 € - 32.000 €,Sin Data,Indefinido,Jornada Completa,Sin Data,Michael Page,Sin Data
2026-09-25,Trabajoscom,Murcia,Murcia,Coordinador Proyectos Automatización  (h/m),40.000 € - 45.000 €,Sin Data,Indefinido,Jornada Completa,Sin Data,Michael Page,Sin Data
2026-09-25,Trabajoscom,Barcelona,Barcelona,Responsable red de proveedores hogar Barcelona,40.000 € - 43.000 €,Sin Data,Indefinido,Jornada Completa,Sin Data,Michael Page,Sin Data
2026-09-25,Trabajoscom,Valencia,Valencia,Técnico/a de compras,27.000 € - 30.000 €,Sin Data,Indefinido,Jornada Completa,Sin Data,Michael Page,Sin Data
2026-09-25,Trabajoscom,Madrid,Madrid,Executive Assistant con inglés alto,40.000 € - 45.000 €,Sin Data,Indefinido,Jornada Completa,Sin Data,Michael Page,Sin Data
2026-09-25,Trabajoscom,Salamanca,Espadaña,Gestor/a de tráfico marítimo (Vigo),25.000 € - 32.000 €,Sin Data,Indefinido,Jornada Completa,Sin Data,Michael Page,Sin Data
2026-09-25,Trabajoscom,Madrid,Madrid,Jefe de Produccion residencial (h/m),35.000 € - 38.000 €,Sin Data,Indefinido,Jornada Completa,Sin Data,Michael Page,Sin Data
2026-09-25,Trabajoscom,Madrid,Madrid,Ingeniero planta interna infraestructuras (h/m),37.000 € - 45.000 €,Sin Data,Indefinido,Jornada Completa,Sin Data,Michael Page,Sin Data
2026-09-25,Trabajoscom,Valencia,Valencia,Ingeniero/a de Proyectos y Legalización de Instalaciones,32.000 € - 42.000 €,Sin Data,Indefinido,Jornada Completa,Sin Data,Michael Page,Sin Data
2026-09-25,Trabajoscom,Madrid,Madrid,Responsable de Obra Hidráulica - Tuberías,32.000 € - 40.000 €,Sin Data,Indefinido,Jornada Completa,Sin Data,Michael Page,Sin Data
2026-09-25,Trabajoscom,Valencia,Valencia,Técnico/a de Mantenimiento industrial,27.000 € - 29.000 €,Sin Data,Indefinido,Jornada Completa,Sin Data,Michael Page,Sin Data
2026-09-25,Trabajoscom,Salamanca,Espadaña,Técnico Workplace N3 (Tech Solutions),25.000 € - 30.000 €,Sin Data,Indefinido,Jornada Completa,Sin Data,Michael Page,Sin Data
2026-09-25,Trabajoscom,Tarragona,Tarragona,Técnico de Mantenimento Mecánico Industrial,30.000 € - 40.000 €,Sin Data,Indefinido,Jornada Completa,Sin Data,Michael Page,Sin Data
2026-09-25,Trabajoscom,Salamanca,Espadaña,Especialista Workplace (Tech solutions),25.000 € - 30.000 €,Sin Data,Indefinido,Jornada Completa,Sin Data,Michael Page,Sin Data
2026-09-25,Trabajoscom,Barcelona,Barcelona,Técnico/a de PRL,45.000 €,Sin Data,Indefinido,Jornada Completa,Sin Data,Michael Page,Sin Data
2026-09-25,Trabajoscom,Alicante,Alicante,People Manager,35.000 € - 40.000 €,Sin Data,Indefinido,Jornada Completa,Sin Data,Michael Page,Sin Data
2026-09-25,Trabajoscom,Málaga,Malaga,Controller Senior,40.000 € - 42.000 €,Sin Data,Indefinido,Jornada Completa,Sin Data,Michael Page,Sin Data
2026-09-25,Trabajoscom,Barcelona,Barcelona,Senior QA Engineer - IA Videoanalytics company (Vallés),38.000 € - 42.000 €,Sin Data,Indefinido,Jornada Completa,Sin Data,Michael Page,Sin Data
2026-09-25,Trabajoscom,Barcelona,Barcelona,Planificador de Producción - Compañía Industrial,42.000 € - 45.000 €,Sin Data,Indefinido,Jornada Completa,Sin Data,Michael Page,Sin Data
2026-09-25,Trabajoscom, Cantabria, Cantabria,Responsable Administrativo-Financiero - Cantabria,36.000 € - 40.000 €,Sin Data,Indefinido,Jornada Completa,Sin Data,Michael Page,Sin Data
2026-09-25,Trabajoscom,Barcelona,Barcelona,Responsable Turno Producción,44.000 € - 45.000 €,Sin Data,Indefinido,Jornada Completa,Sin Data,Michael Page,Sin Data
2026-09-25,Trabajoscom,Madrid,Madrid,Jefe de obra reformas integrales de viviendas (h/m),30.000 € - 36.000 €,Sin Data,Indefinido,Jornada Completa,Sin Data,Michael Page,Sin Data
2026-09-25,Trabajoscom,Barcelona,Barcelona,Brand Manager Premium Tequila - Barcelona,38.000 € - 40.000 €,Sin Data,Indefinido,Jornada Completa,Sin Data,Michael Page,Sin Data
2026-09-25,Trabajoscom,Barcelona,Barcelona,Técnico/a de Electromedicina Hospitalaria,34.200 € - 41.800 €,Sin Data,Indefinido,Jornada Completa,Sin Data,Michael Page,Sin Data
2026-09-25,Trabajoscom,Madrid,Madrid,Omnichannel Delivery Analyst temporal 6 meses,32.000 € - 35.000 €,Sin Data,De duracion determinada,Jornada Completa,Sin Data,Michael Page,Sin Data
2026-09-25,Trabajoscom,Palencia,Palencia,Delegado Comercial Levante - Neumáticos,36.000 € - 44.000 €,Sin Data,Indefinido,Jornada Completa,Sin Data,Michael Page,Sin Data
2026-09-25,Trabajoscom,Huesca,Huesca,Comercial Internacional LATAM - Maquinaria Agrícola,35.000 € - 45.000 €,Sin Data,Indefinido,Jornada Completa,Sin Data,Michael Page,Sin Data
2026-09-25,Trabajoscom,Alicante,Alicante,Operario/a CNC,27.000 € - 32.000 €,Sin Data,Indefinido,Jornada Completa,Sin Data,Michael Page,Sin Data
2026-09-25,Trabajoscom,Barcelona,Barcelona,Técnico SAT de Climatización (Edificios Terciarios),35.000 € - 45.000 €,Sin Data,Indefinido,Jornada Completa,Sin Data,Michael Page,Sin Data
2026-09-25,Trabajoscom,Madrid,Madrid,Técnico/a de seguridad PRL,40.000 € - 41.000 €,Sin Data,Indefinido,Jornada Completa,Sin Data,Michael Page,Sin Data
2026-09-25,Trabajoscom, Málaga, Málaga,Ingeniero de Desarrollo de Producto HVAC,40.000 € - 45.000 €,Sin Data,Indefinido,Jornada Completa,Sin Data,Michael Page,Sin Data
2026-09-25,Trabajoscom,Valencia,Valencia,Ingeniero/a de Diseño Mecánico y Proyectos Industriales,38.000 € - 39.000 €,Sin Data,Indefinido,Jornada Completa,Sin Data,Michael Page,Sin Data
2026-09-25,Trabajoscom,Madrid,Madrid,Abogado/a Corporativo - Empresa Internacional,30.000 € - 35.000 €,Sin Data,Indefinido,Jornada Completa,Sin Data,Michael Page,Sin Data
2026-09-25,Trabajoscom,Toledo,Toledo,Adjunto Responsable de Compras,40.000 € - 45.000 €,Sin Data,Indefinido,Jornada Completa,Sin Data,Michael Page,Sin Data
2026-09-25,Trabajoscom,Valencia,Valencia,DIRECTOR DE DESARROLLO DE NEGOCIO,42.000 € - 45.000 €,Sin Data,Indefinido,Jornada Completa,Sin Data,Michael Page,Sin Data
2026-09-25,Trabajoscom, Sevilla, Sevilla,Junior Data Analyst,22.000 € - 25.000 €,Sin Data,Indefinido,Jornada Completa,Sin Data,Michael Page,Sin Data
2026-09-25,Trabajoscom,Valencia,Valencia,Controller Senior (FP&A) - Zona Xàtiva,40.000 €,Sin Data,Indefinido,Jornada Completa,Sin Data,Michael Page,Sin Data
2026-09-25,Trabajoscom,Madrid,Madrid,Encargado de lineas de transmisión eléctrica.,35.000 € - 36.000 €,Sin Data,Indefinido,Jornada Completa,Sin Data,Michael Page,Sin Data
2026-09-25,Trabajoscom,Madrid,Madrid,Ingeniero Eléctrico - Ingeniería (h/m/d),35.000 € - 40.000 €,Sin Data,Indefinido,Jornada Completa,Sin Data,Michael Page,Sin Data
2026-09-25,Trabajoscom,Segovia,Segovia,Ingeniero/as junior,30.000 € - 31.000 €,Sin Data,Indefinido,Jornada Completa,Sin Data,Michael Page,Sin Data
2026-09-25,Trabajoscom,Valencia,Valencia,Responsable de Calidad Alimentación,30.000 € - 45.000 €,Sin Data,Indefinido,Jornada Completa,Sin Data,Michael Page,Sin Data
2026-09-25,Trabajoscom,Madrid,Madrid,Project Manager de Instalaciones,40.000 € - 45.000 €,Sin Data,Indefinido,Jornada Completa,Sin Data,Michael Page,Sin Data
2026-09-25,Trabajoscom,Tarragona,Valls,OPERARIO/A DE INYECCION,Sin Data,Sin Data,Indefinido,Jornada Indiferente,Sin Data,RAS Interim,Sin Data
2026-09-25,Trabajoscom,Zaragoza,Zaragoza,Planificador/a instalaciones (eléctricas/mecánicas),35.000 € - 45.000 €,Sin Data,Indefinido,Jornada Completa,Sin Data,Michael Page,Sin Data
2026-09-25,Trabajoscom,Madrid,Madrid,Key Account Manager  Horeca y Distribución - Madrid,35.000 € - 45.000 €,Sin Data,Indefinido,Jornada Completa,Sin Data,Michael Page,Sin Data
2026-09-25,Trabajoscom,Madrid,Madrid,Comercial Sistemas de Conducción de Fluidos - Madrid,33.000 € - 35.000 €,Sin Data,Indefinido,Jornada Completa,Sin Data,Michael Page,Sin Data
2026-09-25,Trabajoscom,Madrid,Madrid,Asesor/a Comercial Educación Sector Salud,18.000 €,Sin Data,Indefinido,Jornada Completa,Sin Data,Michael Page,Sin Data
2026-09-25,Trabajoscom,Barcelona,Barcelona,Jefe de turno - Sector Químico,30.000 € - 40.000 €,Sin Data,Indefinido,Jornada Completa,Sin Data,Michael Page,Sin Data
2026-09-25,Trabajoscom,Cantabria,Vizcaya,CONTABLE FISCALISTA - ASESORÍA EN GETXO,34.000 € - 40.000 €,Sin Data,Indefinido,Jornada Completa,Sin Data,Michael Page,Sin Data
2026-09-25,Trabajoscom,Barcelona,Barcelona,Intercompany Accountant fluent in English and Spanish,40.000 € - 41.000 €,Sin Data,Indefinido,Jornada Completa,Sin Data,Michael Page,Sin Data
2026-09-25,Trabajoscom, Lleida, Lleida,Administrativo/a Contable y de Facturación - Lleida,24.000 € - 27.000 €,Sin Data,Indefinido,Jornada Completa,Sin Data,Michael Page,Sin Data
2026-09-25,Trabajoscom,Zaragoza,Zaragoza,IT Program Manager Data Centers (on-site),35.000 € - 45.000 €,Sin Data,De duracion determinada,Jornada Completa,Sin Data,Michael Page,Sin Data
2026-09-25,Trabajoscom,Madrid,Madrid,Jefe de Producción / Prefabricados de hormigón (h/m/d),40.000 € - 45.000 €,Sin Data,Indefinido,Jornada Completa,Sin Data,Michael Page,Sin Data
2026-09-25,Trabajoscom,Barcelona,Barcelona,Tecnico Contable - Despacho economistas,30.000 € - 35.000 €,Sin Data,Indefinido,Jornada Completa,Sin Data,Michael Page,Sin Data
2026-09-25,Trabajoscom,Barcelona,Barcelona,Responsable Promotor Ocio-Cultural,35.000 € - 45.000 €,Sin Data,Indefinido,Jornada Completa,Sin Data,Michael Page,Sin Data
2026-09-25,Trabajoscom,Valencia,Valencia,Ingeniero/a de Mantenimiento y Automatización,29.000 € - 30.000 €,Sin Data,Indefinido,Jornada Completa,Sin Data,Michael Page,Sin Data
2026-09-25,Trabajoscom,Barcelona,Barcelona,Credit Risk Specialist fluent in English and Spanish,30.000 € - 31.000 €,Sin Data,Indefinido,Jornada Completa,Sin Data,Michael Page,Sin Data
2026-09-25,Trabajoscom,Madrid,Madrid,FINANCE BILLING SPECIALIST,30.000 € - 35.000 €,Sin Data,De duracion determinada,Jornada Completa,Sin Data,Michael Page,Sin Data
2026-09-25,Trabajoscom,Madrid,Madrid,Ingeniero/a junior eléctrico,22.500 € - 27.500 €,Sin Data,Indefinido,Jornada Completa,Sin Data,Michael Page,Sin Data
2026-09-25,Trabajoscom,Barcelona,Barcelona,Técnico/a Electromecánico con Hidráulica,30.000 € - 38.000 €,Sin Data,Indefinido,Jornada Completa,Sin Data,Michael Page,Sin Data
2026-09-25,Trabajoscom,Alicante,Alicante,Arquitecto/a - Proyectos de edificación,30.000 € - 40.000 €,Sin Data,Indefinido,Jornada Completa,Sin Data,Michael Page,Sin Data
2026-09-25,Trabajoscom,Asturias,Vigo,Administrador/a Fincas - VIGO,22.000 € - 28.000 €,Sin Data,Indefinido,Jornada Completa,Sin Data,Michael Page,Sin Data
2026-09-25,Trabajoscom,Las Palmas,Telde,Responsable de Empresa de Servicios en Canarias,45.000 €,Sin Data,Indefinido,Jornada Completa,Sin Data,Michael Page,Sin Data
2026-09-25,Trabajoscom, A Coruña, A Coruña,Controller  financiero - Provincia A Coruña,35.000 € - 40.000 €,Sin Data,Indefinido,Jornada Completa,Sin Data,Michael Page,Sin Data
2026-09-25,Trabajoscom,Madrid,Madrid,Técnico Superior PRL edificación residencial y hotelera (h/m),40.000 € - 45.000 €,Sin Data,Indefinido,Jornada Completa,Sin Data,Michael Page,Sin Data
2026-09-25,Trabajoscom,Valencia,Valencia,Técnico/a de mantenimiento,27.000 € - 30.000 €,Sin Data,Indefinido,Jornada Completa,Sin Data,Michael Page,Sin Data
2026-09-25,Trabajoscom,Madrid,Madrid,DevOps / Infrastructure Automation - Ansible (Puppet Migration),40.000 €,Sin Data,Indefinido,Jornada Completa,Sin Data,Michael Page,Sin Data
2026-09-25,Trabajoscom,Madrid,Madrid,Cybersecurity Engineer /Vulnerability Remediation (Ansible),40.000 €,Sin Data,Indefinido,Jornada Completa,Sin Data,Michael Page,Sin Data
2026-09-25,Trabajoscom,Barcelona,Barcelona,Arquitecto/a Proyectista:Ingeniería (Híbrido) Naves Logísticas,40.000 € - 45.000 €,Sin Data,Indefinido,Jornada Completa,Sin Data,Michael Page,Sin Data
2026-09-25,Trabajoscom,Madrid,Madrid,PMO & Seguimiento Corporativo.,40.000 € - 45.000 €,Sin Data,Indefinido,Jornada Completa,Sin Data,Michael Page,Sin Data
2026-09-25,Trabajoscom,Madrid,Madrid,Project Business Analyst,30.000 € - 33.000 €,Sin Data,De duracion determinada,Jornada Completa,Sin Data,Michael Page,Sin Data
2026-09-25,Trabajoscom,Murcia,Murcia,Ingeniero/a de Diseño Mecánico (Murcia),36.000 € - 44.000 €,Sin Data,Indefinido,Jornada Completa,Sin Data,Michael Page,Sin Data
2026-09-25,Trabajoscom,Bizkaia,Bilbao,Técnico/a de Soporte Internacional,27.000 € - 33.000 €,Sin Data,Indefinido,Jornada Completa,Sin Data,Michael Page,Sin Data
2026-09-25,Trabajoscom,Madrid,Madrid,Treasury Corporate,42.000 € - 44.000 €,Sin Data,Indefinido,Jornada Completa,Sin Data,Michael Page,Sin Data
2026-09-25,Trabajoscom,Girona,Girona,Técnico inyección de Plástico,30.000 € - 33.000 €,Sin Data,Indefinido,Jornada Completa,Sin Data,Michael Page,Sin Data
2026-09-25,Trabajoscom,Barcelona,Barcelona,Técnico de Logística con Frances,30.000 € - 40.000 €,Sin Data,Indefinido,Jornada Completa,Sin Data,Michael Page,Sin Data
2026-09-25,Trabajoscom,Valencia,Valencia,Director/a de Obra - Instalaciones eléctricas -,35.000 € - 40.000 €,Sin Data,Indefinido,Jornada Completa,Sin Data,Michael Page,Sin Data
2026-09-25,Trabajoscom,La Rioja,Logroño,Back Office internacional & OCM (H/M),28.000 € - 30.000 €,Sin Data,Indefinido,Jornada Completa,Sin Data,Michael Page,Sin Data
2026-09-25,Trabajoscom,Málaga,Malaga,"Dirección Académica (h,m,d) - Universidad",40.000 € - 45.000 €,Sin Data,Indefinido,Jornada Completa,Sin Data,Michael Page,Sin Data
2026-09-25,Trabajoscom,Zaragoza,Zaragoza,Gestor de cuentas - sector residuos,34.000 € - 42.000 €,Sin Data,Indefinido,Jornada Completa,Sin Data,Michael Page,Sin Data
2026-09-25,Trabajoscom,Zaragoza,Zaragoza,Customer service mercado francés - Jornada intensiva,22.500 € - 27.500 €,Sin Data,Indefinido,Jornada Completa,Sin Data,Michael Page,Sin Data
2026-09-25,Trabajoscom,Bizkaia,Bilbao,Delegado/a Comercial Zona Norte - Control de accesos,35.000 € - 45.000 €,Sin Data,Indefinido,Jornada Completa,Sin Data,Michael Page,Sin Data
2026-09-25,Trabajoscom,Barcelona,Barcelona,Comercial Horeca & Gourmet - Barcelona,25.000 € - 30.000 €,Sin Data,Indefinido,Jornada Completa,Sin Data,Michael Page,Sin Data
2026-09-25,Trabajoscom,Barcelona,Barcelona,Talent Acquisition Specialist - German,35.000 € - 40.000 €,Sin Data,De duracion determinada,Jornada Completa,Sin Data,Michael Page,Sin Data
2026-09-25,Trabajoscom,Madrid,Daganzo De Arriba,Adjunto a Dirección de Fábrica Daganzo de Arriba,36.000 € - 44.000 €,Sin Data,Indefinido,Jornada Completa,Sin Data,Michael Page,Sin Data
2026-09-25,Trabajoscom,Granada,Granada,Delegado Comercial Andalucía Oriental (H/M/D),26.000 € - 28.000 €,Sin Data,Indefinido,Jornada Completa,Sin Data,Michael Page,Sin Data
2026-09-25,Trabajoscom,Zaragoza,Zaragoza,Ingeniero/a de procesos,35.000 € - 40.000 €,Sin Data,Indefinido,Jornada Completa,Sin Data,Michael Page,Sin Data
2026-09-25,Trabajoscom,Murcia,Murcia,Comercial Senior - Sector Reciclaje Plástico,40.000 € - 41.000 €,Sin Data,Indefinido,Jornada Completa,Sin Data,Michael Page,Sin Data
2026-09-25,Trabajoscom,Castellón,Castellon De La Plana/castello De La Pla,Jefe de obra - Edificación residencial,35.000 € - 45.000 €,Sin Data,Indefinido,Jornada Completa,Sin Data,Michael Page,Sin Data
2026-09-25,Trabajoscom,Sevilla,Sevilla,Analista Fiscal - Tax Specialist con SAP,40.000 € - 43.000 €,Sin Data,Indefinido,Jornada Completa,Sin Data,Michael Page,Sin Data
2026-09-25,Trabajoscom,Valencia,Valencia,Técnico Comercial Energias Renovables,27.000 € - 40.000 €,Sin Data,Indefinido,Jornada Completa,Sin Data,Michael Page,Sin Data
2026-09-25,Trabajoscom,Barcelona,Barcelona,Proyectista de Instalaciones MEP - Retail / Proyectos de Lujo,32.000 € - 36.000 €,Sin Data,Indefinido,Jornada Completa,Sin Data,Michael Page,Sin Data
2026-09-25,Trabajoscom,Madrid,Pozuelo De Alarcon,Business Development Manager - GIS/BIM,33.000 € - 40.000 €,Sin Data,Indefinido,Jornada Completa,Sin Data,Michael Page,Sin Data
2026-09-25,Trabajoscom,La Rioja,Logroño,"Técnico comercial - ER - La Rioja, Navarra, País Vasco (H/M)",30.000 € - 35.000 €,Sin Data,Indefinido,Jornada Completa,Sin Data,Michael Page,Sin Data
2026-09-25,Trabajoscom,Alicante,Alicante,Jefe/a de Obra Publica Edificación - Alicante,40.000 € - 45.000 €,Sin Data,Indefinido,Jornada Completa,Sin Data,Michael Page,Sin Data
2026-09-25,Trabajoscom,Barcelona,Barcelona,OTC Accountant with French,25.000 € - 26.000 €,Sin Data,Indefinido,Jornada Completa,Sin Data,Michael Page,Sin Data
2026-09-25,Trabajoscom,Valencia,Valencia,Técnico/a de estudios Obra Civil - Valencia,33.000 € - 35.000 €,Sin Data,Indefinido,Jornada Completa,Sin Data,Michael Page,Sin Data
2026-09-25,Trabajoscom,Barcelona,Barcelona,Product Manager - Specialty Chemicals,40.000 € - 45.000 €,Sin Data,Indefinido,Jornada Completa,Sin Data,Michael Page,Sin Data
2026-09-25,Trabajoscom,Madrid,Madrid,Sales Specialist - venta de servicios de Ciberseguridad,40.000 €,Sin Data,Indefinido,Jornada Completa,Sin Data,Michael Page,Sin Data
2026-09-25,Trabajoscom,Madrid,Madrid,"Responsable Comercial - División Residencias, Madrid",30.000 € - 40.000 €,Sin Data,Indefinido,Jornada Completa,Sin Data,Michael Page,Sin Data
2026-09-25,Trabajoscom,Zaragoza,Zaragoza,Consultor ambiental,27.000 € - 33.000 €,Sin Data,Indefinido,Jornada Completa,Sin Data,Michael Page,Sin Data
2026-09-25,Trabajoscom,Valencia,Valencia,Backoffice con inglés,22.500 € - 27.500 €,Sin Data,Indefinido,Jornada Completa,Sin Data,Michael Page,Sin Data
2026-09-25,Trabajoscom,Barcelona,Barcelona,Comercial Obra Nueva - Promotora Maresme,28.000 € - 32.000 €,Sin Data,Indefinido,Jornada Completa,Sin Data,Michael Page,Sin Data
2026-09-25,Trabajoscom,A Coruña,A Coruña,Ingeniero/a eléctrico (A Coruña),36.000 € - 40.000 €,Sin Data,Indefinido,Jornada Completa,Sin Data,Michael Page,Sin Data
2026-09-25,Trabajoscom,Castellón,Castellon De La Plana/castello De La Pla,Modelador/a Tekla - Castellón,26.000 € - 36.000 €,Sin Data,Indefinido,Jornada Completa,Sin Data,Michael Page,Sin Data
2026-09-25,Trabajoscom,Almería,Almeria,Técnico de Sistemas - ALMERÍA,25.000 € - 30.000 €,Sin Data,Indefinido,Jornada Completa,Sin Data,Michael Page,Sin Data
2026-09-25,Trabajoscom,Valencia,Valencia,Técnico Comercial Nacional - Sector Fibra Óptica - FTTx,30.000 € - 40.000 €,Sin Data,Indefinido,Jornada Completa,Sin Data,Michael Page,Sin Data
2026-09-25,Trabajoscom,Zaragoza,Zaragoza,Tecnico/a de mantenimiento,30.000 € - 35.000 €,Sin Data,Indefinido,Jornada Completa,Sin Data,Michael Page,Sin Data
2026-09-25,Trabajoscom,Zaragoza,Zaragoza,Project Manager,31.500 € - 38.500 €,Sin Data,Indefinido,Jornada Completa,Sin Data,Michael Page,Sin Data
2026-09-25,Trabajoscom,Almería,Almeria,Back Office Comercial Alimentación - (H/M/D),30.000 € - 35.000 €,Sin Data,Indefinido,Jornada Completa,Sin Data,Michael Page,Sin Data
2026-09-25,Trabajoscom,Barcelona,Barcelona,Planificador de Producción,30.000 € - 40.000 €,Sin Data,Indefinido,Jornada Completa,Sin Data,Michael Page,Sin Data
2026-09-25,Trabajoscom,Granada,Granada,Comercial Internacional Alimentación (H/M/D),28.000 € - 35.000 €,Sin Data,Indefinido,Jornada Completa,Sin Data,Michael Page,Sin Data
2026-09-25,Trabajoscom,Valencia,Valencia,Ingeniero de estructuras senior - Valencia,40.000 € - 41.000 €,Sin Data,Indefinido,Jornada Completa,Sin Data,Michael Page,Sin Data
2026-09-25,Trabajoscom,Madrid,Madrid,Ingeniero de Procesos (Sector Transporte),30.000 € - 32.000 €,Sin Data,Indefinido,Jornada Completa,Sin Data,Michael Page,Sin Data
2026-09-25,Trabajoscom,Madrid,Madrid,Business Controller,45.000 €,Sin Data,Indefinido,Jornada Completa,Sin Data,Michael Page,Sin Data
2026-09-25,Trabajoscom,Cantabria,Vizcaya,Cost Engineer / Sales Engineer - TIER1 Durangaldea,35.000 € - 45.000 €,Sin Data,Indefinido,Jornada Completa,Sin Data,Michael Page,Sin Data
2026-09-25,Trabajoscom,A Coruña,A Coruña,IT Account Manager - Galicia,45.000 €,Sin Data,Indefinido,Jornada Completa,Sin Data,Michael Page,Sin Data
2026-09-25,Trabajoscom,Palencia,Palencia,Jefe/a de producción edificación industrial - Valencia,30.000 € - 40.000 €,Sin Data,Indefinido,Jornada Completa,Sin Data,Michael Page,Sin Data
2026-09-25,Trabajoscom,Girona,Girona,Comercial Girona - Horeca / Foodservice,35.000 € - 36.000 €,Sin Data,Indefinido,Jornada Completa,Sin Data,Michael Page,Sin Data
2026-09-25,Trabajoscom,Barcelona,Barcelona,- Oficial de Notaría,35.000 € - 45.000 €,Sin Data,Indefinido,Jornada Completa,Sin Data,Michael Page,Sin Data
2026-09-25,Trabajoscom,Alicante,Alicante,Jefe/a de Servicios de limpieza - Alicante,25.000 € - 30.000 €,Sin Data,Indefinido,Jornada Completa,Sin Data,Michael Page,Sin Data
2026-09-25,Trabajoscom,Araba,Vitoria-Gasteiz,Conductor/a de Línea - Maquinista (M/T/N),38.500 €,Sin Data,Indefinido,Jornada Completa,Sin Data,Michael Page,Sin Data
2026-09-25,Trabajoscom,Barcelona,Barcelona,Técnico Electromecánico Industrial,35.000 € - 40.000 €,Sin Data,Indefinido,Jornada Completa,Sin Data,Michael Page,Sin Data
2026-09-25,Trabajoscom,Huesca,Huesca,Gestor de proyectos administrativos y culturales - Huesca,25.000 € - 28.000 €,Sin Data,Indefinido,Jornada Completa,Sin Data,Michael Page,Sin Data
2026-09-25,Trabajoscom,Madrid,Madrid,Gestor Contable Fiscal,35.000 € - 38.000 €,Sin Data,Indefinido,Jornada Completa,Sin Data,Michael Page,Sin Data
2026-09-25,Trabajoscom,Zaragoza,Zaragoza,Delineante proyectista - Modelador BIM edificación residencial,35.000 € - 42.000 €,Sin Data,Indefinido,Jornada Completa,Sin Data,Michael Page,Sin Data
2026-09-25,Trabajoscom,Asturias,Vigo,Consultor/a Michael Page Galicia -  Ingenieros (Vigo),25.000 € - 32.000 €,Sin Data,Indefinido,Jornada Completa,Sin Data,Michael Page,Sin Data
2026-09-25,Trabajoscom,Barcelona,Barcelona,TÉCNICO DE TRANSPORTE TERRESTRE - FORWARDER INTERNACIONAL,30.000 € - 35.000 €,Sin Data,Indefinido,Jornada Completa,Sin Data,Michael Page,Sin Data
2026-09-25,Trabajoscom,Valencia,Utiel,Ingeniero/a de procesos,30.000 €,Sin Data,Indefinido,Jornada Completa,Sin Data,Michael Page,Sin Data
2026-09-25,Trabajoscom,Madrid,Madrid,Técnico de nóminas | Sector construcción,28.000 € - 30.000 €,Sin Data,Indefinido,Jornada Completa,Sin Data,Michael Page,Sin Data
2026-09-25,Trabajoscom,S.C. Tenerife,Santa Cruz De Tenerife,Administrativo/a Comercial- Distribuidora Heladeria/Pasteleria,18.000 € - 20.000 €,Sin Data,Indefinido,Jornada Completa,Sin Data,Michael Page,Sin Data
2026-09-25,Trabajoscom,Bizkaia,Bilbao,Técnico Comercial de Automatización y Seguridad Industrial,30.000 € - 35.000 €,Sin Data,Indefinido,Jornada Completa,Sin Data,Michael Page,Sin Data
2026-09-25,Trabajoscom, Sevilla, Sevilla,Especialista Civil - Plantas,38.700 € - 43.100 €,Sin Data,Indefinido,Jornada Completa,Sin Data,Michael Page,Sin Data
2026-09-25,Trabajoscom,Cantabria,Santander,Consultor/a Junior con Francés,18.000 € - 21.000 €,Sin Data,Indefinido,Jornada Completa,Sin Data,Michael Page,Sin Data
2026-09-25,Trabajoscom,Valencia,Valencia,Consultor/a de selección - Únete a Michael Page,24.000 € - 25.000 €,Sin Data,Indefinido,Jornada Completa,Sin Data,Michael Page,Sin Data
2026-09-25,Trabajoscom,Zaragoza,Zaragoza,Ingeniero/a Mecánico/a,36.500 € - 40.000 €,Sin Data,Indefinido,Jornada Completa,Sin Data,Michael Page,Sin Data
2026-09-25,Trabajoscom,Pontevedra,Pontevedra,Responsable de Turno (Producción) - Pontevedra,30.000 € - 36.000 €,Sin Data,Indefinido,Jornada Completa,Sin Data,Michael Page,Sin Data
2026-09-25,Trabajoscom,Zaragoza,Zaragoza,Jefe/a de obra cubiertas y fachadas,35.000 € - 38.500 €,Sin Data,Indefinido,Jornada Completa,Sin Data,Michael Page,Sin Data
2026-09-25,Trabajoscom,Zaragoza,Zaragoza,Responsable de logística,27.000 € - 33.000 €,Sin Data,Indefinido,Jornada Completa,Sin Data,Michael Page,Sin Data
2026-09-25,Trabajoscom,Barcelona,Barcelona,Ingeniero/a de procesos de pintura,40.000 € - 44.000 €,Sin Data,Indefinido,Jornada Completa,Sin Data,Michael Page,Sin Data
2026-09-25,Trabajoscom,Zaragoza,Zaragoza,Técnico de Soporte,22.000 €,Sin Data,Indefinido,Jornada Completa,Sin Data,Michael Page,Sin Data
2026-09-25,Trabajoscom,Zaragoza,Zaragoza,Jefe/a de producción edificación industrial,35.000 € - 40.000 €,Sin Data,Indefinido,Jornada Completa,Sin Data,Michael Page,Sin Data
2026-09-25,Trabajoscom, Huelva, Huelva,CREATIVE CONTENT & SALES SUPPORT (Marketing),26.000 € - 27.000 €,Sin Data,Indefinido,Jornada Completa,Sin Data,Michael Page,Sin Data
2026-09-25,Trabajoscom, Barcelona, Barcelona,Técnico/a de Mantenimiento / Climatización en Barcelona,28.800 € - 35.000 €,Sin Data,Indefinido,Jornada Completa,Sin Data,Michael Page,Sin Data
2026-09-25,Trabajoscom, Málaga, Málaga,Administrador/a de Sistemas - MÁLAGA,30.000 € - 40.000 €,Sin Data,Indefinido,Jornada Completa,Sin Data,Michael Page,Sin Data
2026-09-25,Trabajoscom, Valencia, Valencia,Técnico/a de mantenimiento,24.000 € - 32.000 €,Sin Data,Indefinido,Jornada Completa,Sin Data,Michael Page,Sin Data
2026-09-25,Trabajoscom, Huelva, Huelva,Finance & Administration Controller.,30.000 € - 35.000 €,Sin Data,Indefinido,Jornada Completa,Sin Data,Michael Page,Sin Data
2026-09-25,Trabajoscom, Gipuzkoa, Gipuzkoa,Jefe de Proyecto - Industria en Donostialdea,30.000 € - 35.000 €,Sin Data,Indefinido,Jornada Completa,Sin Data,Michael Page,Sin Data
2026-09-25,Trabajoscom, Granada, Granada,Maintenance Manager con con inglés,39.000 € - 44.000 €,Sin Data,Indefinido,Jornada Completa,Sin Data,Michael Page,Sin Data
2026-09-25,Trabajoscom, Ourense, Ourense,Project manager ofertas Internacionales,25.000 € - 30.000 €,Sin Data,Indefinido,Jornada Completa,Sin Data,Michael Page,Sin Data
2026-09-25,Trabajoscom, Ciudad Real, Ciudad Real,COMERCIAL EXTERNO CLIMATIZACIÓN,30.000 € - 31.000 €,Sin Data,Indefinido,Jornada Completa,Sin Data,Michael Page,Sin Data
2026-09-25,Trabajoscom, Barcelona, Barcelona,Back Office Customer Service (Francés e Inglés) - MARESME,25.000 € - 31.000 €,Sin Data,Indefinido,Jornada Completa,Sin Data,Michael Page,Sin Data
2026-09-25,Trabajoscom, Huelva, Huelva,Responsable División Riego - Huelva,40.000 € - 45.000 €,Sin Data,Indefinido,Jornada Completa,Sin Data,Michael Page,Sin Data
2026-09-25,Trabajoscom, Bizkaia, Bizkaia,Técnico/a Especialista en RRHH con Inglés - Proyecto UNILEVER FOODS - 9 meses,Sin Data,Sin Data,De duracion determinada,Jornada Completa,Sin Data,Iman Temporing,Sin Data
2026-09-25,Trabajoscom, Baleares, Baleares,Enfermero/a - DUE Centro Residencial DomusVi Costa d'en Blanes,Sin Data,Sin Data,Indefinido,Jornada Completa,Sin Data,DomusVi,Sin Data
2026-09-25,Trabajoscom, Barcelona, Barcelona,Limpiador/a industrial,Sin Data,Sin Data,De duracion determinada,Media Jornada,Sin Data,Iman Temporing,Sin Data
2026-09-25,Trabajoscom, La Rioja, La Rioja,OFICIAL 2ª CONSTRUCCIÓN,Sin Data,Sin Data,Indefinido,Jornada Completa,Sin Data,Iman Temporing,Sin Data
2026-09-25,Trabajoscom, Araba, Araba,Operario/a de corte por sierra,Sin Data,Sin Data,Indefinido,Jornada Completa,Sin Data,Crit Interim España ETT,Sin Data
2026-09-25,Trabajoscom, Almería, Almería,Responsable de calidad Hortofrutícola (H/M),Sin Data,Sin Data,De duracion determinada,Jornada Completa,Sin Data,Crit Interim España ETT,Sin Data
2026-09-25,Trabajoscom, Barcelona, Barcelona,Operario/a de Inyección,Sin Data,Sin Data,De duracion determinada,Jornada Completa,Sin Data,Crit Interim España ETT,Sin Data
2026-09-25,Trabajoscom, La Rioja, La Rioja,OFICIAL 2ª CONSTRUCCIÓN,Sin Data,Sin Data,Indefinido,Jornada Completa,Sin Data,Iman Temporing,Sin Data
2026-09-25,Trabajoscom, Córdoba, Córdoba,Auxiliar de producción,Sin Data,Sin Data,De duracion determinada,Jornada Completa,Sin Data,Crit Interim España ETT,Sin Data
2026-09-25,Trabajoscom, Córdoba, Córdoba,Responsable administrativo laboral,Sin Data,Sin Data,Indefinido,Jornada Completa,Sin Data,Crit Interim España ETT,Sin Data
2026-09-25,Trabajoscom, Barcelona, Barcelona,Xòfer/a C + CAP (substitució 10 mesos),Sin Data,Sin Data,Indefinido,Jornada Completa,Sin Data,Iman Temporing,Sin Data
2026-09-25,Trabajoscom, Madrid, Madrid,Gerocultor/a - Auxiliar de enfermería Centro Residencial DomusVi Valdemoro,Sin Data,Sin Data,De duracion determinada,Jornada Indiferente,Sin Data,DomusVi,Sin Data
2026-09-25,Trabajoscom, Murcia, Murcia,Encajadoras/es ( Campaña cítricos 2026-2027),Sin Data,Sin Data,Indefinido,Jornada Completa,Sin Data,Iman Temporing,Sin Data
2026-09-25,Trabajoscom, Barcelona, Barcelona,Administrativo/a contabilidad,Sin Data,Sin Data,Indefinido,Jornada Completa,Sin Data,Crit Interim España ETT,Sin Data
2026-09-25,Trabajoscom, Baleares, Baleares,Ayudante de Cocina- Centro Residencial DomusVi Sa Riera,Sin Data,Sin Data,De duracion determinada,Jornada Completa,Sin Data,DomusVi,Sin Data
2026-09-25,Trabajoscom, Barcelona, Barcelona,Dependiente/a tiempo parcial -Ideal Estudiantes,Sin Data,Sin Data,Indefinido,Jornada Completa,Sin Data,Iman Temporing,Sin Data
2026-09-25,Trabajoscom, Barcelona, Barcelona,Administrativo/a logístico/a,28 € - 30 €,Sin Data,De duracion determinada,Jornada Indiferente,Sin Data,Iman Temporing,Sin Data
2026-09-25,Trabajoscom, Barcelona, Barcelona,PEÓN/NA TRIPERIA,Sin Data,Sin Data,De duracion determinada,Jornada Completa,Sin Data,Iman Temporing,Sin Data
2026-09-25,Trabajoscom, Barcelona, Barcelona,Operario/a en planta de reciclaje  ( metales ),25.000 € - 26.000 €,Sin Data,Indefinido,Jornada Completa,Sin Data,Iman Temporing,Sin Data
2026-09-25,Trabajoscom, Araba, Araba,Comercial  (Vitoria),21.800 € - 27.000 €,Sin Data,Indefinido,Jornada Completa,Sin Data,Crit Interim España ETT,Sin Data
2026-09-25,Trabajoscom, Teruel, Teruel,Responsable de Compras,Sin Data,Sin Data,Indefinido,Jornada Completa,Sin Data,Iman Temporing,Sin Data
2026-09-25,Trabajoscom, Sevilla, Sevilla,Mozo/Operario/a de producción (Arahal),Sin Data,Sin Data,De duracion determinada,Jornada Completa,Sin Data,Iman Temporing,Sin Data
2026-09-25,Trabajoscom, S.C. Tenerife, S.C. Tenerife,"Socorrista - Adeje, Tenerife Sur",17.000 € - 18.000 €,Sin Data,Indefinido,Jornada Completa,Sin Data,Pacto,Sin Data
2026-09-25,Trabajoscom, Barcelona, Barcelona,Supervisor/a Centro Residencial DomusVi Sant Jordi,Sin Data,Sin Data,Indefinido,Jornada Completa,Sin Data,DomusVi,Sin Data
2026-09-25,Trabajoscom, Asturias, Asturias,Gerocultor/a - Auxiliar de enfermería Centro Residencial DomusVi Carancos,Sin Data,Sin Data,De duracion determinada,Jornada Completa,Sin Data,DomusVi,Sin Data
2026-09-25,Trabajoscom, Alicante, Alicante,Fisioterapeuta Centro Residencial DomusVi Alicante Babel,Sin Data,Sin Data,Indefinido,Media Jornada,Sin Data,DomusVi,Sin Data
2026-09-25,Trabajoscom, Madrid, Madrid,Montador/a de Estructuras Metálica- Radial,Sin Data,Sin Data,De duracion determinada,Jornada Completa,Sin Data,Crit Interim España ETT,Sin Data
2026-09-25,Trabajoscom, Sevilla, Sevilla,Técnico/a Instalador/a Electricista - Sevilla,Sin Data,Sin Data,Indefinido,Jornada Completa,Sin Data,Iman Global Consulting,Sin Data
2026-09-25,Trabajoscom, Barcelona, Barcelona,Fontanero/Lampista Oficial de 1ª,27.500 € - 28.000 €,Sin Data,Indefinido,Jornada Completa,Sin Data,Iman Temporing,Sin Data
2026-09-25,Trabajoscom, Barcelona, Barcelona,Pintor de Cabina Lacador,Sin Data,Sin Data,De duracion determinada,Jornada Completa,Sin Data,Iman Temporing,Sin Data
2026-09-25,Trabajoscom, Sevilla, Sevilla,Oficial de 1ª de Carpintería (H/M) Aljarafe,Sin Data,Sin Data,De duracion determinada,Jornada Completa,Sin Data,Crit Interim España ETT,Sin Data
2026-09-25,Trabajoscom, Asturias, Asturias,Cocinero/a - Centro Residencial DomusVi Colloto,Sin Data,Sin Data,De duracion determinada,Jornada Completa,Sin Data,DomusVi,Sin Data
2026-09-25,Trabajoscom, Barcelona, Barcelona,Responsable de tienda en Vic,Sin Data,Sin Data,Indefinido,Jornada Completa,Sin Data,Crit Interim España ETT,Sin Data
2026-09-25,Trabajoscom, Madrid, Madrid,Carretillero/a retráctil,Sin Data,Sin Data,De duracion determinada,Jornada Completa,Sin Data,Iman Temporing,Sin Data
2026-09-25,Trabajoscom, Valladolid, Valladolid,AZAFATOS/AS EN VALLADOLID EL 28/09/2026,Sin Data,Sin Data,A tiempo parcial,Jornada Completa,Sin Data,Art i Cultura,Sin Data
2026-09-25,Trabajoscom, Valencia, Valencia,Operario/a de fábrica de alimentación (Loriguilla),Sin Data,Sin Data,De duracion determinada,Jornada Completa,Sin Data,Crit Interim España ETT,Sin Data
2026-09-25,Trabajoscom, Zaragoza, Zaragoza,Carretillero/a,Sin Data,Sin Data,De duracion determinada,Jornada Completa,Sin Data,Crit Interim España ETT,Sin Data
2026-09-25,Trabajoscom, Murcia, Murcia,Operario/a-charcutero/a - MURCIA,Sin Data,Sin Data,De duracion determinada,Jornada Completa,Sin Data,Crit Interim España ETT,Sin Data
2026-09-25,Trabajoscom, Valencia, Valencia,Electromecánico sector Alimentación zona Catadau,Sin Data,Sin Data,De duracion determinada,Jornada Completa,Sin Data,Iman Temporing,Sin Data
2026-09-25,Trabajoscom, Barcelona, Barcelona,Carretillero/a madera Muestras,Sin Data,Sin Data,De duracion determinada,Jornada Completa,Sin Data,Crit Interim España ETT,Sin Data
2026-09-25,Trabajoscom, Sevilla, Sevilla,Carretillero/a (Campaña Aceitunas),Sin Data,Sin Data,De duracion determinada,Jornada Completa,Sin Data,Iman Temporing,Sin Data
2026-09-25,Trabajoscom, Sevilla, Sevilla,Enfermero/a - DUE Centro Residencial DomusVi Santa Justa,Sin Data,Sin Data,De duracion determinada,Jornada Indiferente,Sin Data,DomusVi,Sin Data
2026-09-25,Trabajoscom, Burgos, Burgos,Operario/a producción,25.000 € - 26.000 €,Sin Data,De duracion determinada,Jornada Completa,Sin Data,Lis,Sin Data
2026-09-25,Trabajoscom,Valencia,Alboraya,Jefe/a de Ventas B2C - ALICANTE,Sin Data,Sin Data,Indefinido,Jornada Indiferente,Sin Data,Lumon Cristales España,Sin Data
2026-09-25,Trabajoscom,Madrid,Alcala De Henares,CONDUCTOR/A C + CAP,Sin Data,Sin Data,Indefinido,Jornada Indiferente,Sin Data,RAS Interim,Sin Data
2026-09-25,Trabajoscom,Madrid,Alcala De Henares,CONDUCTOR/A C + CAP,Sin Data,Sin Data,Indefinido,Jornada Indiferente,Sin Data,RAS Interim,Sin Data
2026-09-25,Trabajoscom,Tarragona,Valls,MOZO/A ALMACÉN CON CARRETILLA FRONTAL,Sin Data,Sin Data,Indefinido,Jornada Indiferente,Sin Data,RAS Interim,Sin Data
2026-09-25,Trabajoscom,Tarragona,Reus,OPERARIO/A CON CARRETILLA,Sin Data,Sin Data,Indefinido,Jornada Indiferente,Sin Data,RAS Interim,Sin Data
2026-09-25,Trabajoscom, Barcelona, Barcelona,Técnico/a SAT máquinas recreativas Temporal - Terrassa,Sin Data,Sin Data,De duracion determinada,Jornada Completa,Sin Data,Iman Temporing,Sin Data
2026-09-25,Trabajoscom, Las Palmas, Las Palmas,CAMAREROS/AS Y AYUDANTES DE CAMAREROS/AS (Mogán),Sin Data,Sin Data,Indefinido,Jornada Indiferente,Sin Data,Pacto,Sin Data
2026-09-25,Trabajoscom,Alicante,Alicante,CHÓFER B,Sin Data,Sin Data,Indefinido,Jornada Indiferente,Sin Data,RAS Interim,Sin Data
2026-09-25,Trabajoscom, Málaga, Málaga,Técnico/a de mantenimiento - Málaga,Sin Data,Sin Data,Indefinido,Jornada Completa,Sin Data,Iman Temporing,Sin Data
2026-09-25,Trabajoscom,Barcelona,Parets Del Valles,ADMINISTRATIVO/A,Sin Data,Sin Data,Indefinido,Jornada Indiferente,Sin Data,RAS Interim,Sin Data
2026-09-25,Trabajoscom, Madrid, Madrid,Recaudador/a de máquinas recreativas - Madrid,Sin Data,Sin Data,De duracion determinada,Jornada Completa,Sin Data,Iman Temporing,Sin Data
2026-09-25,Trabajoscom, Barcelona, Barcelona,Técnico E-Commerce,Sin Data,Sin Data,De duracion determinada,Jornada Completa,Sin Data,Crit Interim España ETT,Sin Data
2026-09-25,Trabajoscom, Granada, Granada,LIMPIADOR/A INDUSTRIAL,Sin Data,Sin Data,Indefinido,Jornada Completa,Sin Data,Iman Temporing,Sin Data
2026-09-25,Trabajoscom,Barcelona,Todo Barcelona,CARPINTERO/A,Sin Data,Sin Data,Indefinido,Jornada Indiferente,Sin Data,RAS Interim,Sin Data
2026-09-25,Trabajoscom, Madrid, Madrid,SUPERVISOR/A DE HOTEL - MADRID,17.785 €,Sin Data,Indefinido,Jornada Completa,Sin Data,Citius Outsourcing,Sin Data
2026-09-25,Trabajoscom, Barcelona, Barcelona,Aux Administrativa/o - La Roca,19.000 €,Sin Data,De duracion determinada,Jornada Completa,Sin Data,Pacto,Sin Data
2026-09-25,Trabajoscom, Bizkaia, Bizkaia,Operario/a Montaje Eléctrico,Sin Data,Sin Data,De duracion determinada,Jornada Completa,Sin Data,Iman Temporing,Sin Data
2026-09-25,Trabajoscom, Badajoz, Badajoz,Mozo/a de Almacén - Turno de Tarde,Sin Data,Sin Data,Indefinido,Media Jornada,Sin Data,Crit Interim España ETT,Sin Data
2026-09-25,Trabajoscom, Murcia, Murcia,Cocinero/a Industrial - Alhama de Murcia,Sin Data,Sin Data,Indefinido,Jornada Completa,Sin Data,Crit Interim España ETT,Sin Data
2026-09-25,Trabajoscom, Madrid, Madrid,Técnico/a de mantenimiento de edificios.(Getafe),Sin Data,Sin Data,De duracion determinada,Jornada Completa,Sin Data,Iman Temporing,Sin Data
2026-09-25,Trabajoscom, Madrid, Madrid,Operario/a Fabricación. Formación Profesional.,27.000 € - 28.000 €,Sin Data,De duracion determinada,Jornada Completa,Sin Data,Iman Temporing,Sin Data
2026-09-25,Trabajoscom, Girona, Girona,Operario/a con carnet de carretilla - Hostalric,Sin Data,Sin Data,Indefinido,Jornada Completa,Sin Data,Pacto,Sin Data
2026-09-25,Trabajoscom, Barcelona, Barcelona,Auxiliar administrativo/a logística,Sin Data,Sin Data,Indefinido,Jornada Completa,Sin Data,Iman Temporing,Sin Data
2026-09-25,Trabajoscom, Barcelona, Barcelona,Recepcionista - Centro Residencial de nueva apertura DomusVi Gavá Ciutat,Sin Data,Sin Data,Indefinido,Jornada Completa,Sin Data,DomusVi,Sin Data
2026-09-25,Trabajoscom, Araba, Araba,Vigilante de Seguridad - (Aeropuerto de Vitoria) PLUS +2000€,Sin Data,Sin Data,Indefinido,Jornada Completa,Sin Data,Iman Seguridad,Sin Data
2026-09-25,Trabajoscom, Lleida, Lleida,SOLDADOR/A,Sin Data,Sin Data,Indefinido,Jornada Completa,Sin Data,Iman Temporing,Sin Data
2026-09-25,Trabajoscom, Barcelona, Barcelona,Soldador/a TIG y MIG,Sin Data,Sin Data,Indefinido,Jornada Completa,Sin Data,Iman Global Consulting,Sin Data
2026-09-25,Trabajoscom, León, León,Azafatos/as en Ponferrada - Lunes 28 SEPT,Sin Data,Sin Data,A tiempo parcial,Jornada Indiferente,Sin Data,Art i Cultura,Sin Data
2026-09-25,Trabajoscom, Barcelona, Barcelona,CHOFER CARNET C (turno de noche),Sin Data,Sin Data,De duracion determinada,Jornada Completa,Sin Data,Iman Temporing,Sin Data
2026-09-25,Trabajoscom, Navarra, Navarra,Carretillero/a,18.000 € - 19.000 €,Sin Data,De duracion determinada,Media Jornada,Sin Data,Iman Temporing,Sin Data
2026-09-25,Trabajoscom, Barcelona, Barcelona,Encarregat/da de botiga (Alimentació),Sin Data,Sin Data,Indefinido,Jornada Completa,Sin Data,Iman Temporing,Sin Data
2026-09-25,Trabajoscom, Murcia, Murcia,Electromecánico/a - Las torres de Cotillas.,Sin Data,Sin Data,Indefinido,Jornada Completa,Sin Data,Crit Interim España ETT,Sin Data
2026-09-25,Trabajoscom, Bizkaia, Bizkaia,Operario/a grúa pulpo/Camión C+E-Estable,27.932 € - 28.000 €,Sin Data,Indefinido,Jornada Completa,Sin Data,Iman Temporing,Sin Data
2026-09-25,Trabajoscom, Navarra, Navarra,Técnico/a de Mantenimiento Industrial,Sin Data,Sin Data,Indefinido,Jornada Completa,Sin Data,Pacto,Sin Data
2026-09-25,Trabajoscom, Barcelona, Barcelona,CHAPISTA OFICIAL 1ª SECTOR AUTOMOCIÓN,Sin Data,Sin Data,Indefinido,Jornada Completa,Sin Data,Iman Temporing,Sin Data
2026-09-25,Trabajoscom, Barcelona, Barcelona,Oficial Laminador/a Artes graficas,Sin Data,Sin Data,Indefinido,Jornada Completa,Sin Data,Crit Interim España ETT,Sin Data
2026-09-25,Trabajoscom, Barcelona, Barcelona,Operario/a planta quimica,Sin Data,Sin Data,Indefinido,Jornada Completa,Sin Data,Iman Temporing,Sin Data
2026-09-25,Trabajoscom, Sevilla, Sevilla,Operario/a Industria cárnica,23.000 €,Sin Data,Indefinido,Jornada Completa,Sin Data,Crit Interim España ETT,Sin Data
2026-09-25,Trabajoscom, Barcelona, Barcelona,Oficial 1ª Soldador/Calderero,Sin Data,Sin Data,Indefinido,Jornada Completa,Sin Data,Crit Interim España ETT,Sin Data
2026-09-25,Trabajoscom,Cantabria,Reinosa,Carnicero/a para Reinosa,Sin Data,Sin Data,Indefinido,Jornada Indiferente,Sin Data,Grupo DIA,Sin Data
2026-09-25,Trabajoscom,Málaga,Antequera,ADJUNTO - ZONA MOLLINA (MÁLAGA),Sin Data,Sin Data,Indefinido,Jornada Indiferente,Sin Data,Grupo DIA,Sin Data
2026-09-25,Trabajoscom, Bizkaia, Bizkaia,Operario/a de producción,Sin Data,Sin Data,De duracion determinada,Jornada Completa,Sin Data,Crit Interim España ETT,Sin Data
2026-09-25,Trabajoscom,Barcelona,Martorell,OPERARIO/A METAL,Sin Data,Sin Data,Indefinido,Jornada Indiferente,Sin Data,RAS Interim,Sin Data
2026-09-25,Trabajoscom,Toledo,Illescas,OPERARIO/A DE PRODUCCIÓN  INDUSTRIAL – TURNOS ROTATIVOS,Sin Data,Sin Data,Indefinido,Jornada Indiferente,Sin Data,RAS Interim,Sin Data
2026-09-25,Trabajoscom,Girona,Girona,ADMINISTRATIU/VA POLIVALENT,Sin Data,Sin Data,Indefinido,Jornada Indiferente,Sin Data,RAS Interim,Sin Data
2026-09-25,Trabajoscom,Valladolid,Valladolid,Cajeros/as-Reponedores/as - Laguna de Duero - 30 horas semanales,Sin Data,Sin Data,Indefinido,Jornada Indiferente,Sin Data,Grupo DIA,Sin Data
2026-09-25,Trabajoscom,León,Santa Catalina De Somoza,Cajero/a Reponedor/a El Prat de Llobregat 24h tardes,Sin Data,Sin Data,Indefinido,Jornada Indiferente,Sin Data,Grupo DIA,Sin Data
2026-09-25,Trabajoscom,Palencia,Cervera De Pisuerga,Cajero/a Reponedor/a para Cervera de pisuerga,Sin Data,Sin Data,Indefinido,Jornada Indiferente,Sin Data,Grupo DIA,Sin Data
2026-09-25,Trabajoscom,León,Santa Catalina De Somoza,Cajera/o Reponedor/a Alcover 40 h.,Sin Data,Sin Data,Indefinido,Jornada Indiferente,Sin Data,Grupo DIA,Sin Data
2026-09-25,Trabajoscom,Navarra,Altsasu/alsasua,Cajero/a Reponedor/a para Alsasua 20h,Sin Data,Sin Data,Indefinido,Jornada Indiferente,Sin Data,Grupo DIA,Sin Data
2026-09-25,Trabajoscom,Toledo,Illescas,Cajero/a Reponedor/a Cobeña(Madrid),Sin Data,Sin Data,Indefinido,Jornada Indiferente,Sin Data,Grupo DIA,Sin Data
2026-09-25,Trabajoscom,Bizkaia,Galdakao,Cajero/a Reponedor/a para Galdacano,Sin Data,Sin Data,Indefinido,Jornada Indiferente,Sin Data,Grupo DIA,Sin Data
2026-09-25,Trabajoscom,Sevilla,Ecija,Cajero/a Reponedor/a,Sin Data,Sin Data,Indefinido,Jornada Indiferente,Sin Data,Grupo DIA,Sin Data
2026-09-25,Trabajoscom,Madrid,Ciempozuelos,OPERARIO/A DE PRODUCCIÓN,Sin Data,Sin Data,Indefinido,Jornada Indiferente,Sin Data,RAS Interim,Sin Data
2026-09-25,Trabajoscom,Valencia,Valencia,Personal de limpieza (H/M/D) con discapacidad (VALENCIA),Sin Data,Sin Data,De duracion determinada,Media Jornada,Sin Data,Ilunion,Sin Data
2026-09-25,Trabajoscom,Valencia,L' Eliana,Personal de limpieza (H/M/D) con discapacidad (La Eliana),Sin Data,Sin Data,Discapacidad,Media Jornada,Sin Data,Ilunion,Sin Data
2026-09-25,Trabajoscom,Barcelona,Argentona,Limpieza.   Argentona,18.000 €,Sin Data,De duracion determinada,Jornada Intensiva,Sin Data,Limpiezas Deyse,Sin Data
2026-09-25,Trabajoscom,Teruel,La Puebla De Valverde,Camarero/a de Sala,Sin Data,Sin Data,Indefinido,Jornada Completa,Sin Data,Grupo Adecco,Sin Data
2026-09-25,Trabajoscom,Madrid,Ciempozuelos,RECAMBISTA DE MAQUINARIA PESADA | CIEMPOZUELOS (MADRID),27.000 € - 28.000 €,Sin Data,De duracion determinada,Jornada Completa,Sin Data,Temps,Sin Data
2026-09-25,Trabajoscom,Barcelona,Esparreguera,OPERARIO/A DE PRODUCCIÓN - ESPARRAGUERA,Sin Data,Sin Data,De duracion determinada,Jornada Completa,Sin Data,Temps,Sin Data
2026-09-25,Trabajoscom,Valencia,Sollana,OPERARIAS/OS DE PRODUCCIÓN,20.000 € - 21.000 €,Sin Data,De duracion determinada,Jornada Completa,Sin Data,Temps,Sin Data
2026-09-25,Trabajoscom,Madrid,Madrid,PLANCHADOR/A (TINTORERÍA) - MADRID,18.000 € - 19.000 €,Sin Data,Indefinido,Jornada Completa,Sin Data,Temps,Sin Data
2026-09-25,Trabajoscom,Cádiz,Cádiz,Ayudante de catering y cocineros en cadiz.,Sin Data,Sin Data,De duracion determinada,Jornada Completa,Sin Data,Temps,Sin Data
2026-09-25,Trabajoscom,Sevilla,Bollullos De La Mitación,Administrativo /a jurídico (Grado en Derecho),18.000 €,Sin Data,De duracion determinada,Jornada Completa,Sin Data,Temps,Sin Data
2026-09-25,Trabajoscom,Burgos,Burgos,OPERADOR/A DE FABRICACIÓN,Sin Data,Sin Data,De duracion determinada,Jornada Completa,Sin Data,Grupo Adecco,Sin Data
2026-09-25,Trabajoscom,Madrid,San Fernando De Henares,Técnico de Metrología y Calidad (8326),25.000 € - 29.000 €,Sin Data,Indefinido,Jornada Intensiva,Sin Data,Human Simbio Consulting,Sin Data
2026-09-25,Trabajoscom,Madrid,Arganda Del Rey,Tornero Convencional de Arganda del Rey (8426),26.000 € - 32.000 €,Sin Data,Indefinido,Jornada Intensiva,Sin Data,Human Simbio Consulting,Sin Data
2026-09-25,Trabajoscom,Barcelona,Polinyà,Técnico/a de Mantenimiento Industrial | Indefinido,Sin Data,Sin Data,Indefinido,Jornada Completa,Sin Data,Grupo Adecco,Sin Data
2026-09-25,Trabajoscom,Burgos,Burgos,ING - Oficial Mantenimiento Senior,Sin Data,Sin Data,Indefinido,Jornada Completa,Sin Data,Grupo Adecco,Sin Data
2026-09-25,Trabajoscom,Madrid,Todo Madrid,Oficiales Electricistas – Madrid,2.000 € - 2.200 €,Sin Data,Fijo discontinuo,Jornada Completa,Sin Data,Franmar Work Solution,Sin Data
2026-09-25,Trabajoscom,Castellón,Cortés De Arenoso,Operario/a Industrial (Cortes de Arenoso),Sin Data,Sin Data,Indefinido,Media Jornada,Sin Data,Grupo Adecco,Sin Data
2026-09-25,Trabajoscom,Barcelona,Sant Quintí De Mediona,Auxiliar de Laboratorio 5º turno,Sin Data,Sin Data,De duracion determinada,Jornada Completa,Sin Data,Grupo Adecco,Sin Data
2026-09-25,Trabajoscom,Girona,Polígon Industrial - Massanes,Mecánico/a Mantenimiento Industrial (Massanes),Sin Data,Sin Data,Indefinido,Jornada Intensiva,Sin Data,Grupo Adecco,Sin Data
2026-09-25,Trabajoscom,Zaragoza,Pedrola,Carretilleros/as para Pedrola (sector automoción),Sin Data,Sin Data,Indefinido,Jornada Completa,Sin Data,Grupo Adecco,Sin Data
2026-09-25,Trabajoscom,Bizkaia,Basauri,Logístico/a Reponedor/a Indefinido Bilbao,Sin Data,Sin Data,Indefinido,Media Jornada,Sin Data,Grupo Adecco,Sin Data
2026-09-25,Trabajoscom,Cádiz,Cádiz,Mánager en Desarrollo de Negocio y Canales de Venta,Sin Data,Sin Data,De duracion determinada,Media Jornada,Sin Data,Grupo Adecco,Sin Data
2026-09-25,Trabajoscom,Zaragoza,Zaragoza,Carretilleros/as con coche,Sin Data,Sin Data,Indefinido,Jornada Completa,Sin Data,Grupo Adecco,Sin Data
2026-09-25,Trabajoscom,Bizkaia,Todo Bizkaia,Técnico/Técnica en Sistemas Informáticos y de Redes,Sin Data,Sin Data,De duracion determinada,Jornada Completa,Sin Data,AdegiLan,Sin Data
2026-09-25,Trabajoscom,Zaragoza,La Puebla De Alfinden,Carretillero/a polivalente sustitución de vacaciones,Sin Data,Sin Data,De duracion determinada,Jornada Completa,Sin Data,Grupo Adecco,Sin Data
2026-09-25,Trabajoscom,Gipuzkoa,Todo Gipuzkoa,Delegado/a en Gipuzkoa,Sin Data,Sin Data,Indefinido,Jornada Completa,Sin Data,AdegiLan,Sin Data
2026-09-25,Trabajoscom,Guadalajara,Chiloeches,Operario de producción papel-artes gráficas (5326),23.000 € - 29.000 €,Sin Data,Indefinido,Jornada Completa,Sin Data,Human Simbio Consulting,Sin Data
2026-09-25,Trabajoscom,Bizkaia,Todo Bizkaia,Analista de Datos,Sin Data,Sin Data,De duracion determinada,Jornada Completa,Sin Data,AdegiLan,Sin Data
2026-09-25,Trabajoscom,Gipuzkoa,Todo Gipuzkoa,Consultor/ra,18 € - 30 €,Sin Data,De duracion determinada,Jornada Completa,Sin Data,AdegiLan,Sin Data
2026-09-25,Trabajoscom,Gipuzkoa,Todo Gipuzkoa,Personal de muelle,18 € - 30 €,Sin Data,De duracion determinada,Jornada Completa,Sin Data,AdegiLan,Sin Data
2026-09-25,Trabajoscom,Gipuzkoa,Todo Gipuzkoa,Operario/a de mecanizado,Sin Data,Sin Data,De duracion determinada,Jornada Completa,Sin Data,AdegiLan,Sin Data
2026-09-25,Trabajoscom,Gipuzkoa,Todo Gipuzkoa,DIRECTOR/A FINANCIERO/A,Sin Data,Sin Data,Indefinido,Jornada Completa,Sin Data,AdegiLan,Sin Data
2026-09-25,Trabajoscom,Gipuzkoa,Todo Gipuzkoa,Responsable Comercial de Formación B2C,Sin Data,Sin Data,Indefinido,Jornada Completa,Sin Data,AdegiLan,Sin Data
2026-09-25,Trabajoscom,Gipuzkoa,Todo Gipuzkoa,Electrónico/a,Sin Data,Sin Data,Indefinido,Jornada Completa,Sin Data,AdegiLan,Sin Data
2026-09-25,Trabajoscom,Gipuzkoa,Todo Gipuzkoa,Tecnico/a de PRL y Medio Ambiente,Sin Data,Sin Data,Indefinido,Jornada Completa,Sin Data,AdegiLan,Sin Data
2026-09-25,Trabajoscom,Gipuzkoa,Todo Gipuzkoa,CALDERERO/A,Sin Data,Sin Data,Indefinido,Jornada Completa,Sin Data,AdegiLan,Sin Data
2026-09-25,Trabajoscom,Zaragoza,Zaragoza,Profesor/a o monitor/a Infantil en Extraescolares,Sin Data,Sin Data,De duracion determinada,Media Jornada,Sin Data,Grupo Adecco,Sin Data
2026-09-25,Trabajoscom,Toledo,Sonseca,Tecnico/a de  Mantenimiento,Sin Data,Sin Data,Indefinido,Jornada Completa,Sin Data,Grupo Adecco,Sin Data
2026-09-25,Trabajoscom,Barcelona,Castellar Del Valles,CARRETILLERO/A RETRACTIL,Sin Data,Sin Data,Indefinido,Jornada Indiferente,Sin Data,RAS Interim,Sin Data
2026-09-25,Trabajoscom,A Coruña,Cambre,Copy Repartidor/a de paquetería,Sin Data,Sin Data,De duracion determinada,Jornada Completa,Sin Data,Temps,Sin Data
2026-09-25,Trabajoscom,Barcelona,Barcelona,Diseñador/a Técnico/a - Soporte a Dirección,Sin Data,Sin Data,Indefinido,Jornada Completa,Sin Data,Grupo Adecco,Sin Data
2026-09-25,Trabajoscom,Valencia,Xativa,Personal Fontanería,Sin Data,Sin Data,Indefinido,Jornada Completa,Sin Data,Grupo Adecco,Sin Data
2026-09-25,Trabajoscom,Madrid,Madrid,MONITOR DE BOLLYWOOD,Sin Data,Sin Data,De duracion determinada,Trabajo Por Horas,Sin Data,Grupo Educativo,Sin Data
2026-09-25,Trabajoscom,Huesca,Barbastro,Administrativo/a Contable,Sin Data,Sin Data,De duracion determinada,Media Jornada,Sin Data,Grupo Adecco,Sin Data
2026-09-25,Trabajoscom,Barcelona,Barberà Del Vallès,Técnico/a Contable de Proveedores/as con Inglés,Sin Data,Sin Data,De duracion determinada,Jornada Completa,Sin Data,Grupo Adecco,Sin Data
2026-09-25,Trabajoscom,Granada,Granada,Comercial de Publicidad Radiofónica,Sin Data,Sin Data,Indefinido,Jornada Completa,Sin Data,Grupo Adecco,Sin Data
2026-09-25,Trabajoscom,Zaragoza,Zaragoza,REPARTIDOR/A DE PAQUETERÍA,Sin Data,Sin Data,De duracion determinada,Jornada Completa,Sin Data,Temps,Sin Data
2026-09-25,Trabajoscom,Las Palmas,Las Palmas De Gran Canaria,Auxiliar de mantenimiento con discapacidad (H/M/D) Las Palmas de Gran Canaria,6.000 € - 8.000 €,Sin Data,Discapacidad,Media Jornada,Sin Data,Ilunion,Sin Data
2026-09-25,Trabajoscom,Madrid,Madrid,PROFESIONALES PARA  PROGRAMAS NATUR DEL SIGLO XXI,200 € - 1.500 €,Sin Data,Fijo discontinuo,Media Jornada,Sin Data,Natur del Siglo XXI,Sin Data
2026-09-25,Trabajoscom,Guadalajara,Guadalajara,MOZOS/AS CLASIFICACION DE MERCANCIA,Sin Data,Sin Data,De duracion determinada,Jornada Completa,Sin Data,Temps,Sin Data
2026-09-25,Trabajoscom,Barcelona,Sant Feliu De Codines,OPERARIO/A DE LIMPIEZA INDUSTRIAL -SANT FELIU DE CODINES-,Sin Data,Sin Data,De duracion determinada,Jornada Completa,Sin Data,Temps,Sin Data
2026-09-25,Trabajoscom,Madrid,Madrid,Copy Teleoperador Comercial (Para Seguros),Sin Data,Sin Data,Indefinido,Jornada Completa,Sin Data,Temps,Sin Data
2026-09-25,Trabajoscom,Valencia,Picassent,Repartidor/a,17.000 € - 18.000 €,Sin Data,De duracion determinada,Jornada Completa,Sin Data,Temps,Sin Data
2026-09-25,Trabajoscom,Guadalajara,Guadalajara,Copy JEFE/A DE EQUIPO- OPERADOR LOGÍSTICO,25.000 €,Sin Data,De duracion determinada,Jornada Completa,Sin Data,Temps,Sin Data
2026-09-25,Trabajoscom,Barcelona,Barcelona,Gestor/a Comercial en Oficina (Sector Energía),18.000 € - 19.000 €,Sin Data,De duracion determinada,Jornada Completa,Sin Data,Temps,Sin Data
2026-09-25,Trabajoscom,La Rioja,Alfaro,OPERARIO/A LOGISTICO,Sin Data,Sin Data,De duracion determinada,Jornada Completa,Sin Data,Temps,Sin Data
2026-09-25,Trabajoscom,Madrid,Las Rozas De Madrid,Fisioterapeuta - Sustitución IT (Las Rozas),Sin Data,Sin Data,De duracion determinada,Jornada Completa,Sin Data,Temps,Sin Data
2026-09-25,Trabajoscom,Granada,Granada,cocinero para catering en granada,Sin Data,Sin Data,De duracion determinada,Jornada Completa,Sin Data,Temps,Sin Data
2026-09-25,Trabajoscom,Barcelona,Mataro,ASISTENTE/A DE MARKETING,Sin Data,Sin Data,Indefinido,Jornada Indiferente,Sin Data,RAS Interim,Sin Data
2026-09-25,Trabajoscom,Cantabria,Polanco,REPARTIDOR/A DE PAQUETERÍA (Posibilidad solo fines de semana),Sin Data,Sin Data,De duracion determinada,Jornada Completa,Sin Data,Temps,Sin Data
2026-09-25,Trabajoscom,Alicante,Alicante,Arquitecto/a Superior - Alicante,37.000 € - 42.000 €,Sin Data,Indefinido,Jornada Completa,Sin Data,Michael Page,Sin Data
2026-09-25,Trabajoscom,Madrid,Madrid,IT Support (Zona Sureste),25.000 € - 30.000 €,Sin Data,Indefinido,Jornada Completa,Sin Data,Michael Page,Sin Data
2026-09-25,Trabajoscom,Barcelona,Barcelona,Corporate Internal Auditor,40.000 € - 45.000 €,Sin Data,Indefinido,Jornada Completa,Sin Data,Michael Page,Sin Data
2026-09-25,Trabajoscom,Sevilla,Sevilla,Ingeniero de Producción con SAP,27.000 €,Sin Data,Indefinido,Jornada Completa,Sin Data,Michael Page,Sin Data
2026-09-25,Trabajoscom,Madrid,Madrid,Marketing Coordinator sector QSR - inglés avanzado,30.000 € - 35.000 €,Sin Data,Indefinido,Jornada Completa,Sin Data,Michael Page,Sin Data
2026-09-25,Trabajoscom,Barcelona,Barcelona,Paralegal - Barcelona,27.000 € - 29.000 €,Sin Data,Indefinido,Jornada Completa,Sin Data,Michael Page,Sin Data
2026-09-25,Trabajoscom, Málaga, Málaga,Técnico/a de Laboratorio I+D - Oyón,27.000 € - 30.000 €,Sin Data,Indefinido,Jornada Completa,Sin Data,Michael Page,Sin Data
2026-09-25,Trabajoscom,Valencia,Valencia,Arquitecto/a técnico/a,25.000 € - 30.000 €,Sin Data,Indefinido,Jornada Completa,Sin Data,Michael Page,Sin Data
2026-09-25,Trabajoscom,Cantabria,Vizcaya,Inside Sales Engineer / Técnico Comercial Interno (H/M/X),30.000 € - 35.000 €,Sin Data,Indefinido,Jornada Completa,Sin Data,Michael Page,Sin Data
2026-09-25,Trabajoscom,Valencia,Valencia,Técnico Contable y Fiscal,35.000 € - 37.000 €,Sin Data,Indefinido,Jornada Completa,Sin Data,Michael Page,Sin Data
2026-09-25,Trabajoscom,Valencia,Valencia,Auxiliar contable,23.000 € - 25.000 €,Sin Data,Indefinido,Jornada Completa,Sin Data,Michael Page,Sin Data
2026-09-25,Trabajoscom,Valladolid,Valladolid,Audiovisual & Content Manager - Valladolid,30.000 € - 35.000 €,Sin Data,Indefinido,Jornada Completa,Sin Data,Michael Page,Sin Data
2026-09-25,Trabajoscom,Barcelona,Barcelona,Senior Accounts Payables Specialist C1 English,26.000 € - 27.000 €,Sin Data,Indefinido,Jornada Completa,Sin Data,Michael Page,Sin Data
2026-09-25,Trabajoscom,Barcelona,Barcelona,Técnico Senior de Tesorería,32.000 € - 37.000 €,Sin Data,Indefinido,Jornada Completa,Sin Data,Michael Page,Sin Data
2026-09-25,Trabajoscom,Granada,Granada,Analista de datos - GRANADA,40.000 € - 45.000 €,Sin Data,Indefinido,Jornada Completa,Sin Data,Michael Page,Sin Data
2026-09-25,Trabajoscom,Barcelona,Sant Cugat Del Valles,Técnico de I+D Medical Devices,30.000 € - 40.000 €,Sin Data,Indefinido,Jornada Completa,Sin Data,Michael Page,Sin Data
2026-09-25,Trabajoscom,Barcelona,Barcelona,Office Assistant&Administrativo de facturación Francés B2 - Bcn,25.000 € - 38.000 €,Sin Data,Indefinido,Jornada Completa,Sin Data,Michael Page,Sin Data
2026-09-25,Trabajoscom,Madrid,Madrid,Payroll and HR Operations Manager,40.000 € - 45.000 €,Sin Data,Indefinido,Jornada Completa,Sin Data,Michael Page,Sin Data
2026-09-25,Trabajoscom,Cantabria,Vizcaya,Area Manager - Arquitectura,36.000 € - 44.000 €,Sin Data,Indefinido,Jornada Completa,Sin Data,Michael Page,Sin Data
2026-09-25,Trabajoscom,Madrid,Madrid,Contable (H/M/D) - Madrid Sur,30.000 € - 33.000 €,Sin Data,Indefinido,Jornada Completa,Sin Data,Michael Page,Sin Data
2026-09-25,Trabajoscom,Madrid,Madrid,Ingeniero/a ofertas técnicas automatización industrial,35.000 € - 43.000 €,Sin Data,Indefinido,Jornada Completa,Sin Data,Michael Page,Sin Data
2026-09-25,Trabajoscom,Madrid,Madrid,Responsable Técnico de Centros Comerciales,30.000 € - 40.000 €,Sin Data,Indefinido,Jornada Completa,Sin Data,Michael Page,Sin Data
2026-09-25,Trabajoscom,Madrid,Madrid,Business Development Manager - Cybersecurity,36.000 € - 44.000 €,Sin Data,Indefinido,Jornada Completa,Sin Data,Michael Page,Sin Data
2026-09-25,Trabajoscom,Barcelona,Barcelona,Customer Operations Coordinator / Inside Sales - Barcelona,34.000 € - 37.000 €,Sin Data,Indefinido,Jornada Completa,Sin Data,Michael Page,Sin Data
2026-09-25,Trabajoscom,Las Palmas,Las Palmas De Gran Canaria,Técnico de Compras Intenacionales - Gran Canaria,31.500 € - 38.500 €,Sin Data,Indefinido,Jornada Completa,Sin Data,Michael Page,Sin Data
2026-09-25,Trabajoscom,Cantabria,Vizcaya,Consultor Patrimonial / Asesor Comercial,25.000 € - 26.000 €,Sin Data,Indefinido,Jornada Completa,Sin Data,Michael Page,Sin Data
2026-09-25,Trabajoscom,Madrid,Madrid,Sales Advisor - Joyería Premium (Madrid Centro),20.000 € - 26.000 €,Sin Data,Indefinido,Jornada Completa,Sin Data,Michael Page,Sin Data
2026-09-25,Trabajoscom,Palencia,Palencia,Assistant Manager,12.000 € - 16.000 €,Sin Data,Indefinido,Jornada Completa,Sin Data,Michael Page,Sin Data
2026-09-25,Trabajoscom,A Coruña,A Coruña,Manager Fiscal y Contable - Asesoría Profesional (A Coruña),30.000 € - 32.000 €,Sin Data,Indefinido,Jornada Completa,Sin Data,Michael Page,Sin Data
2026-09-25,Trabajoscom,Barcelona,Barcelona,Técnico de reparación electrónica,35.000 € - 39.000 €,Sin Data,Indefinido,Jornada Completa,Sin Data,Michael Page,Sin Data
2026-09-25,Trabajoscom,La Rioja,Logroño,"Visitador Médico - La Rioja, Navarra y Soria (H/M)",42.000 € - 43.000 €,Sin Data,Indefinido,Jornada Completa,Sin Data,Michael Page,Sin Data
2026-09-25,Trabajoscom,Madrid,Madrid,SR MARKETING MANAGER EUROPE,1 € - 2 €,Sin Data,Indefinido,Jornada Completa,Sin Data,Michael Page,Sin Data
2026-09-25,Trabajoscom,Madrid,Madrid,Bussines Development Manager B2B con Italiano,40.000 € - 45.000 €,Sin Data,Indefinido,Jornada Completa,Sin Data,Michael Page,Sin Data
2026-09-25,Trabajoscom,Madrid,Madrid,Atención al Cliente con Inglés Alto,25.000 € - 26.000 €,Sin Data,Indefinido,Jornada Completa,Sin Data,Michael Page,Sin Data
2026-09-25,Trabajoscom,Barcelona,Sabadell,Comercial Interno & Customer Support,28.000 € - 30.000 €,Sin Data,Indefinido,Jornada Completa,Sin Data,Michael Page,Sin Data
2026-09-25,Trabajoscom,Barcelona,Barbera Del Valles,Amazon Specialist,31.500 € - 38.500 €,Sin Data,Indefinido,Jornada Completa,Sin Data,Michael Page,Sin Data
2026-09-25,Trabajoscom,Valencia,Paterna,ADMINISTRACION CON DISCAPACIDAD Y DOMINIO DE INGLÉS,22.000 € - 24.000 €,Sin Data,Indefinido,Jornada Completa,Sin Data,Michael Page,Sin Data
2026-09-25,Trabajoscom,Ourense,Ourense,Ingeniero/a de Diseño Mecánico - Ourense,30.000 € - 35.000 €,Sin Data,Indefinido,Jornada Completa,Sin Data,Michael Page,Sin Data
2026-09-25,Trabajoscom,Madrid,Madrid,Billing Specialist,30.000 €,Sin Data,De duracion determinada,Jornada Completa,Sin Data,Michael Page,Sin Data
2026-09-25,Trabajoscom,Barcelona,Barcelona,Administrativo  / Back Office con inglés B2 - Barcelona,28.000 € - 30.000 €,Sin Data,Indefinido,Jornada Completa,Sin Data,Michael Page,Sin Data
2026-09-25,Trabajoscom,Barcelona,Barbera Del Valles,Responsable Almacén zona Barberà del Vallès,30.000 € - 32.000 €,Sin Data,Indefinido,Jornada Completa,Sin Data,Michael Page,Sin Data
2026-09-25,Trabajoscom, Tarragona, Tarragona,CIO (fresh food industry experience),100 € - 150 €,Sin Data,Indefinido,Jornada Completa,Sin Data,Michael Page,Sin Data
2026-09-25,Trabajoscom,Valencia,Valencia,Export Area Manager Arabe - Residente en Valencia,33.000 € - 35.000 €,Sin Data,Indefinido,Jornada Completa,Sin Data,Michael Page,Sin Data
2026-09-25,Trabajoscom,Valencia,Valencia,Asesor/a Fiscal y Contable - Valencia,25.000 € - 30.000 €,Sin Data,Indefinido,Jornada Completa,Sin Data,Michael Page,Sin Data
2026-09-25,Trabajoscom,Valencia,Valencia,Ingeniero/a de Diseño de Maquinaria,35.000 € - 40.000 €,Sin Data,Indefinido,Jornada Completa,Sin Data,Michael Page,Sin Data
2026-09-25,Trabajoscom,Valencia,Valencia,Coordinador/a de Higiene y Seguridad Alimentaria,20.000 € - 30.000 €,Sin Data,Indefinido,Jornada Completa,Sin Data,Michael Page,Sin Data
2026-09-25,Trabajoscom,Zaragoza,Zaragoza,Production planner,25.000 € - 30.000 €,Sin Data,Indefinido,Jornada Completa,Sin Data,Michael Page,Sin Data
2026-09-25,Trabajoscom,Murcia,Murcia,Técnico/a de Mantenimiento Mecánico,27.000 € - 28.000 €,Sin Data,Indefinido,Jornada Completa,Sin Data,Michael Page,Sin Data
2026-09-25,Trabajoscom,Madrid,Madrid,Business Development Manager - Cybersecurity,36.000 € - 44.000 €,Sin Data,Indefinido,Jornada Completa,Sin Data,Michael Page,Sin Data
2026-09-25,Trabajoscom,Barcelona,Barcelona,Customer Operations Coordinator / Inside Sales - Barcelona,34.000 € - 37.000 €,Sin Data,Indefinido,Jornada Completa,Sin Data,Michael Page,Sin Data
2026-09-25,Trabajoscom,Las Palmas,Las Palmas De Gran Canaria,Técnico de Compras Intenacionales - Gran Canaria,31.500 € - 38.500 €,Sin Data,Indefinido,Jornada Completa,Sin Data,Michael Page,Sin Data
2026-09-25,Trabajoscom,Baleares,Mallorca,Asistente de Administración con inglés - Mallorca,30.000 € - 31.000 €,Sin Data,Indefinido,Jornada Completa,Sin Data,Michael Page,Sin Data
2026-09-25,Trabajoscom, Lleida, Lleida,Customer Service Export con Inglés B2 - Lleida,27.000 € - 29.000 €,Sin Data,Indefinido,Jornada Completa,Sin Data,Michael Page,Sin Data
2026-09-25,Trabajoscom,Valencia,Valencia,Asesor/a Laboral - Centro de Valencia,25.000 € - 32.000 €,Sin Data,Indefinido,Jornada Completa,Sin Data,Michael Page,Sin Data
2026-09-25,Trabajoscom,Madrid,Madrid,Encargado de obra sector retail (h/m),35.000 € - 42.000 €,Sin Data,Indefinido,Jornada Completa,Sin Data,Michael Page,Sin Data
2026-09-25,Trabajoscom,Bizkaia,Zamudio,Desarrollador/a de Software (H/M),33.300 € - 40.700 €,Sin Data,Indefinido,Jornada Completa,Sin Data,Michael Page,Sin Data
2026-09-25,Trabajoscom,Murcia,Murcia,Electricista Industrial,23.000 € - 27.000 €,Sin Data,Indefinido,Jornada Completa,Sin Data,Michael Page,Sin Data
2026-09-25,Trabajoscom,Valencia,Valencia,Electromecánico/a - Frigorista,30.000 € - 35.000 €,Sin Data,Indefinido,Jornada Completa,Sin Data,Michael Page,Sin Data
2026-09-25,Trabajoscom,Madrid,Madrid,Asesor Contable Fiscal,30.000 € - 35.000 €,Sin Data,Indefinido,Jornada Completa,Sin Data,Michael Page,Sin Data
2026-09-25,Trabajoscom,Palencia,Palencia,SALES EXECUTIVE TRANSITARIA,30.000 € - 33.000 €,Sin Data,Indefinido,Jornada Completa,Sin Data,Michael Page,Sin Data
2026-09-25,Trabajoscom,Bizkaia,Bilbao,Técnico de Compras Sistemas y Ciberseguridad (h/m),30.000 € - 45.000 €,Sin Data,Indefinido,Jornada Completa,Sin Data,Michael Page,Sin Data
2026-09-25,Trabajoscom,Bizkaia,Bilbao,Técnico SOC (Security Operations Center) (h/m),20.000 € - 30.000 €,Sin Data,Indefinido,Jornada Completa,Sin Data,Michael Page,Sin Data
2026-09-25,Trabajoscom,Madrid,Madrid,Junior Accountant con Ingles Alto,25 € - 30 €,Sin Data,Indefinido,Jornada Completa,Sin Data,Michael Page,Sin Data
2026-09-25,Trabajoscom,Barcelona,Barcelona,Ingeniero de aplicaciones de producción (Gavà),40.000 € - 44.000 €,Sin Data,Indefinido,Jornada Completa,Sin Data,Michael Page,Sin Data
2026-09-25,Trabajoscom,Madrid,Pozuelo De Alarcon,Abogado/a Junior Contratación - Empresa Multinacional,30.000 € - 35.000 €,Sin Data,Indefinido,Jornada Completa,Sin Data,Michael Page,Sin Data
2026-09-25,Trabajoscom,Cantabria,Vizcaya,Técnico de proyecto -Soluciones para el Sector Ferroviario,28.800 € - 35.200 €,Sin Data,Indefinido,Jornada Completa,Sin Data,Michael Page,Sin Data
2026-09-25,Trabajoscom,Madrid,Madrid,Controller industrial - Loeches (H/M/D),35.000 € - 45.000 €,Sin Data,Indefinido,Jornada Completa,Sin Data,Michael Page,Sin Data
2026-09-25,Trabajoscom,Castellón,Castellon De La Plana/castello De La Pla,HR Generalist - Alrededores de Vall d'Uixó (Castellón),25.000 € - 30.000 €,Sin Data,Indefinido,Jornada Completa,Sin Data,Michael Page,Sin Data
2026-09-25,Trabajoscom,Barcelona,Barcelona,Junior Electronics Test & Hardware Engineer,36.000 € - 40.000 €,Sin Data,Indefinido,Jornada Completa,Sin Data,Michael Page,Sin Data
2026-09-25,Trabajoscom,Barcelona,Barcelona,Ingeniero procesos - Sector Automoción,35.000 € - 38.000 €,Sin Data,Indefinido,Jornada Completa,Sin Data,Michael Page,Sin Data
2026-09-25,Trabajoscom,Madrid,Madrid,Recepcionista - Office Assistant,30.000 € - 32.000 €,Sin Data,De duracion determinada,Jornada Completa,Sin Data,Michael Page,Sin Data
2026-09-25,Trabajoscom,Cantabria,Vizcaya,Ingeniero/a de Calidad - Duranguesado -Sector Automoción,36.000 € - 44.000 €,Sin Data,Indefinido,Jornada Completa,Sin Data,Michael Page,Sin Data
2026-09-25,Trabajoscom,Madrid,Madrid,Arquitecto Técnico/DEO (h/m),35.000 € - 40.000 €,Sin Data,Indefinido,Jornada Completa,Sin Data,Michael Page,Sin Data
2026-09-25,Trabajoscom,Madrid,Madrid,Técnico SAT maquinaria industrial,38.000 € - 40.000 €,Sin Data,Indefinido,Jornada Completa,Sin Data,Michael Page,Sin Data
2026-09-25,Trabajoscom,Tarragona,Tarragona,Técnico/a de PRL - Data Center (Arasur - Álava),40.000 € - 45.000 €,Sin Data,Indefinido,Jornada Completa,Sin Data,Michael Page,Sin Data
2026-09-25,Trabajoscom, Gipuzkoa, Gipuzkoa,Ingeniero biomédico - Regulatory Affairs (h/m),30.000 € - 40.000 €,Sin Data,Indefinido,Jornada Completa,Sin Data,Michael Page,Sin Data
2026-09-25,Trabajoscom,Barcelona,Barcelona,Oficial Polivalente Itinerante (Barcelona Ciudad),27.000 € - 30.000 €,Sin Data,Indefinido,Jornada Completa,Sin Data,Michael Page,Sin Data
2026-09-25,Trabajoscom,Barcelona,Barcelona,Tax Technology Specialist with English,45.000 €,Sin Data,Indefinido,Jornada Completa,Sin Data,Michael Page,Sin Data
2026-09-25,Trabajoscom,Valencia,Valencia,Auditor de Calidad para Automoción,40.000 € - 45.000 €,Sin Data,Indefinido,Jornada Completa,Sin Data,Michael Page,Sin Data
2026-09-25,Trabajoscom,Cantabria,Vizcaya,Técnico de Compras - Empresa Multinacional - Duranguesado,33.000 € - 36.000 €,Sin Data,Indefinido,Jornada Completa,Sin Data,Michael Page,Sin Data
2026-09-25,Trabajoscom,Bizkaia,Bilbao,Administrativo/a Media Jornada | Bilbao,17.000 € - 18.000 €,Sin Data,Indefinido,Jornada Completa,Sin Data,Michael Page,Sin Data
2026-09-25,Trabajoscom,Madrid,Pinto,Soldador/a Industrial Pinto,25.000 € - 28.000 €,Sin Data,Indefinido,Jornada Completa,Sin Data,Michael Page,Sin Data
2026-09-25,Trabajoscom,Madrid,Madrid,Técnico ERP (Módulo Contabilidad),25.000 € - 30.000 €,Sin Data,Indefinido,Jornada Completa,Sin Data,Michael Page,Sin Data
2026-09-25,Trabajoscom,Valencia,Valencia,Plant Quality Assurance Engineer (PQA),40.000 € - 45.000 €,Sin Data,Indefinido,Jornada Completa,Sin Data,Michael Page,Sin Data
2026-09-25,Trabajoscom,Badajoz,Badajoz,Jefe/a de turno - Zafra,28.800 € - 35.200 €,Sin Data,Indefinido,Jornada Completa,Sin Data,Michael Page,Sin Data
2026-09-25,Trabajoscom,Zaragoza,Zaragoza,Electromecánico/a industrial (inglés b1+),30.000 € - 35.000 €,Sin Data,Indefinido,Jornada Completa,Sin Data,Michael Page,Sin Data
2026-09-25,Trabajoscom,Barcelona,Barcelona,Application Engineer Robotics,35.000 € - 40.000 €,Sin Data,Indefinido,Jornada Completa,Sin Data,Michael Page,Sin Data
2026-09-25,Trabajoscom,Barcelona,Barcelona,"Export Area Manager (Europa, Sur/Centro América y África)",35.000 € - 40.000 €,Sin Data,Indefinido,Jornada Completa,Sin Data,Michael Page,Sin Data
2026-09-25,Trabajoscom,Girona,Girona,Delegado/a Farmacia OTC - Girona y Andorra,30.600 € - 37.400 €,Sin Data,Indefinido,Jornada Completa,Sin Data,Michael Page,Sin Data
2026-09-25,Trabajoscom,Madrid,Tres Cantos,Abogado/a Corporate /Protección de datos - Empresa,30.000 € - 36.000 €,Sin Data,Indefinido,Jornada Completa,Sin Data,Michael Page,Sin Data
2026-09-25,Trabajoscom,Valencia,Valencia,Administrativo/a de Compras,23.000 € - 26.000 €,Sin Data,Indefinido,Jornada Completa,Sin Data,Michael Page,Sin Data
2026-09-25,Trabajoscom,Valencia,Valencia,Técnico/a SAT internacional,30.000 € - 35.000 €,Sin Data,Indefinido,Jornada Completa,Sin Data,Michael Page,Sin Data
2026-09-25,Trabajoscom,Alicante,Alicante,Responsable de Transporte,31.500 € - 38.500 €,Sin Data,Indefinido,Jornada Completa,Sin Data,Michael Page,Sin Data
2026-09-25,Trabajoscom,Barcelona,Barcelona,Consultor/a comercial B2B - Formación Empresarial - Digital,30.000 € - 35.000 €,Sin Data,Indefinido,Jornada Completa,Sin Data,Michael Page,Sin Data
2026-09-25,Trabajoscom,Madrid,Madrid,SAP Security & Compliance Specialist,40.000 € - 45.000 €,Sin Data,Indefinido,Jornada Completa,Sin Data,Michael Page,Sin Data
2026-09-25,Trabajoscom,Barcelona,Barcelona,Planner de mantenimiento industrial - Llinars del Vallés,40.000 € - 45.000 €,Sin Data,Indefinido,Jornada Completa,Sin Data,Michael Page,Sin Data
2026-09-25,Trabajoscom,Valladolid,Valladolid,"Técnico/a de Medio Ambiente, Sostenibilidad y Calidad",29.000 € - 32.000 €,Sin Data,Indefinido,Jornada Completa,Sin Data,Michael Page,Sin Data
2026-09-25,Trabajoscom,Valencia,Valencia,Coordinador/a de Almacén y Operaciones de Planta,35.000 € - 45.000 €,Sin Data,Indefinido,Jornada Completa,Sin Data,Michael Page,Sin Data
2026-09-25,Trabajoscom,Madrid,Madrid,Técnico de nóminas Senior | Sector Seguros,30.000 € - 33.000 €,Sin Data,Indefinido,Jornada Completa,Sin Data,Michael Page,Sin Data
2026-09-25,Trabajoscom,Madrid,Madrid,QUALITY ASSURANCE AND SUSTAINABILITY SPECIALIST,32.000 € - 35.000 €,Sin Data,Indefinido,Jornada Completa,Sin Data,Michael Page,Sin Data
2026-09-25,Trabajoscom,Madrid,Madrid,PA & Office Assistant,32.000 € - 35.000 €,Sin Data,Indefinido,Jornada Completa,Sin Data,Michael Page,Sin Data
2026-09-25,Trabajoscom,Madrid,Madrid,Arquitecto junior. Postventa. Asistencia técnica.,30.000 € - 31.000 €,Sin Data,Indefinido,Jornada Completa,Sin Data,Michael Page,Sin Data
2026-09-25,Trabajoscom,Madrid,Madrid,Técnico de mantenimiento industrial - Loeches (H/M/D),28.000 € - 30.000 €,Sin Data,Indefinido,Jornada Completa,Sin Data,Michael Page,Sin Data
2026-09-25,Trabajoscom,Córdoba,Marbella,Asesor Jurídico Corporativo - Urbanismo/Mercantil,40.000 €,Sin Data,Indefinido,Jornada Completa,Sin Data,Michael Page,Sin Data
2026-09-25,Trabajoscom,Barcelona,Badalona,Data Engineer - Badalona,37.000 € - 40.000 €,Sin Data,Indefinido,Jornada Completa,Sin Data,Michael Page,Sin Data
2026-09-25,Trabajoscom,Córdoba,Marbella,Responsable de Contabilidad y Fiscalidad / Family Office,40.000 €,Sin Data,Indefinido,Jornada Completa,Sin Data,Michael Page,Sin Data
2026-09-25,Trabajoscom,Valencia,Valencia,Diseñador/a Mecánico,29.000 € - 35.000 €,Sin Data,Indefinido,Jornada Completa,Sin Data,Michael Page,Sin Data
2026-09-25,Trabajoscom,Valencia,Valencia,Controller Industrial,35.000 € - 45.000 €,Sin Data,Indefinido,Jornada Completa,Sin Data,Michael Page,Sin Data
2026-09-25,Trabajoscom,Huesca,Monzon,COORDINADOR/A PRODUCCIÓN (MONZÓN),27.000 € - 33.000 €,Sin Data,Indefinido,Jornada Completa,Sin Data,Michael Page,Sin Data
2026-09-25,Trabajoscom,Madrid,Madrid,Ingeniero centro de control. Renovables,35.000 € - 36.000 €,Sin Data,Indefinido,Jornada Completa,Sin Data,Michael Page,Sin Data
2026-09-25,Trabajoscom,Barcelona,Barcelona,Contable Senior - Barcelona,30.000 € - 32.000 €,Sin Data,Indefinido,Jornada Completa,Sin Data,Michael Page,Sin Data
2026-09-25,Trabajoscom,Castellón,Castellon De La Plana/castello De La Pla,Jefe/a de Obra Edificación - Castellón,36.000 € - 44.000 €,Sin Data,Indefinido,Jornada Completa,Sin Data,Michael Page,Sin Data
2026-09-25,Trabajoscom,Jaén,Jaen,Contable Financiero - Plan de Carrera - Úbeda,30.000 € - 35.000 €,Sin Data,Indefinido,Jornada Completa,Sin Data,Michael Page,Sin Data
2026-09-25,Trabajoscom,Valencia,Valencia,Ingeniero/a de Automatización Junior,30.000 € - 31.000 €,Sin Data,Indefinido,Jornada Completa,Sin Data,Michael Page,Sin Data
2026-09-25,Trabajoscom,Valencia,Valencia,Area Manager Telefonía - Canal Prepago,36.000 € - 45.000 €,Sin Data,Indefinido,Jornada Completa,Sin Data,Michael Page,Sin Data
2026-09-25,Trabajoscom,Madrid,San Fernando De Henares,Product manager sector cosmética - Torrejón de Ardoz,35.000 € - 36.000 €,Sin Data,Indefinido,Jornada Completa,Sin Data,Michael Page,Sin Data
2026-09-25,Trabajoscom,Valencia,Valencia,Técnico/a de Instalaciones y Montaje,24.000 € - 30.000 €,Sin Data,Indefinido,Jornada Completa,Sin Data,Michael Page,Sin Data
2026-09-25,Trabajoscom,Madrid,Madrid,Automotive Warranty Specialist,35.000 € - 44.000 €,Sin Data,Indefinido,Jornada Completa,Sin Data,Michael Page,Sin Data
2026-09-25,Trabajoscom,Zaragoza,Zaragoza,Técnico/a de Sistemas y Automatización,20.000 € - 40.000 €,Sin Data,Indefinido,Jornada Completa,Sin Data,Michael Page,Sin Data
2026-09-25,Trabajoscom,Zaragoza,Zaragoza,Responsable Financiero,36.000 € - 38.000 €,Sin Data,Indefinido,Jornada Completa,Sin Data,Michael Page,Sin Data
2026-09-25,Trabajoscom,Madrid,Madrid,Ingeniero/a de Mantenimiento,40.000 € - 42.000 €,Sin Data,Indefinido,Jornada Completa,Sin Data,Michael Page,Sin Data
2026-09-25,Trabajoscom,Madrid,Madrid,Senior AR / Treasury / Credit Manager,45.000 €,Sin Data,De duracion determinada,Jornada Completa,Sin Data,Michael Page,Sin Data
2026-09-25,Trabajoscom,Zaragoza,Zaragoza,Técnico de Instalaciones de Telecomunicaciones,22.000 € - 24.200 €,Sin Data,Indefinido,Jornada Completa,Sin Data,Michael Page,Sin Data
2026-09-25,Trabajoscom,Barcelona,Badalona,Técnico/a de Seguros Empresas (Back Office),30.000 € - 35.000 €,Sin Data,Indefinido,Jornada Completa,Sin Data,Michael Page,Sin Data
2026-09-25,Trabajoscom,Bizkaia,Bilbao,Administrativo Comercial (h/m),25 € - 26 €,Sin Data,Indefinido,Jornada Completa,Sin Data,Michael Page,Sin Data
2026-09-25,Trabajoscom,Madrid,Madrid,Ingeniero de Ciberseguridad - Especialista WAF / WAAP,40.000 € - 45.000 €,Sin Data,Indefinido,Jornada Completa,Sin Data,Michael Page,Sin Data
2026-09-25,Trabajoscom,A Coruña,A Coruña,Controller Casinos (con movilidad internacional),36.000 € - 44.000 €,Sin Data,Indefinido,Jornada Completa,Sin Data,Michael Page,Sin Data
2026-09-25,Trabajoscom,Valencia,Valencia,Arquitecto/a Técnico/a - Valencia,40.000 € - 45.000 €,Sin Data,Indefinido,Jornada Completa,Sin Data,Michael Page,Sin Data
2026-09-25,Trabajoscom,A Coruña,A Coruña,Controller de Dirección,27.900 € - 34.100 €,Sin Data,Indefinido,Jornada Completa,Sin Data,Michael Page,Sin Data
2026-09-25,Trabajoscom,Guadalajara,Guadalajara,Técnico/a Mantenimiento Almacenes Automatizados Guadalajara,28.000 € - 36.000 €,Sin Data,Indefinido,Jornada Completa,Sin Data,Michael Page,Sin Data
2026-09-25,Trabajoscom, La Rioja, La Rioja,Enologo,40.000 € - 44.000 €,Sin Data,Indefinido,Jornada Completa,Sin Data,Michael Page,Sin Data
2026-09-25,Trabajoscom,Madrid,Madrid,PM seguridad y control de accesos,30.000 €,Sin Data,Indefinido,Jornada Completa,Sin Data,Michael Page,Sin Data
2026-09-25,Trabajoscom,Madrid,Madrid,Tramitador/a de Seguros de Autos con discapacidad,24.300 € - 27.000 €,Sin Data,Indefinido,Jornada Completa,Sin Data,Michael Page,Sin Data
2026-09-25,Trabajoscom,Madrid,Madrid,Técnico Comercial - Seguridad alimentaria y bioseguridad,28.000 € - 29.000 €,Sin Data,Indefinido,Jornada Completa,Sin Data,Michael Page,Sin Data
2026-09-25,Trabajoscom,Alicante,Alicante,Técnico/a Senior de I+D - Alimentación,30.000 € - 31.000 €,Sin Data,Indefinido,Jornada Completa,Sin Data,Michael Page,Sin Data
2026-09-25,Trabajoscom,Barcelona,Barcelona,Técnico Nivel 2 (N2) - Workplace Support,20.000 € - 24.000 €,Sin Data,Indefinido,Jornada Completa,Sin Data,Michael Page,Sin Data
2026-09-25,Trabajoscom,Valencia,Valencia,Asesor/a Fiscal  - Valencia,30.000 € - 35.000 €,Sin Data,Indefinido,Jornada Completa,Sin Data,Michael Page,Sin Data
2026-09-25,Trabajoscom,Sevilla,Sevilla,Técnico/a de Supply Chain Internacional - Sevilla,25.000 € - 30.000 €,Sin Data,Indefinido,Jornada Completa,Sin Data,Michael Page,Sin Data
2026-09-25,Trabajoscom,Araba,Vitoria-Gasteiz,Técnico/a Administrativo SAT con Francés,23.000 € - 25.000 €,Sin Data,Indefinido,Jornada Completa,Sin Data,Michael Page,Sin Data
2026-09-25,Trabajoscom,Madrid,Madrid,Ingeniero mantenimiento sistemas satelitales (H/M/D),40.000 € - 45.000 €,Sin Data,Indefinido,Jornada Completa,Sin Data,Michael Page,Sin Data
2026-09-25,Trabajoscom,Madrid,Madrid,KAM  -Sector Formación -,40.000 € - 45.000 €,Sin Data,Indefinido,Jornada Completa,Sin Data,Michael Page,Sin Data
2026-09-25,Trabajoscom,Zaragoza,Zaragoza,Operational Buyer,35.000 € - 42.000 €,Sin Data,Indefinido,Jornada Completa,Sin Data,Michael Page,Sin Data
2026-09-25,Trabajoscom,Las Palmas,Las Palmas De Gran Canaria,Técnico/a de Mantenimiento Electromecánico,23.500 € - 24.000 €,Sin Data,Indefinido,Jornada Completa,Sin Data,Michael Page,Sin Data
2026-09-25,Trabajoscom,Sevilla,Sevilla,Responsable de Expansión - Seguros,42.000 € - 43.000 €,Sin Data,Indefinido,Jornada Completa,Sin Data,Michael Page,Sin Data
2026-09-25,Trabajoscom,Madrid,Madrid,Project Manager Eléctrico - Data Centers,38.000 € - 45.000 €,Sin Data,Indefinido,Jornada Completa,Sin Data,Michael Page,Sin Data
2026-09-25,Trabajoscom,Barcelona,Barcelona,Programador/a de Robot - El Garraf,30.000 € - 43.000 €,Sin Data,Indefinido,Jornada Completa,Sin Data,Michael Page,Sin Data
2026-09-25,Trabajoscom,Madrid,Madrid,Project Manager Instalaciones - edificación,35.000 € - 45.000 €,Sin Data,Indefinido,Jornada Completa,Sin Data,Michael Page,Sin Data
2026-09-25,Trabajoscom,Madrid,Madrid,Jefe/a de Proyecto de Instalaciones - Edificación,35.000 € - 45.000 €,Sin Data,Indefinido,Jornada Completa,Sin Data,Michael Page,Sin Data
2026-09-25,Trabajoscom,Valencia,Valencia,Programador PLC Senior - Automoción (h/m),40.000 € - 45.000 €,Sin Data,Indefinido,Jornada Completa,Sin Data,Michael Page,Sin Data
2026-09-25,Trabajoscom,Barcelona,Barcelona,Comercial  Carnes Premium Gourmet (Europa & Reino Unido),38.000 € - 40.000 €,Sin Data,Indefinido,Jornada Completa,Sin Data,Michael Page,Sin Data
2026-09-25,Trabajoscom,Sevilla,Sevilla,Desarrollador/a Full Stack (.NET/Angular) - SEVILLA,20.000 € - 26.000 €,Sin Data,Indefinido,Jornada Completa,Sin Data,Michael Page,Sin Data
2026-09-25,Trabajoscom,Barcelona,Barcelona,Account Manager - Sector Stands,35.000 € - 40.000 €,Sin Data,Indefinido,Jornada Completa,Sin Data,Michael Page,Sin Data
2026-09-25,Trabajoscom,Madrid,Madrid,Administrativo de Logística y Operaciones - Inglés alto,30.000 €,Sin Data,Indefinido,Jornada Completa,Sin Data,Michael Page,Sin Data
2026-09-25,Trabajoscom,Valencia,Valencia,Técnico/a de producción,23.000 € - 25.000 €,Sin Data,Indefinido,Jornada Completa,Sin Data,Michael Page,Sin Data
2026-09-25,Trabajoscom, Gipuzkoa, Gipuzkoa,Técnico/a SAT - Bajo Deba (Gipuzkoa),35.000 € - 40.000 €,Sin Data,Indefinido,Jornada Completa,Sin Data,Michael Page,Sin Data
2026-09-25,Trabajoscom,Madrid,Madrid,Programador PLC,37.000 € - 42.000 €,Sin Data,Indefinido,Jornada Completa,Sin Data,Michael Page,Sin Data
2026-09-25,Trabajoscom,Burgos,Miranda De Ebro,Ingeniero/a Mecanico o Industrial,40.000 € - 45.000 €,Sin Data,Indefinido,Jornada Completa,Sin Data,Michael Page,Sin Data
2026-09-25,Trabajoscom,Barcelona,Barcelona,"Customer Service con idiomas inglés + (IT, ALEM o FRA)",34.000 € - 37.000 €,Sin Data,Indefinido,Jornada Completa,Sin Data,Michael Page,Sin Data
2026-09-25,Trabajoscom,Barcelona,Barcelona,"Area Sales Manager (Ing. Materiales, Física-Óptica, Fotónica)",40.000 € - 45.000 €,Sin Data,Indefinido,Jornada Completa,Sin Data,Michael Page,Sin Data
2026-09-25,Trabajoscom,Salamanca,Espadaña,Especialista de Homologación de Software/Hardware Workplace,25.000 €,Sin Data,Indefinido,Jornada Completa,Sin Data,Michael Page,Sin Data
2026-09-25,Trabajoscom,Valencia,Valencia,Técnico/a de EDAR - Valencia,20.000 € - 35.000 €,Sin Data,Indefinido,Jornada Completa,Sin Data,Michael Page,Sin Data
2026-09-25,Trabajoscom,Madrid,Pozuelo De Alarcon,Administrativo contable en Pozuelo de Alarcón,25.000 €,Sin Data,Indefinido,Jornada Completa,Sin Data,Michael Page,Sin Data
2026-09-25,Trabajoscom,Madrid,Madrid,Técnico Industralización (Electrónica),30.000 € - 40.000 €,Sin Data,Indefinido,Jornada Completa,Sin Data,Michael Page,Sin Data
2026-09-25,Trabajoscom,Valencia,Valencia,Técnico de personas - Alrededores de Gandía,25.000 € - 30.000 €,Sin Data,Indefinido,Jornada Completa,Sin Data,Michael Page,Sin Data
2026-09-25,Trabajoscom,Alicante,Alicante,Asesor/a Fiscal - Alrededores de Altea,28.000 € - 35.000 €,Sin Data,Indefinido,Jornada Completa,Sin Data,Michael Page,Sin Data
2026-09-25,Trabajoscom,Barcelona,Barcelona,Comercial de maquinaria intralogística Bages/Osona,30.000 €,Sin Data,Indefinido,Jornada Completa,Sin Data,Michael Page,Sin Data
2026-09-25,Trabajoscom,Madrid,Madrid,Técnico/a de PRL - Obra (h/m/d),35.000 € - 40.000 €,Sin Data,Indefinido,Jornada Completa,Sin Data,Michael Page,Sin Data
2026-09-25,Trabajoscom,Barcelona,Barcelona,Encargado producción - Barcelona,40.000 € - 45.000 €,Sin Data,Indefinido,Jornada Completa,Sin Data,Michael Page,Sin Data
2026-09-25,Trabajoscom,Madrid,Madrid,Coordinador equipo de mantenimiento electromecánico,30.000 € - 31.000 €,Sin Data,Indefinido,Jornada Completa,Sin Data,Michael Page,Sin Data
2026-09-25,Trabajoscom,Barcelona,Barcelona,Credit and Collections Analyst en Sant Celoni,33.000 € - 38.000 €,Sin Data,Indefinido,Jornada Completa,Sin Data,Michael Page,Sin Data
2026-09-25,Trabajoscom,Madrid,Madrid,Ejecutivo/a de Cuentas de Líneas Financieras,30.000 € - 37.000 €,Sin Data,Indefinido,Jornada Completa,Sin Data,Michael Page,Sin Data
2026-09-25,Trabajoscom,Sevilla,Sevilla,Ejecutivo de cuentas - Correduría Seguros,30.000 € - 35.000 €,Sin Data,Indefinido,Jornada Completa,Sin Data,Michael Page,Sin Data
2026-09-25,Trabajoscom,Barcelona,Barcelona,Técnico/a SAT - Maquinaria Rotativa Industrial,35.000 € - 45.000 €,Sin Data,Indefinido,Jornada Completa,Sin Data,Michael Page,Sin Data
2026-09-25,Trabajoscom,La Rioja,Logroño,Técnico/a de Calidad - Logroño,30.000 € - 35.000 €,Sin Data,Indefinido,Jornada Completa,Sin Data,Michael Page,Sin Data
2026-09-25,Trabajoscom,Zaragoza,Zaragoza,Responsable logístico/a,28.000 € - 34.000 €,Sin Data,Indefinido,Jornada Completa,Sin Data,Michael Page,Sin Data
2026-09-25,Trabajoscom,Barcelona,Barcelona,Delegado/a Canal Farmacia Dermocosmética,28.000 € - 32.000 €,Sin Data,Indefinido,Jornada Completa,Sin Data,Michael Page,Sin Data
2026-09-25,Trabajoscom,Madrid,Madrid,Técnico/a electromecánico de cintas transportadoras San Blas,27.000 € - 35.000 €,Sin Data,Indefinido,Jornada Completa,Sin Data,Michael Page,Sin Data
2026-09-25,Trabajoscom,Barcelona,Barcelona,Tax & Statutory Compliance Executive,35.000 € - 45.000 €,Sin Data,Indefinido,Jornada Completa,Sin Data,Michael Page,Sin Data
2026-09-25,Trabajoscom,Las Palmas,Las Palmas De Gran Canaria,Técnico Contable con inglés C1,25.000 € - 30.000 €,Sin Data,Indefinido,Jornada Completa,Sin Data,Michael Page,Sin Data
2026-09-25,Trabajoscom,Cantabria,Vizcaya,Técnico de Suministro Logístico - Fabricante equipos eléctricos,40.000 € - 45.000 €,Sin Data,Indefinido,Jornada Completa,Sin Data,Michael Page,Sin Data
2026-09-25,Trabajoscom,Valencia,Valencia,Comercial Junior,18.000 €,Sin Data,Indefinido,Jornada Completa,Sin Data,Michael Page,Sin Data
2026-09-25,Trabajoscom, Lleida, Lleida,Analista financiero/Controller (empresa final) - Lerida,32.000 € - 38.000 €,Sin Data,Indefinido,Jornada Completa,Sin Data,Michael Page,Sin Data
2026-09-25,Trabajoscom,Madrid,Madrid,Instalador/a Eléctrico Industrial Alcalá,28.000 € - 38.000 €,Sin Data,Indefinido,Jornada Completa,Sin Data,Michael Page,Sin Data
2026-09-25,Trabajoscom,Sevilla,Sevilla,CUSTOMER MARKETING MANAGER,30.000 € - 40.000 €,Sin Data,Indefinido,Jornada Completa,Sin Data,Michael Page,Sin Data
2026-09-25,Trabajoscom,Madrid,Madrid,Ingeniero de producto. Construcción,30.000 € - 31.000 €,Sin Data,Indefinido,Jornada Completa,Sin Data,Michael Page,Sin Data
2026-09-25,Trabajoscom,Zaragoza,Zaragoza,Back Office - Francés Fluido,22.500 € - 23.500 €,Sin Data,Indefinido,Jornada Completa,Sin Data,Michael Page,Sin Data
2026-09-25,Trabajoscom,Madrid,Madrid,Técnico Google Cloud (Tech solutions),30.000 € - 35.000 €,Sin Data,Indefinido,Jornada Completa,Sin Data,Michael Page,Sin Data
2026-09-25,Trabajoscom,Barcelona,Barcelona,Responsable Técnico-Comercial de Ofertas y Proyectos,40.000 € - 45.000 €,Sin Data,Indefinido,Jornada Completa,Sin Data,Michael Page,Sin Data
2026-09-25,Trabajoscom,Barcelona,Barcelona,Ingeniero junior automatización y proyectos - sensórica,30.000 € - 32.000 €,Sin Data,Indefinido,Jornada Completa,Sin Data,Michael Page,Sin Data
2026-09-25,Trabajoscom,Madrid,Madrid,Contable Junior para multinacional energética. 6 meses,20.700 € - 23.000 €,Sin Data,De duracion determinada,Jornada Completa,Sin Data,Michael Page,Sin Data
2026-09-25,Trabajoscom,Barcelona,Barcelona,Técnico Comercial Noreste España - Industria Papelera,35.000 € - 40.000 €,Sin Data,Indefinido,Jornada Completa,Sin Data,Michael Page,Sin Data
2026-09-25,Trabajoscom,Madrid,Madrid,Asesor/a Comercial Educación,21.910 €,Sin Data,Indefinido,Jornada Completa,Sin Data,Michael Page,Sin Data
2026-09-25,Trabajoscom,Valencia,Valencia,Project Manager - Sector fotovoltaico,37.000 € - 38.000 €,Sin Data,Indefinido,Jornada Completa,Sin Data,Michael Page,Sin Data
2026-09-25,Trabajoscom,Barcelona,Barcelona,Responsable Turno Vallés Oriental,44.000 € - 45.000 €,Sin Data,Indefinido,Jornada Completa,Sin Data,Michael Page,Sin Data
2026-09-25,Trabajoscom, Sevilla, Sevilla,Ingeniero/a  de Compras - Sector Industrial,36.000 € - 44.000 €,Sin Data,Indefinido,Jornada Completa,Sin Data,Michael Page,Sin Data
2026-09-25,Trabajoscom,Segovia,Segovia,Responsable de Producción Matadero Porcino,33.000 € - 35.000 €,Sin Data,Indefinido,Jornada Completa,Sin Data,Michael Page,Sin Data
2026-09-25,Trabajoscom,Madrid,Valdemoro,Encargado/a de Mantenimiento PLC |Valdemoro (Madrid),40.000 € - 44.000 €,Sin Data,Indefinido,Jornada Completa,Sin Data,Michael Page,Sin Data
2026-09-25,Trabajoscom,Madrid,Daganzo De Arriba,Técnico/a Eléctrico industrial SAT -- Daganzo de Arriba,30.000 € - 35.000 €,Sin Data,Indefinido,Jornada Completa,Sin Data,Michael Page,Sin Data
2026-09-25,Trabajoscom,Barcelona,Barcelona,Field Service Engineer,35.000 € - 38.000 €,Sin Data,Indefinido,Jornada Completa,Sin Data,Michael Page,Sin Data
2026-09-25,Trabajoscom,Valencia,Valencia,Técnico/a de Postventa Obra Singular Valencia,30.000 € - 35.000 €,Sin Data,Indefinido,Jornada Completa,Sin Data,Michael Page,Sin Data
2026-09-25,Trabajoscom,Madrid,Madrid,Contable Senior,35.000 € - 37.000 €,Sin Data,Indefinido,Jornada Completa,Sin Data,Michael Page,Sin Data
2026-09-25,Trabajoscom,Barcelona,Barcelona,Maquinista sector papel - Penedès,30.000 € - 31.000 €,Sin Data,Indefinido,Jornada Completa,Sin Data,Michael Page,Sin Data
2026-09-25,Trabajoscom,Barcelona,Barcelona,Técnico de Mantenimiento electromecánico - Turno de tarde,35.000 € - 45.000 €,Sin Data,Indefinido,Jornada Completa,Sin Data,Michael Page,Sin Data
2026-09-25,Trabajoscom,Madrid,Madrid,Accounts Receivable & Invoicing Analyst (H/M/D) - Madrid Centro,30.000 € - 35.000 €,Sin Data,Indefinido,Jornada Completa,Sin Data,Michael Page,Sin Data
2026-09-25,Trabajoscom,Alicante,Alicante,Técnico/a de Mantenimiento Eléctrico,25.000 € - 30.000 €,Sin Data,Indefinido,Jornada Completa,Sin Data,Michael Page,Sin Data
2026-09-25,Trabajoscom,Valencia,Valencia,Export Sales - Retail,35.000 € - 40.000 €,Sin Data,Indefinido,Jornada Completa,Sin Data,Michael Page,Sin Data
2026-09-25,Trabajoscom,Madrid,Madrid,Operario/a técnico/a,22.500 € - 27.500 €,Sin Data,Indefinido,Jornada Completa,Sin Data,Michael Page,Sin Data
2026-09-25,Trabajoscom,Madrid,Madrid,Técnico de estudios - Obra nueva y rehabilitación (h/m),35.000 € - 42.000 €,Sin Data,Indefinido,Jornada Completa,Sin Data,Michael Page,Sin Data
2026-09-25,Trabajoscom,Barcelona,Barcelona,Ingeniero/a de Fotónica - I+D,37.000 € - 45.000 €,Sin Data,Indefinido,Jornada Completa,Sin Data,Michael Page,Sin Data
2026-09-25,Trabajoscom,Madrid,Madrid,Contable Senior con SAP,35.000 € - 40.000 €,Sin Data,Indefinido,Jornada Completa,Sin Data,Michael Page,Sin Data
2026-09-25,Trabajoscom,Madrid,Daganzo De Arriba,Técnico/a Eléctrico industrial SAT -- Daganzo de Arriba,30.000 € - 35.000 €,Sin Data,Indefinido,Jornada Completa,Sin Data,Michael Page,Sin Data
2026-09-25,Trabajoscom,Madrid,Madrid,Técnico/a electromecánico de cintas transportadoras San Blas,27.000 € - 35.000 €,Sin Data,Indefinido,Jornada Completa,Sin Data,Michael Page,Sin Data
2026-09-25,Trabajoscom,Barcelona,Barcelona,Delegado/a Canal Farmacia Dermocosmética,28.000 € - 32.000 €,Sin Data,Indefinido,Jornada Completa,Sin Data,Michael Page,Sin Data
2026-09-25,Trabajoscom,Las Palmas,Las Palmas De Gran Canaria,Técnico Contable con inglés C1,25.000 € - 30.000 €,Sin Data,Indefinido,Jornada Completa,Sin Data,Michael Page,Sin Data
2026-09-25,Trabajoscom,Valencia,Valencia,Técnico de PRL Constructora Valencia / Ontinyent,38.000 € - 40.000 €,Sin Data,Indefinido,Jornada Completa,Sin Data,Michael Page,Sin Data
2026-09-25,Trabajoscom,Barcelona,Barcelona,Responsable de Servicio/Proyecto con Inglés,30.000 € - 31.000 €,Sin Data,Indefinido,Jornada Completa,Sin Data,Michael Page,Sin Data
2026-09-25,Trabajoscom,Barcelona,Barcelona,Tax Analyst,32.000 € - 35.000 €,Sin Data,Indefinido,Jornada Completa,Sin Data,Michael Page,Sin Data
2026-09-25,Trabajoscom,Cantabria,Vizcaya,Responsable de Calidad - Bizkaia - Sector Industrial,36.000 € - 44.000 €,Sin Data,Indefinido,Jornada Completa,Sin Data,Michael Page,Sin Data
2026-09-25,Trabajoscom,Barcelona,Barcelona,Operario/a de Descarga de Buques - Puerto de Barcelona,30.000 € - 35.000 €,Sin Data,Indefinido,Jornada Completa,Sin Data,Michael Page,Sin Data
2026-09-25,Trabajoscom,Barcelona,Barcelona,Técnico/a PRL (Cerdanyola del Vallès),33.000 € - 36.000 €,Sin Data,Indefinido,Jornada Completa,Sin Data,Michael Page,Sin Data
2026-09-25,Trabajoscom,Valencia,Valencia,Comercial Software B2B,22.500 € - 30.000 €,Sin Data,Indefinido,Jornada Completa,Sin Data,Michael Page,Sin Data
2026-09-25,Trabajoscom,Navarra,Tudela,Comercial B2B Automoción (Empresas y Flotas),22.500 € - 23.500 €,Sin Data,Indefinido,Jornada Completa,Sin Data,Michael Page,Sin Data
2026-09-25,Trabajoscom, Sevilla, Sevilla,Consultor/a Zona Sur,18.000 € - 22.000 €,Sin Data,Indefinido,Jornada Completa,Sin Data,Michael Page,Sin Data
2026-09-25,Trabajoscom,Girona,Girona,Comercial B2B SaaS Sector Admin de Fincas - GIRONA,45.000 €,Sin Data,Indefinido,Jornada Completa,Sin Data,Michael Page,Sin Data
2026-09-25,Trabajoscom,Barcelona,Sant Cugat Del Valles,Desarrollador Business Central,36.000 € - 44.000 €,Sin Data,Indefinido,Jornada Completa,Sin Data,Michael Page,Sin Data
2026-09-25,Trabajoscom,A Coruña,A Coruña,Comercial Software B2B - A Coruña,22.000 € - 27.500 €,Sin Data,Indefinido,Jornada Completa,Sin Data,Michael Page,Sin Data
2026-09-25,Trabajoscom,Zaragoza,Zaragoza,TÉCNICO/A MANTENIMIENTO MÁQUINAS,27.000 € - 33.000 €,Sin Data,Indefinido,Jornada Completa,Sin Data,Michael Page,Sin Data
2026-09-25,Trabajoscom,Zaragoza,Zaragoza,TÉCNICO/A MANTENIMIENTO INSTALACIONES,27.000 € - 33.000 €,Sin Data,Indefinido,Jornada Completa,Sin Data,Michael Page,Sin Data
2026-09-25,Trabajoscom,Madrid,Madrid,"Técnico Soporte Provisión 3G, 4G, 5G - 100% remoto",25.000 € - 30.000 €,Sin Data,Indefinido,Jornada Completa,Sin Data,Michael Page,Sin Data
2026-09-25,Trabajoscom,Barcelona,Barcelona,Product Specialist (Tecnología Industrial | Vallés Occidental),30.000 € - 45.000 €,Sin Data,Indefinido,Jornada Completa,Sin Data,Michael Page,Sin Data
2026-09-25,Trabajoscom,León,Leon,Comercial Seguros Empresas - León,24.000 € - 28.000 €,Sin Data,Indefinido,Jornada Completa,Sin Data,Michael Page,Sin Data
2026-09-25,Trabajoscom,Valladolid,Valladolid,Técnico/a de Mantenimiento,26.000 € - 32.000 €,Sin Data,Indefinido,Jornada Completa,Sin Data,Michael Page,Sin Data
2026-09-25,Trabajoscom,A Coruña,A Coruña,Ingeniero/a de Compras  - A Coruña,35.000 € - 40.000 €,Sin Data,Indefinido,Jornada Completa,Sin Data,Michael Page,Sin Data
2026-09-25,Trabajoscom,Barcelona,Barcelona,Veterinario/a - Calidad y Seguridad Alimentaria,32.000 € - 35.000 €,Sin Data,Indefinido,Jornada Completa,Sin Data,Michael Page,Sin Data
2026-09-25,Trabajoscom,Zaragoza,Zaragoza,Responsable calidad y prl,36.000 € - 44.000 €,Sin Data,Indefinido,Jornada Completa,Sin Data,Michael Page,Sin Data
2026-09-25,Trabajoscom,Cantabria,Vizcaya,Técnico/a Comercial Postventa de Herramientas,30.000 € - 35.000 €,Sin Data,Indefinido,Jornada Completa,Sin Data,Michael Page,Sin Data
2026-09-25,Trabajoscom,Madrid,Madrid,HEAD OF OPERATIONS,150 €,Sin Data,Indefinido,Jornada Completa,Sin Data,Michael Page,Sin Data
2026-09-25,Trabajoscom,Barcelona,Barcelona,HR Generalist - Barcelona ciudad.,30.000 € - 35.000 €,Sin Data,Indefinido,Jornada Completa,Sin Data,Michael Page,Sin Data
2026-09-25,Trabajoscom,Ourense,Ourense,HRBP (Ourense),35.000 € - 38.000 €,Sin Data,Indefinido,Jornada Completa,Sin Data,Michael Page,Sin Data
2026-09-25,Trabajoscom,Zaragoza,Zaragoza,Visitador/a farmacia- Aragón,30.000 € - 31.000 €,Sin Data,Indefinido,Jornada Completa,Sin Data,Michael Page,Sin Data
2026-09-25,Trabajoscom,Zaragoza,Zaragoza,Topógrafo,31.500 € - 38.500 €,Sin Data,Indefinido,Jornada Completa,Sin Data,Michael Page,Sin Data
2026-09-25,Trabajoscom,Valencia,Valencia,Sales Manager - inglés muy alto,30.000 € - 40.000 €,Sin Data,Indefinido,Jornada Completa,Sin Data,Michael Page,Sin Data
2026-09-25,Trabajoscom, Cantabria, Cantabria,Responsable Delegación Sociosanitario (H/M) Gran Canaria,36.000 €,Sin Data,Indefinido,Jornada Completa,Sin Data,Michael Page,Sin Data
2026-09-25,Trabajoscom,Barcelona,Barcelona,Jefe de turno - Industria Producción Continua,35.000 € - 45.000 €,Sin Data,Indefinido,Jornada Completa,Sin Data,Michael Page,Sin Data
2026-09-25,Trabajoscom,Barcelona,Barcelona,Técnico/a Regulatory (Empresa Oleoquímica),40.000 € - 45.000 €,Sin Data,Indefinido,Jornada Completa,Sin Data,Michael Page,Sin Data
2026-09-25,Trabajoscom,Madrid,Madrid,Digital Account Manager,31.500 € - 38.500 €,Sin Data,Indefinido,Jornada Completa,Sin Data,Michael Page,Sin Data
2026-09-25,Trabajoscom,Alicante,Alicante,Responsable Comercial- Sector Packaging,40.000 € - 41.000 €,Sin Data,Indefinido,Jornada Completa,Sin Data,Michael Page,Sin Data
2026-09-25,Trabajoscom,Murcia,Murcia,Capataz de obra - Murcia,35.000 €,Sin Data,Indefinido,Jornada Completa,Sin Data,Michael Page,Sin Data
2026-09-25,Trabajoscom, Madrid, Madrid,Técnico/a Operador/a de Robot de Soldadura KUKA,Sin Data,Sin Data,De duracion determinada,Jornada Completa,Sin Data,Crit Interim España ETT,Sin Data
2026-09-25,Trabajoscom, Alicante, Alicante,Médico/a Centro Residencial DomusVi Cocentaina,Sin Data,Sin Data,Indefinido,Media Jornada,Sin Data,DomusVi,Sin Data
2026-09-25,Trabajoscom, Málaga, Málaga,Instalador/a-Montador/a de ascensores (Málaga),Sin Data,Sin Data,Indefinido,Jornada Completa,Sin Data,Crit Interim España ETT,Sin Data
2026-09-25,Trabajoscom, Soria, Soria,OFICIAL DE 1ª DE ESTRUCTURAS DE HORMIGÓN,Sin Data,Sin Data,De duracion determinada,Jornada Completa,Sin Data,Iman Temporing,Sin Data
2026-09-25,Trabajoscom, Lleida, Lleida,Gerocultor/a - Auxiliar de enfermería Centro Residencial DomusVi Lleida,Sin Data,Sin Data,Indefinido,Jornada Completa,Sin Data,DomusVi,Sin Data
2026-09-25,Trabajoscom, Lugo, Lugo,Operario/a de etiquetado,19.000 € - 19.500 €,Sin Data,De duracion determinada,Jornada Completa,Sin Data,Iman Temporing,Sin Data
2026-09-25,Trabajoscom, Jaén, Jaén,Senior System Engineer,Sin Data,Sin Data,Indefinido,Jornada Completa,Sin Data,Crit Interim España ETT,Sin Data
2026-09-25,Trabajoscom, Valladolid, Valladolid,Maquinista en línea de producción FINES DE SEMANA,Sin Data,Sin Data,Indefinido,Jornada Completa,Sin Data,Iman Temporing,Sin Data
2026-09-25,Trabajoscom, Granada, Granada,Mecánico/Producción sector biomédico,Sin Data,Sin Data,Indefinido,Jornada Completa,Sin Data,Crit Interim España ETT,Sin Data
2026-09-25,Trabajoscom, Barcelona, Barcelona,Mozo/a de almacén con carretilla,Sin Data,Sin Data,Indefinido,Jornada Completa,Sin Data,Iman Temporing,Sin Data
2026-09-25,Trabajoscom, Murcia, Murcia,Operario/a producción Fuente Alamo,Sin Data,Sin Data,De duracion determinada,Jornada Completa,Sin Data,Crit Interim España ETT,Sin Data
2026-09-25,Trabajoscom, Barcelona, Barcelona,Enfermero/a - DUE Centro Residencial DomusVi La Salut,Sin Data,Sin Data,Indefinido,Jornada Completa,Sin Data,DomusVi,Sin Data
2026-09-25,Trabajoscom, Sevilla, Sevilla,Técnico/a de Métodos CFAO – Sector Aeronáutico,Sin Data,Sin Data,Indefinido,Jornada Completa,Sin Data,Crit Interim España ETT,Sin Data
2026-09-25,Trabajoscom, Madrid, Madrid,ADMINISTRATIVO/A DE COMPRAS FUENLABRADA,Sin Data,Sin Data,Indefinido,Jornada Completa,Sin Data,Pacto,Sin Data
2026-09-25,Trabajoscom, Barcelona, Barcelona,TASOC Centro Residencial DomusVi Mont Martí,Sin Data,Sin Data,De duracion determinada,Jornada Completa,Sin Data,DomusVi,Sin Data
2026-09-25,Trabajoscom, Navarra, Navarra,TÉCNICO DE PROYECTOS,Sin Data,Sin Data,De duracion determinada,Jornada Completa,Sin Data,Iman Temporing,Sin Data
2026-09-25,Trabajoscom, Barcelona, Barcelona,Gestor/a de Cuentas a Cobrar- Mercabarna,Sin Data,Sin Data,De duracion determinada,Jornada Completa,Sin Data,Crit Interim España ETT,Sin Data
2026-09-25,Trabajoscom, Valencia, Valencia,Mecánico especialista en hidráulica (H/M),Sin Data,Sin Data,De duracion determinada,Jornada Completa,Sin Data,Crit Interim España ETT,Sin Data
2026-09-25,Trabajoscom, Alicante, Alicante,Gerocultor/a - Auxiliar de enfermería Centro Residencial DomusVi Santa Pola,Sin Data,Sin Data,Indefinido,Media Jornada,Sin Data,DomusVi,Sin Data
2026-09-25,Trabajoscom, Barcelona, Barcelona,Analista de Laboratorio Químico- Mercabarna,Sin Data,Sin Data,De duracion determinada,Jornada Completa,Sin Data,Crit Interim España ETT,Sin Data
2026-09-25,Trabajoscom, Sevilla, Sevilla,Gerocultor/a - Auxiliar de enfermería Centro Residencial DomusVi Santa Justa,Sin Data,Sin Data,De duracion determinada,Jornada Indiferente,Sin Data,DomusVi,Sin Data
2026-09-25,Trabajoscom, Barcelona, Barcelona,Técnico/a Laboral,Sin Data,Sin Data,De duracion determinada,Jornada Completa,Sin Data,Crit Interim España ETT,Sin Data
2026-09-25,Trabajoscom, Barcelona, Barcelona,Operario/a Mantenimiento carpintería aluminio,Sin Data,Sin Data,De duracion determinada,Jornada Completa,Sin Data,Crit Interim España ETT,Sin Data
2026-09-25,Trabajoscom,Madrid,Madrid,CALDERERO/A-SOLDADOR/A OFICIAL DE 1º,Sin Data,Sin Data,Indefinido,Jornada Indiferente,Sin Data,RAS Interim - Recruiting,Sin Data
2026-09-25,Trabajoscom,Valencia,Puçol,OPERARIO/A DE MECANIZADO (SECTOR PLÁSTICO),Sin Data,Sin Data,Indefinido,Jornada Indiferente,Sin Data,RAS Interim,Sin Data
2026-09-25,Trabajoscom,Barcelona,Granollers,MANIPULADOR/A TEXTIL,Sin Data,Sin Data,Indefinido,Jornada Indiferente,Sin Data,RAS Interim,Sin Data
2026-09-25,Trabajoscom, Zaragoza, Zaragoza,Mozo/a de almacén Turno fijo de noche,Sin Data,Sin Data,De duracion determinada,Jornada Completa,Sin Data,Iman Temporing,Sin Data
2026-09-25,Trabajoscom, Zaragoza, Zaragoza,Operario/a vidrio frio,Sin Data,Sin Data,De duracion determinada,Jornada Completa,Sin Data,Crit Interim España ETT,Sin Data
2026-09-25,Trabajoscom, Sevilla, Sevilla,Electromecánico/a industrial,25.000 € - 27.000 €,Sin Data,Indefinido,Jornada Completa,Sin Data,Crit Interim España ETT,Sin Data
2026-09-25,Trabajoscom, Málaga, Málaga,Auxiliar de Enfermería,Sin Data,Sin Data,Indefinido,Jornada Completa,Sin Data,Crit Interim España ETT,Sin Data
2026-09-25,Trabajoscom, Murcia, Murcia,Electromecánico/a,Sin Data,Sin Data,Indefinido,Jornada Completa,Sin Data,Crit Interim España ETT,Sin Data
2026-09-25,Trabajoscom, Toledo, Toledo,Carretillero/a retráctil (Talavera de la Reina),24.000 € - 25.000 €,Sin Data,De duracion determinada,Jornada Completa,Sin Data,Crit Interim España ETT,Sin Data
2026-09-25,Trabajoscom, Toledo, Toledo,Carretillero/a Retráctil - Noblejas,20.000 € - 30.000 €,Sin Data,De duracion determinada,Jornada Completa,Sin Data,Crit Interim España ETT,Sin Data
2026-09-25,Trabajoscom, Barcelona, Barcelona,OPERARIA DE MANTENIMIENTO INDUSTRIAL,Sin Data,Sin Data,De duracion determinada,Jornada Completa,Sin Data,Iman Temporing,Sin Data
2026-09-25,Trabajoscom,Barcelona,Granollers,MOZO/A ALMACÉN CON CARNET DE CARRETILLA TURNO FIJO DE TARDE,Sin Data,Sin Data,Indefinido,Jornada Indiferente,Sin Data,RAS Interim,Sin Data
2026-09-25,Trabajoscom, Palencia, Palencia,Encargado/a de supermercado,Sin Data,Sin Data,De duracion determinada,Media Jornada,Sin Data,Iman Temporing,Sin Data
2026-09-25,Trabajoscom, Granada, Granada,Electromecánico/a,18.000 € - 22.000 €,Sin Data,Indefinido,Jornada Completa,Sin Data,Crit Interim España ETT,Sin Data
2026-09-25,Trabajoscom, Sevilla, Sevilla,Operario/a fábrica de alimentación,Sin Data,Sin Data,De duracion determinada,Jornada Completa,Sin Data,Crit Interim España ETT,Sin Data
2026-09-25,Trabajoscom, Badajoz, Badajoz,Mozo/a Carretillero/a - Turno de Tarde,Sin Data,Sin Data,Indefinido,Jornada Completa,Sin Data,Crit Interim España ETT,Sin Data
2026-09-25,Trabajoscom, Valencia, Valencia,Auxiliar de Geriatría,Sin Data,Sin Data,De duracion determinada,Jornada Completa,Sin Data,Crit Interim España ETT,Sin Data
2026-09-25,Trabajoscom, Barcelona, Barcelona,OPERARIA DE MANTENIMIENTO INDUSTRIAL,Sin Data,Sin Data,De duracion determinada,Jornada Completa,Sin Data,Iman Temporing,Sin Data
2026-09-25,Trabajoscom,Barcelona,Granollers,MOZO/A ALMACÉN CON CARNET DE CARRETILLA TURNO FIJO DE TARDE,Sin Data,Sin Data,Indefinido,Jornada Indiferente,Sin Data,RAS Interim,Sin Data
2026-09-25,Trabajoscom, Palencia, Palencia,Encargado/a de supermercado,Sin Data,Sin Data,De duracion determinada,Media Jornada,Sin Data,Iman Temporing,Sin Data
2026-09-25,Trabajoscom, Granada, Granada,Electromecánico/a,18.000 € - 22.000 €,Sin Data,Indefinido,Jornada Completa,Sin Data,Crit Interim España ETT,Sin Data
2026-09-25,Trabajoscom, Toledo, Toledo,Operario/a de reciclaje de metales. (Seseña),Sin Data,Sin Data,De duracion determinada,Jornada Completa,Sin Data,Iman Temporing,Sin Data
2026-09-25,Trabajoscom, Castellón, Castellón,Mecánico/a,Sin Data,Sin Data,De duracion determinada,Jornada Completa,Sin Data,Iman Temporing,Sin Data
2026-09-25,Trabajoscom,Alicante,Orihuela,"Cajero/a Reponedor/a en Orihuela, Alicante",Sin Data,Sin Data,Indefinido,Jornada Indiferente,Sin Data,Grupo DIA,Sin Data
2026-09-25,Trabajoscom,Valencia,Paterna,Operarios/as de Producción - Pegadoras,Sin Data,Sin Data,Indefinido,Jornada Indiferente,Sin Data,RAS Interim,Sin Data
2026-09-25,Trabajoscom, Zaragoza, Zaragoza,Planchado Industrial (Sector Textil),Sin Data,Sin Data,De duracion determinada,Jornada Completa,Sin Data,Crit Interim España ETT,Sin Data
2026-09-25,Trabajoscom, Murcia, Murcia,Pintor/a - Las torres de Cotillas,Sin Data,Sin Data,Indefinido,Jornada Completa,Sin Data,Crit Interim España ETT,Sin Data
2026-09-25,Trabajoscom,Barcelona,Granollers,MANIPULADOR/A TEXTIL,Sin Data,Sin Data,Indefinido,Jornada Indiferente,Sin Data,RAS Interim,Sin Data
2026-09-25,Trabajoscom, Barcelona, Barcelona,Administrativo/a Comercial de Exportación- Inglès.,Sin Data,Sin Data,Indefinido,Jornada Completa,Sin Data,Iman Temporing,Sin Data
2026-09-25,Trabajoscom, Lleida, Lleida,Electromecánico/a industrial,Sin Data,Sin Data,Indefinido,Jornada Completa,Sin Data,Iman Temporing,Sin Data
2026-09-25,Trabajoscom, Barcelona, Barcelona,OPERARIO/A INDUSTRIAL HILO CARBONO,Sin Data,Sin Data,Indefinido,Jornada Completa,Sin Data,Iman Temporing,Sin Data
2026-09-25,Trabajoscom, Cantabria, Cantabria,Repartidores/as,1.575 €,Sin Data,De duracion determinada,Jornada Completa,Sin Data,Iman Temporing,Sin Data
2026-09-25,Trabajoscom, Valencia, Valencia,Soldador/a MIG-MAG- -(Museros) Valencia,23.000 € - 24.000 €,Sin Data,De duracion determinada,Jornada Completa,Sin Data,Iman Temporing,Sin Data
2026-09-25,Trabajoscom, Lleida, Lleida,Persona Oficina Técnica,Sin Data,Sin Data,Indefinido,Jornada Completa,Sin Data,Iman Temporing,Sin Data
2026-09-25,Trabajoscom, Madrid, Madrid,Carretillero/a. Formación Profesional.,25.000 € - 26.000 €,Sin Data,De duracion determinada,Jornada Completa,Sin Data,Iman Temporing,Sin Data
2026-09-25,Trabajoscom, Barcelona, Barcelona,Operario/a mantenimineto,Sin Data,Sin Data,Indefinido,Jornada Completa,Sin Data,Iman Temporing,Sin Data
2026-09-25,Trabajoscom,Soria,San Leonardo De Yague,Carnicero/a para San Leonardo de Yagüe,Sin Data,Sin Data,Indefinido,Jornada Indiferente,Sin Data,Grupo DIA,Sin Data
2026-09-25,Trabajoscom, Bizkaia, Bizkaia,Operario/a de Fundición,Sin Data,Sin Data,De duracion determinada,Jornada Completa,Sin Data,Iman Temporing,Sin Data
2026-09-25,Trabajoscom, Guadalajara, Guadalajara,CARRETILLERO/A RETRÁCTIL,Sin Data,Sin Data,Indefinido,Jornada Completa,Sin Data,Iman Temporing,Sin Data
2026-09-25,Trabajoscom, Valladolid, Valladolid,Ayudante de camarero/a y cocina (nueva apertura),Sin Data,Sin Data,De duracion determinada,Jornada Completa,Sin Data,Iman Temporing,Sin Data
2026-09-25,Trabajoscom, Madrid, Madrid,Personal de conserjería | Turnos rotativos Mañana-Tarde-Noche | Certificado discapacidad,Sin Data,Sin Data,Indefinido,Jornada Indiferente,Sin Data,Diswork In,Sin Data
2026-09-25,Trabajoscom,Málaga,Antequera,Cajero/a Reponedor/a Moral de calatrava (Ciudad Real),Sin Data,Sin Data,Indefinido,Jornada Indiferente,Sin Data,Grupo DIA,Sin Data
2026-09-25,Trabajoscom, Barcelona, Barcelona,Carretillero/a frontal sector artes gráficas,18.480 €,Sin Data,De duracion determinada,Jornada Completa,Sin Data,Iman Temporing,Sin Data
2026-09-25,Trabajoscom, Barcelona, Barcelona,Carretillero/a Madera mañana. Formacion en Gava.,Sin Data,Sin Data,Indefinido,Jornada Completa,Sin Data,Crit Interim España ETT,Sin Data
2026-09-25,Trabajoscom, Barcelona, Barcelona,Operario/a 4 turno maquinista impresor,Sin Data,Sin Data,Indefinido,Jornada Completa,Sin Data,Crit Interim España ETT,Sin Data
2026-09-25,Trabajoscom, Sevilla, Sevilla,LIMPIADOR/A CERTIFICADO DISCAPACIDAD,Sin Data,Sin Data,Indefinido,Media Jornada,Sin Data,Diswork,Sin Data
2026-09-25,Trabajoscom, Barcelona, Barcelona,Administrativo/a dpto comercial,Sin Data,Sin Data,Indefinido,Jornada Completa,Sin Data,Crit Interim España ETT,Sin Data
2026-09-25,Trabajoscom,Barcelona,Todo Barcelona,CARPINTERO/A,Sin Data,Sin Data,Indefinido,Jornada Indiferente,Sin Data,RAS Interim,Sin Data
2026-09-25,Trabajoscom, Barcelona, Barcelona,Operario/a calderero,28.000 € - 30.000 €,Sin Data,De duracion determinada,Jornada Completa,Sin Data,Iman Temporing,Sin Data
2026-09-25,Trabajoscom,Zaragoza,Zaragoza,Administrativo o administrativa logístico,Sin Data,Sin Data,Indefinido,Jornada Indiferente,Sin Data,RAS Interim,Sin Data
2026-09-25,Trabajoscom, Valladolid, Valladolid,Operario/a de producción en Medina del Campo,Sin Data,Sin Data,Indefinido,Jornada Completa,Sin Data,Iman Temporing,Sin Data
2026-09-25,Trabajoscom, Madrid, Madrid,Enfermero/a - DUE Centro Residencial DomusVi Leganés,Sin Data,Sin Data,Indefinido,Jornada Indiferente,Sin Data,DomusVi,Sin Data
2026-09-25,Trabajoscom,Barcelona,Sabadell,MANIPULADOR/A TURNO FIJO DE MAÑANA O TARDE,Sin Data,Sin Data,Indefinido,Jornada Indiferente,Sin Data,RAS Interim,Sin Data
2026-09-25,Trabajoscom,Barcelona,Granollers,AUXILIAR ADMINISTRATIVO/A LOGISTICA,Sin Data,Sin Data,Indefinido,Jornada Indiferente,Sin Data,RAS Interim,Sin Data
2026-09-25,Trabajoscom,Barcelona,Mataro,ASISTENTE/A DE MARKETING,Sin Data,Sin Data,Indefinido,Jornada Indiferente,Sin Data,RAS Interim,Sin Data
2026-09-25,Trabajoscom,Toledo,Illescas,Cajero/a Reponedor/ Coslada (Madrid),Sin Data,Sin Data,Indefinido,Jornada Indiferente,Sin Data,Grupo DIA,Sin Data
2026-09-25,Trabajoscom,Barcelona,Polinya,OPERARIO/A DE LAMINACIÓN,Sin Data,Sin Data,Indefinido,Jornada Indiferente,Sin Data,RAS Interim,Sin Data
2026-09-25,Trabajoscom,Valencia,Valencia,Arquitecto/a técnico/a,25.000 € - 30.000 €,Sin Data,Indefinido,Jornada Completa,Sin Data,Michael Page,Sin Data
2026-09-25,Trabajoscom, Málaga, Málaga,Técnico/a de Laboratorio I+D - Oyón,27.000 € - 30.000 €,Sin Data,Indefinido,Jornada Completa,Sin Data,Michael Page,Sin Data
2026-09-25,Trabajoscom,Asturias,Vigo,Técnico de RRHH Senior - Vigo,30 € - 32 €,Sin Data,Indefinido,Jornada Completa,Sin Data,Michael Page,Sin Data
2026-09-25,Trabajoscom,Barcelona,Barcelona,Customer Service con ingles B1 - Multinacional Bcn (TEMPORAL),23.000 € - 25.000 €,Sin Data,De duracion determinada,Jornada Completa,Sin Data,Michael Page,Sin Data
2026-09-25,Trabajoscom,Madrid,Madrid,Ecommerce Merchandiser | Salesforce Commerce Cloud,35.000 € - 40.000 €,Sin Data,Indefinido,Jornada Completa,Sin Data,Michael Page,Sin Data
2026-09-25,Trabajoscom,Valencia,Valencia,Jefe/a de Turno de Producción,40.000 € - 44.000 €,Sin Data,Indefinido,Jornada Completa,Sin Data,Michael Page,Sin Data
2026-09-25,Trabajoscom,Cantabria,Vizcaya,Inside Sales Engineer / Técnico Comercial Interno (H/M/X),30.000 € - 35.000 €,Sin Data,Indefinido,Jornada Completa,Sin Data,Michael Page,Sin Data
2026-09-25,Trabajoscom,Sevilla,Sevilla,Ingeniero de Producción con SAP,27.000 €,Sin Data,Indefinido,Jornada Completa,Sin Data,Michael Page,Sin Data
2026-09-25,Trabajoscom,Tarragona,Tarragona,Comercial seguros B2B Lérida y Tarragona,20.000 € - 27.000 €,Sin Data,Indefinido,Jornada Completa,Sin Data,Michael Page,Sin Data
2026-09-25,Trabajoscom,Barcelona,Barcelona,Paralegal - Barcelona,27.000 € - 29.000 €,Sin Data,Indefinido,Jornada Completa,Sin Data,Michael Page,Sin Data
2026-09-25,Trabajoscom,Madrid,Madrid,Jefe de obra sector terciario de oficinas (h/m),35.000 € - 42.000 €,Sin Data,Indefinido,Jornada Completa,Sin Data,Michael Page,Sin Data
2026-09-25,Trabajoscom,Madrid,Madrid,Marketing Coordinator sector QSR - inglés avanzado,30.000 € - 35.000 €,Sin Data,Indefinido,Jornada Completa,Sin Data,Michael Page,Sin Data
2026-09-25,Trabajoscom,Madrid,Madrid,HR Generalist,38.000 € - 40.000 €,Sin Data,Indefinido,Jornada Completa,Sin Data,Michael Page,Sin Data
2026-09-25,Trabajoscom,Barcelona,Barcelona,Corporate Internal Auditor,40.000 € - 45.000 €,Sin Data,Indefinido,Jornada Completa,Sin Data,Michael Page,Sin Data
2026-09-25,Trabajoscom,Valencia,Valencia,Ingeniero/a de Planificación.,26.000 €,Sin Data,Indefinido,Jornada Completa,Sin Data,Michael Page,Sin Data
2026-09-25,Trabajoscom,Valencia,Valencia,Auxiliar contable,23.000 € - 25.000 €,Sin Data,Indefinido,Jornada Completa,Sin Data,Michael Page,Sin Data
2026-09-25,Trabajoscom,Valencia,Valencia,Técnico Contable y Fiscal,35.000 € - 37.000 €,Sin Data,Indefinido,Jornada Completa,Sin Data,Michael Page,Sin Data
2026-09-25,Trabajoscom,Murcia,Murcia,Técnico/a de Mantenimiento Mecánico,27.000 € - 28.000 €,Sin Data,Indefinido,Jornada Completa,Sin Data,Michael Page,Sin Data
2026-09-25,Trabajoscom,Valencia,Valencia,Asesor/a Fiscal y Contable - Valencia,25.000 € - 30.000 €,Sin Data,Indefinido,Jornada Completa,Sin Data,Michael Page,Sin Data
2026-09-25,Trabajoscom,Valencia,Valencia,Coordinador/a de Higiene y Seguridad Alimentaria,20.000 € - 30.000 €,Sin Data,Indefinido,Jornada Completa,Sin Data,Michael Page,Sin Data
2026-09-25,Trabajoscom,Valencia,Valencia,Ingeniero/a de Diseño de Maquinaria,35.000 € - 40.000 €,Sin Data,Indefinido,Jornada Completa,Sin Data,Michael Page,Sin Data
2026-09-25,Trabajoscom,Zaragoza,Zaragoza,Production planner,25.000 € - 30.000 €,Sin Data,Indefinido,Jornada Completa,Sin Data,Michael Page,Sin Data
2026-09-25,Trabajoscom,Valencia,Valencia,Responsable Ecommerce - Amazon,26.000 € - 30.000 €,Sin Data,Indefinido,Jornada Completa,Sin Data,Michael Page,Sin Data
2026-09-25,Trabajoscom,Madrid,Madrid,IT Support (Zona Sureste),25.000 € - 30.000 €,Sin Data,Indefinido,Jornada Completa,Sin Data,Michael Page,Sin Data
2026-09-25,Trabajoscom,Barcelona,Barcelona,Administrativo/a de Logística con Inglés C1 - Barcelona,22.000 € - 26.000 €,Sin Data,Indefinido,Jornada Completa,Sin Data,Michael Page,Sin Data
2026-09-25,Trabajoscom,Madrid,Madrid,Senior Engineer con experiencia en NODE.JS,36.000 € - 44.000 €,Sin Data,Indefinido,Jornada Completa,Sin Data,Michael Page,Sin Data
2026-09-25,Trabajoscom,Valencia,Paterna,ADMINISTRACION CON DISCAPACIDAD Y DOMINIO DE INGLÉS,22.000 € - 24.000 €,Sin Data,Indefinido,Jornada Completa,Sin Data,Michael Page,Sin Data
2026-09-25,Trabajoscom,Ourense,Ourense,Ingeniero/a de Diseño Mecánico - Ourense,30.000 € - 35.000 €,Sin Data,Indefinido,Jornada Completa,Sin Data,Michael Page,Sin Data
2026-09-25,Trabajoscom,Madrid,Madrid,Billing Specialist,30.000 €,Sin Data,De duracion determinada,Jornada Completa,Sin Data,Michael Page,Sin Data
2026-09-25,Trabajoscom,Madrid,Madrid,Encargado de obra sector retail (h/m),35.000 € - 42.000 €,Sin Data,Indefinido,Jornada Completa,Sin Data,Michael Page,Sin Data
2026-09-25,Trabajoscom,Bizkaia,Bilbao,Técnico de Compras Sistemas y Ciberseguridad (h/m),30.000 € - 45.000 €,Sin Data,Indefinido,Jornada Completa,Sin Data,Michael Page,Sin Data
2026-09-25,Trabajoscom,Palencia,Palencia,SALES EXECUTIVE TRANSITARIA,30.000 € - 33.000 €,Sin Data,Indefinido,Jornada Completa,Sin Data,Michael Page,Sin Data
2026-09-25,Trabajoscom,Valencia,Valencia,Electromecánico/a - Frigorista,30.000 € - 35.000 €,Sin Data,Indefinido,Jornada Completa,Sin Data,Michael Page,Sin Data
2026-09-25,Trabajoscom,Madrid,Madrid,Asesor Contable Fiscal,30.000 € - 35.000 €,Sin Data,Indefinido,Jornada Completa,Sin Data,Michael Page,Sin Data
2026-09-25,Trabajoscom,Valencia,Valencia,Asesor/a Laboral - Centro de Valencia,25.000 € - 32.000 €,Sin Data,Indefinido,Jornada Completa,Sin Data,Michael Page,Sin Data
2026-09-25,Trabajoscom, Lleida, Lleida,Customer Service Export con Inglés B2 - Lleida,27.000 € - 29.000 €,Sin Data,Indefinido,Jornada Completa,Sin Data,Michael Page,Sin Data
2026-09-25,Trabajoscom,Bizkaia,Zamudio,Desarrollador/a de Software (H/M),33.300 € - 40.700 €,Sin Data,Indefinido,Jornada Completa,Sin Data,Michael Page,Sin Data
2026-09-25,Trabajoscom,Murcia,Murcia,Electricista Industrial,23.000 € - 27.000 €,Sin Data,Indefinido,Jornada Completa,Sin Data,Michael Page,Sin Data
2026-09-25,Trabajoscom,Barcelona,Barcelona,Tax Technology Specialist with English,45.000 €,Sin Data,Indefinido,Jornada Completa,Sin Data,Michael Page,Sin Data
2026-09-25,Trabajoscom,Barcelona,Barcelona,Oficial Polivalente Itinerante (Barcelona Ciudad),27.000 € - 30.000 €,Sin Data,Indefinido,Jornada Completa,Sin Data,Michael Page,Sin Data
2026-09-25,Trabajoscom,Tarragona,Tarragona,Técnico/a de PRL - Data Center (Arasur - Álava),40.000 € - 45.000 €,Sin Data,Indefinido,Jornada Completa,Sin Data,Michael Page,Sin Data
2026-09-25,Trabajoscom,Madrid,Madrid,Regional Account Manager - FMCG (alimentación fresca),35.000 € - 40.000 €,Sin Data,Indefinido,Jornada Completa,Sin Data,Michael Page,Sin Data
2026-09-25,Trabajoscom,Madrid,Madrid,Técnico SAT maquinaria industrial,38.000 € - 40.000 €,Sin Data,Indefinido,Jornada Completa,Sin Data,Michael Page,Sin Data
2026-09-25,Trabajoscom,Cantabria,Vizcaya,Ingeniero/a de Calidad - Duranguesado -Sector Automoción,36.000 € - 44.000 €,Sin Data,Indefinido,Jornada Completa,Sin Data,Michael Page,Sin Data
2026-09-25,Trabajoscom,Madrid,Madrid,Arquitecto Técnico/DEO (h/m),35.000 € - 40.000 €,Sin Data,Indefinido,Jornada Completa,Sin Data,Michael Page,Sin Data
2026-09-25,Trabajoscom, Gipuzkoa, Gipuzkoa,Ingeniero biomédico - Regulatory Affairs (h/m),30.000 € - 40.000 €,Sin Data,Indefinido,Jornada Completa,Sin Data,Michael Page,Sin Data
2026-09-25,Trabajoscom,Madrid,Madrid,Recepcionista - Office Assistant,30.000 € - 32.000 €,Sin Data,De duracion determinada,Jornada Completa,Sin Data,Michael Page,Sin Data
2026-09-25,Trabajoscom,Valencia,Valencia,Auditor de Calidad para Automoción,40.000 € - 45.000 €,Sin Data,Indefinido,Jornada Completa,Sin Data,Michael Page,Sin Data
2026-09-25,Trabajoscom,Barcelona,Barcelona,Tax Technology Specialist with English,45.000 €,Sin Data,Indefinido,Jornada Completa,Sin Data,Michael Page,Sin Data
2026-09-25,Trabajoscom,Barcelona,Barcelona,Oficial Polivalente Itinerante (Barcelona Ciudad),27.000 € - 30.000 €,Sin Data,Indefinido,Jornada Completa,Sin Data,Michael Page,Sin Data
2026-09-25,Trabajoscom,Madrid,Madrid,Administrador Linux (Tech solutions),25.000 € - 35.000 €,Sin Data,Indefinido,Jornada Completa,Sin Data,Michael Page,Sin Data
2026-09-25,Trabajoscom,Madrid,Madrid,Operativo de Tráfico Marítimo.,31.500 € - 38.500 €,Sin Data,Indefinido,Jornada Completa,Sin Data,Michael Page,Sin Data
2026-09-25,Trabajoscom,Madrid,Madrid,Administrativo contable con certificado de discapacidad,28.000 € - 34.000 €,Sin Data,Indefinido,Jornada Completa,Sin Data,Michael Page,Sin Data
2026-09-25,Trabajoscom,Bizkaia,Bilbao,Gestor de Proyectos en Obra - Instalaciones Eléctricas (h/m),30.000 € - 34.000 €,Sin Data,Indefinido,Jornada Completa,Sin Data,Michael Page,Sin Data
2026-09-25,Trabajoscom,Barcelona,Barcelona,Administrativo/a contable temporal (Bcn),20.000 € - 25.000 €,Sin Data,De duracion determinada,Jornada Completa,Sin Data,Michael Page,Sin Data
2026-09-25,Trabajoscom,Cáceres,Caceres,RESPONABLE DE CAPTACIÓN,30.000 € - 40.000 €,Sin Data,Indefinido,Jornada Completa,Sin Data,Michael Page,Sin Data
2026-09-25,Trabajoscom,Madrid,Madrid,Analista GRC,35.000 € - 40.000 €,Sin Data,Indefinido,Jornada Completa,Sin Data,Michael Page,Sin Data
2026-09-25,Trabajoscom,Madrid,Madrid,Coordinador Financiero,38.000 € - 40.000 €,Sin Data,Indefinido,Jornada Completa,Sin Data,Michael Page,Sin Data
2026-09-25,Trabajoscom,Zaragoza,Zaragoza,Responsable Financiero,36.000 € - 38.000 €,Sin Data,Indefinido,Jornada Completa,Sin Data,Michael Page,Sin Data
2026-09-25,Trabajoscom,Madrid,Madrid,Arquitecto junior. Postventa. Asistencia técnica.,30.000 € - 31.000 €,Sin Data,Indefinido,Jornada Completa,Sin Data,Michael Page,Sin Data
2026-09-25,Trabajoscom,Madrid,Madrid,Senior AR / Treasury / Credit Manager,45.000 €,Sin Data,De duracion determinada,Jornada Completa,Sin Data,Michael Page,Sin Data
2026-09-25,Trabajoscom,Madrid,Madrid,Ingeniero/a de Mantenimiento,40.000 € - 42.000 €,Sin Data,Indefinido,Jornada Completa,Sin Data,Michael Page,Sin Data
2026-09-25,Trabajoscom,Madrid,Madrid,Técnico de mantenimiento industrial - Loeches (H/M/D),28.000 € - 30.000 €,Sin Data,Indefinido,Jornada Completa,Sin Data,Michael Page,Sin Data
2026-09-25,Trabajoscom,Tarragona,Tarragona,Técnico de Seguros en Tarragona,40.000 € - 41.000 €,Sin Data,Indefinido,Jornada Completa,Sin Data,Michael Page,Sin Data
2026-09-25,Trabajoscom,Barcelona,Barcelona,Global Senior Reward Analyst / Specialist,35.000 € - 43.000 €,Sin Data,Indefinido,Jornada Completa,Sin Data,Michael Page,Sin Data
2026-09-25,Trabajoscom,Madrid,Madrid,Asistente de Gestión de Datos (Data Management) - Madrid,24.000 € - 25.000 €,Sin Data,De duracion determinada,Jornada Completa,Sin Data,Michael Page,Sin Data
2026-09-25,Trabajoscom,Barcelona,Barcelona,Coordinador/a de tiendas con Francés - Barcelona,35.000 € - 38.000 €,Sin Data,Indefinido,Jornada Completa,Sin Data,Michael Page,Sin Data
2026-09-25,Trabajoscom,Girona,Girona,Delegado/a Farmacia OTC - Girona y Andorra,30.600 € - 37.400 €,Sin Data,Indefinido,Jornada Completa,Sin Data,Michael Page,Sin Data
2026-09-25,Trabajoscom,Zaragoza,Zaragoza,Técnico de Instalaciones de Telecomunicaciones,22.000 € - 24.200 €,Sin Data,Indefinido,Jornada Completa,Sin Data,Michael Page,Sin Data
2026-09-25,Trabajoscom,Madrid,Madrid,SAP Security & Compliance Specialist,40.000 € - 45.000 €,Sin Data,Indefinido,Jornada Completa,Sin Data,Michael Page,Sin Data
2026-09-25,Trabajoscom,Madrid,Tres Cantos,Abogado/a Corporate /Protección de datos - Empresa,30.000 € - 36.000 €,Sin Data,Indefinido,Jornada Completa,Sin Data,Michael Page,Sin Data
2026-09-25,Trabajoscom,Valencia,Valencia,Técnico/a SAT internacional,30.000 € - 35.000 €,Sin Data,Indefinido,Jornada Completa,Sin Data,Michael Page,Sin Data
2026-09-25,Trabajoscom,Valencia,Valencia,Administrativo/a de Compras,23.000 € - 26.000 €,Sin Data,Indefinido,Jornada Completa,Sin Data,Michael Page,Sin Data
2026-09-25,Trabajoscom,Barcelona,Barcelona,Consultor/a comercial B2B - Formación Empresarial - Digital,30.000 € - 35.000 €,Sin Data,Indefinido,Jornada Completa,Sin Data,Michael Page,Sin Data
2026-09-25,Trabajoscom,Valladolid,Valladolid,"Técnico/a de Medio Ambiente, Sostenibilidad y Calidad",29.000 € - 32.000 €,Sin Data,Indefinido,Jornada Completa,Sin Data,Michael Page,Sin Data
2026-09-25,Trabajoscom,Barcelona,Barcelona,Planner de mantenimiento industrial - Llinars del Vallés,40.000 € - 45.000 €,Sin Data,Indefinido,Jornada Completa,Sin Data,Michael Page,Sin Data
2026-09-25,Trabajoscom,Córdoba,Marbella,Asesor Jurídico Corporativo - Urbanismo/Mercantil,40.000 €,Sin Data,Indefinido,Jornada Completa,Sin Data,Michael Page,Sin Data
2026-09-25,Trabajoscom,Valencia,Valencia,Diseñador/a Mecánico,29.000 € - 35.000 €,Sin Data,Indefinido,Jornada Completa,Sin Data,Michael Page,Sin Data
2026-09-25,Trabajoscom,Madrid,Madrid,Ingeniero centro de control. Renovables,35.000 € - 36.000 €,Sin Data,Indefinido,Jornada Completa,Sin Data,Michael Page,Sin Data
2026-09-25,Trabajoscom,Valencia,Valencia,Ingeniero/a de Automatización Junior,30.000 € - 31.000 €,Sin Data,Indefinido,Jornada Completa,Sin Data,Michael Page,Sin Data
2026-09-25,Trabajoscom,Barcelona,Barcelona,Junior Electronics Test & Hardware Engineer,36.000 € - 40.000 €,Sin Data,Indefinido,Jornada Completa,Sin Data,Michael Page,Sin Data
2026-09-25,Trabajoscom,Huesca,Huesca,TÉCNICO/A MANTENIMIENTO,27.000 € - 33.000 €,Sin Data,Indefinido,Jornada Completa,Sin Data,Michael Page,Sin Data
2026-09-25,Trabajoscom,Barcelona,Barcelona,Ingeniero procesos - Sector Automoción,35.000 € - 38.000 €,Sin Data,Indefinido,Jornada Completa,Sin Data,Michael Page,Sin Data
2026-09-25,Trabajoscom,Madrid,Madrid,Regional Account Manager - FMCG (alimentación fresca),35.000 € - 40.000 €,Sin Data,Indefinido,Jornada Completa,Sin Data,Michael Page,Sin Data
2026-09-25,Trabajoscom,Tarragona,Tarragona,Técnico/a de PRL - Data Center (Arasur - Álava),40.000 € - 45.000 €,Sin Data,Indefinido,Jornada Completa,Sin Data,Michael Page,Sin Data
2026-09-25,Trabajoscom,Madrid,Madrid,Técnico SAT maquinaria industrial,38.000 € - 40.000 €,Sin Data,Indefinido,Jornada Completa,Sin Data,Michael Page,Sin Data
2026-09-25,Trabajoscom,Madrid,Madrid,Arquitecto Técnico/DEO (h/m),35.000 € - 40.000 €,Sin Data,Indefinido,Jornada Completa,Sin Data,Michael Page,Sin Data
2026-09-25,Trabajoscom,Cantabria,Vizcaya,Ingeniero/a de Calidad - Duranguesado -Sector Automoción,36.000 € - 44.000 €,Sin Data,Indefinido,Jornada Completa,Sin Data,Michael Page,Sin Data
2026-09-25,Trabajoscom, Gipuzkoa, Gipuzkoa,Ingeniero biomédico - Regulatory Affairs (h/m),30.000 € - 40.000 €,Sin Data,Indefinido,Jornada Completa,Sin Data,Michael Page,Sin Data
2026-09-25,Trabajoscom,Madrid,Madrid,Recepcionista - Office Assistant,30.000 € - 32.000 €,Sin Data,De duracion determinada,Jornada Completa,Sin Data,Michael Page,Sin Data
2026-09-25,Trabajoscom,Valencia,Valencia,Auditor de Calidad para Automoción,40.000 € - 45.000 €,Sin Data,Indefinido,Jornada Completa,Sin Data,Michael Page,Sin Data
2026-09-25,Trabajoscom,Bizkaia,Bilbao,Técnico SOC (Security Operations Center) (h/m),20.000 € - 30.000 €,Sin Data,Indefinido,Jornada Completa,Sin Data,Michael Page,Sin Data
2026-09-25,Trabajoscom,Madrid,Madrid,Junior Accountant con Ingles Alto,25 € - 30 €,Sin Data,Indefinido,Jornada Completa,Sin Data,Michael Page,Sin Data
2026-09-25,Trabajoscom,Madrid,Madrid,Técnico ERP (Módulo Contabilidad),25.000 € - 30.000 €,Sin Data,Indefinido,Jornada Completa,Sin Data,Michael Page,Sin Data
2026-09-25,Trabajoscom,Barcelona,Barcelona,Ingeniero de aplicaciones de producción (Gavà),40.000 € - 44.000 €,Sin Data,Indefinido,Jornada Completa,Sin Data,Michael Page,Sin Data
2026-09-25,Trabajoscom,Bizkaia,Bilbao,Administrativo/a Media Jornada | Bilbao,17.000 € - 18.000 €,Sin Data,Indefinido,Jornada Completa,Sin Data,Michael Page,Sin Data
2026-09-25,Trabajoscom,Madrid,Pinto,Soldador/a Industrial Pinto,25.000 € - 28.000 €,Sin Data,Indefinido,Jornada Completa,Sin Data,Michael Page,Sin Data
2026-09-25,Trabajoscom,Córdoba,Marbella,Responsable de Contabilidad y Fiscalidad / Family Office,40.000 €,Sin Data,Indefinido,Jornada Completa,Sin Data,Michael Page,Sin Data
2026-09-25,Trabajoscom,Barcelona,Badalona,Data Engineer - Badalona,37.000 € - 40.000 €,Sin Data,Indefinido,Jornada Completa,Sin Data,Michael Page,Sin Data
2026-09-25,Trabajoscom,Valencia,Valencia,Controller Industrial,35.000 € - 45.000 €,Sin Data,Indefinido,Jornada Completa,Sin Data,Michael Page,Sin Data
2026-09-25,Trabajoscom,Huesca,Monzon,COORDINADOR/A PRODUCCIÓN (MONZÓN),27.000 € - 33.000 €,Sin Data,Indefinido,Jornada Completa,Sin Data,Michael Page,Sin Data
2026-09-25,Trabajoscom,Córdoba,Marbella,Asesor Jurídico Corporativo - Urbanismo/Mercantil,40.000 €,Sin Data,Indefinido,Jornada Completa,Sin Data,Michael Page,Sin Data
2026-09-25,Trabajoscom,Cantabria,Vizcaya,Técnico de Compras - Empresa Multinacional - Duranguesado,33.000 € - 36.000 €,Sin Data,Indefinido,Jornada Completa,Sin Data,Michael Page,Sin Data
2026-09-25,Trabajoscom,Valencia,Valencia,Plant Quality Assurance Engineer (PQA),40.000 € - 45.000 €,Sin Data,Indefinido,Jornada Completa,Sin Data,Michael Page,Sin Data
2026-09-25,Trabajoscom,Badajoz,Badajoz,Jefe/a de turno - Zafra,28.800 € - 35.200 €,Sin Data,Indefinido,Jornada Completa,Sin Data,Michael Page,Sin Data
2026-09-25,Trabajoscom,Valladolid,Valladolid,"Técnico/a de Medio Ambiente, Sostenibilidad y Calidad",29.000 € - 32.000 €,Sin Data,Indefinido,Jornada Completa,Sin Data,Michael Page,Sin Data
2026-09-25,Trabajoscom,Valencia,Valencia,Coordinador/a de Almacén y Operaciones de Planta,35.000 € - 45.000 €,Sin Data,Indefinido,Jornada Completa,Sin Data,Michael Page,Sin Data
2026-09-25,Trabajoscom,Alicante,Alicante,Responsable de Transporte,31.500 € - 38.500 €,Sin Data,Indefinido,Jornada Completa,Sin Data,Michael Page,Sin Data
2026-09-25,Trabajoscom,Madrid,Madrid,QUALITY ASSURANCE AND SUSTAINABILITY SPECIALIST,32.000 € - 35.000 €,Sin Data,Indefinido,Jornada Completa,Sin Data,Michael Page,Sin Data
2026-09-25,Trabajoscom,Valencia,Valencia,Técnico/a de producción,23.000 € - 25.000 €,Sin Data,Indefinido,Jornada Completa,Sin Data,Michael Page,Sin Data
2026-09-25,Trabajoscom, Gipuzkoa, Gipuzkoa,Técnico/a SAT - Bajo Deba (Gipuzkoa),35.000 € - 40.000 €,Sin Data,Indefinido,Jornada Completa,Sin Data,Michael Page,Sin Data
2026-09-25,Trabajoscom,Barcelona,Barcelona,"Customer Service con idiomas inglés + (IT, ALEM o FRA)",34.000 € - 37.000 €,Sin Data,Indefinido,Jornada Completa,Sin Data,Michael Page,Sin Data
2026-09-25,Trabajoscom,Madrid,Madrid,Administrativo de Logística y Operaciones - Inglés alto,30.000 €,Sin Data,Indefinido,Jornada Completa,Sin Data,Michael Page,Sin Data
2026-09-25,Trabajoscom,Madrid,Madrid,Programador PLC,37.000 € - 42.000 €,Sin Data,Indefinido,Jornada Completa,Sin Data,Michael Page,Sin Data
2026-09-25,Trabajoscom,Barcelona,Barcelona,"Area Sales Manager (Ing. Materiales, Física-Óptica, Fotónica)",40.000 € - 45.000 €,Sin Data,Indefinido,Jornada Completa,Sin Data,Michael Page,Sin Data
2026-09-25,Trabajoscom,Madrid,Madrid,Reinsurance Accountant with Fluent English,27.000 € - 33.000 €,Sin Data,Indefinido,Jornada Completa,Sin Data,Michael Page,Sin Data
2026-09-25,Trabajoscom,Barcelona,Barcelona,Office Manager & People Ops Coordinator (EN/ES),26.000 € - 27.000 €,Sin Data,Indefinido,Jornada Completa,Sin Data,Michael Page,Sin Data
2026-09-25,Trabajoscom,Madrid,Alcobendas,Responsable de Cuentas a Cobrar Sector Farma,45.000 €,Sin Data,Indefinido,Jornada Completa,Sin Data,Michael Page,Sin Data
2026-09-25,Trabajoscom,Madrid,Griñon,Técnico Contable Senior en Griñón,30.000 €,Sin Data,Indefinido,Jornada Completa,Sin Data,Michael Page,Sin Data
2026-09-25,Trabajoscom,Madrid,Madrid,Técnico de nóminas Senior | Sector Seguros,30.000 € - 33.000 €,Sin Data,Indefinido,Jornada Completa,Sin Data,Michael Page,Sin Data
2026-09-25,Trabajoscom,Barcelona,Barcelona,Junior Electronics Test & Hardware Engineer,36.000 € - 40.000 €,Sin Data,Indefinido,Jornada Completa,Sin Data,Michael Page,Sin Data
2026-09-25,Trabajoscom,Huesca,Huesca,TÉCNICO/A MANTENIMIENTO,27.000 € - 33.000 €,Sin Data,Indefinido,Jornada Completa,Sin Data,Michael Page,Sin Data
2026-09-25,Trabajoscom,Barcelona,Barcelona,Ingeniero procesos - Sector Automoción,35.000 € - 38.000 €,Sin Data,Indefinido,Jornada Completa,Sin Data,Michael Page,Sin Data
2026-09-25,Trabajoscom,Madrid,Madrid,Regional Account Manager - FMCG (alimentación fresca),35.000 € - 40.000 €,Sin Data,Indefinido,Jornada Completa,Sin Data,Michael Page,Sin Data
2026-09-25,Trabajoscom,Tarragona,Tarragona,Técnico/a de PRL - Data Center (Arasur - Álava),40.000 € - 45.000 €,Sin Data,Indefinido,Jornada Completa,Sin Data,Michael Page,Sin Data
2026-09-25,Trabajoscom,Madrid,Madrid,Técnico SAT maquinaria industrial,38.000 € - 40.000 €,Sin Data,Indefinido,Jornada Completa,Sin Data,Michael Page,Sin Data
2026-09-25,Trabajoscom,Madrid,Madrid,Arquitecto Técnico/DEO (h/m),35.000 € - 40.000 €,Sin Data,Indefinido,Jornada Completa,Sin Data,Michael Page,Sin Data
2026-09-25,Trabajoscom,Cantabria,Vizcaya,Ingeniero/a de Calidad - Duranguesado -Sector Automoción,36.000 € - 44.000 €,Sin Data,Indefinido,Jornada Completa,Sin Data,Michael Page,Sin Data
2026-09-25,Trabajoscom, Gipuzkoa, Gipuzkoa,Ingeniero biomédico - Regulatory Affairs (h/m),30.000 € - 40.000 €,Sin Data,Indefinido,Jornada Completa,Sin Data,Michael Page,Sin Data
2026-09-25,Trabajoscom,Madrid,Madrid,Recepcionista - Office Assistant,30.000 € - 32.000 €,Sin Data,De duracion determinada,Jornada Completa,Sin Data,Michael Page,Sin Data
2026-09-25,Trabajoscom,Valencia,Valencia,Auditor de Calidad para Automoción,40.000 € - 45.000 €,Sin Data,Indefinido,Jornada Completa,Sin Data,Michael Page,Sin Data
2026-09-25,Trabajoscom,Bizkaia,Bilbao,Técnico SOC (Security Operations Center) (h/m),20.000 € - 30.000 €,Sin Data,Indefinido,Jornada Completa,Sin Data,Michael Page,Sin Data
2026-09-25,Trabajoscom,Madrid,Madrid,Junior Accountant con Ingles Alto,25 € - 30 €,Sin Data,Indefinido,Jornada Completa,Sin Data,Michael Page,Sin Data
2026-09-25,Trabajoscom,Madrid,Madrid,Técnico ERP (Módulo Contabilidad),25.000 € - 30.000 €,Sin Data,Indefinido,Jornada Completa,Sin Data,Michael Page,Sin Data
2026-09-25,Trabajoscom,Barcelona,Barcelona,Ingeniero de aplicaciones de producción (Gavà),40.000 € - 44.000 €,Sin Data,Indefinido,Jornada Completa,Sin Data,Michael Page,Sin Data
2026-09-25,Trabajoscom,Bizkaia,Bilbao,Administrativo/a Media Jornada | Bilbao,17.000 € - 18.000 €,Sin Data,Indefinido,Jornada Completa,Sin Data,Michael Page,Sin Data
2026-09-25,Trabajoscom,Madrid,Pinto,Soldador/a Industrial Pinto,25.000 € - 28.000 €,Sin Data,Indefinido,Jornada Completa,Sin Data,Michael Page,Sin Data
2026-09-25,Trabajoscom,Córdoba,Marbella,Responsable de Contabilidad y Fiscalidad / Family Office,40.000 €,Sin Data,Indefinido,Jornada Completa,Sin Data,Michael Page,Sin Data
2026-09-25,Trabajoscom,Barcelona,Badalona,Data Engineer - Badalona,37.000 € - 40.000 €,Sin Data,Indefinido,Jornada Completa,Sin Data,Michael Page,Sin Data
2026-09-25,Trabajoscom,Valencia,Valencia,Controller Industrial,35.000 € - 45.000 €,Sin Data,Indefinido,Jornada Completa,Sin Data,Michael Page,Sin Data
2026-09-25,Trabajoscom,Huesca,Monzon,COORDINADOR/A PRODUCCIÓN (MONZÓN),27.000 € - 33.000 €,Sin Data,Indefinido,Jornada Completa,Sin Data,Michael Page,Sin Data
2026-09-25,Trabajoscom,Córdoba,Marbella,Asesor Jurídico Corporativo - Urbanismo/Mercantil,40.000 €,Sin Data,Indefinido,Jornada Completa,Sin Data,Michael Page,Sin Data
2026-09-25,Trabajoscom,Cantabria,Vizcaya,Técnico de Compras - Empresa Multinacional - Duranguesado,33.000 € - 36.000 €,Sin Data,Indefinido,Jornada Completa,Sin Data,Michael Page,Sin Data
2026-09-25,Trabajoscom,Valencia,Valencia,Plant Quality Assurance Engineer (PQA),40.000 € - 45.000 €,Sin Data,Indefinido,Jornada Completa,Sin Data,Michael Page,Sin Data
2026-09-25,Trabajoscom,Badajoz,Badajoz,Jefe/a de turno - Zafra,28.800 € - 35.200 €,Sin Data,Indefinido,Jornada Completa,Sin Data,Michael Page,Sin Data
2026-09-25,Trabajoscom,Valladolid,Valladolid,"Técnico/a de Medio Ambiente, Sostenibilidad y Calidad",29.000 € - 32.000 €,Sin Data,Indefinido,Jornada Completa,Sin Data,Michael Page,Sin Data
2026-09-25,Trabajoscom,Valencia,Valencia,Coordinador/a de Almacén y Operaciones de Planta,35.000 € - 45.000 €,Sin Data,Indefinido,Jornada Completa,Sin Data,Michael Page,Sin Data
2026-09-25,Trabajoscom,Alicante,Alicante,Responsable de Transporte,31.500 € - 38.500 €,Sin Data,Indefinido,Jornada Completa,Sin Data,Michael Page,Sin Data
2026-09-25,Trabajoscom,Madrid,Madrid,QUALITY ASSURANCE AND SUSTAINABILITY SPECIALIST,32.000 € - 35.000 €,Sin Data,Indefinido,Jornada Completa,Sin Data,Michael Page,Sin Data
2026-09-25,Trabajoscom,Valencia,Valencia,Técnico/a de producción,23.000 € - 25.000 €,Sin Data,Indefinido,Jornada Completa,Sin Data,Michael Page,Sin Data
2026-09-25,Trabajoscom, Gipuzkoa, Gipuzkoa,Técnico/a SAT - Bajo Deba (Gipuzkoa),35.000 € - 40.000 €,Sin Data,Indefinido,Jornada Completa,Sin Data,Michael Page,Sin Data
2026-09-25,Trabajoscom,Barcelona,Barcelona,"Customer Service con idiomas inglés + (IT, ALEM o FRA)",34.000 € - 37.000 €,Sin Data,Indefinido,Jornada Completa,Sin Data,Michael Page,Sin Data
2026-09-25,Trabajoscom,Madrid,Madrid,Administrativo de Logística y Operaciones - Inglés alto,30.000 €,Sin Data,Indefinido,Jornada Completa,Sin Data,Michael Page,Sin Data
2026-09-25,Trabajoscom,Madrid,Madrid,Programador PLC,37.000 € - 42.000 €,Sin Data,Indefinido,Jornada Completa,Sin Data,Michael Page,Sin Data
2026-09-25,Trabajoscom,Barcelona,Barcelona,"Area Sales Manager (Ing. Materiales, Física-Óptica, Fotónica)",40.000 € - 45.000 €,Sin Data,Indefinido,Jornada Completa,Sin Data,Michael Page,Sin Data
2026-09-25,Trabajoscom,Madrid,Madrid,Reinsurance Accountant with Fluent English,27.000 € - 33.000 €,Sin Data,Indefinido,Jornada Completa,Sin Data,Michael Page,Sin Data
2026-09-25,Trabajoscom,Barcelona,Barcelona,Office Manager & People Ops Coordinator (EN/ES),26.000 € - 27.000 €,Sin Data,Indefinido,Jornada Completa,Sin Data,Michael Page,Sin Data
2026-09-25,Trabajoscom,Madrid,Alcobendas,Responsable de Cuentas a Cobrar Sector Farma,45.000 €,Sin Data,Indefinido,Jornada Completa,Sin Data,Michael Page,Sin Data
2026-09-25,Trabajoscom,Madrid,Griñon,Técnico Contable Senior en Griñón,30.000 €,Sin Data,Indefinido,Jornada Completa,Sin Data,Michael Page,Sin Data
2026-09-25,Trabajoscom,Madrid,Madrid,Técnico de nóminas Senior | Sector Seguros,30.000 € - 33.000 €,Sin Data,Indefinido,Jornada Completa,Sin Data,Michael Page,Sin Data
2026-09-25,Trabajoscom,Madrid,Madrid,PM seguridad y control de accesos,30.000 €,Sin Data,Indefinido,Jornada Completa,Sin Data,Michael Page,Sin Data
2026-09-25,Trabajoscom,Valencia,Valencia,Asesor/a Fiscal  - Valencia,30.000 € - 35.000 €,Sin Data,Indefinido,Jornada Completa,Sin Data,Michael Page,Sin Data
2026-09-25,Trabajoscom,Sevilla,Sevilla,Técnico/a de Supply Chain Internacional - Sevilla,25.000 € - 30.000 €,Sin Data,Indefinido,Jornada Completa,Sin Data,Michael Page,Sin Data
2026-09-25,Trabajoscom,Madrid,Madrid,Ingeniero mantenimiento sistemas satelitales (H/M/D),40.000 € - 45.000 €,Sin Data,Indefinido,Jornada Completa,Sin Data,Michael Page,Sin Data
2026-09-25,Trabajoscom,Araba,Vitoria-Gasteiz,Técnico/a Administrativo SAT con Francés,23.000 € - 25.000 €,Sin Data,Indefinido,Jornada Completa,Sin Data,Michael Page,Sin Data
2026-09-25,Trabajoscom,Madrid,Madrid,KAM  -Sector Formación -,40.000 € - 45.000 €,Sin Data,Indefinido,Jornada Completa,Sin Data,Michael Page,Sin Data
2026-09-25,Trabajoscom,Madrid,Pozuelo De Alarcon,Administrativo contable en Pozuelo de Alarcón,25.000 €,Sin Data,Indefinido,Jornada Completa,Sin Data,Michael Page,Sin Data
2026-09-25,Trabajoscom,Barcelona,Barcelona,Comercial de maquinaria intralogística Bages/Osona,30.000 €,Sin Data,Indefinido,Jornada Completa,Sin Data,Michael Page,Sin Data
2026-09-25,Trabajoscom,Alicante,Alicante,Asesor/a Fiscal - Alrededores de Altea,28.000 € - 35.000 €,Sin Data,Indefinido,Jornada Completa,Sin Data,Michael Page,Sin Data
2026-09-25,Trabajoscom,Zaragoza,Zaragoza,Operational Buyer,35.000 € - 42.000 €,Sin Data,Indefinido,Jornada Completa,Sin Data,Michael Page,Sin Data
2026-09-25,Trabajoscom,Las Palmas,Las Palmas De Gran Canaria,Técnico/a de Mantenimiento Electromecánico,23.500 € - 24.000 €,Sin Data,Indefinido,Jornada Completa,Sin Data,Michael Page,Sin Data
2026-09-25,Trabajoscom,Madrid,Madrid,Técnico/a de PRL - Obra (h/m/d),35.000 € - 40.000 €,Sin Data,Indefinido,Jornada Completa,Sin Data,Michael Page,Sin Data
2026-09-25,Trabajoscom,Valencia,Valencia,Técnico de personas - Alrededores de Gandía,25.000 € - 30.000 €,Sin Data,Indefinido,Jornada Completa,Sin Data,Michael Page,Sin Data
2026-09-25,Trabajoscom,Madrid,Madrid,Técnico Industralización (Electrónica),30.000 € - 40.000 €,Sin Data,Indefinido,Jornada Completa,Sin Data,Michael Page,Sin Data
2026-09-25,Trabajoscom,Valencia,Valencia,Técnico/a de EDAR - Valencia,20.000 € - 35.000 €,Sin Data,Indefinido,Jornada Completa,Sin Data,Michael Page,Sin Data
2026-09-25,Trabajoscom,Barcelona,Barcelona,Programador/a de Robot - El Garraf,30.000 € - 43.000 €,Sin Data,Indefinido,Jornada Completa,Sin Data,Michael Page,Sin Data
2026-09-25,Trabajoscom,Sevilla,Sevilla,Responsable de Expansión - Seguros,42.000 € - 43.000 €,Sin Data,Indefinido,Jornada Completa,Sin Data,Michael Page,Sin Data
2026-09-25,Trabajoscom,Madrid,Madrid,Project Manager Instalaciones - edificación,35.000 € - 45.000 €,Sin Data,Indefinido,Jornada Completa,Sin Data,Michael Page,Sin Data
2026-09-25,Trabajoscom,Madrid,Madrid,Project Manager Eléctrico - Data Centers,38.000 € - 45.000 €,Sin Data,Indefinido,Jornada Completa,Sin Data,Michael Page,Sin Data
2026-09-25,Trabajoscom,Baleares,Palma De Mallorca,Desarrollador PLSQL/JAVA (Presencial Mallorca),32.000 €,Sin Data,Indefinido,Jornada Completa,Sin Data,Michael Page,Sin Data
2026-09-25,Trabajoscom,Madrid,Madrid,Accounts Payable with English,32.000 € - 35.000 €,Sin Data,Indefinido,Jornada Completa,Sin Data,Michael Page,Sin Data
2026-09-25,Trabajoscom,Barcelona,Barcelona,Controller Gestión - Barcelona ciudad,32.000 € - 35.000 €,Sin Data,Indefinido,Jornada Completa,Sin Data,Michael Page,Sin Data
2026-09-25,Trabajoscom,Valencia,Valencia,Prácticas / Beca selección de personal - ¡Únete a Michael Page!,6.000 € - 7.000 €,Sin Data,Indefinido,Jornada Completa,Sin Data,Michael Page,Sin Data
2026-09-25,Trabajoscom,Barcelona,Barcelona,Senior Accountant with English - Barcelona,35.000 € - 40.000 €,Sin Data,Indefinido,Jornada Completa,Sin Data,Michael Page,Sin Data
2026-09-25,Trabajoscom,Madrid,Madrid,Responsable de Planta,40.000 € - 45.000 €,Sin Data,Indefinido,Jornada Completa,Sin Data,Michael Page,Sin Data
2026-09-25,Trabajoscom,Valencia,Valencia,Project Manager - Instalaciones Industriales,35.000 € - 36.000 €,Sin Data,Indefinido,Jornada Completa,Sin Data,Michael Page,Sin Data
2026-09-25,Trabajoscom,Barcelona,Barcelona,Contable General Senior en Barcelona ciudad,40.000 € - 42.000 €,Sin Data,Indefinido,Jornada Completa,Sin Data,Michael Page,Sin Data
2026-09-25,Trabajoscom,Valladolid,Valladolid,Técnico/a de Mantenimiento Electromecánico,28.000 € - 32.000 €,Sin Data,Indefinido,Jornada Completa,Sin Data,Michael Page,Sin Data
2026-09-25,Trabajoscom,Barcelona,Barcelona,Asesor Contable Fiscal Senior - Despacho,35.000 € - 37.000 €,Sin Data,Indefinido,Jornada Completa,Sin Data,Michael Page,Sin Data
2026-09-25,Trabajoscom,Barcelona,Barcelona,Técnico Contable - Despacho,24.000 € - 26.000 €,Sin Data,Indefinido,Jornada Completa,Sin Data,Michael Page,Sin Data
2026-09-25,Trabajoscom,Barcelona,Barcelona,Responsable Laboral - Despacho,35.000 € - 40.000 €,Sin Data,Indefinido,Jornada Completa,Sin Data,Michael Page,Sin Data
2026-09-25,Trabajoscom,Barcelona,Barcelona,Secretario/a de Dirección - Barcelona,30.000 € - 32.000 €,Sin Data,Indefinido,Jornada Completa,Sin Data,Michael Page,Sin Data
2026-09-25,Trabajoscom,Girona,Girona,Instalador/a Eléctrico Maquinaria Industrial- Girona,28.000 €,Sin Data,Indefinido,Jornada Completa,Sin Data,Michael Page,Sin Data
2026-09-25,Trabajoscom,Valencia,Valencia,PHP Freelance Developer (remoto Spain),40.000 € - 45.000 €,Sin Data,De duracion determinada,Jornada Completa,Sin Data,Michael Page,Sin Data
2026-09-25,Trabajoscom,Barcelona,Barcelona,Back Office Técnico con SAGE - Barcelona,26.000 € - 30.000 €,Sin Data,Indefinido,Jornada Completa,Sin Data,Michael Page,Sin Data
2026-09-25,Trabajoscom,Madrid,Pinto,Técnico electrohidráulico Pinto,27.000 € - 33.000 €,Sin Data,Indefinido,Jornada Completa,Sin Data,Michael Page,Sin Data
2026-09-25,Trabajoscom,Girona,Girona,Cuadrista eléctrico maquinaria industrial - Girona,26.000 € - 28.000 €,Sin Data,Indefinido,Jornada Completa,Sin Data,Michael Page,Sin Data
2026-09-25,Trabajoscom,Cáceres,Caceres,Jefe de Obra de Reformas - Cáceres,27.000 € - 33.000 €,Sin Data,Indefinido,Jornada Completa,Sin Data,Michael Page,Sin Data
2026-09-25,Trabajoscom,Bizkaia,Bilbao,Técnico Comercial - Conectores de fluidos,30.000 € - 45.000 €,Sin Data,Indefinido,Jornada Completa,Sin Data,Michael Page,Sin Data
2026-09-25,Trabajoscom,Barcelona,Barcelona,Credit and Collections Analyst en Sant Celoni,33.000 € - 38.000 €,Sin Data,Indefinido,Jornada Completa,Sin Data,Michael Page,Sin Data
