Fecha,Plataforma,Provincia,Localidad,Oferta_Empleo,Salario,Modalidad,Tipo_Contrato,Tipo_Jornada,Experiencia,Empresa,Requisitos
2026-09-29,Trabajoscom,Madrid,Alcala De Henares,OPERARIO/A PLANCHA SERIGRAFICA,Sin Data,Sin Data,Indefinido,Jornada Indiferente,Sin Data,RAS Interim,Sin Data
2026-09-29,Trabajoscom,Murcia,Murcia,TÉCNICO/A DE MANTENIMIENTO Y GESTIÓN DE HERRAMIENTAS Y MATERIALES,Sin Data,Sin Data,De duracion determinada,Media Jornada,Sin Data,Grupo Adecco,Sin Data
2026-09-29,Trabajoscom,Murcia,Murcia,Carretillero/a retractil,Sin Data,Sin Data,De duracion determinada,Media Jornada,Sin Data,Grupo Adecco,Sin Data
2026-09-29,Trabajoscom,Málaga,Todo Málaga,Preparador/a de Pedidos en Albert Heijn Online con Alojamiento Incluido,17 € - 18 €,Sin Data,Indefinido,Jornada Completa,Sin Data,OTTO Work Force,Sin Data
2026-09-29,Trabajoscom,Teruel,Todo Teruel,Preparador/a de Pedidos en Albert Heijn Online con Alojamiento Incluido,17 € - 18 €,Sin Data,Indefinido,Jornada Completa,Sin Data,OTTO Work Force,Sin Data
2026-09-29,Trabajoscom,Ceuta,Todo Ceuta,Preparador/a de Pedidos en Albert Heijn Online con Alojamiento Incluido,17 € - 18 €,Sin Data,Indefinido,Jornada Completa,Sin Data,OTTO Work Force,Sin Data
2026-09-29,Trabajoscom,Girona,Todo Girona,Preparador/a de Pedidos en Albert Heijn Online con Alojamiento Incluido,17 € - 18 €,Sin Data,Indefinido,Jornada Completa,Sin Data,OTTO Work Force,Sin Data
2026-09-29,Trabajoscom,Sevilla,Todo Sevilla,Preparador/a de Pedidos en Albert Heijn Online con Alojamiento Incluido,17 € - 18 €,Sin Data,Indefinido,Jornada Completa,Sin Data,OTTO Work Force,Sin Data
2026-09-29,Trabajoscom,Salamanca,Todo Salamanca,Preparador/a de Pedidos en Albert Heijn Online con Alojamiento Incluido,17 € - 18 €,Sin Data,Indefinido,Jornada Completa,Sin Data,OTTO Work Force,Sin Data
2026-09-29,Trabajoscom,Soria,Todo Soria,Preparador/a de Pedidos en Albert Heijn Online con Alojamiento Incluido,17 € - 18 €,Sin Data,Indefinido,Jornada Completa,Sin Data,OTTO Work Force,Sin Data
2026-09-29,Trabajoscom,Segovia,Todo Segovia,Preparador/a de Pedidos en Albert Heijn Online con Alojamiento Incluido,17 € - 18 €,Sin Data,Indefinido,Jornada Completa,Sin Data,OTTO Work Force,Sin Data
2026-09-29,Trabajoscom,León,Santovenia De La Valdoncina,"Fisioterapeuta de lunes a jueves de 13:55 - 17:40H en Santovenia de la Valdoncina, León",6.400 € - 11.500 €,Sin Data,Indefinido,Media Jornada,Sin Data,Fisioterapia y Psicología para Empresas,Sin Data
2026-09-29,Trabajoscom,Barcelona,Mollet Del Valles,Fisioterapeuta 4h tarde en Mollet del Vallès,185 € - 320 €,Sin Data,Indefinido,Trabajo Por Horas,Sin Data,Fisioterapia y Psicología para Empresas,Sin Data
2026-09-29,Trabajoscom,Ávila,Todo Ávila,Preparador/a de Pedidos en Albert Heijn Online con Alojamiento Incluido,17 € - 18 €,Sin Data,Indefinido,Jornada Completa,Sin Data,OTTO Work Force,Sin Data
2026-09-29,Trabajoscom,Lugo,Todo Lugo,Personal de almacén en DSV | Países Bajos,15 € - 17 €,Sin Data,Indefinido,Jornada Intensiva,Sin Data,OTTO Work Force,Sin Data
2026-09-29,Trabajoscom,Lleida,Todo Lleida,Personal de almacén en DSV | Países Bajos,15 € - 17 €,Sin Data,Indefinido,Jornada Intensiva,Sin Data,OTTO Work Force,Sin Data
2026-09-29,Trabajoscom,Navarra,Todo Navarra,Personal de almacén en DSV | Países Bajos,15 € - 17 €,Sin Data,Indefinido,Jornada Intensiva,Sin Data,OTTO Work Force,Sin Data
2026-09-29,Trabajoscom,Palencia,Todo Palencia,Personal de almacén en DSV | Países Bajos,15 € - 17 €,Sin Data,Indefinido,Jornada Intensiva,Sin Data,OTTO Work Force,Sin Data
2026-09-29,Trabajoscom,Sevilla,Todo Sevilla,Personal de almacén en DSV | Países Bajos,15 € - 17 €,Sin Data,Indefinido,Jornada Intensiva,Sin Data,OTTO Work Force,Sin Data
2026-09-29,Trabajoscom,Almería,Todo Almería,Preparador/a de Pedidos en Albert Heijn Online con Alojamiento Incluido,17 € - 18 €,Sin Data,Indefinido,Jornada Completa,Sin Data,OTTO Work Force,Sin Data
2026-09-29,Trabajoscom,Soria,Todo Soria,Personal de almacén en DSV | Países Bajos,15 € - 17 €,Sin Data,Indefinido,Jornada Intensiva,Sin Data,OTTO Work Force,Sin Data
2026-09-29,Trabajoscom,Zamora,Todo Zamora,Personal de almacén en DSV | Países Bajos,15 € - 17 €,Sin Data,Indefinido,Jornada Intensiva,Sin Data,OTTO Work Force,Sin Data
2026-09-29,Trabajoscom,Teruel,Todo Teruel,Personal de almacén en DSV | Países Bajos,15 € - 17 €,Sin Data,Indefinido,Jornada Intensiva,Sin Data,OTTO Work Force,Sin Data
2026-09-29,Trabajoscom,Rioja,Todo Rioja,Personal de almacén en DSV | Países Bajos,15 € - 17 €,Sin Data,Indefinido,Jornada Intensiva,Sin Data,OTTO Work Force,Sin Data
2026-09-29,Trabajoscom,Castellón,Todo Castellón,Personal de almacén en DSV | Países Bajos,15 € - 17 €,Sin Data,Indefinido,Jornada Intensiva,Sin Data,OTTO Work Force,Sin Data
2026-09-29,Trabajoscom,Real,Todo Real,Personal de almacén en DSV | Países Bajos,15 € - 17 €,Sin Data,Indefinido,Jornada Intensiva,Sin Data,OTTO Work Force,Sin Data
2026-09-29,Trabajoscom,Gipuzkoa,Todo Gipuzkoa,Personal de almacén en DSV | Países Bajos,15 € - 17 €,Sin Data,Indefinido,Jornada Intensiva,Sin Data,OTTO Work Force,Sin Data
2026-09-29,Trabajoscom,Burgos,Todo Burgos,Personal de almacén en DSV | Países Bajos,15 € - 17 €,Sin Data,Indefinido,Jornada Intensiva,Sin Data,OTTO Work Force,Sin Data
2026-09-29,Trabajoscom,Almería,Todo Almería,Personal de almacén en DSV | Países Bajos,15 € - 17 €,Sin Data,Indefinido,Jornada Intensiva,Sin Data,OTTO Work Force,Sin Data
2026-09-29,Trabajoscom,Jaén,Todo Jaén,Personal de almacén en DSV | Países Bajos,15 € - 17 €,Sin Data,Indefinido,Jornada Intensiva,Sin Data,OTTO Work Force,Sin Data
2026-09-29,Trabajoscom,Araba,Todo Araba,Personal de almacén en DSV | Países Bajos,15 € - 17 €,Sin Data,Indefinido,Jornada Intensiva,Sin Data,OTTO Work Force,Sin Data
2026-09-29,Trabajoscom,Barcelona,Todo Barcelona,Personal de almacén en DSV | Países Bajos,15 € - 17 €,Sin Data,Indefinido,Jornada Intensiva,Sin Data,OTTO Work Force,Sin Data
2026-09-29,Trabajoscom,Asturias,Todo Asturias,Personal de almacén en DSV | Países Bajos,15 € - 17 €,Sin Data,Indefinido,Jornada Intensiva,Sin Data,OTTO Work Force,Sin Data
2026-09-29,Trabajoscom,Cádiz,Todo Cádiz,Preparador/a de Pedidos en Albert Heijn Online con Alojamiento Incluido,17 € - 18 €,Sin Data,Indefinido,Jornada Completa,Sin Data,OTTO Work Force,Sin Data
2026-09-29,Trabajoscom,Melilla,Todo Melilla,Preparador/a de Pedidos en Albert Heijn Online con Alojamiento Incluido,17 € - 18 €,Sin Data,Indefinido,Jornada Completa,Sin Data,OTTO Work Force,Sin Data
2026-09-29,Trabajoscom,Granada,Todo Granada,Preparador/a de Pedidos en Albert Heijn Online con Alojamiento Incluido,17 € - 18 €,Sin Data,Indefinido,Jornada Completa,Sin Data,OTTO Work Force,Sin Data
2026-09-29,Trabajoscom,Bizkaia,Todo Bizkaia,Operario/a Almacén PVH (Tommy Hilfiger & Calvin Klein) con Alojamiento Incluido,15 € - 17 €,Sin Data,Indefinido,Jornada Intensiva,Sin Data,OTTO Work Force,Sin Data
2026-09-29,Trabajoscom,Granada,Todo Granada,Operario/a Almacén PVH (Tommy Hilfiger & Calvin Klein) con Alojamiento Incluido,15 € - 17 €,Sin Data,Indefinido,Jornada Intensiva,Sin Data,OTTO Work Force,Sin Data
2026-09-29,Trabajoscom,Melilla,Todo Melilla,Operario/a Almacén PVH (Tommy Hilfiger & Calvin Klein) con Alojamiento Incluido,15 € - 17 €,Sin Data,Indefinido,Jornada Intensiva,Sin Data,OTTO Work Force,Sin Data
2026-09-29,Trabajoscom,Rioja,Todo Rioja,Operario/a Almacén PVH (Tommy Hilfiger & Calvin Klein) con Alojamiento Incluido,15 € - 17 €,Sin Data,Indefinido,Jornada Intensiva,Sin Data,OTTO Work Force,Sin Data
2026-09-29,Trabajoscom,Ceuta,Todo Ceuta,Operario/a Almacén PVH (Tommy Hilfiger & Calvin Klein) con Alojamiento Incluido,15 € - 17 €,Sin Data,Indefinido,Jornada Intensiva,Sin Data,OTTO Work Force,Sin Data
2026-09-29,Trabajoscom,Sevilla,Todo Sevilla,Operario/a Almacén PVH (Tommy Hilfiger & Calvin Klein) con Alojamiento Incluido,15 € - 17 €,Sin Data,Indefinido,Jornada Intensiva,Sin Data,OTTO Work Force,Sin Data
2026-09-29,Trabajoscom,Tarragona,Todo Tarragona,Operario/a Almacén PVH (Tommy Hilfiger & Calvin Klein) con Alojamiento Incluido,15 € - 17 €,Sin Data,Indefinido,Jornada Intensiva,Sin Data,OTTO Work Force,Sin Data
2026-09-29,Trabajoscom,Cantabria,Todo Cantabria,Operario/a Almacén PVH (Tommy Hilfiger & Calvin Klein) con Alojamiento Incluido,15 € - 17 €,Sin Data,Indefinido,Jornada Intensiva,Sin Data,OTTO Work Force,Sin Data
2026-09-29,Trabajoscom,Málaga,Todo Málaga,Operario/a Almacén PVH (Tommy Hilfiger & Calvin Klein) con Alojamiento Incluido,15 € - 17 €,Sin Data,Indefinido,Jornada Intensiva,Sin Data,OTTO Work Force,Sin Data
2026-09-29,Trabajoscom,Real,Todo Real,Operario/a Almacén PVH (Tommy Hilfiger & Calvin Klein) con Alojamiento Incluido,15 € - 17 €,Sin Data,Indefinido,Jornada Intensiva,Sin Data,OTTO Work Force,Sin Data
2026-09-29,Trabajoscom,Málaga,Todo Málaga,Comercial Asesor/a Sector Belleza y Salud Capilar en Málaga,Sin Data,Sin Data,Indefinido,Jornada Completa,Sin Data,Laboratorios Kapyderm,Sin Data
2026-09-29,Trabajoscom,Madrid,Todo Madrid,Operario/a Almacén PVH (Tommy Hilfiger & Calvin Klein) con Alojamiento Incluido,15 € - 17 €,Sin Data,Indefinido,Jornada Intensiva,Sin Data,OTTO Work Force,Sin Data
2026-09-29,Trabajoscom,Toledo,Todo Toledo,Operario/a Almacén PVH (Tommy Hilfiger & Calvin Klein) con Alojamiento Incluido,15 € - 17 €,Sin Data,Indefinido,Jornada Intensiva,Sin Data,OTTO Work Force,Sin Data
2026-09-29,Trabajoscom,Teruel,Todo Teruel,Operario/a Almacén PVH (Tommy Hilfiger & Calvin Klein) con Alojamiento Incluido,15 € - 17 €,Sin Data,Indefinido,Jornada Intensiva,Sin Data,OTTO Work Force,Sin Data
2026-09-29,Trabajoscom,Valladolid,Todo Valladolid,Operario/a Almacén PVH (Tommy Hilfiger & Calvin Klein) con Alojamiento Incluido,15 € - 17 €,Sin Data,Indefinido,Jornada Intensiva,Sin Data,OTTO Work Force,Sin Data
2026-09-29,Trabajoscom,Salamanca,Todo Salamanca,Operario/a Almacén PVH (Tommy Hilfiger & Calvin Klein) con Alojamiento Incluido,15 € - 17 €,Sin Data,Indefinido,Jornada Intensiva,Sin Data,OTTO Work Force,Sin Data
2026-09-29,Trabajoscom,Valencia,Todo Valencia,Operario/a Almacén PVH (Tommy Hilfiger & Calvin Klein) con Alojamiento Incluido,15 € - 17 €,Sin Data,Indefinido,Jornada Intensiva,Sin Data,OTTO Work Force,Sin Data
2026-09-29,Trabajoscom,Palencia,Todo Palencia,Operario/a de Almacén para GXO Logistics en Países Bajos,14 € - 16 €,Sin Data,Indefinido,Jornada Indiferente,Sin Data,OTTO Work Force,Sin Data
2026-09-29,Trabajoscom,Salamanca,Todo Salamanca,Operario/a de Almacén para GXO Logistics en Países Bajos,14 € - 16 €,Sin Data,Indefinido,Jornada Indiferente,Sin Data,OTTO Work Force,Sin Data
2026-09-29,Trabajoscom,León,Todo León,Operario/a de Almacén para GXO Logistics en Países Bajos,14 € - 16 €,Sin Data,Indefinido,Jornada Indiferente,Sin Data,OTTO Work Force,Sin Data
2026-09-29,Trabajoscom,Barcelona,Todo Barcelona,Repartidor/a en Albert Heijn con alojamiento incluido - Países Bajos,17 € - 18 €,Sin Data,Indefinido,Jornada Completa,Sin Data,OTTO Work Force,Sin Data
2026-09-29,Trabajoscom,Burgos,Todo Burgos,Repartidor/a en Albert Heijn con alojamiento incluido - Países Bajos,17 € - 18 €,Sin Data,Indefinido,Jornada Completa,Sin Data,OTTO Work Force,Sin Data
2026-09-29,Trabajoscom,Lleida,Todo Lleida,Operario/a de Almacén para GXO Logistics en Países Bajos,14 € - 16 €,Sin Data,Indefinido,Jornada Indiferente,Sin Data,OTTO Work Force,Sin Data
2026-09-29,Trabajoscom,Ceuta,Todo Ceuta,Repartidor/a en Albert Heijn con alojamiento incluido - Países Bajos,17 € - 18 €,Sin Data,Indefinido,Jornada Completa,Sin Data,OTTO Work Force,Sin Data
2026-09-29,Trabajoscom,Cantabria,Todo Cantabria,Repartidor/a en Albert Heijn con alojamiento incluido - Países Bajos,17 € - 18 €,Sin Data,Indefinido,Jornada Completa,Sin Data,OTTO Work Force,Sin Data
2026-09-29,Trabajoscom,Almería,Todo Almería,Repartidor/a en Albert Heijn con alojamiento incluido - Países Bajos,17 € - 18 €,Sin Data,Indefinido,Jornada Completa,Sin Data,OTTO Work Force,Sin Data
2026-09-29,Trabajoscom,Coruña,Todo Coruña,Repartidor/a en Albert Heijn con alojamiento incluido - Países Bajos,17 € - 18 €,Sin Data,Indefinido,Jornada Completa,Sin Data,OTTO Work Force,Sin Data
2026-09-29,Trabajoscom,Palmas,Todo Palmas,Repartidor/a en Albert Heijn con alojamiento incluido - Países Bajos,17 € - 18 €,Sin Data,Indefinido,Jornada Completa,Sin Data,OTTO Work Force,Sin Data
2026-09-29,Trabajoscom,Coruña,Todo Coruña,Operario/a de Almacén para GXO Logistics en Países Bajos,14 € - 16 €,Sin Data,Indefinido,Jornada Indiferente,Sin Data,OTTO Work Force,Sin Data
2026-09-29,Trabajoscom,Baleares,Mallorca,Comercial Asesor/a Sector Belleza y Salud Capilar en Mallorca,Sin Data,Sin Data,Indefinido,Jornada Completa,Sin Data,Laboratorios Kapyderm,Sin Data
2026-09-29,Trabajoscom,Zaragoza,Todo Zaragoza,Operario/a Almacén PVH (Tommy Hilfiger & Calvin Klein) con Alojamiento Incluido,15 € - 17 €,Sin Data,Indefinido,Jornada Intensiva,Sin Data,OTTO Work Force,Sin Data
2026-09-29,Trabajoscom,Pontevedra,Todo Pontevedra,Operario/a Almacén PVH (Tommy Hilfiger & Calvin Klein) con Alojamiento Incluido,15 € - 17 €,Sin Data,Indefinido,Jornada Intensiva,Sin Data,OTTO Work Force,Sin Data
2026-09-29,Trabajoscom,Badajoz,Todo Badajoz,Operario/a de Almacén para GXO Logistics en Países Bajos,14 € - 16 €,Sin Data,Indefinido,Jornada Indiferente,Sin Data,OTTO Work Force,Sin Data
2026-09-29,Trabajoscom,Alicante,Todo Alicante,Operario/a de Almacén para GXO Logistics en Países Bajos,14 € - 16 €,Sin Data,Indefinido,Jornada Indiferente,Sin Data,OTTO Work Force,Sin Data
2026-09-29,Trabajoscom,Albacete,Todo Albacete,Operario/a de Almacén para GXO Logistics en Países Bajos,14 € - 16 €,Sin Data,Indefinido,Jornada Indiferente,Sin Data,OTTO Work Force,Sin Data
2026-09-29,Trabajoscom,Cádiz,Todo Cádiz,Operario/a de Almacén para GXO Logistics en Países Bajos,14 € - 16 €,Sin Data,Indefinido,Jornada Indiferente,Sin Data,OTTO Work Force,Sin Data
2026-09-29,Trabajoscom,Cáceres,Todo Cáceres,Operario/a de Almacén para GXO Logistics en Países Bajos,14 € - 16 €,Sin Data,Indefinido,Jornada Indiferente,Sin Data,OTTO Work Force,Sin Data
2026-09-29,Trabajoscom,Ceuta,Todo Ceuta,Operario/a de Almacén para GXO Logistics en Países Bajos,14 € - 16 €,Sin Data,Indefinido,Jornada Indiferente,Sin Data,OTTO Work Force,Sin Data
2026-09-29,Trabajoscom,Castellón,Todo Castellón,Operario/a de Almacén para GXO Logistics en Países Bajos,14 € - 16 €,Sin Data,Indefinido,Jornada Indiferente,Sin Data,OTTO Work Force,Sin Data
2026-09-29,Trabajoscom,Zaragoza,Zaragoza,Administrativo/a comercial sector industrial,Sin Data,Sin Data,De duracion determinada,Jornada Completa,Sin Data,Grupo Adecco,Sin Data
2026-09-29,Trabajoscom,Barcelona,Todo Barcelona,Operario/a Almacén PVH (Tommy Hilfiger & Calvin Klein) con Alojamiento Incluido,15 € - 17 €,Sin Data,Indefinido,Jornada Intensiva,Sin Data,OTTO Work Force,Sin Data
2026-09-29,Trabajoscom,Barcelona,Todo Barcelona,Repartidor/a en Albert Heijn con alojamiento incluido - Países Bajos,17 € - 18 €,Sin Data,Indefinido,Jornada Completa,Sin Data,OTTO Work Force,Sin Data
2026-09-29,Trabajoscom,León,Todo León,Operario/a de Almacén para GXO Logistics en Países Bajos,14 € - 16 €,Sin Data,Indefinido,Jornada Indiferente,Sin Data,OTTO Work Force,Sin Data
2026-09-29,Trabajoscom,Zaragoza,Zaragoza,Administrativo/a comercial sector industrial,Sin Data,Sin Data,De duracion determinada,Jornada Completa,Sin Data,Grupo Adecco,Sin Data
2026-09-29,Trabajoscom,Barcelona,Todo Barcelona,Operario/a Almacén PVH (Tommy Hilfiger & Calvin Klein) con Alojamiento Incluido,15 € - 17 €,Sin Data,Indefinido,Jornada Intensiva,Sin Data,OTTO Work Force,Sin Data
2026-09-29,Trabajoscom,Córdoba,Todo Córdoba,Operario/a Almacén PVH (Tommy Hilfiger & Calvin Klein) con Alojamiento Incluido,15 € - 17 €,Sin Data,Indefinido,Jornada Intensiva,Sin Data,OTTO Work Force,Sin Data
2026-09-29,Trabajoscom,Cuenca,Todo Cuenca,Operario/a Almacén PVH (Tommy Hilfiger & Calvin Klein) con Alojamiento Incluido,15 € - 17 €,Sin Data,Indefinido,Jornada Intensiva,Sin Data,OTTO Work Force,Sin Data
2026-09-29,Trabajoscom,Ávila,Todo Ávila,Operario/a Almacén PVH (Tommy Hilfiger & Calvin Klein) con Alojamiento Incluido,15 € - 17 €,Sin Data,Indefinido,Jornada Intensiva,Sin Data,OTTO Work Force,Sin Data
2026-09-29,Trabajoscom,Bizkaia,Todo Bizkaia,Operario/a Almacén PVH (Tommy Hilfiger & Calvin Klein) con Alojamiento Incluido,15 € - 17 €,Sin Data,Indefinido,Jornada Intensiva,Sin Data,OTTO Work Force,Sin Data
2026-09-29,Trabajoscom,Araba,Todo Araba,Operario/a Almacén PVH (Tommy Hilfiger & Calvin Klein) con Alojamiento Incluido,15 € - 17 €,Sin Data,Indefinido,Jornada Intensiva,Sin Data,OTTO Work Force,Sin Data
2026-09-29,Trabajoscom,Jaén,Todo Jaén,Operario/a Almacén PVH (Tommy Hilfiger & Calvin Klein) con Alojamiento Incluido,15 € - 17 €,Sin Data,Indefinido,Jornada Intensiva,Sin Data,OTTO Work Force,Sin Data
2026-09-29,Trabajoscom,Granada,Todo Granada,Operario/a Almacén PVH (Tommy Hilfiger & Calvin Klein) con Alojamiento Incluido,15 € - 17 €,Sin Data,Indefinido,Jornada Intensiva,Sin Data,OTTO Work Force,Sin Data
2026-09-29,Trabajoscom,Melilla,Todo Melilla,Operario/a Almacén PVH (Tommy Hilfiger & Calvin Klein) con Alojamiento Incluido,15 € - 17 €,Sin Data,Indefinido,Jornada Intensiva,Sin Data,OTTO Work Force,Sin Data
2026-09-29,Trabajoscom,Madrid,San Sebastián De Los Reyes,ADMINISTRATIVO/A CONTABLE,Sin Data,Sin Data,Indefinido,Jornada Completa,Sin Data,Grupo Adecco,Sin Data
2026-09-29,Trabajoscom,Zaragoza,Zaragoza,PINTOR AIRLESS SECTOR METAL,2.000 € - 2.200 €,Sin Data,De duracion determinada,Jornada Completa,Sin Data,Temps,Sin Data
2026-09-29,Trabajoscom,Zaragoza,Zaragoza,Conductor/a camión C+E,22.000 € - 26.000 €,Sin Data,De duracion determinada,Jornada Completa,Sin Data,Temps,Sin Data
2026-09-29,Trabajoscom,Zaragoza,Zaragoza,Diseñador/a Textil,Sin Data,Sin Data,De duracion determinada,Jornada Completa,Sin Data,Temps,Sin Data
2026-09-29,Trabajoscom,Madrid,Todo Madrid,Tecnico campaña preventivas/emergencias Naturgy,30.000 € - 60.000 €,Sin Data,Indefinido,Jornada Completa,Sin Data,Edeco Sales Solutions,Sin Data
2026-09-29,Trabajoscom,Barcelona,Barcelona,Mantenimiento,18.000 € - 19.000 €,Sin Data,De duracion determinada,Jornada Completa,Sin Data,Miranza,Sin Data
2026-09-29,Trabajoscom,Bizkaia,Bilbao,Vendedores/as BILBAO,Sin Data,Sin Data,Indefinido,Jornada Completa,Sin Data,Torrons Vicens,Sin Data
2026-09-29,Trabajoscom,Madrid,Todo Madrid,Técnico Aplicador de Control de Plagas,23.000 € - 25.000 €,Sin Data,Indefinido,Jornada Intensiva,Sin Data,Contratas y Servicios Car,Sin Data
2026-09-29,Trabajoscom,Madrid,Getafe,Mecánico/a camiones (Velilla de San Antonio) Indefinido,Sin Data,Sin Data,Indefinido,Media Jornada,Sin Data,Grupo Adecco,Sin Data
2026-09-29,Trabajoscom,Cádiz,San Fernando,Soporte a Gestión Técnico/a de Activos U.N. Sistemas,Sin Data,Sin Data,De duracion determinada,Jornada Completa,Sin Data,Grupo Adecco,Sin Data
2026-09-29,Trabajoscom,Málaga,Todo Málaga,"Oficial de primera, ingenieros técnicos, operarios",20.000 € - 25.000 €,Sin Data,Indefinido,Jornada Completa,Sin Data,Ingenieria y Control Ferroviario Montajes,Sin Data
2026-09-29,Trabajoscom,Huesca,Todo Huesca,Assistente di volo per Emirates – Alloggio incluso + Stipendio esentasse negli EAU,2.600 € - 2.700 €,Sin Data,Indefinido,Jornada Completa,Sin Data,EMIRATES Airline Italia,Sin Data
2026-09-29,Trabajoscom,Gipuzkoa,Todo Gipuzkoa,Técnico/a Mantenimiento Industrial,Sin Data,Sin Data,Indefinido,Jornada Completa,Sin Data,AdegiLan,Sin Data
2026-09-29,Trabajoscom,Cuenca,Todo Cuenca,Assistente di volo per Emirates – Alloggio incluso + Stipendio esentasse negli EAU,2.600 € - 2.700 €,Sin Data,Indefinido,Jornada Completa,Sin Data,EMIRATES Airline Italia,Sin Data
2026-09-29,Trabajoscom,Murcia,Todo Murcia,Assistente di volo per Emirates – Alloggio incluso + Stipendio esentasse negli EAU,2.600 € - 2.700 €,Sin Data,Indefinido,Jornada Completa,Sin Data,EMIRATES Airline Italia,Sin Data
2026-09-29,Trabajoscom,Madrid,Todo Madrid,Assistente di volo per Emirates – Alloggio incluso + Stipendio esentasse negli EAU,2.600 € - 2.700 €,Sin Data,Indefinido,Jornada Completa,Sin Data,EMIRATES Airline Italia,Sin Data
2026-09-29,Trabajoscom,Rioja,Todo Rioja,Assistente di volo per Emirates – Alloggio incluso + Stipendio esentasse negli EAU,2.600 € - 2.700 €,Sin Data,Indefinido,Jornada Completa,Sin Data,EMIRATES Airline Italia,Sin Data
2026-09-29,Trabajoscom,Lleida,Todo Lleida,Assistente di volo per Emirates – Alloggio incluso + Stipendio esentasse negli EAU,2.600 € - 2.700 €,Sin Data,Indefinido,Jornada Completa,Sin Data,EMIRATES Airline Italia,Sin Data
2026-09-29,Trabajoscom,Salamanca,Todo Salamanca,Assistente di volo per Emirates – Alloggio incluso + Stipendio esentasse negli EAU,2.600 € - 2.700 €,Sin Data,Indefinido,Jornada Completa,Sin Data,EMIRATES Airline Italia,Sin Data
2026-09-29,Trabajoscom,Zaragoza,Todo Zaragoza,Assistente di volo per Emirates – Alloggio incluso + Stipendio esentasse negli EAU,2.600 € - 2.700 €,Sin Data,Indefinido,Jornada Completa,Sin Data,EMIRATES Airline Italia,Sin Data
2026-09-29,Trabajoscom,Segovia,Todo Segovia,Assistente di volo per Emirates – Alloggio incluso + Stipendio esentasse negli EAU,2.600 € - 2.700 €,Sin Data,Indefinido,Jornada Completa,Sin Data,EMIRATES Airline Italia,Sin Data
2026-09-29,Trabajoscom,Gipuzkoa,Todo Gipuzkoa,"Técnico/a PRL, Calidad y Medioambiente",42 € - 54 €,Sin Data,Indefinido,Jornada Completa,Sin Data,AdegiLan,Sin Data
2026-09-29,Trabajoscom,Gipuzkoa,Todo Gipuzkoa,Electricista,18 € - 30 €,Sin Data,Indefinido,Jornada Completa,Sin Data,AdegiLan,Sin Data
2026-09-29,Trabajoscom,Soria,Todo Soria,Assistente di volo per Emirates – Alloggio incluso + Stipendio esentasse negli EAU,2.600 € - 2.700 €,Sin Data,Indefinido,Jornada Completa,Sin Data,EMIRATES Airline Italia,Sin Data
2026-09-29,Trabajoscom,Gipuzkoa,Todo Gipuzkoa,Técnico/a de producto // Encargado/a general,Sin Data,Sin Data,Indefinido,Jornada Indiferente,Sin Data,AdegiLan,Sin Data
2026-09-29,Trabajoscom,Gipuzkoa,Todo Gipuzkoa,"Director/a de Tecnología, Producto y Soluciones Industriales",72.000 € - 90.000 €,Sin Data,Indefinido,Jornada Indiferente,Sin Data,AdegiLan,Sin Data
2026-09-29,Trabajoscom,Cádiz,Todo Cádiz,Assistente di volo per Emirates – Alloggio incluso + Stipendio esentasse negli EAU,2.600 € - 2.700 €,Sin Data,Indefinido,Jornada Completa,Sin Data,EMIRATES Airline Italia,Sin Data
2026-09-29,Trabajoscom,Barcelona,Todo Barcelona,Assistente di volo per Emirates – Alloggio incluso + Stipendio esentasse negli EAU,2.600 € - 2.700 €,Sin Data,Indefinido,Jornada Completa,Sin Data,EMIRATES Airline Italia,Sin Data
2026-09-29,Trabajoscom,Almería,Todo Almería,Assistente di volo per Emirates – Alloggio incluso + Stipendio esentasse negli EAU,2.600 € - 2.700 €,Sin Data,Indefinido,Jornada Completa,Sin Data,EMIRATES Airline Italia,Sin Data
2026-09-29,Trabajoscom,Alicante,Todo Alicante,Assistente di volo per Emirates – Alloggio incluso + Stipendio esentasse negli EAU,2.600 € - 2.700 €,Sin Data,Indefinido,Jornada Completa,Sin Data,EMIRATES Airline Italia,Sin Data
2026-09-29,Trabajoscom,Cáceres,Todo Cáceres,Assistente di volo per Emirates – Alloggio incluso + Stipendio esentasse negli EAU,2.600 € - 2.700 €,Sin Data,Indefinido,Jornada Completa,Sin Data,EMIRATES Airline Italia,Sin Data
2026-09-29,Trabajoscom,Granada,Todo Granada,Assistente di volo per Emirates – Alloggio incluso + Stipendio esentasse negli EAU,2.600 € - 2.700 €,Sin Data,Indefinido,Jornada Completa,Sin Data,EMIRATES Airline Italia,Sin Data
2026-09-29,Trabajoscom,Cantabria,Todo Cantabria,Assistente di volo per Emirates – Alloggio incluso + Stipendio esentasse negli EAU,2.600 € - 2.700 €,Sin Data,Indefinido,Jornada Completa,Sin Data,EMIRATES Airline Italia,Sin Data
2026-09-29,Trabajoscom,Gipuzkoa,Todo Gipuzkoa,Tecnico/a de Metrologia,Sin Data,Sin Data,Indefinido,Jornada Completa,Sin Data,AdegiLan,Sin Data
2026-09-29,Trabajoscom,Girona,Todo Girona,Assistente di volo per Emirates – Alloggio incluso + Stipendio esentasse negli EAU,2.600 € - 2.700 €,Sin Data,Indefinido,Jornada Completa,Sin Data,EMIRATES Airline Italia,Sin Data
2026-09-29,Trabajoscom,Gipuzkoa,Todo Gipuzkoa,Técnico-a de Mantenimiento,Sin Data,Sin Data,Indefinido,Jornada Completa,Sin Data,AdegiLan,Sin Data
2026-09-29,Trabajoscom,Toledo,Todo Toledo,Assistente di volo per Emirates – Alloggio incluso + Stipendio esentasse negli EAU,2.600 € - 2.700 €,Sin Data,Indefinido,Jornada Completa,Sin Data,EMIRATES Airline Italia,Sin Data
2026-09-29,Trabajoscom,Gipuzkoa,Todo Gipuzkoa,Responsable Comercial,42 € - 54 €,Sin Data,Indefinido,Jornada Completa,Sin Data,AdegiLan,Sin Data
2026-09-29,Trabajoscom,Gipuzkoa,Todo Gipuzkoa,Adjunto/a a Dirección del Área Estadística,Sin Data,Sin Data,De duracion determinada,Jornada Completa,Sin Data,AdegiLan,Sin Data
2026-09-29,Trabajoscom,Gipuzkoa,Todo Gipuzkoa,Técnico/a Estadístico/a,Sin Data,Sin Data,De duracion determinada,Jornada Completa,Sin Data,AdegiLan,Sin Data
2026-09-29,Trabajoscom,Valencia,Gandia,Fisioterapeuta,Sin Data,Sin Data,Autonomo,Trabajo Por Horas,Sin Data,Mov i Ment,Sin Data
2026-09-29,Trabajoscom,Barcelona,Barcelona,DIPLOMADO ENFERMERIA DEL TRABAJO,Sin Data,Sin Data,Indefinido,Jornada Completa,Sin Data,Vimelab,Sin Data
2026-09-29,Trabajoscom,Madrid,Madrid,Fontaneros Madrid,Sin Data,Sin Data,Fijo discontinuo,Jornada Completa,Sin Data,Franmar Work Solution,Sin Data
2026-09-29,Trabajoscom,Madrid,Madrid,🔥Oficial de Montaje PCI – Instalaciones de Protección Contra Incendios,Sin Data,Sin Data,Indefinido,Jornada Completa,Sin Data,Ocean Facility Services,Sin Data
2026-09-29,Trabajoscom,Málaga,Marbella,Técnico/a de Mantenimiento en Marbella - Contrato Indefinido y Jornada Completa,Sin Data,Sin Data,Indefinido,Jornada Completa,Sin Data,Ocean Facility Services,Sin Data
2026-09-29,Trabajoscom,Bizkaia,Bilbao,Tornero/a Industrial - Abanto y Ciérvana,Sin Data,Sin Data,Indefinido,Jornada Completa,Sin Data,Temps,Sin Data
2026-09-29,Trabajoscom,Barcelona,Granollers,OPERARIO/A DE ENCAPSULADO AUTOMÁTICO,Sin Data,Sin Data,De duracion determinada,Jornada Completa,Sin Data,Temps,Sin Data
2026-09-29,Trabajoscom,Barcelona,Sant Cugat Sesgarrigues,OPERARIO/A *Sant Cugat Sesgarrigues*,12 €,Sin Data,De duracion determinada,Jornada Completa,Sin Data,Temps,Sin Data
2026-09-29,Trabajoscom,Madrid,Madrid,Soldador /a Mig Mag (SOTO DEL REAL),21.000 € - 24.000 €,Sin Data,Indefinido,Jornada Completa,Sin Data,Temps,Sin Data
2026-09-29,Trabajoscom,Barcelona,Barcelona,Coach Laboral Barcelona,Sin Data,Sin Data,De duracion determinada,Media Jornada,Sin Data,Grupo Adecco,Sin Data
2026-09-29,Trabajoscom,Zaragoza,Zaragoza,REPARTIDOR/A DE PAQUETERÍA (Posibilidad solo fines de semana),Sin Data,Sin Data,De duracion determinada,Jornada Completa,Sin Data,Temps,Sin Data
2026-09-29,Trabajoscom,Navarra,Tudela,ADMINISTRATIVO/A LOGÍSTICA,Sin Data,Sin Data,De duracion determinada,Jornada Completa,Sin Data,Temps,Sin Data
2026-09-29,Trabajoscom,Navarra,Funes,MAQUINISTA CONTRATO ESTABLE,Sin Data,Sin Data,Indefinido,Media Jornada,Sin Data,Grupo Adecco,Sin Data
2026-09-29,Trabajoscom,Madrid,Madrid,MONITOR/A ACTIVIDADES EXTRAESCOLARES CURSO 2026-27.  ZONA COMUNIDAD DE MADRID,10 € - 12 €,Sin Data,Fijo discontinuo,Trabajo Por Horas,Sin Data,Grupo Educativo,Sin Data
2026-09-29,Trabajoscom,Madrid,Madrid,"MONITOR/A ACTIVIDADES EXTRAESCOLARES DEPORTES: BALONCESTO, FUT-SALA, VOLEIBOL, PATINAJE",10 € - 12 €,Sin Data,Fijo discontinuo,Trabajo Por Horas,Sin Data,Grupo Educativo,Sin Data
2026-09-29,Trabajoscom, Palencia, Palencia,Reponedor/a en Carrefour Palencia sábados y festivos apertura. -2h/sem. -Indefinido,82 €,Sin Data,Indefinido,Media Jornada,Sin Data,Caher Servicios al Marketing,Sin Data
2026-09-29,Trabajoscom, Lugo, Lugo,Reponedor/a en ruta de Supermercados en Guitiriz.  -7h/sem. -Indefinido,249 € - 250 €,Sin Data,Indefinido,Media Jornada,Sin Data,Caher Servicios al Marketing,Sin Data
2026-09-29,Trabajoscom,Navarra,Elizondo,"Reponedor/a en ruta de Supermercados en Elizondo y Santesteban. -12,5h/sem. -Indefinido",445 € - 446 €,Sin Data,Indefinido,Media Jornada,Sin Data,Caher Servicios al Marketing,Sin Data
2026-09-29,Trabajoscom,Madrid,Madrid,CAMAREROS/AS,11 € - 13 €,Sin Data,A tiempo parcial,Jornada Indiferente,Sin Data,Workhotel ETT,Sin Data
2026-09-29,Trabajoscom,Madrid,Todo Madrid,CAMARERAS DE PISO,12 € - 13 €,Sin Data,A tiempo parcial,Jornada Indiferente,Sin Data,Workhotel ETT,Sin Data
2026-09-29,Trabajoscom,Málaga,Mollina,Operario/a de Equipos Eléctricos de Subestaciones,Sin Data,Sin Data,Indefinido,Jornada Completa,Sin Data,Grupo Adecco,Sin Data
2026-09-29,Trabajoscom,Madrid,Madrid,Management Accountant,Sin Data,Sin Data,De duracion determinada,Jornada Completa,Sin Data,Grupo Adecco,Sin Data
2026-09-29,Trabajoscom,Madrid,Madrid,FONTANERO OFICIAL 1º - ALOJAMIENTO GRATIS,30.000 € - 32.000 €,Sin Data,Indefinido,Jornada Completa,Sin Data,Comercializadora Mediterranea De Viviendas,Sin Data
2026-09-29,Trabajoscom,Madrid,Todo Madrid,TÉCNICO DE AIRES ACONDICIONADOS-CLIMATIZACIÓN,30.000 € - 32.000 €,Sin Data,Indefinido,Jornada Completa,Sin Data,Comercializadora Mediterranea De Viviendas,Sin Data
2026-09-29,Trabajoscom,Alicante,Todo Alicante,OFICIAL 1º TABIQUERIA/GRAN FORMATO- ALOJAMIENTO GRATIS,23.050 € - 27.000 €,Sin Data,Indefinido,Jornada Completa,Sin Data,Comercializadora Mediterranea De Viviendas,Sin Data
2026-09-29,Trabajoscom,Alicante,Todo Alicante,CARPINTERO DE MADERA- ALOJAMIENTO GRATIS,23.050 € - 27.000 €,Sin Data,Indefinido,Jornada Completa,Sin Data,Comercializadora Mediterranea De Viviendas,Sin Data
2026-09-29,Trabajoscom,Valencia,Todo Valencia,ESCAYOLISTA,23.050 € - 27.000 €,Sin Data,Indefinido,Jornada Completa,Sin Data,Comercializadora Mediterranea De Viviendas,Sin Data
2026-09-29,Trabajoscom,Madrid,Todo Madrid,ALBAÑIL OFICIAL 1º,23.050 € - 27.000 €,Sin Data,Indefinido,Jornada Completa,Sin Data,Comercializadora Mediterranea De Viviendas,Sin Data
2026-09-29,Trabajoscom,Madrid,Todo Madrid,TÉCNICO DE AIRES ACONDICIONADOS-CLIMATIZACIÓN,30.000 € - 32.000 €,Sin Data,Indefinido,Jornada Completa,Sin Data,Comercializadora Mediterranea De Viviendas,Sin Data
2026-09-29,Trabajoscom,Alicante,Todo Alicante,OFICIAL 1º TABIQUERIA/GRAN FORMATO- ALOJAMIENTO GRATIS,23.050 € - 27.000 €,Sin Data,Indefinido,Jornada Completa,Sin Data,Comercializadora Mediterranea De Viviendas,Sin Data
2026-09-29,Trabajoscom,Madrid,Arganda Del Rey,Copy Responsable de Producción - Sector Cartón Ondulado,25.000 € - 26.000 €,Sin Data,Indefinido,Jornada Completa,Sin Data,Temps,Sin Data
2026-09-29,Trabajoscom,Madrid,Loeches,FRIGORISTA EN INDUSTRIA ALIMENTARIA,28.000 € - 30.000 €,Sin Data,De duracion determinada,Jornada Completa,Sin Data,Grupo Noa's,Sin Data
2026-09-29,Trabajoscom,Guadalajara,Guadalajara,LIMPIADOR/A CON CERTIFICADO DE DISCAPACIDAD,Sin Data,Sin Data,Indefinido,Jornada Indiferente,Sin Data,RAS Interim,Sin Data
2026-09-29,Trabajoscom,Baleares,Palma De Mallorca,Gobernanta Limpieza centro educativo,Sin Data,Sin Data,Sin Data,Jornada Completa,Sin Data,Colevisa,Sin Data
2026-09-29,Trabajoscom,Asturias,Cudillero,ASTURIAS Cajero/a Reponedor/a  Soto de Luiña,Sin Data,Sin Data,Indefinido,Jornada Indiferente,Sin Data,Grupo DIA,Sin Data
2026-09-29,Trabajoscom,Valencia,Albuixech,COMERCIAL PUERTA FRIA (ALBUIXECH),Sin Data,Sin Data,Indefinido,Jornada Indiferente,Sin Data,RAS Interim,Sin Data
2026-09-29,Trabajoscom,Bizkaia,Arrigorriaga,OPERARIO/A CON CARRETILLA FRONTAL,Sin Data,Sin Data,Indefinido,Jornada Indiferente,Sin Data,RAS Interim,Sin Data
2026-09-29,Trabajoscom,Valencia,Puçol,SOLDADOR/A TIG (PUZOL),Sin Data,Sin Data,Indefinido,Jornada Indiferente,Sin Data,RAS Interim,Sin Data
2026-09-29,Trabajoscom,Tarragona,Amposta,Cajero/a Reponedor/a AMPOSTA(TARRAGONA),Sin Data,Sin Data,Indefinido,Jornada Indiferente,Sin Data,Grupo DIA,Sin Data
2026-09-29,Trabajoscom,Barcelona,Sant Quirze Safaja,ADMINISTRATIVO/A DE TRÁFICO,Sin Data,Sin Data,Indefinido,Jornada Indiferente,Sin Data,RAS Interim,Sin Data
2026-09-29,Trabajoscom,Tarragona,Reus,OPERARIO/A PRODUCCIÓN - La Riba,Sin Data,Sin Data,Indefinido,Jornada Indiferente,Sin Data,RAS Interim,Sin Data
2026-09-29,Trabajoscom,Barcelona,Martorell,Copy of OPERARIO/A METAL,Sin Data,Sin Data,Indefinido,Jornada Indiferente,Sin Data,RAS Interim,Sin Data
2026-09-29,Trabajoscom,Toledo,Illescas,Cajero/a Reponedor/a San Sebastián de los Reyes/Alcobendas (Madrid),Sin Data,Sin Data,Indefinido,Jornada Indiferente,Sin Data,Grupo DIA,Sin Data
2026-09-29,Trabajoscom,Madrid,Madrid,TÉCNICO/A DE RECURSOS HUMANOS,Sin Data,Sin Data,Indefinido,Jornada Indiferente,Sin Data,RAS Interim,Sin Data
2026-09-29,Trabajoscom,Valencia,Puerto De Sagunto,ADMINISTRATIVO/A CLÍNICA MÉDICA - PUERTO DE SAGUNTO,Sin Data,Sin Data,Indefinido,Jornada Indiferente,Sin Data,RAS Interim,Sin Data
2026-09-29,Trabajoscom,Barcelona,Calaf,OPERARIO/A CON CARRETILLA,Sin Data,Sin Data,Indefinido,Jornada Indiferente,Sin Data,RAS Interim,Sin Data
2026-09-29,Trabajoscom,Zaragoza,Zaragoza,Responsable de RRHH,30.000 € - 40.000 €,Sin Data,Indefinido,Jornada Completa,Sin Data,Michael Page,Sin Data
2026-09-29,Trabajoscom, Valencia, Valencia,Oferta de Empleo,Sin Data,Sin Data,Indefinido,Jornada Indiferente,Sin Data,Restaurantes McDonalds,Sin Data
2026-09-29,Trabajoscom, Almería, Almería,PRÁCTICAS 2026-2027,Sin Data,Sin Data,Formativo,Jornada Completa,Sin Data,JCarrion,Sin Data
2026-09-29,Trabajoscom, Barcelona, Barcelona,Ayudante de cocina (H-M),Sin Data,Sin Data,Indefinido,Jornada Completa,Sin Data,Crit Interim España ETT,Sin Data
2026-09-29,Trabajoscom, Barcelona, Barcelona,MOZO DE ALMACÉN CON CARNET DE CARRETILLERO,Sin Data,Sin Data,De duracion determinada,Jornada Completa,Sin Data,Iman Temporing,Sin Data
2026-09-29,Trabajoscom, Madrid, Madrid,Ayudante cocina en fábrica (turnos rotativos),Sin Data,Sin Data,De duracion determinada,Jornada Completa,Sin Data,Crit Interim España ETT,Sin Data
2026-09-29,Trabajoscom, Barcelona, Barcelona,Mozo/a de Almacén Materias Primas- Cosmética-,Sin Data,Sin Data,De duracion determinada,Jornada Completa,Sin Data,Iman Temporing,Sin Data
2026-09-29,Trabajoscom, Bizkaia, Bizkaia,Operario/a Horno con carretilla,Sin Data,Sin Data,De duracion determinada,Jornada Completa,Sin Data,Iman Temporing,Sin Data
2026-09-29,Trabajoscom, Palencia, Palencia,Conductor/a tráiler C+E+CAP+Tacógrafo,Sin Data,Sin Data,De duracion determinada,Jornada Completa,Sin Data,Iman Temporing,Sin Data
2026-09-29,Trabajoscom, Bizkaia, Bizkaia,Operario/a con pala cargadora,31.800 €,Sin Data,De duracion determinada,Jornada Completa,Sin Data,Iman Temporing,Sin Data
2026-09-29,Trabajoscom, Barcelona, Barcelona,Peón/a obrador - Sector lácteo (mañanas),Sin Data,Sin Data,De duracion determinada,Media Jornada,Sin Data,Iman Temporing,Sin Data
2026-09-29,Trabajoscom, Toledo, Toledo,Mozo/a Especialista - Borox,21.000 € - 22.000 €,Sin Data,De duracion determinada,Jornada Completa,Sin Data,Crit Interim España ETT,Sin Data
2026-09-29,Trabajoscom, Madrid, Madrid,Azafato/a Inglés Alto. Firma Textil lujo. 20 horas.,Sin Data,Sin Data,De duracion determinada,Media Jornada,Sin Data,Iman Temporing,Sin Data
2026-09-29,Trabajoscom, Alicante, Alicante,Animador/a Sociocultural Centro Residencial DomusVi Mutxamel,Sin Data,Sin Data,Indefinido,Media Jornada,Sin Data,DomusVi,Sin Data
2026-09-29,Trabajoscom, Barcelona, Barcelona,Personal de limpieza (+33%DISCAPACIDAD o IPT) Terrassa COCHE,Sin Data,Sin Data,Indefinido,Jornada Indiferente,Sin Data,Diswork,Sin Data
2026-09-29,Trabajoscom, Barcelona, Barcelona,Recepcionista - Sustitución del 30-01-02 octubre,Sin Data,Sin Data,De duracion determinada,Jornada Completa,Sin Data,Iman Temporing,Sin Data
2026-09-29,Trabajoscom, Zaragoza, Zaragoza,Operario/a de verificación de piezas (automoción),Sin Data,Sin Data,De duracion determinada,Jornada Completa,Sin Data,Iman Temporing,Sin Data
2026-09-29,Trabajoscom, Sevilla, Sevilla,Oficial de tercera Electricista/Mantenimiento,Sin Data,Sin Data,De duracion determinada,Jornada Completa,Sin Data,Iman Temporing,Sin Data
2026-09-29,Trabajoscom, Madrid, Madrid,Jefe/a de Obra,Sin Data,Sin Data,Indefinido,Jornada Completa,Sin Data,Iman Global Consulting,Sin Data
2026-09-29,Trabajoscom, Barcelona, Barcelona,Operador/a de pala cargadora - Biomasa,Sin Data,Sin Data,Indefinido,Jornada Completa,Sin Data,Iman Temporing,Sin Data
2026-09-29,Trabajoscom, Madrid, Madrid,Técnico/a de Estudios y Presupuestos (Reformas residenciales),Sin Data,Sin Data,Indefinido,Jornada Completa,Sin Data,Iman Global Consulting,Sin Data
2026-09-29,Trabajoscom, Navarra, Navarra,Carretillero/a de Expediciones,15 €,Sin Data,De duracion determinada,Jornada Completa,Sin Data,Iman Temporing,Sin Data
2026-09-29,Trabajoscom, Lugo, Lugo,Mozo/a de almacén con carretilla,20.000 € - 21.000 €,Sin Data,Indefinido,Jornada Completa,Sin Data,Iman Temporing,Sin Data
2026-09-29,Trabajoscom, Girona, Girona,Vigilante de Seguridad Girona (Plus €) - Tienda Alimentación Premium,Sin Data,Sin Data,Indefinido,Jornada Completa,Sin Data,Iman Seguridad,Sin Data
2026-09-29,Trabajoscom, Barcelona, Barcelona,Personal de limpieza (+33%DISCAPACIDAD o IPT) Terrassa COCHE,Sin Data,Sin Data,Indefinido,Jornada Indiferente,Sin Data,Diswork,Sin Data
2026-09-29,Trabajoscom, Barcelona, Barcelona,Recepcionista - Sustitución del 30-01-02 octubre,Sin Data,Sin Data,De duracion determinada,Jornada Completa,Sin Data,Iman Temporing,Sin Data
2026-09-29,Trabajoscom, Sevilla, Sevilla,Oficial de tercera Electricista/Mantenimiento,Sin Data,Sin Data,De duracion determinada,Jornada Completa,Sin Data,Iman Temporing,Sin Data
2026-09-29,Trabajoscom, Zaragoza, Zaragoza,Operario/a de verificación de piezas (automoción),Sin Data,Sin Data,De duracion determinada,Jornada Completa,Sin Data,Iman Temporing,Sin Data
2026-09-29,Trabajoscom, Madrid, Madrid,Jefe/a de Obra,Sin Data,Sin Data,Indefinido,Jornada Completa,Sin Data,Iman Global Consulting,Sin Data
2026-09-29,Trabajoscom, Barcelona, Barcelona,Operador/a de pala cargadora - Biomasa,Sin Data,Sin Data,Indefinido,Jornada Completa,Sin Data,Iman Temporing,Sin Data
2026-09-29,Trabajoscom, Madrid, Madrid,Técnico/a de Estudios y Presupuestos (Reformas residenciales),Sin Data,Sin Data,Indefinido,Jornada Completa,Sin Data,Iman Global Consulting,Sin Data
2026-09-29,Trabajoscom, Pontevedra, Pontevedra,Enfermero/a - DUE Centro Residencial DomusVi Cangas,Sin Data,Sin Data,Indefinido,Jornada Completa,Sin Data,DomusVi,Sin Data
2026-09-29,Trabajoscom, Valencia, Valencia,Hornero/a supermercado,Sin Data,Sin Data,Indefinido,Jornada Completa,Sin Data,Iman Temporing,Sin Data
2026-09-29,Trabajoscom, Pontevedra, Pontevedra,Gerocultor/a - Auxiliar de enfermería Centro Residencial DomusVi Cangas,Sin Data,Sin Data,De duracion determinada,Jornada Completa,Sin Data,DomusVi,Sin Data
2026-09-29,Trabajoscom, León, León,Animador/a Sociocultural Centro Residencial DomusVi Nuestra Señora del Camino,Sin Data,Sin Data,Indefinido,Jornada Indiferente,Sin Data,DomusVi,Sin Data
2026-09-29,Trabajoscom, Madrid, Madrid,Azafato/a de Degustación - Nacional 9 y 10 Octubre,Sin Data,Sin Data,De duracion determinada,Jornada Completa,Sin Data,Crit Interim España ETT,Sin Data
2026-09-29,Trabajoscom, Murcia, Murcia,Conductor/a de camión,Sin Data,Sin Data,De duracion determinada,Jornada Completa,Sin Data,Iman Temporing,Sin Data
2026-09-29,Trabajoscom, Zaragoza, Zaragoza,Gerocultor/a - Auxiliar de enfermería Centro Residencial DomusVi Zalfonada,Sin Data,Sin Data,De duracion determinada,Jornada Completa,Sin Data,DomusVi,Sin Data
2026-09-29,Trabajoscom, Navarra, Navarra,Supervisor/a camareros/as de pisos (sustitución),Sin Data,Sin Data,De duracion determinada,Media Jornada,Sin Data,Citius Outsourcing,Sin Data
2026-09-29,Trabajoscom, Barcelona, Barcelona,Administrativo/a Logística,22.000 € - 22.500 €,Sin Data,Indefinido,Jornada Completa,Sin Data,Iman Temporing,Sin Data
2026-09-29,Trabajoscom, Sevilla, Sevilla,Jefe/a de Obra Pública,Sin Data,Sin Data,Indefinido,Jornada Completa,Sin Data,Crit Interim España ETT,Sin Data
2026-09-29,Trabajoscom,Córdoba,La Carlota,Aviserrano 4 - La Carlota,20.000 € - 30.000 €,Sin Data,Indefinido,Jornada Completa,Sin Data,Michael Page,Sin Data
2026-09-29,Trabajoscom,Cantabria,Vizcaya,Ingeniero de proyectos (h/m),38.000 € - 42.000 €,Sin Data,Indefinido,Jornada Completa,Sin Data,Michael Page,Sin Data
2026-09-29,Trabajoscom,Madrid,Madrid,Técnico de servicio industrial,38.000 € - 40.000 €,Sin Data,Indefinido,Jornada Completa,Sin Data,Michael Page,Sin Data
2026-09-29,Trabajoscom,Alicante,Alicante,Técnico/a de Calidad,22.000 € - 25.000 €,Sin Data,Indefinido,Jornada Completa,Sin Data,Michael Page,Sin Data
2026-09-29,Trabajoscom,Barcelona,Barcelona,Trainee - IT Consultant - Michael Page Barcelona,1 €,Sin Data,Indefinido,Jornada Completa,Sin Data,Michael Page,Sin Data
2026-09-29,Trabajoscom,Zaragoza,Zaragoza,Supplier Development Engineer,31.500 € - 38.500 €,Sin Data,Indefinido,Jornada Completa,Sin Data,Michael Page,Sin Data
2026-09-29,Trabajoscom,Girona,Girona,Responsable Compras zona Riudellots De La Selva,30.000 € - 40.000 €,Sin Data,Indefinido,Jornada Completa,Sin Data,Michael Page,Sin Data
2026-09-29,Trabajoscom,Madrid,Madrid,Responsable económico - financiero,40.000 € - 45.000 €,Sin Data,Indefinido,Jornada Completa,Sin Data,Michael Page,Sin Data
2026-09-29,Trabajoscom,Valencia,Valencia,Controller Financiero de Proyectos - Alrededores de Valencia,28.600 € - 40.000 €,Sin Data,Indefinido,Jornada Completa,Sin Data,Michael Page,Sin Data
2026-09-29,Trabajoscom,Sevilla,Sevilla,Office Manager Sevilla - Michael Page,18.000 € - 20.000 €,Sin Data,Indefinido,Jornada Completa,Sin Data,Michael Page,Sin Data
2026-09-29,Trabajoscom, Madrid, Madrid,Ingeniero/a Eléctrico/a QA/QC (Madrid),Sin Data,Sin Data,Indefinido,Jornada Completa,Sin Data,Iman Global Consulting,Sin Data
2026-09-29,Trabajoscom,Madrid,Madrid,Comercial/Desarrollo de negocio pádel,30.000 €,Sin Data,Indefinido,Jornada Completa,Sin Data,Michael Page,Sin Data
2026-09-29,Trabajoscom,Zaragoza,Zaragoza,Jefe/a de proyectos construcción industrializada,36.000 € - 44.000 €,Sin Data,Indefinido,Jornada Completa,Sin Data,Michael Page,Sin Data
2026-09-29,Trabajoscom,Barcelona,Barcelona,Area Mánager Europa (Italiano - Sector Industrial),35.000 € - 45.000 €,Sin Data,Indefinido,Jornada Completa,Sin Data,Michael Page,Sin Data
2026-09-29,Trabajoscom,Zaragoza,Zaragoza,Responsable de RRHH,30.000 € - 40.000 €,Sin Data,Indefinido,Jornada Completa,Sin Data,Michael Page,Sin Data
2026-09-29,Trabajoscom,Valencia,Sagunt/sagunto,Delegado Comercial,1.500 € - 4.000 €,Sin Data,Indefinido,Jornada Completa,Sin Data,Liheto Profesional,Sin Data
2026-09-29,Trabajoscom,Toledo,Todo Toledo,Personal de almacén en DSV | Países Bajos,15 € - 17 €,Sin Data,Indefinido,Jornada Intensiva,Sin Data,OTTO Work Force,Sin Data
2026-09-29,Trabajoscom,Valladolid,Todo Valladolid,Personal de almacén en DSV | Países Bajos,15 € - 17 €,Sin Data,Indefinido,Jornada Intensiva,Sin Data,OTTO Work Force,Sin Data
2026-09-29,Trabajoscom,Girona,Todo Girona,Personal de almacén en DSV | Países Bajos,15 € - 17 €,Sin Data,Indefinido,Jornada Intensiva,Sin Data,OTTO Work Force,Sin Data
2026-09-29,Trabajoscom,Valencia,Todo Valencia,Personal de almacén en DSV | Países Bajos,15 € - 17 €,Sin Data,Indefinido,Jornada Intensiva,Sin Data,OTTO Work Force,Sin Data
2026-09-29,Trabajoscom,Guadalajara,Todo Guadalajara,Personal de almacén en DSV | Países Bajos,15 € - 17 €,Sin Data,Indefinido,Jornada Intensiva,Sin Data,OTTO Work Force,Sin Data
2026-09-29,Trabajoscom,Cáceres,Todo Cáceres,Personal de almacén en DSV | Países Bajos,15 € - 17 €,Sin Data,Indefinido,Jornada Intensiva,Sin Data,OTTO Work Force,Sin Data
2026-09-29,Trabajoscom,Real,Todo Real,Preparador/a de Pedidos en Albert Heijn Online con Alojamiento Incluido,17 € - 18 €,Sin Data,Indefinido,Jornada Completa,Sin Data,OTTO Work Force,Sin Data
2026-09-29,Trabajoscom,Lugo,Todo Lugo,Preparador/a de Pedidos en Albert Heijn Online con Alojamiento Incluido,17 € - 18 €,Sin Data,Indefinido,Jornada Completa,Sin Data,OTTO Work Force,Sin Data
2026-09-29,Trabajoscom,Murcia,Todo Murcia,Preparador/a de Pedidos en Albert Heijn Online con Alojamiento Incluido,17 € - 18 €,Sin Data,Indefinido,Jornada Completa,Sin Data,OTTO Work Force,Sin Data
2026-09-29,Trabajoscom,Rioja,Todo Rioja,Preparador/a de Pedidos en Albert Heijn Online con Alojamiento Incluido,17 € - 18 €,Sin Data,Indefinido,Jornada Completa,Sin Data,OTTO Work Force,Sin Data
2026-09-29,Trabajoscom,Guadalajara,Todo Guadalajara,Preparador/a de Pedidos en Albert Heijn Online con Alojamiento Incluido,17 € - 18 €,Sin Data,Indefinido,Jornada Completa,Sin Data,OTTO Work Force,Sin Data
2026-09-29,Trabajoscom,Lleida,Todo Lleida,Preparador/a de Pedidos en Albert Heijn Online con Alojamiento Incluido,17 € - 18 €,Sin Data,Indefinido,Jornada Completa,Sin Data,OTTO Work Force,Sin Data
2026-09-29,Trabajoscom,Gipuzkoa,Todo Gipuzkoa,Preparador/a de Pedidos en Albert Heijn Online con Alojamiento Incluido,17 € - 18 €,Sin Data,Indefinido,Jornada Completa,Sin Data,OTTO Work Force,Sin Data
2026-09-29,Trabajoscom,Jaén,Todo Jaén,Preparador/a de Pedidos en Albert Heijn Online con Alojamiento Incluido,17 € - 18 €,Sin Data,Indefinido,Jornada Completa,Sin Data,OTTO Work Force,Sin Data
2026-09-29,Trabajoscom,Castellón,Todo Castellón,Preparador/a de Pedidos en Albert Heijn Online con Alojamiento Incluido,17 € - 18 €,Sin Data,Indefinido,Jornada Completa,Sin Data,OTTO Work Force,Sin Data
2026-09-29,Trabajoscom,Tenerife,Todo Tenerife,Personal de almacén en DSV | Países Bajos,15 € - 17 €,Sin Data,Indefinido,Jornada Intensiva,Sin Data,OTTO Work Force,Sin Data
2026-09-29,Trabajoscom,Araba,Todo Araba,Preparador/a de Pedidos en Albert Heijn Online con Alojamiento Incluido,17 € - 18 €,Sin Data,Indefinido,Jornada Completa,Sin Data,OTTO Work Force,Sin Data
2026-09-29,Trabajoscom,Málaga,Todo Málaga,Personal de almacén en DSV | Países Bajos,15 € - 17 €,Sin Data,Indefinido,Jornada Intensiva,Sin Data,OTTO Work Force,Sin Data
2026-09-29,Trabajoscom,Huesca,Todo Huesca,Personal de almacén en DSV | Países Bajos,15 € - 17 €,Sin Data,Indefinido,Jornada Intensiva,Sin Data,OTTO Work Force,Sin Data
2026-09-29,Trabajoscom,Murcia,Todo Murcia,Personal de almacén en DSV | Países Bajos,15 € - 17 €,Sin Data,Indefinido,Jornada Intensiva,Sin Data,OTTO Work Force,Sin Data
2026-09-29,Trabajoscom,Zaragoza,Todo Zaragoza,Personal de almacén en DSV | Países Bajos,15 € - 17 €,Sin Data,Indefinido,Jornada Intensiva,Sin Data,OTTO Work Force,Sin Data
2026-09-29,Trabajoscom,Cuenca,Todo Cuenca,Personal de almacén en DSV | Países Bajos,15 € - 17 €,Sin Data,Indefinido,Jornada Intensiva,Sin Data,OTTO Work Force,Sin Data
2026-09-29,Trabajoscom,Toledo,Todo Toledo,Personal de almacén en DSV | Países Bajos,15 € - 17 €,Sin Data,Indefinido,Jornada Intensiva,Sin Data,OTTO Work Force,Sin Data
2026-09-29,Trabajoscom,Girona,Todo Girona,Personal de almacén en DSV | Países Bajos,15 € - 17 €,Sin Data,Indefinido,Jornada Intensiva,Sin Data,OTTO Work Force,Sin Data
2026-09-29,Trabajoscom,Valladolid,Todo Valladolid,Personal de almacén en DSV | Países Bajos,15 € - 17 €,Sin Data,Indefinido,Jornada Intensiva,Sin Data,OTTO Work Force,Sin Data
2026-09-29,Trabajoscom,Valencia,Todo Valencia,Personal de almacén en DSV | Países Bajos,15 € - 17 €,Sin Data,Indefinido,Jornada Intensiva,Sin Data,OTTO Work Force,Sin Data
2026-09-29,Trabajoscom,Cantabria,Todo Cantabria,Personal de almacén en DSV | Países Bajos,15 € - 17 €,Sin Data,Indefinido,Jornada Intensiva,Sin Data,OTTO Work Force,Sin Data
2026-09-29,Trabajoscom,Zamora,Todo Zamora,Preparador/a de Pedidos en Albert Heijn Online con Alojamiento Incluido,17 € - 18 €,Sin Data,Indefinido,Jornada Completa,Sin Data,OTTO Work Force,Sin Data
2026-09-29,Trabajoscom,Tenerife,Todo Tenerife,Preparador/a de Pedidos en Albert Heijn Online con Alojamiento Incluido,17 € - 18 €,Sin Data,Indefinido,Jornada Completa,Sin Data,OTTO Work Force,Sin Data
2026-09-29,Trabajoscom,Huelva,Todo Huelva,Preparador/a de Pedidos en Albert Heijn Online con Alojamiento Incluido,17 € - 18 €,Sin Data,Indefinido,Jornada Completa,Sin Data,OTTO Work Force,Sin Data
2026-09-29,Trabajoscom,Zaragoza,Todo Zaragoza,Preparador/a de Pedidos en Albert Heijn Online con Alojamiento Incluido,17 € - 18 €,Sin Data,Indefinido,Jornada Completa,Sin Data,OTTO Work Force,Sin Data
2026-09-29,Trabajoscom,Ourense,Todo Ourense,Preparador/a de Pedidos en Albert Heijn Online con Alojamiento Incluido,17 € - 18 €,Sin Data,Indefinido,Jornada Completa,Sin Data,OTTO Work Force,Sin Data
2026-09-29,Trabajoscom,Madrid,Todo Madrid,Operario/a de Almacén para GXO Logistics en Países Bajos,14 € - 16 €,Sin Data,Indefinido,Jornada Indiferente,Sin Data,OTTO Work Force,Sin Data
2026-09-29,Trabajoscom,Bizkaia,Todo Bizkaia,Repartidor/a en Albert Heijn con alojamiento incluido - Países Bajos,17 € - 18 €,Sin Data,Indefinido,Jornada Completa,Sin Data,OTTO Work Force,Sin Data
2026-09-29,Trabajoscom,Castellón,Todo Castellón,Repartidor/a en Albert Heijn con alojamiento incluido - Países Bajos,17 € - 18 €,Sin Data,Indefinido,Jornada Completa,Sin Data,OTTO Work Force,Sin Data
2026-09-29,Trabajoscom,Rioja,Todo Rioja,Operario/a de Almacén para GXO Logistics en Países Bajos,14 € - 16 €,Sin Data,Indefinido,Jornada Indiferente,Sin Data,OTTO Work Force,Sin Data
2026-09-29,Trabajoscom,Cáceres,Todo Cáceres,Repartidor/a en Albert Heijn con alojamiento incluido - Países Bajos,17 € - 18 €,Sin Data,Indefinido,Jornada Completa,Sin Data,OTTO Work Force,Sin Data
2026-09-29,Trabajoscom,Real,Todo Real,Repartidor/a en Albert Heijn con alojamiento incluido - Países Bajos,17 € - 18 €,Sin Data,Indefinido,Jornada Completa,Sin Data,OTTO Work Force,Sin Data
2026-09-29,Trabajoscom,Cuenca,Todo Cuenca,Repartidor/a en Albert Heijn con alojamiento incluido - Países Bajos,17 € - 18 €,Sin Data,Indefinido,Jornada Completa,Sin Data,OTTO Work Force,Sin Data
2026-09-29,Trabajoscom,Alicante,Todo Alicante,Repartidor/a en Albert Heijn con alojamiento incluido - Países Bajos,17 € - 18 €,Sin Data,Indefinido,Jornada Completa,Sin Data,OTTO Work Force,Sin Data
2026-09-29,Trabajoscom,Albacete,Todo Albacete,Repartidor/a en Albert Heijn con alojamiento incluido - Países Bajos,17 € - 18 €,Sin Data,Indefinido,Jornada Completa,Sin Data,OTTO Work Force,Sin Data
2026-09-29,Trabajoscom,Gipuzkoa,Todo Gipuzkoa,Repartidor/a en Albert Heijn con alojamiento incluido - Países Bajos,17 € - 18 €,Sin Data,Indefinido,Jornada Completa,Sin Data,OTTO Work Force,Sin Data
2026-09-29,Trabajoscom,Rioja,Todo Rioja,Repartidor/a en Albert Heijn con alojamiento incluido - Países Bajos,17 € - 18 €,Sin Data,Indefinido,Jornada Completa,Sin Data,OTTO Work Force,Sin Data
2026-09-29,Trabajoscom,Jaén,Todo Jaén,Repartidor/a en Albert Heijn con alojamiento incluido - Países Bajos,17 € - 18 €,Sin Data,Indefinido,Jornada Completa,Sin Data,OTTO Work Force,Sin Data
2026-09-29,Trabajoscom,Rioja,Todo Rioja,Repartidor/a en Albert Heijn con alojamiento incluido - Países Bajos,17 € - 18 €,Sin Data,Indefinido,Jornada Completa,Sin Data,OTTO Work Force,Sin Data
2026-09-29,Trabajoscom,Jaén,Todo Jaén,Repartidor/a en Albert Heijn con alojamiento incluido - Países Bajos,17 € - 18 €,Sin Data,Indefinido,Jornada Completa,Sin Data,OTTO Work Force,Sin Data
2026-09-29,Trabajoscom,Lleida,Todo Lleida,Repartidor/a en Albert Heijn con alojamiento incluido - Países Bajos,17 € - 18 €,Sin Data,Indefinido,Jornada Completa,Sin Data,OTTO Work Force,Sin Data
2026-09-29,Trabajoscom,Zaragoza,Todo Zaragoza,Repartidor/a en Albert Heijn con alojamiento incluido - Países Bajos,17 € - 18 €,Sin Data,Indefinido,Jornada Completa,Sin Data,OTTO Work Force,Sin Data
2026-09-29,Trabajoscom,Huelva,Todo Huelva,Repartidor/a en Albert Heijn con alojamiento incluido - Países Bajos,17 € - 18 €,Sin Data,Indefinido,Jornada Completa,Sin Data,OTTO Work Force,Sin Data
2026-09-29,Trabajoscom,Soria,Todo Soria,Repartidor/a en Albert Heijn con alojamiento incluido - Países Bajos,17 € - 18 €,Sin Data,Indefinido,Jornada Completa,Sin Data,OTTO Work Force,Sin Data
2026-09-29,Trabajoscom,Lugo,Todo Lugo,Repartidor/a en Albert Heijn con alojamiento incluido - Países Bajos,17 € - 18 €,Sin Data,Indefinido,Jornada Completa,Sin Data,OTTO Work Force,Sin Data
2026-09-29,Trabajoscom,Zamora,Todo Zamora,Repartidor/a en Albert Heijn con alojamiento incluido - Países Bajos,17 € - 18 €,Sin Data,Indefinido,Jornada Completa,Sin Data,OTTO Work Force,Sin Data
2026-09-29,Trabajoscom,Valencia,Todo Valencia,Repartidor/a en Albert Heijn con alojamiento incluido - Países Bajos,17 € - 18 €,Sin Data,Indefinido,Jornada Completa,Sin Data,OTTO Work Force,Sin Data
2026-09-29,Trabajoscom,Toledo,Todo Toledo,Repartidor/a en Albert Heijn con alojamiento incluido - Países Bajos,17 € - 18 €,Sin Data,Indefinido,Jornada Completa,Sin Data,OTTO Work Force,Sin Data
2026-09-29,Trabajoscom,Murcia,Todo Murcia,Repartidor/a en Albert Heijn con alojamiento incluido - Países Bajos,17 € - 18 €,Sin Data,Indefinido,Jornada Completa,Sin Data,OTTO Work Force,Sin Data
2026-09-29,Trabajoscom,Sevilla,Todo Sevilla,Repartidor/a en Albert Heijn con alojamiento incluido - Países Bajos,17 € - 18 €,Sin Data,Indefinido,Jornada Completa,Sin Data,OTTO Work Force,Sin Data
2026-09-29,Trabajoscom,Asturias,Todo Asturias,Operario/a de Almacén para GXO Logistics en Países Bajos,14 € - 16 €,Sin Data,Indefinido,Jornada Indiferente,Sin Data,OTTO Work Force,Sin Data
2026-09-29,Trabajoscom,Granada,Todo Granada,Comercial Asesor/a Sector Belleza y Salud Capilar en Granada,Sin Data,Sin Data,Indefinido,Jornada Completa,Sin Data,Laboratorios Kapyderm,Sin Data
2026-09-29,Trabajoscom,Bizkaia,Todo Bizkaia,Operario/a de Almacén para GXO Logistics en Países Bajos,14 € - 16 €,Sin Data,Indefinido,Jornada Indiferente,Sin Data,OTTO Work Force,Sin Data
2026-09-29,Trabajoscom,Tenerife,Todo Tenerife,Operario/a de Almacén para GXO Logistics en Países Bajos,14 € - 16 €,Sin Data,Indefinido,Jornada Indiferente,Sin Data,OTTO Work Force,Sin Data
2026-09-29,Trabajoscom,Burgos,Todo Burgos,Operario/a de Almacén para GXO Logistics en Países Bajos,14 € - 16 €,Sin Data,Indefinido,Jornada Indiferente,Sin Data,OTTO Work Force,Sin Data
2026-09-29,Trabajoscom,Guadalajara,Todo Guadalajara,Operario/a de Almacén para GXO Logistics en Países Bajos,14 € - 16 €,Sin Data,Indefinido,Jornada Indiferente,Sin Data,OTTO Work Force,Sin Data
2026-09-29,Trabajoscom,Baleares,Todo Baleares,Operario/a de Almacén para GXO Logistics en Países Bajos,14 € - 16 €,Sin Data,Indefinido,Jornada Indiferente,Sin Data,OTTO Work Force,Sin Data
2026-09-29,Trabajoscom,Gipuzkoa,Todo Gipuzkoa,Operario/a de Almacén para GXO Logistics en Países Bajos,14 € - 16 €,Sin Data,Indefinido,Jornada Indiferente,Sin Data,OTTO Work Force,Sin Data
2026-09-29,Trabajoscom,Real,Todo Real,Operario/a de Almacén para GXO Logistics en Países Bajos,14 € - 16 €,Sin Data,Indefinido,Jornada Indiferente,Sin Data,OTTO Work Force,Sin Data
2026-09-29,Trabajoscom,Barcelona,Todo Barcelona,Operario/a de Almacén para GXO Logistics en Países Bajos,14 € - 16 €,Sin Data,Indefinido,Jornada Indiferente,Sin Data,OTTO Work Force,Sin Data
2026-09-29,Trabajoscom,Navarra,Todo Navarra,Operario/a de Almacén para GXO Logistics en Países Bajos,14 € - 16 €,Sin Data,Indefinido,Jornada Indiferente,Sin Data,OTTO Work Force,Sin Data
2026-09-29,Trabajoscom,Badajoz,Todo Badajoz,Repartidor/a en Albert Heijn con alojamiento incluido - Países Bajos,17 € - 18 €,Sin Data,Indefinido,Jornada Completa,Sin Data,OTTO Work Force,Sin Data
2026-09-29,Trabajoscom,Pontevedra,Todo Pontevedra,Operario/a de Almacén para GXO Logistics en Países Bajos,14 € - 16 €,Sin Data,Indefinido,Jornada Indiferente,Sin Data,OTTO Work Force,Sin Data
2026-09-29,Trabajoscom,Palmas,Todo Palmas,Operario/a de Almacén para GXO Logistics en Países Bajos,14 € - 16 €,Sin Data,Indefinido,Jornada Indiferente,Sin Data,OTTO Work Force,Sin Data
2026-09-29,Trabajoscom,Granada,Todo Granada,Operario/a de Almacén para GXO Logistics en Países Bajos,14 € - 16 €,Sin Data,Indefinido,Jornada Indiferente,Sin Data,OTTO Work Force,Sin Data
2026-09-29,Trabajoscom,Huelva,Todo Huelva,Operario/a de Almacén para GXO Logistics en Países Bajos,14 € - 16 €,Sin Data,Indefinido,Jornada Indiferente,Sin Data,OTTO Work Force,Sin Data
2026-09-29,Trabajoscom,Melilla,Todo Melilla,Operario/a de Almacén para GXO Logistics en Países Bajos,14 € - 16 €,Sin Data,Indefinido,Jornada Indiferente,Sin Data,OTTO Work Force,Sin Data
2026-09-29,Trabajoscom,Girona,Todo Girona,Operario/a Almacén PVH (Tommy Hilfiger & Calvin Klein) con Alojamiento Incluido,15 € - 17 €,Sin Data,Indefinido,Jornada Intensiva,Sin Data,OTTO Work Force,Sin Data
2026-09-29,Trabajoscom,Badajoz,Todo Badajoz,Operario/a Almacén PVH (Tommy Hilfiger & Calvin Klein) con Alojamiento Incluido,15 € - 17 €,Sin Data,Indefinido,Jornada Intensiva,Sin Data,OTTO Work Force,Sin Data
2026-09-29,Trabajoscom,Burgos,Todo Burgos,Operario/a Almacén PVH (Tommy Hilfiger & Calvin Klein) con Alojamiento Incluido,15 € - 17 €,Sin Data,Indefinido,Jornada Intensiva,Sin Data,OTTO Work Force,Sin Data
2026-09-29,Trabajoscom,Baleares,Todo Baleares,Operario/a Almacén PVH (Tommy Hilfiger & Calvin Klein) con Alojamiento Incluido,15 € - 17 €,Sin Data,Indefinido,Jornada Intensiva,Sin Data,OTTO Work Force,Sin Data
2026-09-29,Trabajoscom,Cáceres,Todo Cáceres,Operario/a Almacén PVH (Tommy Hilfiger & Calvin Klein) con Alojamiento Incluido,15 € - 17 €,Sin Data,Indefinido,Jornada Intensiva,Sin Data,OTTO Work Force,Sin Data
2026-09-29,Trabajoscom,Murcia,Todo Murcia,Operario/a Almacén PVH (Tommy Hilfiger & Calvin Klein) con Alojamiento Incluido,15 € - 17 €,Sin Data,Indefinido,Jornada Intensiva,Sin Data,OTTO Work Force,Sin Data
2026-09-29,Trabajoscom,Huesca,Todo Huesca,Operario/a Almacén PVH (Tommy Hilfiger & Calvin Klein) con Alojamiento Incluido,15 € - 17 €,Sin Data,Indefinido,Jornada Intensiva,Sin Data,OTTO Work Force,Sin Data
2026-09-29,Trabajoscom,Lugo,Todo Lugo,Operario/a Almacén PVH (Tommy Hilfiger & Calvin Klein) con Alojamiento Incluido,15 € - 17 €,Sin Data,Indefinido,Jornada Intensiva,Sin Data,OTTO Work Force,Sin Data
2026-09-29,Trabajoscom,Soria,Todo Soria,Operario/a Almacén PVH (Tommy Hilfiger & Calvin Klein) con Alojamiento Incluido,15 € - 17 €,Sin Data,Indefinido,Jornada Intensiva,Sin Data,OTTO Work Force,Sin Data
2026-09-29,Trabajoscom,Segovia,Todo Segovia,Operario/a Almacén PVH (Tommy Hilfiger & Calvin Klein) con Alojamiento Incluido,15 € - 17 €,Sin Data,Indefinido,Jornada Intensiva,Sin Data,OTTO Work Force,Sin Data
2026-09-29,Trabajoscom,Tenerife,Todo Tenerife,Operario/a Almacén PVH (Tommy Hilfiger & Calvin Klein) con Alojamiento Incluido,15 € - 17 €,Sin Data,Indefinido,Jornada Intensiva,Sin Data,OTTO Work Force,Sin Data
2026-09-29,Trabajoscom,Burgos,Todo Burgos,Operario/a Almacén PVH (Tommy Hilfiger & Calvin Klein) con Alojamiento Incluido,15 € - 17 €,Sin Data,Indefinido,Jornada Intensiva,Sin Data,OTTO Work Force,Sin Data
2026-09-29,Trabajoscom,Baleares,Todo Baleares,Operario/a Almacén PVH (Tommy Hilfiger & Calvin Klein) con Alojamiento Incluido,15 € - 17 €,Sin Data,Indefinido,Jornada Intensiva,Sin Data,OTTO Work Force,Sin Data
2026-09-29,Trabajoscom,Huesca,Todo Huesca,Operario/a Almacén PVH (Tommy Hilfiger & Calvin Klein) con Alojamiento Incluido,15 € - 17 €,Sin Data,Indefinido,Jornada Intensiva,Sin Data,OTTO Work Force,Sin Data
2026-09-29,Trabajoscom,Cáceres,Todo Cáceres,Operario/a Almacén PVH (Tommy Hilfiger & Calvin Klein) con Alojamiento Incluido,15 € - 17 €,Sin Data,Indefinido,Jornada Intensiva,Sin Data,OTTO Work Force,Sin Data
2026-09-29,Trabajoscom,Ourense,Todo Ourense,Operario/a Almacén PVH (Tommy Hilfiger & Calvin Klein) con Alojamiento Incluido,15 € - 17 €,Sin Data,Indefinido,Jornada Intensiva,Sin Data,OTTO Work Force,Sin Data
2026-09-29,Trabajoscom,Palencia,Todo Palencia,Operario/a Almacén PVH (Tommy Hilfiger & Calvin Klein) con Alojamiento Incluido,15 € - 17 €,Sin Data,Indefinido,Jornada Intensiva,Sin Data,OTTO Work Force,Sin Data
2026-09-29,Trabajoscom,Tenerife,Todo Tenerife,Comercial Asesor/a Sector Belleza y Salud Capilar,Sin Data,Sin Data,Indefinido,Jornada Completa,Sin Data,Laboratorios Kapyderm,Sin Data
2026-09-29,Trabajoscom,Coruña,Todo Coruña,Operario/a Almacén PVH (Tommy Hilfiger & Calvin Klein) con Alojamiento Incluido,15 € - 17 €,Sin Data,Indefinido,Jornada Intensiva,Sin Data,OTTO Work Force,Sin Data
2026-09-29,Trabajoscom,Alicante,Todo Alicante,Operario/a Almacén PVH (Tommy Hilfiger & Calvin Klein) con Alojamiento Incluido,15 € - 17 €,Sin Data,Indefinido,Jornada Intensiva,Sin Data,OTTO Work Force,Sin Data
2026-09-29,Trabajoscom,Murcia,Todo Murcia,Operario/a Almacén PVH (Tommy Hilfiger & Calvin Klein) con Alojamiento Incluido,15 € - 17 €,Sin Data,Indefinido,Jornada Intensiva,Sin Data,OTTO Work Force,Sin Data
2026-09-29,Trabajoscom,Lugo,Todo Lugo,Operario/a Almacén PVH (Tommy Hilfiger & Calvin Klein) con Alojamiento Incluido,15 € - 17 €,Sin Data,Indefinido,Jornada Intensiva,Sin Data,OTTO Work Force,Sin Data
2026-09-29,Trabajoscom,Soria,Todo Soria,Operario/a Almacén PVH (Tommy Hilfiger & Calvin Klein) con Alojamiento Incluido,15 € - 17 €,Sin Data,Indefinido,Jornada Intensiva,Sin Data,OTTO Work Force,Sin Data
2026-09-29,Trabajoscom,Segovia,Todo Segovia,Operario/a Almacén PVH (Tommy Hilfiger & Calvin Klein) con Alojamiento Incluido,15 € - 17 €,Sin Data,Indefinido,Jornada Intensiva,Sin Data,OTTO Work Force,Sin Data
2026-09-29,Trabajoscom,Tenerife,Todo Tenerife,Operario/a Almacén PVH (Tommy Hilfiger & Calvin Klein) con Alojamiento Incluido,15 € - 17 €,Sin Data,Indefinido,Jornada Intensiva,Sin Data,OTTO Work Force,Sin Data
2026-09-29,Trabajoscom,Madrid,Las Rozas De Madrid,Repartidor/a. Zona Noroeste. Estable,Sin Data,Sin Data,De duracion determinada,Jornada Completa,Sin Data,Grupo Adecco,Sin Data
2026-09-29,Trabajoscom,Madrid,Valdeolmos-Alalpardo,Maquinista de troquelado - turnos rotativos - Zona Valdeolmos Alalpardo,21.000 € - 24.000 €,Sin Data,De duracion determinada,Jornada Completa,Sin Data,Temps,Sin Data
2026-09-29,Trabajoscom,Valencia,Valencia,Auxiliar técnico/a de PRL,23.000 € - 24.000 €,Sin Data,De duracion determinada,Jornada Completa,Sin Data,Temps,Sin Data
2026-09-29,Trabajoscom,Pontevedra,Vigo,Consultor/a de Selección VIGO- sector RETAIL,Sin Data,Sin Data,De duracion determinada,Jornada Completa,Sin Data,Grupo Adecco,Sin Data
2026-09-29,Trabajoscom,Madrid,Todo Madrid,Asesor/a de crédito inmobiliario Fijo + Altas Comisiones,15.000 € - 25.000 €,Sin Data,Indefinido,Jornada Completa,Sin Data,Àkteon,Sin Data
2026-09-29,Trabajoscom,Barcelona,Todo Barcelona,Informador/a Crédito Hipotecario,15.000 € - 25.000 €,Sin Data,Indefinido,Jornada Completa,Sin Data,Àkteon,Sin Data
2026-09-29,Trabajoscom,Barcelona,Todo Barcelona,Asesor/a de crédito inmobiliario Fijo + Altas Comisiones,15.000 € - 25.000 €,Sin Data,Indefinido,Jornada Completa,Sin Data,Àkteon,Sin Data
2026-09-29,Trabajoscom,Valencia,Valencia,Teleoperador/a con Holandés Nativo/Bilingüe,Sin Data,Sin Data,De duracion determinada,Jornada Completa,Sin Data,Grupo Adecco,Sin Data
2026-09-29,Trabajoscom,Madrid,Madrid,AYUDANTE DE AUDITORIA,21.000 € - 24.000 €,Sin Data,Indefinido,Jornada Completa,Sin Data,Dq Auditores De Cuentas,Sin Data
2026-09-29,Trabajoscom,Coruña,Todo Coruña,Assistente di volo per Emirates – Alloggio incluso + Stipendio esentasse negli EAU,2.600 € - 2.700 €,Sin Data,Indefinido,Jornada Completa,Sin Data,EMIRATES Airline Italia,Sin Data
2026-09-29,Trabajoscom,Gipuzkoa,Todo Gipuzkoa,Responsable Comercial de Formación B2C,Sin Data,Sin Data,Indefinido,Jornada Completa,Sin Data,AdegiLan,Sin Data
2026-09-29,Trabajoscom,Ávila,Todo Ávila,Assistente di volo per Emirates – Alloggio incluso + Stipendio esentasse negli EAU,2.600 € - 2.700 €,Sin Data,Indefinido,Jornada Completa,Sin Data,EMIRATES Airline Italia,Sin Data
2026-09-29,Trabajoscom,Castellón,Todo Castellón,Assistente di volo per Emirates – Alloggio incluso + Stipendio esentasse negli EAU,2.600 € - 2.700 €,Sin Data,Indefinido,Jornada Completa,Sin Data,EMIRATES Airline Italia,Sin Data
2026-09-29,Trabajoscom,Bizkaia,Todo Bizkaia,Assistente di volo per Emirates – Alloggio incluso + Stipendio esentasse negli EAU,2.600 € - 2.700 €,Sin Data,Indefinido,Jornada Completa,Sin Data,EMIRATES Airline Italia,Sin Data
2026-09-29,Trabajoscom,Huelva,Todo Huelva,Assistente di volo per Emirates – Alloggio incluso + Stipendio esentasse negli EAU,2.600 € - 2.700 €,Sin Data,Indefinido,Jornada Completa,Sin Data,EMIRATES Airline Italia,Sin Data
2026-09-29,Trabajoscom,Guadalajara,Todo Guadalajara,Assistente di volo per Emirates – Alloggio incluso + Stipendio esentasse negli EAU,2.600 € - 2.700 €,Sin Data,Indefinido,Jornada Completa,Sin Data,EMIRATES Airline Italia,Sin Data
2026-09-29,Trabajoscom,Gipuzkoa,Todo Gipuzkoa,CALDERERO/A,Sin Data,Sin Data,Indefinido,Jornada Completa,Sin Data,AdegiLan,Sin Data
2026-09-29,Trabajoscom,Real,Todo Real,Assistente di volo per Emirates – Alloggio incluso + Stipendio esentasse negli EAU,2.600 € - 2.700 €,Sin Data,Indefinido,Jornada Completa,Sin Data,EMIRATES Airline Italia,Sin Data
2026-09-29,Trabajoscom,Gipuzkoa,Todo Gipuzkoa,Operario/a de mecanizado,Sin Data,Sin Data,De duracion determinada,Jornada Completa,Sin Data,AdegiLan,Sin Data
2026-09-29,Trabajoscom,Bizkaia,Todo Bizkaia,Analista de Datos,Sin Data,Sin Data,De duracion determinada,Jornada Completa,Sin Data,AdegiLan,Sin Data
2026-09-29,Trabajoscom,Melilla,Todo Melilla,Assistente di volo per Emirates – Alloggio incluso + Stipendio esentasse negli EAU,2.600 € - 2.700 €,Sin Data,Indefinido,Jornada Completa,Sin Data,EMIRATES Airline Italia,Sin Data
2026-09-29,Trabajoscom,Gipuzkoa,Todo Gipuzkoa,Personal de muelle,18 € - 30 €,Sin Data,De duracion determinada,Jornada Completa,Sin Data,AdegiLan,Sin Data
2026-09-29,Trabajoscom,Gipuzkoa,Todo Gipuzkoa,Consultor/ra,18 € - 30 €,Sin Data,De duracion determinada,Jornada Completa,Sin Data,AdegiLan,Sin Data
2026-09-29,Trabajoscom,Ourense,Todo Ourense,Assistente di volo per Emirates – Alloggio incluso + Stipendio esentasse negli EAU,2.600 € - 2.700 €,Sin Data,Indefinido,Jornada Completa,Sin Data,EMIRATES Airline Italia,Sin Data
2026-09-29,Trabajoscom,Bizkaia,Todo Bizkaia,Técnico/Técnica en Sistemas Informáticos y de Redes,Sin Data,Sin Data,De duracion determinada,Jornada Completa,Sin Data,AdegiLan,Sin Data
2026-09-29,Trabajoscom,Gipuzkoa,Todo Gipuzkoa,Delegado/a en Gipuzkoa,42 € - 54 €,Sin Data,Indefinido,Jornada Completa,Sin Data,AdegiLan,Sin Data
2026-09-29,Trabajoscom,Gipuzkoa,Todo Gipuzkoa,Electrónico/a,Sin Data,Sin Data,Indefinido,Jornada Completa,Sin Data,AdegiLan,Sin Data
2026-09-29,Trabajoscom,Tenerife,Todo Tenerife,Assistente di volo per Emirates – Alloggio incluso + Stipendio esentasse negli EAU,2.600 € - 2.700 €,Sin Data,Indefinido,Jornada Completa,Sin Data,EMIRATES Airline Italia,Sin Data
2026-09-29,Trabajoscom,Gipuzkoa,Todo Gipuzkoa,DIRECTOR/A FINANCIERO/A,Sin Data,Sin Data,Indefinido,Jornada Completa,Sin Data,AdegiLan,Sin Data
2026-09-29,Trabajoscom,Valencia,Todo Valencia,Assistente di volo per Emirates – Alloggio incluso + Stipendio esentasse negli EAU,2.600 € - 2.700 €,Sin Data,Indefinido,Jornada Completa,Sin Data,EMIRATES Airline Italia,Sin Data
2026-09-29,Trabajoscom,Gipuzkoa,Todo Gipuzkoa,Tecnico/a de PRL y Medio Ambiente,Sin Data,Sin Data,Indefinido,Jornada Completa,Sin Data,AdegiLan,Sin Data
2026-09-29,Trabajoscom,Pontevedra,Todo Pontevedra,Assistente di volo per Emirates – Alloggio incluso + Stipendio esentasse negli EAU,2.600 € - 2.700 €,Sin Data,Indefinido,Jornada Completa,Sin Data,EMIRATES Airline Italia,Sin Data
2026-09-29,Trabajoscom,Teruel,Todo Teruel,Assistente di volo per Emirates – Alloggio incluso + Stipendio esentasse negli EAU,2.600 € - 2.700 €,Sin Data,Indefinido,Jornada Completa,Sin Data,EMIRATES Airline Italia,Sin Data
2026-09-29,Trabajoscom,Valladolid,Todo Valladolid,Assistente di volo per Emirates – Alloggio incluso + Stipendio esentasse negli EAU,2.600 € - 2.700 €,Sin Data,Indefinido,Jornada Completa,Sin Data,EMIRATES Airline Italia,Sin Data
2026-09-29,Trabajoscom,Zaragoza,Figueruelas,Operarios/as de línea de montaje Stellantis Zaragoza,Sin Data,Sin Data,Indefinido,Jornada Completa,Sin Data,Grupo Adecco,Sin Data
2026-09-29,Trabajoscom,Barcelona,Rubi,Gruista,32.000 € - 33.000 €,Sin Data,Indefinido,Jornada Completa,Sin Data,Vanaguer,Sin Data
2026-09-29,Trabajoscom,Sevilla,Mairena Del Aljarafe,"Auxiliar Administrativo/a Contable – TUSOL Sistemas Energéticos, S. L. U.  (Sevilla)",1.200 €,Sin Data,Indefinido,Jornada Completa,Sin Data,Tusol Sistemas Energéticos,Sin Data
2026-09-29,Trabajoscom,Barcelona,Barcelona,TECNICO SUPERIOR RIESGOS LABORALES,22.000 € - 300.000 €,Sin Data,Indefinido,Jornada Indiferente,Sin Data,Vimelab,Sin Data
2026-09-29,Trabajoscom,Barcelona,Barcelona,MEDICO DEL TRABAJO,Sin Data,Sin Data,Indefinido,Jornada Completa,Sin Data,Vimelab,Sin Data
2026-09-29,Trabajoscom,Madrid,Todo Madrid,Oficiales Electricistas – Madrid,2.000 € - 2.200 €,Sin Data,Fijo discontinuo,Jornada Completa,Sin Data,Franmar Work Solution,Sin Data
2026-09-29,Trabajoscom,Cádiz,La Linea De La Concepcion,Oficiales ELECTRICISTA – Gibraltar,Sin Data,Sin Data,Fijo discontinuo,Jornada Completa,Sin Data,Franmar Work Solution,Sin Data
2026-09-29,Trabajoscom,Sevilla,Sevilla,Oficiales Electricistas Sevilla,2.000 € - 2.200 €,Sin Data,Fijo discontinuo,Jornada Completa,Sin Data,Franmar Work Solution,Sin Data
2026-09-29,Trabajoscom,Barcelona,Granollers,CNC TORNERO/A CON EXPERIENCIA,Sin Data,Sin Data,Indefinido,Jornada Completa,Sin Data,Grupo Adecco,Sin Data
2026-09-29,Trabajoscom,Madrid,Madrid,⚡ Oficial de 1ª Electricista – Madrid.,Sin Data,Sin Data,Indefinido,Jornada Completa,Sin Data,Ocean Facility Services,Sin Data
2026-09-29,Trabajoscom, Barcelona, Barcelona,PROFESIONAL LIMPIEZA (CORRÓ D'AVALL-LES FRANQUESES DEL VALLÈS- ID 74187),228 €,Sin Data,Indefinido,Media Jornada,Sin Data,Multiserveis Ndavant,Sin Data
2026-09-29,Trabajoscom,Murcia,San Pedro Del Pinatar,Ingeniero/a Agrícola I+D,Sin Data,Sin Data,Indefinido,Jornada Completa,Sin Data,Grupo Adecco,Sin Data
2026-09-29,Trabajoscom,Madrid,Madrid,Meeting Planner Pharma,Sin Data,Sin Data,De duracion determinada,Jornada Completa,Sin Data,Grupo Adecco,Sin Data
2026-09-29,Trabajoscom,Madrid,San Fernando De Henares,Soldador Cerrajero para San Fernando de Henares (8826),23.000 € - 26.000 €,Sin Data,Indefinido,Jornada Completa,Sin Data,Human Simbio Consulting,Sin Data
2026-09-29,Trabajoscom,Málaga,Mollina,Operario/a de Montaje de Equipos Eléctricos,Sin Data,Sin Data,Indefinido,Jornada Completa,Sin Data,Grupo Adecco,Sin Data
2026-09-29,Trabajoscom,Madrid,Madrid,MONITORES ACTIVIDADES FÍSICAS PARA CENTROS CULTURALES,Sin Data,Sin Data,A tiempo parcial,Trabajo Por Horas,Sin Data,Grupo Educativo,Sin Data
2026-09-29,Trabajoscom,Málaga,Marbella,Reponedor/a en ruta en Marbella y Estepona(2 supers). Sábados/festivos. - 4h/sem. Indefini,142 € - 143 €,Sin Data,Indefinido,Media Jornada,Sin Data,Caher Servicios al Marketing,Sin Data
2026-09-29,Trabajoscom, Las Palmas, Las Palmas,Reponedor/a de Supermercados en ruta Arrecife(Lanzarote). -20h/sem. -Indefinido,714 € - 715 €,Sin Data,Indefinido,Media Jornada,Sin Data,Caher Servicios al Marketing,Sin Data
2026-09-29,Trabajoscom,Alicante,Santa Pola,Reponedor/a de supermercados para Carrefour Santa Pola - hasta el 21/09,569 € - 570 €,Sin Data,De duracion determinada,Media Jornada,Sin Data,Caher Servicios al Marketing,Sin Data
2026-09-29,Trabajoscom,Gipuzkoa,Irun,Reponedor/a de Supermercados en ruta en Irun. -40h/sem. -Interinidad larga,1.498 € - 1.499 €,Sin Data,De duracion determinada,Jornada Intensiva,Sin Data,Caher Servicios al Marketing,Sin Data
2026-09-29,Trabajoscom,Madrid,Madrid,CHOFER CON  EXPERIENCIA,12 €,Sin Data,A tiempo parcial,Jornada Indiferente,Sin Data,Workhotel ETT,Sin Data
2026-09-29,Trabajoscom,Madrid,Todo Madrid,CAMAREROS Y AYUDANTES PROFESIONALES DE LA HOSTELERÍA,11 € - 15 €,Sin Data,Fijo discontinuo,Jornada Indiferente,Sin Data,WORKHOTEL ETT,Sin Data
2026-09-29,Trabajoscom,Madrid,Madrid,Ayudante de Cocina,11 € - 13 €,Sin Data,A tiempo parcial,Trabajo Por Horas,Sin Data,Workhotel ETT,Sin Data
2026-09-29,Trabajoscom,Madrid,Madrid,COCINERO FIJO DE RESTAURANTE,1.900 € - 2.000 €,Sin Data,Fijo discontinuo,Jornada Completa,Sin Data,WORKHOTEL,Sin Data
2026-09-29,Trabajoscom,Madrid,Todo Madrid,ALICATADORES/SOLADORES.  ALOJAMIENTO GRATIS,23.050 € - 27.000 €,Sin Data,Indefinido,Jornada Completa,Sin Data,Comercializadora Mediterranea De Viviendas,Sin Data
2026-09-29,Trabajoscom,Castellón,Castellon De La Plana/castello De La Pla,YESEROS,24.000 € - 27.000 €,Sin Data,Indefinido,Jornada Completa,Sin Data,Comercializadora Mediterranea De Viviendas,Sin Data
2026-09-29,Trabajoscom,Madrid,Todo Madrid,OFICIAL 1º TABIQUERIA/GRAN FORMATO- ALOJAMIENTO GRATIS,23.050 € - 27.000 €,Sin Data,Indefinido,Jornada Completa,Sin Data,Comercializadora Mediterranea De Viviendas,Sin Data
2026-09-29,Trabajoscom,Toledo,Todo Toledo,ENCOFRADOR- ALOJAMIENTO GRATIS,23.050 € - 27.000 €,Sin Data,Indefinido,Jornada Completa,Sin Data,Comercializadora Mediterranea De Viviendas,Sin Data
2026-09-29,Trabajoscom,Teruel,Teruel,Técnico/a Mantenimiento Industrial,Sin Data,Sin Data,Indefinido,Jornada Completa,Sin Data,Grupo Adecco,Sin Data
2026-09-29,Trabajoscom,Barcelona,Todo Barcelona,MOZO/A DE ALMACÉN,Sin Data,Sin Data,Indefinido,Jornada Indiferente,Sin Data,RAS Interim,Sin Data
2026-09-29,Trabajoscom,Sevilla,Sevilla,OPERARIO/A DE PRODUCCIÓN - AZNALCÁZAR,Sin Data,Sin Data,De duracion determinada,Jornada Completa,Sin Data,Temps,Sin Data
2026-09-29,Trabajoscom,Valencia,Albuixech,ADMINISTRATIVO/A CONTABLE CON INGLÉS O FRANCÉS FLUIDO,Sin Data,Sin Data,Indefinido,Jornada Completa,Sin Data,Temps,Sin Data
2026-09-29,Trabajoscom,Málaga,Málaga,Repartidor/a Paquetería en Furgoneta para Málaga INCORPORACION INMEDIATA,1.500 € - 1.600 €,Sin Data,De duracion determinada,Jornada Completa,Sin Data,Temps,Sin Data
2026-09-29,Trabajoscom,Guadalajara,Guadalajara,MOZOS/AS DE ALMACEN PICKING - GUADALAJARA,17.185 €,Sin Data,De duracion determinada,Jornada Completa,Sin Data,Grupo Noa's,Sin Data
2026-09-29,Trabajoscom,Madrid,Meco,OPERARIO/A DE REVISIÓN DE ELECTRÓNICA,17.185 €,Sin Data,De duracion determinada,Jornada Completa,Sin Data,Grupo Noa's,Sin Data
2026-09-29,Trabajoscom,Madrid,Meco,MOZOS/AS  DE ALMACÉN -  PACKING MECO,17.185 €,Sin Data,De duracion determinada,Jornada Completa,Sin Data,Grupo Noa's,Sin Data
2026-09-29,Trabajoscom,Valencia,Rafelbuñol/rafelbunyol,OPERARIO/A DE INYECCIÓN DE PLÁSTICO (RAFELBUNYOL),Sin Data,Sin Data,Indefinido,Jornada Indiferente,Sin Data,RAS Interim,Sin Data
2026-09-29,Trabajoscom, Valencia, Valencia,MOZO/A DE ALMACÉN EN MONFORTE DEL CID,Sin Data,Sin Data,Indefinido,Jornada Indiferente,Sin Data,RAS Interim,Sin Data
2026-09-29,Trabajoscom,Toledo,Illescas,Mad Este Adminstrativo/a Dpto. Administración Illescas,Sin Data,Sin Data,Indefinido,Jornada Indiferente,Sin Data,Grupo DIA,Sin Data
2026-09-29,Trabajoscom,Barcelona,Sant Feliu De Llobregat,Jefe/a de Ventas - Techos y Pérgolas B2C BARCELONA,Sin Data,Sin Data,Indefinido,Jornada Indiferente,Sin Data,Lumon Cristales España,Sin Data
2026-09-29,Trabajoscom,Madrid,Getafe,Jefe/a Técnico Regional de Obra (Madrid Centro-Sur),Sin Data,Sin Data,Indefinido,Jornada Indiferente,Sin Data,Grupo DIA,Sin Data
2026-09-29,Trabajoscom,Sevilla,Dos Hermanas,Cajero/a Reponedor/a La Palma del Condado,Sin Data,Sin Data,Indefinido,Jornada Indiferente,Sin Data,Grupo DIA,Sin Data
2026-09-29,Trabajoscom,Alicante,Orihuela,Cajero/a Reponedor/a en Valencia,Sin Data,Sin Data,Indefinido,Jornada Indiferente,Sin Data,Grupo DIA,Sin Data
2026-09-29,Trabajoscom,Sevilla,Dos Hermanas,Cajero/a Reponedor/a CAMAS,Sin Data,Sin Data,Indefinido,Jornada Indiferente,Sin Data,Grupo DIA,Sin Data
2026-09-29,Trabajoscom, Valencia, Valencia,TÉCNICO/A DE CALIDAD,Sin Data,Sin Data,Indefinido,Jornada Indiferente,Sin Data,RAS Interim,Sin Data
2026-09-29,Trabajoscom,Barcelona,Todo Barcelona,MOZO/A DE ALMACÉN,Sin Data,Sin Data,Indefinido,Jornada Indiferente,Sin Data,RAS Interim,Sin Data
2026-09-29,Trabajoscom,Barcelona,Barcelona,MOZO/A CARGA Y DESCARGA,Sin Data,Sin Data,Indefinido,Jornada Indiferente,Sin Data,RAS Interim,Sin Data
2026-09-29,Trabajoscom, Madrid, Madrid,Operador/a Back office - Getafe,Sin Data,Sin Data,De duracion determinada,Jornada Completa,Sin Data,Iman Temporing,Sin Data
2026-09-29,Trabajoscom, Alicante, Alicante,Operario/a de inyección de plástico,Sin Data,Sin Data,De duracion determinada,Jornada Completa,Sin Data,Iman Temporing,Sin Data
2026-09-29,Trabajoscom, Málaga, Málaga,Mantenimiento industrial - Alimentación (H/M),28.000 € - 33.000 €,Sin Data,Indefinido,Jornada Completa,Sin Data,Crit Interim España ETT,Sin Data
2026-09-29,Trabajoscom, Barcelona, Barcelona,Operario/a de Producción - Impresión Digital,Sin Data,Sin Data,De duracion determinada,Jornada Completa,Sin Data,Crit Interim España ETT,Sin Data
2026-09-29,Trabajoscom, Valencia, Valencia,Personal de Mantenimiento,Sin Data,Sin Data,Indefinido,Jornada Completa,Sin Data,Crit Interim España ETT,Sin Data
2026-09-29,Trabajoscom, Barcelona, Barcelona,Recepcionista,Sin Data,Sin Data,Indefinido,Jornada Completa,Sin Data,Iman Temporing,Sin Data
2026-09-29,Trabajoscom, Barcelona, Barcelona,Auxiliar dependiente/a Florista,Sin Data,Sin Data,De duracion determinada,Jornada Completa,Sin Data,Crit Interim España ETT,Sin Data
2026-09-29,Trabajoscom, Madrid, Madrid,Administrativo/a Comercial Sucursal Seguros.,18.000 €,Sin Data,De duracion determinada,Jornada Completa,Sin Data,Iman Temporing,Sin Data
2026-09-29,Trabajoscom, Cádiz, Cádiz,Mecánico/a maquinaria pesada/agrícola,Sin Data,Sin Data,Indefinido,Jornada Completa,Sin Data,Crit Interim España ETT,Sin Data
2026-09-29,Trabajoscom, Jaén, Jaén,Electromecánico/a Vehículos Industriales,Sin Data,Sin Data,De duracion determinada,Jornada Completa,Sin Data,Crit Interim España ETT,Sin Data
2026-09-29,Trabajoscom, Barcelona, Barcelona,Mozo/a de almacén carretillero,22.451 €,Sin Data,De duracion determinada,Jornada Completa,Sin Data,Iman Temporing,Sin Data
2026-09-29,Trabajoscom, Barcelona, Barcelona,Auxiliar seguridad servicio 4 y 5 Octubre,Sin Data,Sin Data,De duracion determinada,Jornada Completa,Sin Data,Iman Temporing,Sin Data
2026-09-29,Trabajoscom, Madrid, Madrid,Agente de Rampa - Aeropuerto Madrid,Sin Data,Sin Data,De duracion determinada,Jornada Completa,Sin Data,Iman Temporing,Sin Data
2026-09-29,Trabajoscom, Zaragoza, Zaragoza,Dependiente/a panadería jornada parcial,Sin Data,Sin Data,De duracion determinada,Media Jornada,Sin Data,Iman Temporing,Sin Data
2026-09-29,Trabajoscom, Madrid, Madrid,Electromecánico/a,Sin Data,Sin Data,Indefinido,Jornada Completa,Sin Data,Iman Temporing,Sin Data
2026-09-29,Trabajoscom, La Rioja, La Rioja,TECNICO/A DE MANTENIMIENTO,29.000 € - 31.000 €,Sin Data,Indefinido,Jornada Completa,Sin Data,Iman Temporing,Sin Data
2026-09-29,Trabajoscom, Barcelona, Barcelona,Operario/a químico/a con carretilla,Sin Data,Sin Data,Indefinido,Jornada Completa,Sin Data,Iman Temporing,Sin Data
2026-09-29,Trabajoscom, Murcia, Murcia,Ayudante de Mantenimiento,18.000 € - 20.000 €,Sin Data,Indefinido,Jornada Completa,Sin Data,Crit Interim España ETT,Sin Data
2026-09-29,Trabajoscom, Barcelona, Barcelona,Limpiador/a para centro residencial,17.094 €,Sin Data,De duracion determinada,Jornada Completa,Sin Data,Iman Temporing,Sin Data
2026-09-29,Trabajoscom, Zaragoza, Zaragoza,Médico/a Centro Residencial DomusVi Fontibre,Sin Data,Sin Data,De duracion determinada,Media Jornada,Sin Data,DomusVi,Sin Data
2026-09-29,Trabajoscom, Tarragona, Tarragona,Mecánico/a,Sin Data,Sin Data,Indefinido,Jornada Completa,Sin Data,Iman Temporing,Sin Data
2026-09-29,Trabajoscom, Almería, Almería,Mozo cámara frigorífica (H/M),Sin Data,Sin Data,De duracion determinada,Jornada Completa,Sin Data,Crit Interim España ETT,Sin Data
2026-09-29,Trabajoscom, Navarra, Navarra,Operario/a de mecanizado - Inmdta,Sin Data,Sin Data,De duracion determinada,Jornada Completa,Sin Data,Iman Temporing,Sin Data
2026-09-29,Trabajoscom, Málaga, Málaga,Teleoperador/a Venta Formación bonificada,Sin Data,Sin Data,De duracion determinada,Jornada Completa,Sin Data,Iman Temporing,Sin Data
2026-09-29,Trabajoscom,Madrid,Madrid,Técnico de Selección Inglés C1 - Temporal 3 meses,25.000 €,Sin Data,De duracion determinada,Jornada Completa,Sin Data,Michael Page,Sin Data
2026-09-29,Trabajoscom, Barcelona, Barcelona,Perfiles de almacén - Barcelona (Sants),22.000 €,Sin Data,De duracion determinada,Jornada Completa,Sin Data,Pacto,Sin Data
2026-09-29,Trabajoscom, Araba, Araba,TÉCNICO/A ALMACÉN,Sin Data,Sin Data,De duracion determinada,Jornada Completa,Sin Data,Iman Temporing,Sin Data
2026-09-29,Trabajoscom, Barcelona, Barcelona,Manipulador/a,Sin Data,Sin Data,De duracion determinada,Jornada Completa,Sin Data,Crit Interim España ETT,Sin Data
2026-09-29,Trabajoscom, Valencia, Valencia,Empleado/a de supermercado,Sin Data,Sin Data,Indefinido,Jornada Completa,Sin Data,Iman Temporing,Sin Data
2026-09-29,Trabajoscom, Madrid, Madrid,Técnico/a laboral,Sin Data,Sin Data,Indefinido,Media Jornada,Sin Data,Pacto,Sin Data
2026-09-29,Trabajoscom, Navarra, Navarra,Operario/a de mecanizado - Inmdta,Sin Data,Sin Data,De duracion determinada,Jornada Completa,Sin Data,Iman Temporing,Sin Data
2026-09-29,Trabajoscom, Cádiz, Cádiz,Mecánico/a maquinaria pesada/agrícola,Sin Data,Sin Data,Indefinido,Jornada Completa,Sin Data,Crit Interim España ETT,Sin Data
2026-09-29,Trabajoscom, Jaén, Jaén,Electromecánico/a Vehículos Industriales,Sin Data,Sin Data,De duracion determinada,Jornada Completa,Sin Data,Crit Interim España ETT,Sin Data
2026-09-29,Trabajoscom, Barcelona, Barcelona,Mozo/a de almacén carretillero,22.451 €,Sin Data,De duracion determinada,Jornada Completa,Sin Data,Iman Temporing,Sin Data
2026-09-29,Trabajoscom, Barcelona, Barcelona,Auxiliar seguridad servicio 4 y 5 Octubre,Sin Data,Sin Data,De duracion determinada,Jornada Completa,Sin Data,Iman Temporing,Sin Data
2026-09-29,Trabajoscom, Madrid, Madrid,Agente de Rampa - Aeropuerto Madrid,Sin Data,Sin Data,De duracion determinada,Jornada Completa,Sin Data,Iman Temporing,Sin Data
2026-09-29,Trabajoscom, Zaragoza, Zaragoza,Dependiente/a panadería jornada parcial,Sin Data,Sin Data,De duracion determinada,Media Jornada,Sin Data,Iman Temporing,Sin Data
2026-09-29,Trabajoscom, Madrid, Madrid,Electromecánico/a,Sin Data,Sin Data,Indefinido,Jornada Completa,Sin Data,Iman Temporing,Sin Data
2026-09-29,Trabajoscom, Barcelona, Barcelona,Operario/a químico/a con carretilla,Sin Data,Sin Data,Indefinido,Jornada Completa,Sin Data,Iman Temporing,Sin Data
2026-09-29,Trabajoscom, Murcia, Murcia,Ayudante de Mantenimiento,18.000 € - 20.000 €,Sin Data,Indefinido,Jornada Completa,Sin Data,Crit Interim España ETT,Sin Data
2026-09-29,Trabajoscom, Barcelona, Barcelona,Limpiador/a para centro residencial,17.094 €,Sin Data,De duracion determinada,Jornada Completa,Sin Data,Iman Temporing,Sin Data
2026-09-29,Trabajoscom, Barcelona, Barcelona,Jefe/a de Grupo (Edificación) en Tenerife,Sin Data,Sin Data,Indefinido,Jornada Completa,Sin Data,Iman Global Consulting,Sin Data
2026-09-29,Trabajoscom, Madrid, Madrid,Programador/a de Automatización Industrial – PLC Rockwell/Siemens,30.000 € - 35.000 €,Sin Data,Indefinido,Jornada Completa,Sin Data,Iman Global Consulting,Sin Data
2026-09-29,Trabajoscom, Valladolid, Valladolid,Técnico/a de Comercio y Logística,29.856 € - 30.000 €,Sin Data,Indefinido,Jornada Completa,Sin Data,Iman Global Consulting,Sin Data
2026-09-29,Trabajoscom, Tarragona, Tarragona,Médico/a de Atención Domiciliaria Tortosa - Domusvi Healthcare,Sin Data,Sin Data,Autonomo,Jornada Completa,Sin Data,DomusVi,Sin Data
2026-09-29,Trabajoscom, Madrid, Madrid,Electromecánicos/as,Sin Data,Sin Data,Indefinido,Jornada Completa,Sin Data,Crit Interim España ETT,Sin Data
2026-09-29,Trabajoscom, Madrid, Madrid,Electromecánico/a Fin de Semana y Festivos,Sin Data,Sin Data,Indefinido,Jornada Completa,Sin Data,Crit Interim España ETT,Sin Data
2026-09-29,Trabajoscom, Madrid, Madrid,Tramitador/a de seguros automóvil / CICOS,Sin Data,Sin Data,De duracion determinada,Jornada Completa,Sin Data,Crit Interim España ETT,Sin Data
2026-09-29,Trabajoscom, Tarragona, Tarragona,Carretillero/a de Almacén polivalente,21.700 € - 22.000 €,Sin Data,De duracion determinada,Jornada Completa,Sin Data,Iman Temporing,Sin Data
2026-09-29,Trabajoscom, Lugo, Lugo,Técnico/a de mantenimiento,21.000 € - 21.100 €,Sin Data,De duracion determinada,Jornada Completa,Sin Data,Iman Temporing,Sin Data
2026-09-29,Trabajoscom,Zaragoza,Zaragoza,Técnico/a de estudios y presupuestos (proyectos eléctricos),30.000 € - 38.000 €,Sin Data,Indefinido,Jornada Completa,Sin Data,Michael Page,Sin Data
2026-09-29,Trabajoscom,Madrid,Madrid,Técnico de Selección Inglés C1 - Temporal 3 meses,25.000 €,Sin Data,De duracion determinada,Jornada Completa,Sin Data,Michael Page,Sin Data
2026-09-29,Trabajoscom,Barcelona,Barcelona,Contable General en Centelles,36.000 € - 42.000 €,Sin Data,Indefinido,Jornada Completa,Sin Data,Michael Page,Sin Data
2026-09-29,Trabajoscom,Zaragoza,Zaragoza,Ingeniero/a proyectos junior (industria 4.0),30.000 € - 40.000 €,Sin Data,Indefinido,Jornada Completa,Sin Data,Michael Page,Sin Data
2026-09-29,Trabajoscom,Barcelona,Barcelona,Consultor Odoo,36.000 € - 44.000 €,Sin Data,Indefinido,Jornada Completa,Sin Data,Michael Page,Sin Data
2026-09-29,Trabajoscom,Barcelona,Barcelona,Administracion y logistica de Hardware (Tech Solutions),18.000 € - 21.000 €,Sin Data,Indefinido,Jornada Completa,Sin Data,Michael Page,Sin Data
2026-09-29,Trabajoscom,Barcelona,Barcelona,Asesor Contable fiscal - Barcelona,30.000 € - 35.000 €,Sin Data,Indefinido,Jornada Completa,Sin Data,Michael Page,Sin Data
2026-09-29,Trabajoscom,Las Palmas,San Bartolome De Lanzarote,Comercial Horeca - Lanzarote,30.000 € - 35.000 €,Sin Data,Indefinido,Jornada Completa,Sin Data,Michael Page,Sin Data
2026-09-29,Trabajoscom,Barcelona,Barcelona,Real Estate Advisor | Residential & Luxury Properties,20.000 € - 35.000 €,Sin Data,Indefinido,Jornada Completa,Sin Data,Michael Page,Sin Data
2026-09-29,Trabajoscom,Madrid,Madrid,Executive Assistant con Inglés,40.000 € - 42.000 €,Sin Data,Indefinido,Jornada Completa,Sin Data,Michael Page,Sin Data
2026-09-29,Trabajoscom,Madrid,Madrid,Técnico/a Mecatrónico SAT Maquinaria Converting,35.000 € - 40.000 €,Sin Data,Indefinido,Jornada Completa,Sin Data,Michael Page,Sin Data
2026-09-29,Trabajoscom, Madrid, Madrid,Grabador/a de datos (Madrid Centro),Sin Data,Sin Data,De duracion determinada,Jornada Completa,Sin Data,Crit Interim España ETT,Sin Data
2026-09-29,Trabajoscom, Cantabria, Cantabria,Operario/a de Producción (Sector Metal) con TPM,Sin Data,Sin Data,De duracion determinada,Jornada Completa,Sin Data,Crit Interim España ETT,Sin Data
2026-09-29,Trabajoscom,Zaragoza,Zaragoza,Técnico/a Informático,28.800 € - 35.200 €,Sin Data,Indefinido,Jornada Completa,Sin Data,Michael Page,Sin Data
2026-09-29,Trabajoscom,Sevilla,Sevilla,Fiscalista Internacional - 3+ años de experiencia,30.000 € - 34.000 €,Sin Data,Indefinido,Jornada Completa,Sin Data,Michael Page,Sin Data
2026-09-29,Trabajoscom,Zaragoza,Zaragoza,Técnico/a de mantenimiento,27.000 € - 35.000 €,Sin Data,Indefinido,Jornada Completa,Sin Data,Michael Page,Sin Data
2026-09-29,Trabajoscom, Barcelona, Barcelona,Administrador/a MO365 & Azure,28.000 € - 32.000 €,Sin Data,Indefinido,Jornada Completa,Sin Data,Michael Page,Sin Data
2026-09-29,Trabajoscom, Barcelona, Barcelona,Administrativo/a de compras con Italiano C1 - Baix Llobregat,24.000 € - 28.000 €,Sin Data,Indefinido,Jornada Completa,Sin Data,Michael Page,Sin Data
2026-09-29,Trabajoscom, Barcelona, Barcelona,Operario logístico de almacén y stock - Baix Llobregat,21.000 € - 24.000 €,Sin Data,Indefinido,Jornada Completa,Sin Data,Michael Page,Sin Data
2026-09-29,Trabajoscom,Málaga,Marbella,Oficiales Electricistas – Marbella,2.000 € - 2.200 €,Sin Data,Fijo discontinuo,Jornada Completa,Sin Data,Franmar Work Solution,Sin Data
2026-09-29,Trabajoscom,Cádiz,Benalup-Casas Viejas,Oficiales de Maquinista Retro Excavadora -  Benalup Casas Viejas,Sin Data,Sin Data,Fijo discontinuo,Jornada Completa,Sin Data,Franmar Work Solution,Sin Data
2026-09-29,Trabajoscom,Toledo,Talavera De La Reina,Oficiales Electricistas – Toledo,2.000 € - 2.200 €,Sin Data,Fijo discontinuo,Jornada Completa,Sin Data,Franmar Work Solution,Sin Data
2026-09-29,Trabajoscom,Sevilla,Sevilla,Oficiales Fontaneros Sevilla,1.900 € - 2.100 €,Sin Data,Fijo discontinuo,Jornada Completa,Sin Data,Franmar Work Solution,Sin Data
2026-09-29,Trabajoscom,Cádiz,La Linea De La Concepcion,Oficiales Albañiles – Gibraltar,Sin Data,Sin Data,Fijo discontinuo,Jornada Completa,Sin Data,Franmar Work Solution,Sin Data
2026-09-29,Trabajoscom,Sevilla,Sevilla,Oficiales Climatización Sevilla,1.900 € - 2.100 €,Sin Data,Fijo discontinuo,Jornada Completa,Sin Data,Franmar Work Solution,Sin Data
2026-09-29,Trabajoscom,Asturias,Llanes,FRIGORISTA,Sin Data,Sin Data,Indefinido,Jornada Completa,Sin Data,Hostelor-Mantenimientos del Oriente,Sin Data
2026-09-29,Trabajoscom,Madrid,Madrid,🧑‍🔧 Técnico Polivalente de Mantenimiento – Turnos Rotativos,Sin Data,Sin Data,Indefinido,Jornada Completa,Sin Data,Ocean Facility Services,Sin Data
2026-09-29,Trabajoscom,Barcelona,Abrera,Técnico/a de Ensayos Eléctricos,Sin Data,Sin Data,Indefinido,Jornada Intensiva,Sin Data,Grupo Adecco,Sin Data
2026-09-29,Trabajoscom,Madrid,Todo Madrid,❄️ Oficial de 1ª Frigorista Mantenimiento en Madrid - Indefinido y Jornada Completa,Sin Data,Sin Data,Indefinido,Jornada Completa,Sin Data,Ocean Facility Services,Sin Data
2026-09-29,Trabajoscom,Barcelona,Sant Boi De Llobregat,Vendedor/a Seguros del Hogar (CC Sant Boi),Sin Data,Sin Data,Indefinido,Jornada Completa,Sin Data,Grupo Adecco,Sin Data
2026-09-29,Trabajoscom,Bizkaia,Bilbao,Rectificador/a Industrial - Abanto y Ciérvana,Sin Data,Sin Data,Indefinido,Jornada Completa,Sin Data,Temps,Sin Data
2026-09-29,Trabajoscom,A Coruña,Cambre,Repartidor/a de paquetería,Sin Data,Sin Data,De duracion determinada,Jornada Completa,Sin Data,Temps,Sin Data
2026-09-29,Trabajoscom,Barcelona,Barcelona,"OFICIAL 1ª ELECTRICISTA INDUSTRIAL (ELECTRICIDAD, POTENCIA Y CONTROL)",30.000 € - 36.000 €,Sin Data,Indefinido,Jornada Completa,Sin Data,Temps,Sin Data
2026-09-29,Trabajoscom,Barcelona,Sant Quirze Safaja,MANIPULADOR/A SECTOR ARTES GRAFICAS,Sin Data,Sin Data,Indefinido,Jornada Indiferente,Sin Data,RAS Interim,Sin Data
2026-09-29,Trabajoscom,Tarragona,Tarragona,Administrativo/a,Sin Data,Sin Data,De duracion determinada,Media Jornada,Sin Data,Grupo Adecco,Sin Data
2026-09-29,Trabajoscom,Burgos,Todo Burgos,Assistente di volo per Emirates – Alloggio incluso + Stipendio esentasse negli EAU,2.600 € - 2.700 €,Sin Data,Indefinido,Jornada Completa,Sin Data,EMIRATES Airline Italia,Sin Data
2026-09-29,Trabajoscom,Asturias,Todo Asturias,Assistente di volo per Emirates – Alloggio incluso + Stipendio esentasse negli EAU,2.600 € - 2.700 €,Sin Data,Indefinido,Jornada Completa,Sin Data,EMIRATES Airline Italia,Sin Data
2026-09-29,Trabajoscom,Badajoz,Todo Badajoz,Assistente di volo per Emirates – Alloggio incluso + Stipendio esentasse negli EAU,2.600 € - 2.700 €,Sin Data,Indefinido,Jornada Completa,Sin Data,EMIRATES Airline Italia,Sin Data
2026-09-29,Trabajoscom,Araba,Todo Araba,Assistente di volo per Emirates – Alloggio incluso + Stipendio esentasse negli EAU,2.600 € - 2.700 €,Sin Data,Indefinido,Jornada Completa,Sin Data,EMIRATES Airline Italia,Sin Data
2026-09-29,Trabajoscom,Baleares,Todo Baleares,Assistente di volo per Emirates – Alloggio incluso + Stipendio esentasse negli EAU,2.600 € - 2.700 €,Sin Data,Indefinido,Jornada Completa,Sin Data,EMIRATES Airline Italia,Sin Data
2026-09-29,Trabajoscom,Ceuta,Todo Ceuta,Assistente di volo per Emirates – Alloggio incluso + Stipendio esentasse negli EAU,2.600 € - 2.700 €,Sin Data,Indefinido,Jornada Completa,Sin Data,EMIRATES Airline Italia,Sin Data
2026-09-29,Trabajoscom,Albacete,Todo Albacete,Assistente di volo per Emirates – Alloggio incluso + Stipendio esentasse negli EAU,2.600 € - 2.700 €,Sin Data,Indefinido,Jornada Completa,Sin Data,EMIRATES Airline Italia,Sin Data
2026-09-29,Trabajoscom,Gipuzkoa,Todo Gipuzkoa,Assistente di volo per Emirates – Alloggio incluso + Stipendio esentasse negli EAU,2.600 € - 2.700 €,Sin Data,Indefinido,Jornada Completa,Sin Data,EMIRATES Airline Italia,Sin Data
2026-09-29,Trabajoscom,Córdoba,Todo Córdoba,Assistente di volo per Emirates – Alloggio incluso + Stipendio esentasse negli EAU,2.600 € - 2.700 €,Sin Data,Indefinido,Jornada Completa,Sin Data,EMIRATES Airline Italia,Sin Data
2026-09-29,Trabajoscom,Málaga,Todo Málaga,Assistente di volo per Emirates – Alloggio incluso + Stipendio esentasse negli EAU,2.600 € - 2.700 €,Sin Data,Indefinido,Jornada Completa,Sin Data,EMIRATES Airline Italia,Sin Data
2026-09-29,Trabajoscom,Palencia,Todo Palencia,Assistente di volo per Emirates – Alloggio incluso + Stipendio esentasse negli EAU,2.600 € - 2.700 €,Sin Data,Indefinido,Jornada Completa,Sin Data,EMIRATES Airline Italia,Sin Data
2026-09-29,Trabajoscom,Jaén,Todo Jaén,Assistente di volo per Emirates – Alloggio incluso + Stipendio esentasse negli EAU,2.600 € - 2.700 €,Sin Data,Indefinido,Jornada Completa,Sin Data,EMIRATES Airline Italia,Sin Data
2026-09-29,Trabajoscom,Lugo,Todo Lugo,Assistente di volo per Emirates – Alloggio incluso + Stipendio esentasse negli EAU,2.600 € - 2.700 €,Sin Data,Indefinido,Jornada Completa,Sin Data,EMIRATES Airline Italia,Sin Data
2026-09-29,Trabajoscom,Navarra,Todo Navarra,Assistente di volo per Emirates – Alloggio incluso + Stipendio esentasse negli EAU,2.600 € - 2.700 €,Sin Data,Indefinido,Jornada Completa,Sin Data,EMIRATES Airline Italia,Sin Data
2026-09-29,Trabajoscom,Gipuzkoa,Todo Gipuzkoa,RESPONSABLE DE PRODUCCIÓN,Sin Data,Sin Data,Indefinido,Jornada Indiferente,Sin Data,AdegiLan,Sin Data
2026-09-29,Trabajoscom,Palmas,Todo Palmas,Assistente di volo per Emirates – Alloggio incluso + Stipendio esentasse negli EAU,2.600 € - 2.700 €,Sin Data,Indefinido,Jornada Completa,Sin Data,EMIRATES Airline Italia,Sin Data
2026-09-29,Trabajoscom,León,Todo León,Assistente di volo per Emirates – Alloggio incluso + Stipendio esentasse negli EAU,2.600 € - 2.700 €,Sin Data,Indefinido,Jornada Completa,Sin Data,EMIRATES Airline Italia,Sin Data
2026-09-29,Trabajoscom,Tarragona,Todo Tarragona,Assistente di volo per Emirates – Alloggio incluso + Stipendio esentasse negli EAU,2.600 € - 2.700 €,Sin Data,Indefinido,Jornada Completa,Sin Data,EMIRATES Airline Italia,Sin Data
2026-09-29,Trabajoscom,Zamora,Todo Zamora,Assistente di volo per Emirates – Alloggio incluso + Stipendio esentasse negli EAU,2.600 € - 2.700 €,Sin Data,Indefinido,Jornada Completa,Sin Data,EMIRATES Airline Italia,Sin Data
2026-09-29,Trabajoscom,Sevilla,Todo Sevilla,Assistente di volo per Emirates – Alloggio incluso + Stipendio esentasse negli EAU,2.600 € - 2.700 €,Sin Data,Indefinido,Jornada Completa,Sin Data,EMIRATES Airline Italia,Sin Data
2026-09-29,Trabajoscom,Gipuzkoa,Todo Gipuzkoa,Encargado/a de Montaje,Sin Data,Sin Data,Indefinido,Jornada Completa,Sin Data,AdegiLan,Sin Data
2026-09-29,Trabajoscom,León,León,FP OPERARIOS/AS PRODUCCION INDUSTRIA LACTEA,Sin Data,Sin Data,De duracion determinada,Media Jornada,Sin Data,Grupo Adecco,Sin Data
2026-09-29,Trabajoscom,Barcelona,El Prat De Llobregat,Conductor/a ADR | Sector Sanitario-Farmacéutico/a,Sin Data,Sin Data,De duracion determinada,Jornada Completa,Sin Data,Grupo Adecco,Sin Data
2026-09-29,Trabajoscom,Granada,Iznalloz,Monitor/a transporte escolar Iznalloz,Sin Data,Sin Data,Indefinido,Media Jornada,Sin Data,Grupo Adecco,Sin Data
2026-09-29,Trabajoscom,Barcelona,Gelida,Mozo/a almacén con retráctil,Sin Data,Sin Data,Indefinido,Jornada Completa,Sin Data,Grupo Adecco,Sin Data
2026-09-29,Trabajoscom,Madrid,Madrid,Electromecánico/a Junior - Mantenimiento Industrial,Sin Data,Sin Data,De duracion determinada,Jornada Completa,Sin Data,Grupo Adecco,Sin Data
2026-09-29,Trabajoscom,Barcelona,La Garriga,Instaladores de vidrio,Sin Data,Sin Data,Indefinido,Media Jornada,Sin Data,Grupo Adecco,Sin Data
2026-09-29,Trabajoscom,Baleares,Todo Baleares,Preparador/a de Pedidos en Albert Heijn Online con Alojamiento Incluido,17 € - 18 €,Sin Data,Indefinido,Jornada Completa,Sin Data,OTTO Work Force,Sin Data
2026-09-29,Trabajoscom,Bizkaia,Todo Bizkaia,Preparador/a de Pedidos en Albert Heijn Online con Alojamiento Incluido,17 € - 18 €,Sin Data,Indefinido,Jornada Completa,Sin Data,OTTO Work Force,Sin Data
2026-09-29,Trabajoscom,Cáceres,Todo Cáceres,Preparador/a de Pedidos en Albert Heijn Online con Alojamiento Incluido,17 € - 18 €,Sin Data,Indefinido,Jornada Completa,Sin Data,OTTO Work Force,Sin Data
2026-09-29,Trabajoscom,León,Todo León,Personal de almacén en DSV | Países Bajos,15 € - 17 €,Sin Data,Indefinido,Jornada Intensiva,Sin Data,OTTO Work Force,Sin Data
2026-09-29,Trabajoscom,Segovia,Todo Segovia,Personal de almacén en DSV | Países Bajos,15 € - 17 €,Sin Data,Indefinido,Jornada Intensiva,Sin Data,OTTO Work Force,Sin Data
2026-09-29,Trabajoscom,Madrid,Todo Madrid,Personal de almacén en DSV | Países Bajos,15 € - 17 €,Sin Data,Indefinido,Jornada Intensiva,Sin Data,OTTO Work Force,Sin Data
2026-09-29,Trabajoscom,Asturias,Todo Asturias,Preparador/a de Pedidos en Albert Heijn Online con Alojamiento Incluido,17 € - 18 €,Sin Data,Indefinido,Jornada Completa,Sin Data,OTTO Work Force,Sin Data
2026-09-29,Trabajoscom,Ourense,Todo Ourense,Personal de almacén en DSV | Países Bajos,15 € - 17 €,Sin Data,Indefinido,Jornada Intensiva,Sin Data,OTTO Work Force,Sin Data
2026-09-29,Trabajoscom,Salamanca,Todo Salamanca,Personal de almacén en DSV | Países Bajos,15 € - 17 €,Sin Data,Indefinido,Jornada Intensiva,Sin Data,OTTO Work Force,Sin Data
2026-09-29,Trabajoscom,Pontevedra,Todo Pontevedra,Personal de almacén en DSV | Países Bajos,15 € - 17 €,Sin Data,Indefinido,Jornada Intensiva,Sin Data,OTTO Work Force,Sin Data
2026-09-29,Trabajoscom,Coruña,Todo Coruña,Preparador/a de Pedidos en Albert Heijn Online con Alojamiento Incluido,17 € - 18 €,Sin Data,Indefinido,Jornada Completa,Sin Data,OTTO Work Force,Sin Data
2026-09-29,Trabajoscom,Melilla,Todo Melilla,Personal de almacén en DSV | Países Bajos,15 € - 17 €,Sin Data,Indefinido,Jornada Intensiva,Sin Data,OTTO Work Force,Sin Data
2026-09-29,Trabajoscom,Tarragona,Todo Tarragona,Personal de almacén en DSV | Países Bajos,15 € - 17 €,Sin Data,Indefinido,Jornada Intensiva,Sin Data,OTTO Work Force,Sin Data
2026-09-29,Trabajoscom,Albacete,Todo Albacete,Preparador/a de Pedidos en Albert Heijn Online con Alojamiento Incluido,17 € - 18 €,Sin Data,Indefinido,Jornada Completa,Sin Data,OTTO Work Force,Sin Data
2026-09-29,Trabajoscom,Alicante,Todo Alicante,Preparador/a de Pedidos en Albert Heijn Online con Alojamiento Incluido,17 € - 18 €,Sin Data,Indefinido,Jornada Completa,Sin Data,OTTO Work Force,Sin Data
2026-09-29,Trabajoscom,Ceuta,Todo Ceuta,Personal de almacén en DSV | Países Bajos,15 € - 17 €,Sin Data,Indefinido,Jornada Intensiva,Sin Data,OTTO Work Force,Sin Data
2026-09-29,Trabajoscom,Córdoba,Todo Córdoba,Personal de almacén en DSV | Países Bajos,15 € - 17 €,Sin Data,Indefinido,Jornada Intensiva,Sin Data,OTTO Work Force,Sin Data
2026-09-29,Trabajoscom,Coruña,Todo Coruña,Personal de almacén en DSV | Países Bajos,15 € - 17 €,Sin Data,Indefinido,Jornada Intensiva,Sin Data,OTTO Work Force,Sin Data
2026-09-29,Trabajoscom,Albacete,Todo Albacete,Personal de almacén en DSV | Países Bajos,15 € - 17 €,Sin Data,Indefinido,Jornada Intensiva,Sin Data,OTTO Work Force,Sin Data
2026-09-29,Trabajoscom,Ávila,Todo Ávila,Personal de almacén en DSV | Países Bajos,15 € - 17 €,Sin Data,Indefinido,Jornada Intensiva,Sin Data,OTTO Work Force,Sin Data
2026-09-29,Trabajoscom,Cádiz,Todo Cádiz,Personal de almacén en DSV | Países Bajos,15 € - 17 €,Sin Data,Indefinido,Jornada Intensiva,Sin Data,OTTO Work Force,Sin Data
2026-09-29,Trabajoscom,Alicante,Todo Alicante,Personal de almacén en DSV | Países Bajos,15 € - 17 €,Sin Data,Indefinido,Jornada Intensiva,Sin Data,OTTO Work Force,Sin Data
2026-09-29,Trabajoscom,Granada,Todo Granada,Personal de almacén en DSV | Países Bajos,15 € - 17 €,Sin Data,Indefinido,Jornada Intensiva,Sin Data,OTTO Work Force,Sin Data
2026-09-29,Trabajoscom,Badajoz,Todo Badajoz,Personal de almacén en DSV | Países Bajos,15 € - 17 €,Sin Data,Indefinido,Jornada Intensiva,Sin Data,OTTO Work Force,Sin Data
2026-09-29,Trabajoscom,Baleares,Todo Baleares,Personal de almacén en DSV | Países Bajos,15 € - 17 €,Sin Data,Indefinido,Jornada Intensiva,Sin Data,OTTO Work Force,Sin Data
2026-09-29,Trabajoscom,Madrid,Todo Madrid,Preparador/a de Pedidos en Albert Heijn Online con Alojamiento Incluido,17 € - 18 €,Sin Data,Indefinido,Jornada Completa,Sin Data,OTTO Work Force,Sin Data
2026-09-29,Trabajoscom,Bizkaia,Todo Bizkaia,Personal de almacén en DSV | Países Bajos,15 € - 17 €,Sin Data,Indefinido,Jornada Intensiva,Sin Data,OTTO Work Force,Sin Data
2026-09-29,Trabajoscom,Palmas,Todo Palmas,Personal de almacén en DSV | Países Bajos,15 € - 17 €,Sin Data,Indefinido,Jornada Intensiva,Sin Data,OTTO Work Force,Sin Data
2026-09-29,Trabajoscom,Valladolid,Todo Valladolid,Preparador/a de Pedidos en Albert Heijn Online con Alojamiento Incluido,17 € - 18 €,Sin Data,Indefinido,Jornada Completa,Sin Data,OTTO Work Force,Sin Data
2026-09-29,Trabajoscom,Palmas,Todo Palmas,Preparador/a de Pedidos en Albert Heijn Online con Alojamiento Incluido,17 € - 18 €,Sin Data,Indefinido,Jornada Completa,Sin Data,OTTO Work Force,Sin Data
2026-09-29,Trabajoscom,Palencia,Todo Palencia,Preparador/a de Pedidos en Albert Heijn Online con Alojamiento Incluido,17 € - 18 €,Sin Data,Indefinido,Jornada Completa,Sin Data,OTTO Work Force,Sin Data
2026-09-29,Trabajoscom,Navarra,Todo Navarra,Preparador/a de Pedidos en Albert Heijn Online con Alojamiento Incluido,17 € - 18 €,Sin Data,Indefinido,Jornada Completa,Sin Data,OTTO Work Force,Sin Data
2026-09-29,Trabajoscom,León,Todo León,Preparador/a de Pedidos en Albert Heijn Online con Alojamiento Incluido,17 € - 18 €,Sin Data,Indefinido,Jornada Completa,Sin Data,OTTO Work Force,Sin Data
2026-09-29,Trabajoscom,Pontevedra,Todo Pontevedra,Preparador/a de Pedidos en Albert Heijn Online con Alojamiento Incluido,17 € - 18 €,Sin Data,Indefinido,Jornada Completa,Sin Data,OTTO Work Force,Sin Data
2026-09-29,Trabajoscom,Huesca,Todo Huesca,Preparador/a de Pedidos en Albert Heijn Online con Alojamiento Incluido,17 € - 18 €,Sin Data,Indefinido,Jornada Completa,Sin Data,OTTO Work Force,Sin Data
2026-09-29,Trabajoscom,Tarragona,Todo Tarragona,Preparador/a de Pedidos en Albert Heijn Online con Alojamiento Incluido,17 € - 18 €,Sin Data,Indefinido,Jornada Completa,Sin Data,OTTO Work Force,Sin Data
2026-09-29,Trabajoscom,Toledo,Todo Toledo,Preparador/a de Pedidos en Albert Heijn Online con Alojamiento Incluido,17 € - 18 €,Sin Data,Indefinido,Jornada Completa,Sin Data,OTTO Work Force,Sin Data
2026-09-29,Trabajoscom,Valencia,Todo Valencia,Preparador/a de Pedidos en Albert Heijn Online con Alojamiento Incluido,17 € - 18 €,Sin Data,Indefinido,Jornada Completa,Sin Data,OTTO Work Force,Sin Data
2026-09-29,Trabajoscom,Córdoba,Todo Córdoba,Preparador/a de Pedidos en Albert Heijn Online con Alojamiento Incluido,17 € - 18 €,Sin Data,Indefinido,Jornada Completa,Sin Data,OTTO Work Force,Sin Data
2026-09-29,Trabajoscom,Cuenca,Todo Cuenca,Preparador/a de Pedidos en Albert Heijn Online con Alojamiento Incluido,17 € - 18 €,Sin Data,Indefinido,Jornada Completa,Sin Data,OTTO Work Force,Sin Data
2026-09-29,Trabajoscom,Cantabria,Todo Cantabria,Preparador/a de Pedidos en Albert Heijn Online con Alojamiento Incluido,17 € - 18 €,Sin Data,Indefinido,Jornada Completa,Sin Data,OTTO Work Force,Sin Data
2026-09-29,Trabajoscom,Albacete,Todo Albacete,Operario/a Almacén PVH (Tommy Hilfiger & Calvin Klein) con Alojamiento Incluido,15 € - 17 €,Sin Data,Indefinido,Jornada Intensiva,Sin Data,OTTO Work Force,Sin Data
2026-09-29,Trabajoscom,Cádiz,Todo Cádiz,Operario/a Almacén PVH (Tommy Hilfiger & Calvin Klein) con Alojamiento Incluido,15 € - 17 €,Sin Data,Indefinido,Jornada Intensiva,Sin Data,OTTO Work Force,Sin Data
2026-09-29,Trabajoscom,León,Todo León,Operario/a Almacén PVH (Tommy Hilfiger & Calvin Klein) con Alojamiento Incluido,15 € - 17 €,Sin Data,Indefinido,Jornada Intensiva,Sin Data,OTTO Work Force,Sin Data
2026-09-29,Trabajoscom,Almería,Todo Almería,Operario/a Almacén PVH (Tommy Hilfiger & Calvin Klein) con Alojamiento Incluido,15 € - 17 €,Sin Data,Indefinido,Jornada Intensiva,Sin Data,OTTO Work Force,Sin Data
2026-09-29,Trabajoscom,Castellón,Todo Castellón,Operario/a Almacén PVH (Tommy Hilfiger & Calvin Klein) con Alojamiento Incluido,15 € - 17 €,Sin Data,Indefinido,Jornada Intensiva,Sin Data,OTTO Work Force,Sin Data
2026-09-29,Trabajoscom,Gipuzkoa,Todo Gipuzkoa,Operario/a Almacén PVH (Tommy Hilfiger & Calvin Klein) con Alojamiento Incluido,15 € - 17 €,Sin Data,Indefinido,Jornada Intensiva,Sin Data,OTTO Work Force,Sin Data
2026-09-29,Trabajoscom,Lleida,Todo Lleida,Operario/a Almacén PVH (Tommy Hilfiger & Calvin Klein) con Alojamiento Incluido,15 € - 17 €,Sin Data,Indefinido,Jornada Intensiva,Sin Data,OTTO Work Force,Sin Data
2026-09-29,Trabajoscom,Huelva,Todo Huelva,Operario/a Almacén PVH (Tommy Hilfiger & Calvin Klein) con Alojamiento Incluido,15 € - 17 €,Sin Data,Indefinido,Jornada Intensiva,Sin Data,OTTO Work Force,Sin Data
2026-09-29,Trabajoscom,Palmas,Todo Palmas,Operario/a Almacén PVH (Tommy Hilfiger & Calvin Klein) con Alojamiento Incluido,15 € - 17 €,Sin Data,Indefinido,Jornada Intensiva,Sin Data,OTTO Work Force,Sin Data
2026-09-29,Trabajoscom,Madrid,Todo Madrid,Comercial Asesor/a Sector Belleza y Salud Capilar en Madrid,Sin Data,Sin Data,Indefinido,Jornada Completa,Sin Data,Laboratorios Kapyderm,Sin Data
2026-09-29,Trabajoscom,Navarra,Todo Navarra,Operario/a Almacén PVH (Tommy Hilfiger & Calvin Klein) con Alojamiento Incluido,15 € - 17 €,Sin Data,Indefinido,Jornada Intensiva,Sin Data,OTTO Work Force,Sin Data
2026-09-29,Trabajoscom,Zamora,Todo Zamora,Operario/a Almacén PVH (Tommy Hilfiger & Calvin Klein) con Alojamiento Incluido,15 € - 17 €,Sin Data,Indefinido,Jornada Intensiva,Sin Data,OTTO Work Force,Sin Data
2026-09-29,Trabajoscom,Almería,Todo Almería,Operario/a de Almacén para GXO Logistics en Países Bajos,14 € - 16 €,Sin Data,Indefinido,Jornada Indiferente,Sin Data,OTTO Work Force,Sin Data
2026-09-29,Trabajoscom,Córdoba,Todo Córdoba,Operario/a de Almacén para GXO Logistics en Países Bajos,14 € - 16 €,Sin Data,Indefinido,Jornada Indiferente,Sin Data,OTTO Work Force,Sin Data
2026-09-29,Trabajoscom,Araba,Todo Araba,Operario/a de Almacén para GXO Logistics en Países Bajos,14 € - 16 €,Sin Data,Indefinido,Jornada Indiferente,Sin Data,OTTO Work Force,Sin Data
2026-09-29,Trabajoscom,Ávila,Todo Ávila,Operario/a de Almacén para GXO Logistics en Países Bajos,14 € - 16 €,Sin Data,Indefinido,Jornada Indiferente,Sin Data,OTTO Work Force,Sin Data
2026-09-29,Trabajoscom,Murcia,Espinardo,Mantenimiento Electromecánico/a,Sin Data,Sin Data,Indefinido,Jornada Intensiva,Sin Data,Grupo Adecco,Sin Data
2026-09-29,Trabajoscom,Murcia,Todo Murcia,Operario/a de Almacén para GXO Logistics en Países Bajos,14 € - 16 €,Sin Data,Indefinido,Jornada Indiferente,Sin Data,OTTO Work Force,Sin Data
2026-09-29,Trabajoscom,Huesca,Todo Huesca,Operario/a de Almacén para GXO Logistics en Países Bajos,14 € - 16 €,Sin Data,Indefinido,Jornada Indiferente,Sin Data,OTTO Work Force,Sin Data
2026-09-29,Trabajoscom,Cuenca,Todo Cuenca,Operario/a de Almacén para GXO Logistics en Países Bajos,14 € - 16 €,Sin Data,Indefinido,Jornada Indiferente,Sin Data,OTTO Work Force,Sin Data
2026-09-29,Trabajoscom,Cantabria,Todo Cantabria,Operario/a de Almacén para GXO Logistics en Países Bajos,14 € - 16 €,Sin Data,Indefinido,Jornada Indiferente,Sin Data,OTTO Work Force,Sin Data
2026-09-29,Trabajoscom,Málaga,Todo Málaga,Operario/a de Almacén para GXO Logistics en Países Bajos,14 € - 16 €,Sin Data,Indefinido,Jornada Indiferente,Sin Data,OTTO Work Force,Sin Data
2026-09-29,Trabajoscom,Ourense,Todo Ourense,Operario/a de Almacén para GXO Logistics en Países Bajos,14 € - 16 €,Sin Data,Indefinido,Jornada Indiferente,Sin Data,OTTO Work Force,Sin Data
2026-09-29,Trabajoscom,Baleares,Todo Baleares,Repartidor/a en Albert Heijn con alojamiento incluido - Países Bajos,17 € - 18 €,Sin Data,Indefinido,Jornada Completa,Sin Data,OTTO Work Force,Sin Data
2026-09-29,Trabajoscom,Girona,Todo Girona,Operario/a de Almacén para GXO Logistics en Países Bajos,14 € - 16 €,Sin Data,Indefinido,Jornada Indiferente,Sin Data,OTTO Work Force,Sin Data
2026-09-29,Trabajoscom,Segovia,Todo Segovia,Operario/a de Almacén para GXO Logistics en Países Bajos,14 € - 16 €,Sin Data,Indefinido,Jornada Indiferente,Sin Data,OTTO Work Force,Sin Data
2026-09-29,Trabajoscom,Jaén,Todo Jaén,Operario/a de Almacén para GXO Logistics en Países Bajos,14 € - 16 €,Sin Data,Indefinido,Jornada Indiferente,Sin Data,OTTO Work Force,Sin Data
2026-09-29,Trabajoscom,Araba,Todo Araba,Repartidor/a en Albert Heijn con alojamiento incluido - Países Bajos,17 € - 18 €,Sin Data,Indefinido,Jornada Completa,Sin Data,OTTO Work Force,Sin Data
2026-09-29,Trabajoscom,Cádiz,Todo Cádiz,Repartidor/a en Albert Heijn con alojamiento incluido - Países Bajos,17 € - 18 €,Sin Data,Indefinido,Jornada Completa,Sin Data,OTTO Work Force,Sin Data
2026-09-29,Trabajoscom,Asturias,Todo Asturias,Repartidor/a en Albert Heijn con alojamiento incluido - Países Bajos,17 € - 18 €,Sin Data,Indefinido,Jornada Completa,Sin Data,OTTO Work Force,Sin Data
2026-09-29,Trabajoscom,Córdoba,Todo Córdoba,Repartidor/a en Albert Heijn con alojamiento incluido - Países Bajos,17 € - 18 €,Sin Data,Indefinido,Jornada Completa,Sin Data,OTTO Work Force,Sin Data
2026-09-29,Trabajoscom,Girona,Todo Girona,Repartidor/a en Albert Heijn con alojamiento incluido - Países Bajos,17 € - 18 €,Sin Data,Indefinido,Jornada Completa,Sin Data,OTTO Work Force,Sin Data
2026-09-29,Trabajoscom,Cádiz,Benalup-Casas Viejas,Oficiales de Maquinista Retro Excavadora -  Benalup Casas Viejas,Sin Data,Sin Data,Fijo discontinuo,Jornada Completa,Sin Data,Franmar Work Solution,Sin Data
2026-09-29,Trabajoscom,Toledo,Talavera De La Reina,Oficiales Electricistas – Toledo,2.000 € - 2.200 €,Sin Data,Fijo discontinuo,Jornada Completa,Sin Data,Franmar Work Solution,Sin Data
2026-09-29,Trabajoscom,Sevilla,Sevilla,Oficiales Fontaneros Sevilla,1.900 € - 2.100 €,Sin Data,Fijo discontinuo,Jornada Completa,Sin Data,Franmar Work Solution,Sin Data
2026-09-29,Trabajoscom,Cádiz,La Linea De La Concepcion,Oficiales Albañiles – Gibraltar,Sin Data,Sin Data,Fijo discontinuo,Jornada Completa,Sin Data,Franmar Work Solution,Sin Data
2026-09-29,Trabajoscom,Sevilla,Sevilla,Oficiales Climatización Sevilla,1.900 € - 2.100 €,Sin Data,Fijo discontinuo,Jornada Completa,Sin Data,Franmar Work Solution,Sin Data
2026-09-29,Trabajoscom,Asturias,Llanes,FRIGORISTA,Sin Data,Sin Data,Indefinido,Jornada Completa,Sin Data,Hostelor-Mantenimientos del Oriente,Sin Data
2026-09-29,Trabajoscom,Madrid,Madrid,🧑‍🔧 Técnico Polivalente de Mantenimiento – Turnos Rotativos,Sin Data,Sin Data,Indefinido,Jornada Completa,Sin Data,Ocean Facility Services,Sin Data
2026-09-29,Trabajoscom,Barcelona,Abrera,Técnico/a de Ensayos Eléctricos,Sin Data,Sin Data,Indefinido,Jornada Intensiva,Sin Data,Grupo Adecco,Sin Data
2026-09-29,Trabajoscom,Madrid,Todo Madrid,❄️ Oficial de 1ª Frigorista Mantenimiento en Madrid - Indefinido y Jornada Completa,Sin Data,Sin Data,Indefinido,Jornada Completa,Sin Data,Ocean Facility Services,Sin Data
2026-09-29,Trabajoscom,Barcelona,Sant Boi De Llobregat,Vendedor/a Seguros del Hogar (CC Sant Boi),Sin Data,Sin Data,Indefinido,Jornada Completa,Sin Data,Grupo Adecco,Sin Data
2026-09-29,Trabajoscom,Bizkaia,Bilbao,Rectificador/a Industrial - Abanto y Ciérvana,Sin Data,Sin Data,Indefinido,Jornada Completa,Sin Data,Temps,Sin Data
2026-09-29,Trabajoscom,A Coruña,Cambre,Repartidor/a de paquetería,Sin Data,Sin Data,De duracion determinada,Jornada Completa,Sin Data,Temps,Sin Data
2026-09-29,Trabajoscom,Barcelona,Barcelona,"OFICIAL 1ª ELECTRICISTA INDUSTRIAL (ELECTRICIDAD, POTENCIA Y CONTROL)",30.000 € - 36.000 €,Sin Data,Indefinido,Jornada Completa,Sin Data,Temps,Sin Data
2026-09-29,Trabajoscom,Granada,Iznalloz,Monitor/a transporte escolar Iznalloz,Sin Data,Sin Data,Indefinido,Media Jornada,Sin Data,Grupo Adecco,Sin Data
2026-09-29,Trabajoscom,Barcelona,Gelida,Mozo/a almacén con retráctil,Sin Data,Sin Data,Indefinido,Jornada Completa,Sin Data,Grupo Adecco,Sin Data
2026-09-29,Trabajoscom,Madrid,Madrid,Electromecánico/a Junior - Mantenimiento Industrial,Sin Data,Sin Data,De duracion determinada,Jornada Completa,Sin Data,Grupo Adecco,Sin Data
2026-09-29,Trabajoscom,Barcelona,La Garriga,Instaladores de vidrio,Sin Data,Sin Data,Indefinido,Media Jornada,Sin Data,Grupo Adecco,Sin Data
2026-09-29,Trabajoscom,Zamora,Santa Cristina De La Polvorosa,Carretillero/a  para Santa Cristina De La Polvorosa,Sin Data,Sin Data,Indefinido,Media Jornada,Sin Data,Grupo Adecco,Sin Data
2026-09-29,Trabajoscom,Cantabria,Santander,Conductor/a Camión tipo C,Sin Data,Sin Data,Indefinido,Media Jornada,Sin Data,Grupo Adecco,Sin Data
2026-09-29,Trabajoscom,Madrid,Torrejon De Ardoz,Tornero CNC Fanuc en Torrejón de Ardoz (8726),22.000 € - 26.000 €,Sin Data,Indefinido,Jornada Completa,Sin Data,Human Simbio Consulting,Sin Data
2026-09-29,Trabajoscom,Madrid,Madrid,MONITOR/A ROBOTICA.  ACTIVIDADES EXTRAESCOLARES,15 €,Sin Data,Fijo discontinuo,Trabajo Por Horas,Sin Data,Grupo Educativo,Sin Data
2026-09-29,Trabajoscom,Madrid,Madrid,MONITOR DE ZUMBA,Sin Data,Sin Data,Fijo discontinuo,Trabajo Por Horas,Sin Data,Grupo Educativo,Sin Data
2026-09-29,Trabajoscom,Valencia,Valencia,Asesor/a Inmobiliario/a en Valencia Sueldo fijo + altas comisiones,10.000 € - 40.000 €,Sin Data,Indefinido,Jornada Completa,Sin Data,Aska Inmobiliaria,Sin Data
2026-09-29,Trabajoscom,Madrid,Todo Madrid,AUXILIAR DE COCINA,10 € - 11 €,Sin Data,De duracion determinada,Trabajo Por Horas,Sin Data,Workhotel,Sin Data
2026-09-29,Trabajoscom,Madrid,Madrid,CAMARERO CON EXPERIENCIA,11 € - 13 €,Sin Data,A tiempo parcial,Trabajo Por Horas,Sin Data,Workhotel ETT,Sin Data
2026-09-29,Trabajoscom,Madrid,Madrid,CAMARERO CON EXPERIENCIA,11 € - 13 €,Sin Data,A tiempo parcial,Trabajo Por Horas,Sin Data,Workhotel ETT,Sin Data
2026-09-29,Trabajoscom,Madrid,Madrid,AUXILIAR DE LIMPIEZA,Sin Data,Sin Data,Indefinido,Media Jornada,Sin Data,WORKHOTEL ETT,Sin Data
2026-09-29,Trabajoscom,Barcelona,Todo Barcelona,Contable con conocimientos de fiscalidad,18.000 € - 20.000 €,Sin Data,Indefinido,Jornada Intensiva,Sin Data,AM Assessors,Sin Data
2026-09-29,Trabajoscom,Las Palmas,Arrecife,Oficial de 1ª Frigorista - Lanzarote,Sin Data,Sin Data,De duracion determinada,Jornada Completa,Sin Data,Grupo Adecco,Sin Data
2026-09-29,Trabajoscom,Madrid,Todo Madrid,SOLADOR/PISERO,23.050 € - 27.000 €,Sin Data,Indefinido,Jornada Completa,Sin Data,Comercializadora Mediterranea De Viviendas,Sin Data
2026-09-29,Trabajoscom,Madrid,Todo Madrid,ENCOFRADOR- ALOJAMIENTO GRATIS,23.050 € - 27.000 €,Sin Data,Indefinido,Jornada Completa,Sin Data,Comercializadora Mediterranea De Viviendas,Sin Data
2026-09-29,Trabajoscom,Alicante,Todo Alicante,ENCOFRADOR- ALOJAMIENTO GRATIS,23.050 € - 27.000 €,Sin Data,Indefinido,Jornada Completa,Sin Data,Comercializadora Mediterranea De Viviendas,Sin Data
2026-09-29,Trabajoscom,Valencia,Naquera,SOLDADOR/A MIG-MAG/TIG,Sin Data,Sin Data,De duracion determinada,Media Jornada,Sin Data,Grupo Adecco,Sin Data
2026-09-29,Trabajoscom,Tarragona,Reus,OPERARIO/A PRODUCCIÓN - La Riba,Sin Data,Sin Data,Indefinido,Jornada Indiferente,Sin Data,RAS Interim,Sin Data
2026-09-29,Trabajoscom,Almería,Almería,REPARTIDOR/A DE PAQUETERÍA EN FURGONETA PARA ALMERÍA,Sin Data,Sin Data,De duracion determinada,Jornada Completa,Sin Data,Temps,Sin Data
2026-09-29,Trabajoscom,Sevilla,Bollullos De La Mitación,Digitalizador/a documentacion,17.000 €,Sin Data,De duracion determinada,Jornada Completa,Sin Data,Temps,Sin Data
2026-09-29,Trabajoscom,Madrid,Fuenlabrada,CARRETILLERO/A PARA AGOSTO,14 €,Sin Data,De duracion determinada,Jornada Completa,Sin Data,Grupo Noa's,Sin Data
2026-09-29,Trabajoscom,Guadalajara,Guadalajara,TÉCNICO/A DE PUERTAS AUTOMÁTICAS,Sin Data,Sin Data,Indefinido,Jornada Indiferente,Sin Data,RAS Interim,Sin Data
2026-09-29,Trabajoscom,Gipuzkoa,Donostia-San Sebastian,Comercial B2B - Inside Sales - Servicios para Empresas,Sin Data,Sin Data,Indefinido,Jornada Completa,Sin Data,Hispavista,Sin Data
2026-09-29,Trabajoscom,Madrid,Alcala De Henares,GRABADOR/A DATOS,Sin Data,Sin Data,Indefinido,Jornada Indiferente,Sin Data,RAS Interim,Sin Data
2026-09-29,Trabajoscom,Madrid,Meco,MOZOS/AS  DE ALMACÉN -  PICKING MECO,17.185 €,Sin Data,De duracion determinada,Jornada Completa,Sin Data,Grupo Noa's,Sin Data
2026-09-29,Trabajoscom,Barcelona,Todo Barcelona,CARRETILLERO/A,Sin Data,Sin Data,Indefinido,Jornada Indiferente,Sin Data,RAS Interim,Sin Data
2026-09-29,Trabajoscom, Valencia, Valencia,CARRETILLERO/A DE PINZAS,Sin Data,Sin Data,Indefinido,Jornada Indiferente,Sin Data,RAS Interim,Sin Data
2026-09-29,Trabajoscom,Málaga,Antequera,ADJUNTO/A DE TIENDA - ZONA MELILLA,Sin Data,Sin Data,Indefinido,Jornada Indiferente,Sin Data,Grupo DIA,Sin Data
2026-09-29,Trabajoscom,Málaga,Antequera,CAJERO/A REPONEDOR/A - ZONA MELILLA,Sin Data,Sin Data,Indefinido,Jornada Indiferente,Sin Data,Grupo DIA,Sin Data
2026-09-29,Trabajoscom,Barcelona,Sant Quirze Safaja,MANIPULADOR/A SECTOR ARTES GRAFICAS,Sin Data,Sin Data,Indefinido,Jornada Indiferente,Sin Data,RAS Interim,Sin Data
2026-09-29,Trabajoscom,Barcelona,Barcelona,TÉCNICO/A DE RRHH,Sin Data,Sin Data,Indefinido,Jornada Indiferente,Sin Data,RAS Interim - Talento,Sin Data
2026-09-29,Trabajoscom,Madrid,Alcala De Henares,BECARIO/A DE RRHH,Sin Data,Sin Data,Indefinido,Jornada Indiferente,Sin Data,RAS Interim - Talento,Sin Data
2026-09-29,Trabajoscom,León,Santa Catalina De Somoza,Cajero/a Reponedor/a Inca 40h.,Sin Data,Sin Data,Indefinido,Jornada Indiferente,Sin Data,Grupo DIA,Sin Data
2026-09-29,Trabajoscom,Sevilla,Dos Hermanas,Cajero/a Reponedor/a ALMENSILLA,Sin Data,Sin Data,Indefinido,Jornada Indiferente,Sin Data,Grupo DIA,Sin Data
2026-09-29,Trabajoscom,Bizkaia,Arrigorriaga,PEON/A,Sin Data,Sin Data,Indefinido,Jornada Indiferente,Sin Data,RAS Interim,Sin Data
2026-09-29,Trabajoscom,Valencia,Almassera,CALDEREROS/AS CUALIFICADOS/AS,Sin Data,Sin Data,Indefinido,Jornada Indiferente,Sin Data,RAS Interim,Sin Data
2026-09-29,Trabajoscom,Barcelona,Vilafranca Del Penedes,MOZO/A DE ALMACÉN LOGÍSTICO,Sin Data,Sin Data,Indefinido,Jornada Indiferente,Sin Data,RAS Interim,Sin Data
2026-09-29,Trabajoscom,Barcelona,Martorell,AUXILIAR ADMINISTRATIVO/A - SANT VICENÇ DELS HORTS,Sin Data,Sin Data,Indefinido,Jornada Indiferente,Sin Data,RAS Interim,Sin Data
2026-09-29,Trabajoscom,Girona,Blanes,ADMINISTRATIVO/A CONTABLE,Sin Data,Sin Data,Indefinido,Jornada Indiferente,Sin Data,RAS Interim,Sin Data
2026-09-29,Trabajoscom,Tarragona,Reus,OPERARIO/A PRODUCCIÓN TEXTIL,Sin Data,Sin Data,Indefinido,Jornada Indiferente,Sin Data,RAS Interim,Sin Data
2026-09-29,Trabajoscom, Zaragoza, Zaragoza,Administrativo/a de logística,Sin Data,Sin Data,De duracion determinada,Jornada Completa,Sin Data,Iman Temporing,Sin Data
2026-09-29,Trabajoscom, Alicante, Alicante,Gerocultor/a - Auxiliar de enfermería Centro Residencial DomusVi Alicante Condomina,Sin Data,Sin Data,Indefinido,Media Jornada,Sin Data,DomusVi,Sin Data
2026-09-29,Trabajoscom, Barcelona, Barcelona,Peó amb experiència en pintura,Sin Data,Sin Data,De duracion determinada,Jornada Completa,Sin Data,Iman Temporing,Sin Data
2026-09-29,Trabajoscom, Sevilla, Sevilla,Preparador/a de pedidos 25H (Pol. Ind. La Isla),Sin Data,Sin Data,De duracion determinada,Jornada Indiferente,Sin Data,Iman Temporing,Sin Data
2026-09-29,Trabajoscom, Guadalajara, Guadalajara,Gerocultor/a - Auxiliar de Enfermería,16.000 € - 17.000 €,Sin Data,Indefinido,Media Jornada,Sin Data,Crit Interim España ETT,Sin Data
2026-09-29,Trabajoscom, Barcelona, Barcelona,Técnico/a electricista para montaje,28.000 € - 30.000 €,Sin Data,De duracion determinada,Jornada Completa,Sin Data,Iman Temporing,Sin Data
2026-09-29,Trabajoscom, Jaén, Jaén,Diseñador/a Gráfico/a Jaén,Sin Data,Sin Data,Indefinido,Jornada Completa,Sin Data,Crit Interim España ETT,Sin Data
2026-09-29,Trabajoscom, Teruel, Teruel,Administrativo/a Comercial Francés.,Sin Data,Sin Data,Indefinido,Jornada Completa,Sin Data,Iman Temporing,Sin Data
2026-09-29,Trabajoscom, Murcia, Murcia,Electromecánico/a Industrial,Sin Data,Sin Data,Indefinido,Jornada Completa,Sin Data,Iman Temporing,Sin Data
2026-09-29,Trabajoscom, Bizkaia, Bizkaia,Operario/a preparador de pedidos,24.208 €,Sin Data,De duracion determinada,Jornada Completa,Sin Data,Iman Temporing,Sin Data
2026-09-29,Trabajoscom, Madrid, Madrid,Manipuladores de alimentos (turnos rotativos).,Sin Data,Sin Data,De duracion determinada,Jornada Completa,Sin Data,Crit Interim España ETT,Sin Data
2026-09-29,Trabajoscom, Barcelona, Barcelona,Operario/a de Inyección,Sin Data,Sin Data,De duracion determinada,Jornada Completa,Sin Data,Crit Interim España ETT,Sin Data
2026-09-29,Trabajoscom, Valencia, Valencia,CONDUCTOR DE PRIMERA (tráiler),Sin Data,Sin Data,Indefinido,Jornada Completa,Sin Data,Crit Interim España ETT,Sin Data
2026-09-29,Trabajoscom, Valencia, Valencia,CONDUCTOR DE SEGUNDA (Camión pequeño),Sin Data,Sin Data,Indefinido,Jornada Completa,Sin Data,Crit Interim España ETT,Sin Data
2026-09-29,Trabajoscom, Zaragoza, Zaragoza,Planchador/a Industrial - Textil,Sin Data,Sin Data,De duracion determinada,Jornada Completa,Sin Data,Crit Interim España ETT,Sin Data
2026-09-29,Trabajoscom, Jaén, Jaén,Soldador/a Tig Acero y Aluminio Linares,Sin Data,Sin Data,De duracion determinada,Jornada Completa,Sin Data,Crit Interim España ETT,Sin Data
2026-09-29,Trabajoscom, Lleida, Lleida,Gerocultor/a - Auxiliar de enfermería Centro Residencial DomusVi Sant Pere Claver,Sin Data,Sin Data,Indefinido,Media Jornada,Sin Data,DomusVi,Sin Data
2026-09-29,Trabajoscom, Barcelona, Barcelona,Mozo/a  preparación de pedidos,Sin Data,Sin Data,Indefinido,Jornada Completa,Sin Data,Crit Interim España ETT,Sin Data
2026-09-29,Trabajoscom, Zaragoza, Zaragoza,Promotor/a parafarmacia,Sin Data,Sin Data,De duracion determinada,Jornada Completa,Sin Data,Crit Interim España ETT,Sin Data
2026-09-29,Trabajoscom, Lleida, Lleida,Operario/a producción,Sin Data,Sin Data,De duracion determinada,Jornada Completa,Sin Data,Iman Temporing,Sin Data
2026-09-29,Trabajoscom, Barcelona, Barcelona,CARRETILLERO/A Y OPERARIO/A DE PRODUCCIÓN,Sin Data,Sin Data,De duracion determinada,Jornada Completa,Sin Data,Iman Temporing,Sin Data
2026-09-29,Trabajoscom, Barcelona, Barcelona,Limpiador/a barredora,Sin Data,Sin Data,De duracion determinada,Jornada Completa,Sin Data,Crit Interim España ETT,Sin Data
2026-09-29,Trabajoscom, Araba, Araba,Operario/a de Montaje (2 Turnos),Sin Data,Sin Data,De duracion determinada,Jornada Completa,Sin Data,Crit Interim España ETT,Sin Data
2026-09-29,Trabajoscom, Barcelona, Barcelona,Cuidador/a para atención domiciliaria,Sin Data,Sin Data,Indefinido,Jornada Completa,Sin Data,Iman Temporing,Sin Data
2026-09-29,Trabajoscom, Murcia, Murcia,Mecánico/a industrial Dolores de Pacheco,Sin Data,Sin Data,Indefinido,Jornada Completa,Sin Data,Crit Interim España ETT,Sin Data
2026-09-29,Trabajoscom, Barcelona, Barcelona,CARRETILLERO/A Y OPERARIO/A DE PRODUCCIÓN,Sin Data,Sin Data,De duracion determinada,Jornada Completa,Sin Data,Iman Temporing,Sin Data
2026-09-29,Trabajoscom, Barcelona, Barcelona,Limpiador/a barredora,Sin Data,Sin Data,De duracion determinada,Jornada Completa,Sin Data,Crit Interim España ETT,Sin Data
2026-09-29,Trabajoscom, Araba, Araba,Operario/a de Montaje (2 Turnos),Sin Data,Sin Data,De duracion determinada,Jornada Completa,Sin Data,Crit Interim España ETT,Sin Data
2026-09-29,Trabajoscom, Barcelona, Barcelona,Cuidador/a para atención domiciliaria,Sin Data,Sin Data,Indefinido,Jornada Completa,Sin Data,Iman Temporing,Sin Data
2026-09-29,Trabajoscom, Barcelona, Barcelona,Control de accesos- Att al cliente,Sin Data,Sin Data,Indefinido,Jornada Completa,Sin Data,Iman Corporation,Sin Data
2026-09-29,Trabajoscom, Madrid, Madrid,Jefe/a de Obra Pública,Sin Data,Sin Data,Indefinido,Jornada Completa,Sin Data,Crit Interim España ETT,Sin Data
2026-09-29,Trabajoscom, Madrid, Madrid,Mozo/a de almacén con puente grúa,Sin Data,Sin Data,De duracion determinada,Jornada Completa,Sin Data,Iman Temporing,Sin Data
2026-09-29,Trabajoscom, Bizkaia, Bizkaia,Jefe o Encargado de Instalaciones en Vizcaya,Sin Data,Sin Data,Indefinido,Jornada Completa,Sin Data,Iman Global Consulting,Sin Data
2026-09-29,Trabajoscom, Barcelona, Barcelona,Carretillero frontal y retráctil,Sin Data,Sin Data,De duracion determinada,Jornada Completa,Sin Data,Iman Temporing,Sin Data
2026-09-29,Trabajoscom, Valladolid, Valladolid,Técnico/a de Comercio y Logística en Tordesillas (Valladolid),29.856 € - 30.000 €,Sin Data,Indefinido,Jornada Completa,Sin Data,Iman Global Consulting,Sin Data
2026-09-29,Trabajoscom, Zaragoza, Zaragoza,Director/a Oficina Trabajo Temporal,Sin Data,Sin Data,Indefinido,Jornada Completa,Sin Data,Pacto,Sin Data
2026-09-29,Trabajoscom, Murcia, Murcia,Operario/a limpieza de oficinas,Sin Data,Sin Data,De duracion determinada,Jornada Completa,Sin Data,Crit Interim España ETT,Sin Data
2026-09-29,Trabajoscom, Madrid, Madrid,Administrativo/a Técnico/a,Sin Data,Sin Data,Indefinido,Jornada Completa,Sin Data,Crit Interim España ETT,Sin Data
2026-09-29,Trabajoscom, Barcelona, Barcelona,"Coordinador/a Industrial, Cataluña",42.000 € - 46.000 €,Sin Data,Indefinido,Jornada Completa,Sin Data,Iman Global Consulting,Sin Data
2026-09-29,Trabajoscom, Barcelona, Barcelona,Chofer para Reparto Floristeria,Sin Data,Sin Data,De duracion determinada,Jornada Completa,Sin Data,Crit Interim España ETT,Sin Data
2026-09-29,Trabajoscom, Las Palmas, Las Palmas,"Jefe o Encargado de Obra (edificación no residencial, reformas y/o rehabilitación) en GRAN",Sin Data,Sin Data,Indefinido,Jornada Completa,Sin Data,Iman Global Consulting,Sin Data
2026-09-29,Trabajoscom,Jaén,Guarroman,Administrativo/a de Tráfico,Sin Data,Sin Data,Indefinido,Jornada Completa,Sin Data,JCarrion,Sin Data
2026-09-29,Trabajoscom, Tarragona, Tarragona,Enfermero/a de Atención Domiciliaria Tortosa - Domusvi Healthcare,Sin Data,Sin Data,Autonomo,Jornada Completa,Sin Data,DomusVi,Sin Data
2026-09-29,Trabajoscom, Madrid, Madrid,Gestor/a Atención al cliente sector seguros,Sin Data,Sin Data,De duracion determinada,Jornada Completa,Sin Data,Crit Interim España ETT,Sin Data
2026-09-29,Trabajoscom, Madrid, Madrid,Operario/a producción carretilla NUTRICION ANIMAL,Sin Data,Sin Data,De duracion determinada,Jornada Completa,Sin Data,Iman Temporing,Sin Data
2026-09-29,Trabajoscom, Madrid, Madrid,Electromecánicos/as,Sin Data,Sin Data,Indefinido,Jornada Completa,Sin Data,Crit Interim España ETT,Sin Data
2026-09-29,Trabajoscom,Valladolid,Valladolid,Técnico Laboral (Valladolid),24.000 € - 26.000 €,Sin Data,Indefinido,Jornada Completa,Sin Data,Michael Page,Sin Data
2026-09-29,Trabajoscom,Barcelona,Vilafranca Del Penedes,Arquitecto/a - Proyectos de Edificación Industrial,30.000 € - 35.000 €,Sin Data,Indefinido,Jornada Completa,Sin Data,Michael Page,Sin Data
2026-09-29,Trabajoscom,Zaragoza,Zaragoza,Ingeniero/a Eléctrico/a Junior (oficina técnica),25.000 € - 35.000 €,Sin Data,Indefinido,Jornada Completa,Sin Data,Michael Page,Sin Data
2026-09-29,Trabajoscom,Madrid,Madrid,Ingeniero/a Técnico/a de Servicio Técnico - MedTech,33.000 € - 36.000 €,Sin Data,Indefinido,Jornada Completa,Sin Data,Michael Page,Sin Data
2026-09-29,Trabajoscom,Murcia,Murcia,Gestor/a de Compras - Retail,25.000 € - 30.000 €,Sin Data,Indefinido,Jornada Completa,Sin Data,Michael Page,Sin Data
2026-09-29,Trabajoscom,Barcelona,Barcelona,Administrativo ventas BADALONA,25.000 € - 30.000 €,Sin Data,Indefinido,Jornada Completa,Sin Data,Michael Page,Sin Data
2026-09-29,Trabajoscom,Madrid,Madrid,Data Analytics IA - Málaga / Madrid,40.000 € - 45.000 €,Sin Data,Indefinido,Jornada Completa,Sin Data,Michael Page,Sin Data
2026-09-29,Trabajoscom, S.C. Tenerife, S.C. Tenerife,Canarias - Jefe de Recepción Hotel 4* - Isla No Capitalina.,35.000 € - 36.000 €,Sin Data,Indefinido,Jornada Completa,Sin Data,Michael Page,Sin Data
2026-09-29,Trabajoscom,Barcelona,Barcelona,Consultor Senior de Estrategia y Operaciones (Big 4),35.000 € - 45.000 €,Sin Data,Indefinido,Jornada Completa,Sin Data,Michael Page,Sin Data
2026-09-29,Trabajoscom,Madrid,Madrid,Jefe de Obra - Proteccion Pasiva (h/m),30.000 € - 38.000 €,Sin Data,Indefinido,Jornada Completa,Sin Data,Michael Page,Sin Data
2026-09-29,Trabajoscom,Málaga,Malaga,KAM Nacional - Agroalimentario (H/M/D),30.000 € - 35.000 €,Sin Data,Indefinido,Jornada Completa,Sin Data,Michael Page,Sin Data
2026-09-29,Trabajoscom,Barcelona,Granollers,Contable Jr- Granollers (h/m),25.000 € - 30.000 €,Sin Data,Indefinido,Jornada Completa,Sin Data,Michael Page,Sin Data
2026-09-29,Trabajoscom, Barcelona, Barcelona,Operario/a de producción,Sin Data,Sin Data,De duracion determinada,Jornada Completa,Sin Data,Crit Interim España ETT,Sin Data
2026-09-29,Trabajoscom,Madrid,Madrid,Atención al Cliente Turismo con Francés o Italiano,20.000 € - 22.000 €,Sin Data,De duracion determinada,Jornada Completa,Sin Data,Michael Page,Sin Data
2026-09-29,Trabajoscom,Asturias,Asturias,Responsable de Zona - RETAIL,40.000 € - 41.000 €,Sin Data,Indefinido,Jornada Completa,Sin Data,Michael Page,Sin Data
2026-09-29,Trabajoscom,Zaragoza,Zaragoza,Responsable de tren de Laminación,43.000 € - 45.000 €,Sin Data,Indefinido,Jornada Completa,Sin Data,Michael Page,Sin Data
2026-09-29,Trabajoscom,Madrid,Madrid,Responsable de Contabilidad y Administración,34.000 € - 38.000 €,Sin Data,Indefinido,Jornada Completa,Sin Data,Michael Page,Sin Data
2026-09-29,Trabajoscom, Sevilla, Sevilla,Responsable de operaciones y departamento técnico,31.500 € - 38.500 €,Sin Data,Indefinido,Jornada Completa,Sin Data,Michael Page,Sin Data
2026-09-29,Trabajoscom, Bizkaia, Bizkaia,TÉCNICO/A EN ELECTROHIDRÁULICA - GALDAKAO,28.000 € - 33.000 €,Sin Data,Indefinido,Jornada Completa,Sin Data,Michael Page,Sin Data
