Fecha,Plataforma,Provincia,Localidad,Oferta_Empleo,Salario,Modalidad,Tipo_Contrato,Tipo_Jornada,Experiencia,Empresa,Requisitos
2026-09-27,Trabajoscom,Madrid,Loeches,FRIGORISTA EN INDUSTRIA ALIMENTARIA,28.000 € - 30.000 €,Sin Data,De duracion determinada,Jornada Completa,Sin Data,Grupo Noa's,Sin Data
2026-09-27,Trabajoscom,Guadalajara,Guadalajara,LIMPIADOR/A CON CERTIFICADO DE DISCAPACIDAD,Sin Data,Sin Data,Indefinido,Jornada Indiferente,Sin Data,RAS Interim,Sin Data
2026-09-27,Trabajoscom,Gipuzkoa,Todo Gipuzkoa,Técnico/a Mantenimiento Industrial,Sin Data,Sin Data,Indefinido,Jornada Completa,Sin Data,AdegiLan,Sin Data
2026-09-27,Trabajoscom,Gipuzkoa,Todo Gipuzkoa,"Director/a de Tecnología, Producto y Soluciones Industriales",72.000 € - 90.000 €,Sin Data,Indefinido,Jornada Indiferente,Sin Data,AdegiLan,Sin Data
2026-09-27,Trabajoscom,Gipuzkoa,Todo Gipuzkoa,Técnico/a de producto // Encargado/a general,Sin Data,Sin Data,Indefinido,Jornada Indiferente,Sin Data,AdegiLan,Sin Data
2026-09-27,Trabajoscom,Gipuzkoa,Todo Gipuzkoa,Tecnico/a de Metrologia,Sin Data,Sin Data,Indefinido,Jornada Completa,Sin Data,AdegiLan,Sin Data
2026-09-27,Trabajoscom,Gipuzkoa,Todo Gipuzkoa,"Técnico/a PRL, Calidad y Medioambiente",42 € - 54 €,Sin Data,Indefinido,Jornada Completa,Sin Data,AdegiLan,Sin Data
2026-09-27,Trabajoscom,Gipuzkoa,Todo Gipuzkoa,Adjunto/a a Dirección del Área Estadística,Sin Data,Sin Data,De duracion determinada,Jornada Completa,Sin Data,AdegiLan,Sin Data
2026-09-27,Trabajoscom,Gipuzkoa,Todo Gipuzkoa,Responsable Comercial,42 € - 54 €,Sin Data,Indefinido,Jornada Completa,Sin Data,AdegiLan,Sin Data
2026-09-27,Trabajoscom,Gipuzkoa,Todo Gipuzkoa,Técnico-a de Mantenimiento,Sin Data,Sin Data,Indefinido,Jornada Completa,Sin Data,AdegiLan,Sin Data
2026-09-27,Trabajoscom,Gipuzkoa,Todo Gipuzkoa,Técnico/a Estadístico/a,Sin Data,Sin Data,De duracion determinada,Jornada Completa,Sin Data,AdegiLan,Sin Data
2026-09-27,Trabajoscom,Gipuzkoa,Todo Gipuzkoa,Electricista,18 € - 30 €,Sin Data,Indefinido,Jornada Completa,Sin Data,AdegiLan,Sin Data
2026-09-27,Trabajoscom,Barcelona,La Garriga,TRABAJADOR/A FAMILIAR - SAD LA GARRIGA (Indefinido),870 € - 920 €,Sin Data,A tiempo parcial,Jornada Intensiva,Sin Data,Accent Social,Sin Data
2026-09-27,Trabajoscom,Barcelona,Manresa,Especialista cristales - brigada.    MANRESA,18.000 €,Sin Data,De duracion determinada,Media Jornada,Sin Data,Limpiezas Deyse,Sin Data
2026-09-27,Trabajoscom,Barcelona,Llinars Del Valles,TRABAJADOR/A FAMILIAR - SAD LLINARS DEL VALLÈS (Indefinido),920 € - 950 €,Sin Data,A tiempo parcial,Jornada Intensiva,Sin Data,Accent Social,Sin Data
2026-09-27,Trabajoscom,Madrid,Madrid,PMO & Seguimiento Corporativo.,40.000 € - 45.000 €,Sin Data,Indefinido,Jornada Completa,Sin Data,Michael Page,Sin Data
2026-09-27,Trabajoscom,Barcelona,Sabadell,Especialista en Atención al Cliente y Gestión de Envíos - Mail Boxes Etc.,Sin Data,Sin Data,De duracion determinada,Jornada Completa,Sin Data,Mail Boxes Etc,Sin Data
2026-09-27,Trabajoscom,Madrid,Alcobendas,Laboratorio con experiencia en revestimiento,Sin Data,Sin Data,Indefinido,Jornada Completa,Sin Data,Temps,Sin Data
2026-09-27,Trabajoscom,Alicante,Alicante,Técnico Recursos Humanos (Generalista),25.000 € - 30.000 €,Sin Data,Indefinido,Jornada Completa,Sin Data,Michael Page,Sin Data
2026-09-27,Trabajoscom,Barcelona,Vilafranca Del Penedes,Contable - Vilafranca del Penedès,25.000 € - 30.000 €,Sin Data,Indefinido,Jornada Completa,Sin Data,Michael Page,Sin Data
2026-09-27,Trabajoscom, Granada, Granada,Maintenance Manager con con inglés,39.000 € - 44.000 €,Sin Data,Indefinido,Jornada Completa,Sin Data,Michael Page,Sin Data
2026-09-27,Trabajoscom,Barcelona,Barcelona,Técnico/a de PRL,45.000 €,Sin Data,Indefinido,Jornada Completa,Sin Data,Michael Page,Sin Data
2026-09-27,Trabajoscom,Madrid,Madrid,Project manager canales digitales sector seguros,28.000 € - 30.000 €,Sin Data,Indefinido,Jornada Completa,Sin Data,Michael Page,Sin Data
2026-09-27,Trabajoscom,Barcelona,Barcelona,Brand Manager Premium Tequila - Barcelona,38.000 € - 40.000 €,Sin Data,Indefinido,Jornada Completa,Sin Data,Michael Page,Sin Data
2026-09-27,Trabajoscom,Barcelona,Barcelona,Administrativo/a polivalente - Cornellá,25.000 € - 26.000 €,Sin Data,Indefinido,Jornada Completa,Sin Data,Michael Page,Sin Data
2026-09-27,Trabajoscom,Madrid,Madrid,Sales Assistant - venta de lujo (Inglés alto),27.000 € - 33.000 €,Sin Data,Indefinido,Jornada Completa,Sin Data,Michael Page,Sin Data
2026-09-27,Trabajoscom,Barcelona,Barcelona,Proyectista de Instalaciones MEP - Retail / Proyectos de Lujo,32.000 € - 36.000 €,Sin Data,Indefinido,Jornada Completa,Sin Data,Michael Page,Sin Data
2026-09-27,Trabajoscom,Málaga,Malaga,"Dirección Académica (h,m,d) - Universidad",40.000 € - 45.000 €,Sin Data,Indefinido,Jornada Completa,Sin Data,Michael Page,Sin Data
2026-09-27,Trabajoscom,Asturias,Vigo,Administrador/a Fincas - VIGO,22.000 € - 28.000 €,Sin Data,Indefinido,Jornada Completa,Sin Data,Michael Page,Sin Data
2026-09-27,Trabajoscom,Valencia,Valencia,Técnico/a de mantenimiento,27.000 € - 30.000 €,Sin Data,Indefinido,Jornada Completa,Sin Data,Michael Page,Sin Data
2026-09-27,Trabajoscom,Murcia,Murcia,Asesor/a Personal Seguros,Sin Data,Sin Data,Indefinido,Jornada Completa,Sin Data,Grupo Adecco,Sin Data
2026-09-27,Trabajoscom,Cádiz,Cádiz,Ingeniero/a Especialista de Inversiones,Sin Data,Sin Data,De duracion determinada,Media Jornada,Sin Data,Grupo Adecco,Sin Data
2026-09-27,Trabajoscom,Girona,Blanes,Operario/a de Envasado Sector Alimentación,Sin Data,Sin Data,Indefinido,Media Jornada,Sin Data,Grupo Adecco,Sin Data
2026-09-27,Trabajoscom,Madrid,Getafe,Técnico/a Contable (A3) - Getafe,Sin Data,Sin Data,Indefinido,Jornada Completa,Sin Data,Grupo Adecco,Sin Data
2026-09-27,Trabajoscom,Barcelona,Sant Quintí De Mediona,Administrativo/a de mantenimiento,Sin Data,Sin Data,Indefinido,Jornada Completa,Sin Data,Grupo Adecco,Sin Data
2026-09-27,Trabajoscom,Zaragoza,Zaragoza,Operario/a metal con vehículo propio,Sin Data,Sin Data,De duracion determinada,Media Jornada,Sin Data,Grupo Adecco,Sin Data
2026-09-27,Trabajoscom,Burgos,Burgos,OPERADOR/A DE FABRICACIÓN,Sin Data,Sin Data,De duracion determinada,Jornada Completa,Sin Data,Grupo Adecco,Sin Data
2026-09-27,Trabajoscom,Zaragoza,Zaragoza,Copy REPARTIDOR/A DE PAQUETERÍA (Posibilidad solo fines de semana),Sin Data,Sin Data,De duracion determinada,Jornada Completa,Sin Data,Temps,Sin Data
2026-09-27,Trabajoscom,Zaragoza,Zaragoza,Carretilleros/as con coche (Turno fijo noche),Sin Data,Sin Data,Indefinido,Jornada Completa,Sin Data,Grupo Adecco,Sin Data
2026-09-27,Trabajoscom,Málaga,Vélez-Málaga,"Técnico/a de Automatización y Programación PLC , ALMERIA",Sin Data,Sin Data,Indefinido,Jornada Completa,Sin Data,Grupo Adecco,Sin Data
2026-09-27,Trabajoscom,Zaragoza,La Puebla De Alfinden,Operario/a carpintería de aluminio,Sin Data,Sin Data,Indefinido,Media Jornada,Sin Data,Grupo Adecco,Sin Data
2026-09-27,Trabajoscom,Burgos,Burgos,Cocinero/a y Atención al Cliente,Sin Data,Sin Data,De duracion determinada,Media Jornada,Sin Data,Grupo Adecco,Sin Data
2026-09-27,Trabajoscom,Zaragoza,Pedrola,Operarios/as con coche (turno fijo de noche).,Sin Data,Sin Data,Indefinido,Jornada Completa,Sin Data,Grupo Adecco,Sin Data
2026-09-27,Trabajoscom,Granada,Granada,"Conductor/a C+ E, Granada",Sin Data,Sin Data,Indefinido,Jornada Completa,Sin Data,Grupo Adecco,Sin Data
2026-09-27,Trabajoscom,Teruel,Teruel,Conductor/a Repartidor/a,Sin Data,Sin Data,Indefinido,Jornada Completa,Sin Data,Grupo Adecco,Sin Data
2026-09-27,Trabajoscom,Barcelona,Castellar Del Valles,MANIPULADOR/A,Sin Data,Sin Data,Indefinido,Jornada Indiferente,Sin Data,RAS Interim,Sin Data
2026-09-27,Trabajoscom,Lleida,Torrefarrera,Técnico/a de Servicio Postventa con inglés,Sin Data,Sin Data,Indefinido,Jornada Completa,Sin Data,Grupo Adecco,Sin Data
2026-09-27,Trabajoscom,Pontevedra,Vigo,Técnico/a de mantenimiento industrial,Sin Data,Sin Data,De duracion determinada,Media Jornada,Sin Data,Grupo Adecco,Sin Data
2026-09-27,Trabajoscom,Toledo,Illescas,Almacenero/a (Dpto. Accesorios),23.000 € - 24.000 €,Sin Data,De duracion determinada,Jornada Completa,Sin Data,Temps,Sin Data
2026-09-27,Trabajoscom,Guadalajara,Guadalajara,MOZOS/AS RECEPCIÓN DE MERCANCÍA,1.400 € - 1.500 €,Sin Data,De duracion determinada,Jornada Completa,Sin Data,Temps,Sin Data
2026-09-27,Trabajoscom,Sevilla,Ecija,Cajero/a Reponedor/a,Sin Data,Sin Data,Indefinido,Jornada Indiferente,Sin Data,Grupo DIA,Sin Data
2026-09-27,Trabajoscom,Toledo,Illescas,OPERARIO/A DE PRODUCCIÓN  INDUSTRIAL – TURNOS ROTATIVOS,Sin Data,Sin Data,Indefinido,Jornada Indiferente,Sin Data,RAS Interim,Sin Data
2026-09-27,Trabajoscom,Girona,Girona,ADMINISTRATIU/VA POLIVALENT,Sin Data,Sin Data,Indefinido,Jornada Indiferente,Sin Data,RAS Interim,Sin Data
2026-09-27,Trabajoscom,Valladolid,Valladolid,Cajeros/as-Reponedores/as - Laguna de Duero - 30 horas semanales,Sin Data,Sin Data,Indefinido,Jornada Indiferente,Sin Data,Grupo DIA,Sin Data
2026-09-27,Trabajoscom,León,Santa Catalina De Somoza,Cajero/a Reponedor/a El Prat de Llobregat 24h tardes,Sin Data,Sin Data,Indefinido,Jornada Indiferente,Sin Data,Grupo DIA,Sin Data
2026-09-27,Trabajoscom,Palencia,Cervera De Pisuerga,Cajero/a Reponedor/a para Cervera de pisuerga,Sin Data,Sin Data,Indefinido,Jornada Indiferente,Sin Data,Grupo DIA,Sin Data
2026-09-27,Trabajoscom,León,Santa Catalina De Somoza,Cajera/o Reponedor/a Alcover 40 h.,Sin Data,Sin Data,Indefinido,Jornada Indiferente,Sin Data,Grupo DIA,Sin Data
2026-09-27,Trabajoscom,Navarra,Altsasu/alsasua,Cajero/a Reponedor/a para Alsasua 20h,Sin Data,Sin Data,Indefinido,Jornada Indiferente,Sin Data,Grupo DIA,Sin Data
2026-09-27,Trabajoscom,Toledo,Illescas,Cajero/a Reponedor/a Cobeña(Madrid),Sin Data,Sin Data,Indefinido,Jornada Indiferente,Sin Data,Grupo DIA,Sin Data
2026-09-27,Trabajoscom,Bizkaia,Galdakao,Cajero/a Reponedor/a para Galdacano,Sin Data,Sin Data,Indefinido,Jornada Indiferente,Sin Data,Grupo DIA,Sin Data
2026-09-27,Trabajoscom,Madrid,Ciempozuelos,OPERARIO/A DE PRODUCCIÓN,Sin Data,Sin Data,Indefinido,Jornada Indiferente,Sin Data,RAS Interim,Sin Data
2026-09-27,Trabajoscom, Valladolid, Valladolid,AZAFATOS/AS EN VALLADOLID EL 28/09/2026,Sin Data,Sin Data,A tiempo parcial,Jornada Completa,Sin Data,Art i Cultura,Sin Data
2026-09-27,Trabajoscom, León, León,Azafatos/as en Ponferrada - Lunes 28 SEPT,Sin Data,Sin Data,A tiempo parcial,Jornada Indiferente,Sin Data,Art i Cultura,Sin Data
2026-09-27,Trabajoscom, Barcelona, Barcelona,Encarregat/da de botiga (Alimentació),Sin Data,Sin Data,Indefinido,Jornada Completa,Sin Data,Iman Temporing,Sin Data
2026-09-27,Trabajoscom, Navarra, Navarra,Carretillero/a,18.000 € - 19.000 €,Sin Data,De duracion determinada,Media Jornada,Sin Data,Iman Temporing,Sin Data
2026-09-27,Trabajoscom, Barcelona, Barcelona,Soldador/a TIG y MIG,Sin Data,Sin Data,Indefinido,Jornada Completa,Sin Data,Iman Global Consulting,Sin Data
2026-09-27,Trabajoscom, Barcelona, Barcelona,CHOFER CARNET C (turno de noche),Sin Data,Sin Data,De duracion determinada,Jornada Completa,Sin Data,Iman Temporing,Sin Data
2026-09-27,Trabajoscom, Murcia, Murcia,Electromecánico/a - Las torres de Cotillas.,Sin Data,Sin Data,Indefinido,Jornada Completa,Sin Data,Crit Interim España ETT,Sin Data
2026-09-27,Trabajoscom, Bizkaia, Bizkaia,Operario/a Montaje Eléctrico,Sin Data,Sin Data,De duracion determinada,Jornada Completa,Sin Data,Iman Temporing,Sin Data
2026-09-27,Trabajoscom, Badajoz, Badajoz,Mozo/a de Almacén - Turno de Tarde,Sin Data,Sin Data,Indefinido,Media Jornada,Sin Data,Crit Interim España ETT,Sin Data
2026-09-27,Trabajoscom, Murcia, Murcia,Cocinero/a Industrial - Alhama de Murcia,Sin Data,Sin Data,Indefinido,Jornada Completa,Sin Data,Crit Interim España ETT,Sin Data
2026-09-27,Trabajoscom, Madrid, Madrid,SUPERVISOR/A DE HOTEL - MADRID,17.785 €,Sin Data,Indefinido,Jornada Completa,Sin Data,Citius Outsourcing,Sin Data
2026-09-27,Trabajoscom, Barcelona, Barcelona,Aux Administrativa/o - La Roca,19.000 €,Sin Data,De duracion determinada,Jornada Completa,Sin Data,Pacto,Sin Data
2026-09-27,Trabajoscom, Barcelona, Barcelona,Auxiliar administrativo/a logística,Sin Data,Sin Data,Indefinido,Jornada Completa,Sin Data,Iman Temporing,Sin Data
2026-09-27,Trabajoscom, Girona, Girona,Operario/a con carnet de carretilla - Hostalric,Sin Data,Sin Data,Indefinido,Jornada Completa,Sin Data,Pacto,Sin Data
2026-09-27,Trabajoscom, Madrid, Madrid,Operario/a Fabricación. Formación Profesional.,27.000 € - 28.000 €,Sin Data,De duracion determinada,Jornada Completa,Sin Data,Iman Temporing,Sin Data
2026-09-27,Trabajoscom, Madrid, Madrid,Técnico/a de mantenimiento de edificios.(Getafe),Sin Data,Sin Data,De duracion determinada,Jornada Completa,Sin Data,Iman Temporing,Sin Data
2026-09-27,Trabajoscom, Lleida, Lleida,SOLDADOR/A,Sin Data,Sin Data,Indefinido,Jornada Completa,Sin Data,Iman Temporing,Sin Data
2026-09-27,Trabajoscom, Navarra, Navarra,Técnico/a de Mantenimiento Industrial,Sin Data,Sin Data,Indefinido,Jornada Completa,Sin Data,Pacto,Sin Data
2026-09-27,Trabajoscom, Bizkaia, Bizkaia,Operario/a grúa pulpo/Camión C+E-Estable,27.932 € - 28.000 €,Sin Data,Indefinido,Jornada Completa,Sin Data,Iman Temporing,Sin Data
2026-09-27,Trabajoscom, Barcelona, Barcelona,CHAPISTA OFICIAL 1ª SECTOR AUTOMOCIÓN,Sin Data,Sin Data,Indefinido,Jornada Completa,Sin Data,Iman Temporing,Sin Data
2026-09-27,Trabajoscom, Bizkaia, Bizkaia,Operario/a de producción,Sin Data,Sin Data,De duracion determinada,Jornada Completa,Sin Data,Crit Interim España ETT,Sin Data
2026-09-27,Trabajoscom, Barcelona, Barcelona,Operario/a planta quimica,Sin Data,Sin Data,Indefinido,Jornada Completa,Sin Data,Iman Temporing,Sin Data
2026-09-27,Trabajoscom, Barcelona, Barcelona,Oficial Laminador/a Artes graficas,Sin Data,Sin Data,Indefinido,Jornada Completa,Sin Data,Crit Interim España ETT,Sin Data
2026-09-27,Trabajoscom, Las Palmas, Las Palmas,CAMAREROS/AS Y AYUDANTES DE CAMAREROS/AS (Mogán),Sin Data,Sin Data,Indefinido,Jornada Indiferente,Sin Data,Pacto,Sin Data
2026-09-27,Trabajoscom, Barcelona, Barcelona,Técnico/a SAT máquinas recreativas Temporal - Terrassa,Sin Data,Sin Data,De duracion determinada,Jornada Completa,Sin Data,Iman Temporing,Sin Data
2026-09-27,Trabajoscom, Araba, Araba,Vigilante de Seguridad - (Aeropuerto de Vitoria) PLUS +2000€,Sin Data,Sin Data,Indefinido,Jornada Completa,Sin Data,Iman Seguridad,Sin Data
2026-09-27,Trabajoscom, Granada, Granada,LIMPIADOR/A INDUSTRIAL,Sin Data,Sin Data,Indefinido,Jornada Completa,Sin Data,Iman Temporing,Sin Data
2026-09-27,Trabajoscom, Barcelona, Barcelona,Técnico E-Commerce,Sin Data,Sin Data,De duracion determinada,Jornada Completa,Sin Data,Crit Interim España ETT,Sin Data
2026-09-27,Trabajoscom, Barcelona, Barcelona,Recepcionista - Centro Residencial de nueva apertura DomusVi Gavá Ciutat,Sin Data,Sin Data,Indefinido,Jornada Completa,Sin Data,DomusVi,Sin Data
2026-09-27,Trabajoscom, Málaga, Málaga,Técnico/a de mantenimiento - Málaga,Sin Data,Sin Data,Indefinido,Jornada Completa,Sin Data,Iman Temporing,Sin Data
2026-09-27,Trabajoscom, Madrid, Madrid,Recaudador/a de máquinas recreativas - Madrid,Sin Data,Sin Data,De duracion determinada,Jornada Completa,Sin Data,Iman Temporing,Sin Data
2026-09-27,Trabajoscom, Sevilla, Sevilla,Operario/a Industria cárnica,23.000 €,Sin Data,Indefinido,Jornada Completa,Sin Data,Crit Interim España ETT,Sin Data
2026-09-27,Trabajoscom, Barcelona, Barcelona,Oficial 1ª Soldador/Calderero,Sin Data,Sin Data,Indefinido,Jornada Completa,Sin Data,Crit Interim España ETT,Sin Data
2026-09-27,Trabajoscom,Córdoba,Cordoba,Responsable de Cuentas: Asesor Fiscal - Senior,34.000 € - 42.000 €,Sin Data,Indefinido,Jornada Completa,Sin Data,Michael Page,Sin Data
2026-09-27,Trabajoscom,Madrid,Madrid,Store Manager - Moda Deportiva,38.000 € - 43.000 €,Sin Data,Indefinido,Jornada Completa,Sin Data,Michael Page,Sin Data
2026-09-27,Trabajoscom,Barcelona,Barcelona,Accounts Payables - Master Data,28.000 € - 29.000 €,Sin Data,Indefinido,Jornada Completa,Sin Data,Michael Page,Sin Data
2026-09-27,Trabajoscom,Barcelona,Barcelona,Tramitador/a de siniestros (Broker de seguros) Barcelona,28.000 € - 35.000 €,Sin Data,Indefinido,Jornada Completa,Sin Data,Michael Page,Sin Data
2026-09-27,Trabajoscom,Madrid,Madrid,Responsable compras indirectas - cadena de restauración,40.000 € - 45.000 €,Sin Data,Indefinido,Jornada Completa,Sin Data,Michael Page,Sin Data
2026-09-27,Trabajoscom,Barcelona,Barcelona,Accounts Payables - Customer Service,28.000 € - 29.000 €,Sin Data,Indefinido,Jornada Completa,Sin Data,Michael Page,Sin Data
2026-09-27,Trabajoscom,Almería,Almeria,Técnico de Obra,35.000 € - 45.000 €,Sin Data,Indefinido,Jornada Completa,Sin Data,Michael Page,Sin Data
2026-09-27,Trabajoscom,Zaragoza,Zaragoza,Operario/a de Producción (Reciclaje industrial) - (5h - 13h),25.000 € - 35.000 €,Sin Data,Indefinido,Jornada Completa,Sin Data,Michael Page,Sin Data
2026-09-27,Trabajoscom,Madrid,Madrid,Contable-Controller General,35.000 € - 36.000 €,Sin Data,Indefinido,Jornada Completa,Sin Data,Michael Page,Sin Data
2026-09-27,Trabajoscom,Barcelona,Barcelona,Comercial Técnico/a | Industria y Distribución,35.000 € - 40.000 €,Sin Data,Indefinido,Jornada Completa,Sin Data,Michael Page,Sin Data
2026-09-27,Trabajoscom,Madrid,Madrid,KAM - Canal Retail Alimentación,35.000 € - 45.000 €,Sin Data,Indefinido,Jornada Completa,Sin Data,Michael Page,Sin Data
2026-09-27,Trabajoscom,Madrid,Madrid,Back Office Comercial - Sector Industrial,32.000 € - 35.000 €,Sin Data,Indefinido,Jornada Completa,Sin Data,Michael Page,Sin Data
2026-09-27,Trabajoscom,Zaragoza,Zaragoza,Gestor/a Administrativo-Contable,28.000 € - 35.000 €,Sin Data,Indefinido,Jornada Completa,Sin Data,Michael Page,Sin Data
2026-09-27,Trabajoscom,Madrid,Madrid,Técnico de Aduanas - temporal (Coslada),27.000 € - 30.000 €,Sin Data,De duracion determinada,Jornada Completa,Sin Data,Michael Page,Sin Data
2026-09-27,Trabajoscom,Salamanca,Espadaña,Administrador de Virtualización - Tech Solutions,25.000 € - 28.000 €,Sin Data,Indefinido,Jornada Completa,Sin Data,Michael Page,Sin Data
2026-09-27,Trabajoscom,Madrid,Madrid,Técnico/a de Operación de Sistemas / Operador/a CPD,25.000 € - 30.000 €,Sin Data,Indefinido,Jornada Completa,Sin Data,Michael Page,Sin Data
2026-09-27,Trabajoscom,Asturias,Asturias,Comercial Especialista en Salones de Peluquería,30.000 € - 32.000 €,Sin Data,Indefinido,Jornada Completa,Sin Data,Michael Page,Sin Data
2026-09-27,Trabajoscom,Madrid,Madrid,Asesor/a fiscal - Despacho especializado en fiscalidad,40.000 € - 45.000 €,Sin Data,Indefinido,Jornada Completa,Sin Data,Michael Page,Sin Data
2026-09-27,Trabajoscom,Araba,Vitoria-Gasteiz,Responsable de Tráfico y Planificación - Vitoria,38.000 € - 42.000 €,Sin Data,Indefinido,Jornada Completa,Sin Data,Michael Page,Sin Data
2026-09-27,Trabajoscom, Sevilla, Sevilla,Tramitador/a Siniestros Hogar,22.732 € - 25.000 €,Sin Data,Indefinido,Jornada Completa,Sin Data,Michael Page,Sin Data
2026-09-27,Trabajoscom, Málaga, Málaga,Técnico/a de PRL - Sector Industrial - Valle de Ayala,31.500 € - 38.500 €,Sin Data,Indefinido,Jornada Completa,Sin Data,Michael Page,Sin Data
2026-09-27,Trabajoscom,Valencia,Valencia,Programador/a PLC,25.000 € - 30.000 €,Sin Data,Indefinido,Jornada Completa,Sin Data,Michael Page,Sin Data
2026-09-27,Trabajoscom,Madrid,Madrid,Restaurant Manager - Cocina Americana (Madrid),27.000 € - 30.000 €,Sin Data,Indefinido,Jornada Completa,Sin Data,Michael Page,Sin Data
2026-09-27,Trabajoscom,Barcelona,Barcelona,"Store Manager, Barcelona",35.000 € - 40.000 €,Sin Data,Indefinido,Jornada Completa,Sin Data,Michael Page,Sin Data
2026-09-27,Trabajoscom,Cantabria,Vizcaya,Responsable Técnico y de Control de Costes - Instalaciones HVAC,38.000 € - 42.000 €,Sin Data,Indefinido,Jornada Completa,Sin Data,Michael Page,Sin Data
2026-09-27,Trabajoscom,Madrid,Madrid,Coordinador de Compras - Sector Restauración / Food Service,27.000 € - 33.000 €,Sin Data,Indefinido,Jornada Completa,Sin Data,Michael Page,Sin Data
2026-09-27,Trabajoscom,Barcelona,Barcelona,Customer Service con Francés - Barcelona,23.000 € - 28.000 €,Sin Data,Indefinido,Jornada Completa,Sin Data,Michael Page,Sin Data
2026-09-27,Trabajoscom,Madrid,Madrid,Accounts Receivable with Portuguese / Short-term contract,25.000 €,Sin Data,Indefinido,Jornada Completa,Sin Data,Michael Page,Sin Data
2026-09-27,Trabajoscom,Barcelona,Barcelona,Técnico de producción y ensamblaje,29.000 € - 35.000 €,Sin Data,Indefinido,Jornada Completa,Sin Data,Michael Page,Sin Data
2026-09-27,Trabajoscom,Valencia,Valencia,Project Manager / Jefe de Obra Retail - Valencia,40.000 € - 43.000 €,Sin Data,Indefinido,Jornada Completa,Sin Data,Michael Page,Sin Data
2026-09-27,Trabajoscom,Albacete,Fuenlabrada,Inside Sales - Climatización,25.000 € - 27.000 €,Sin Data,Indefinido,Jornada Completa,Sin Data,Michael Page,Sin Data
2026-09-27,Trabajoscom,Madrid,Madrid,"Acquisition Manager Iberia- Restauración, Madrid",30.000 € - 40.000 €,Sin Data,Indefinido,Jornada Completa,Sin Data,Michael Page,Sin Data
2026-09-27,Trabajoscom,Zaragoza,Zaragoza,Responsable de Recursos Humanos,32.000 € - 40.000 €,Sin Data,Indefinido,Jornada Completa,Sin Data,Michael Page,Sin Data
2026-09-27,Trabajoscom,Cantabria,Vizcaya,Consultor Senior - Michael Page,40.000 € - 41.000 €,Sin Data,Indefinido,Jornada Completa,Sin Data,Michael Page,Sin Data
2026-09-27,Trabajoscom,Valencia,Valencia,Técnico/a de Mantenimiento Industrial,23.000 € - 27.000 €,Sin Data,Indefinido,Jornada Completa,Sin Data,Michael Page,Sin Data
2026-09-27,Trabajoscom,Barcelona,Granollers,Responsbale de compras zona Granollers,35.000 € - 45.000 €,Sin Data,Indefinido,Jornada Completa,Sin Data,Michael Page,Sin Data
2026-09-27,Trabajoscom,Barcelona,Barcelona,Técnico Mantenimiento Electromecánico - Quinto Turno,30.000 € - 45.000 €,Sin Data,Indefinido,Jornada Completa,Sin Data,Michael Page,Sin Data
2026-09-27,Trabajoscom,Alicante,Alicante,Controller Costes Industrial,30.000 € - 40.000 €,Sin Data,Indefinido,Jornada Completa,Sin Data,Michael Page,Sin Data
2026-09-27,Trabajoscom,Barcelona,Barcelona,Programador ABAP Senior,30.000 € - 31.000 €,Sin Data,Indefinido,Jornada Completa,Sin Data,Michael Page,Sin Data
2026-09-27,Trabajoscom,Barcelona,L' Hospitalet De Llobregat,Contable general Senior - Hospitalet del Llobregat,30.000 € - 40.000 €,Sin Data,Indefinido,Jornada Completa,Sin Data,Michael Page,Sin Data
2026-09-27,Trabajoscom,Burgos,Burgos,Técnico Comercial - Maquinaria Industrial Burgos,30.000 € - 35.000 €,Sin Data,Indefinido,Jornada Completa,Sin Data,Michael Page,Sin Data
2026-09-27,Trabajoscom,Barcelona,Granollers,Contable general senior - SAP (Franqueses del Vallès),40.000 € - 45.000 €,Sin Data,Indefinido,Jornada Completa,Sin Data,Michael Page,Sin Data
2026-09-27,Trabajoscom,Valencia,Alzira,Técnico/a de Calidad y Seguridad Industrial,30.000 € - 35.000 €,Sin Data,Indefinido,Jornada Completa,Sin Data,Michael Page,Sin Data
2026-09-27,Trabajoscom,Madrid,Madrid,Desarrollador/a MS Power Platform,27.000 € - 34.000 €,Sin Data,Indefinido,Jornada Completa,Sin Data,Michael Page,Sin Data
2026-09-27,Trabajoscom,Barcelona,Barcelona,Ingeniero Electrónico - Empresa industrial del Maresme,40.000 € - 45.000 €,Sin Data,Indefinido,Jornada Completa,Sin Data,Michael Page,Sin Data
2026-09-27,Trabajoscom,Zaragoza,Zaragoza,PRL Zaragoza,31.500 € - 38.500 €,Sin Data,Indefinido,Jornada Completa,Sin Data,Michael Page,Sin Data
2026-09-27,Trabajoscom,Madrid,Arganda Del Rey,Técnico de Garantía de Calidad (H/M) Turnos rotativos,35.000 € - 37.000 €,Sin Data,Indefinido,Jornada Completa,Sin Data,Michael Page,Sin Data
2026-09-27,Trabajoscom,Valencia,Valencia,Ingeniero/a Software (Java&Angular) - Híbrido Flexible,40.000 €,Sin Data,Indefinido,Jornada Completa,Sin Data,Michael Page,Sin Data
2026-09-27,Trabajoscom,Madrid,Madrid,Técnico PRL (con máster),30.000 € - 40.000 €,Sin Data,Indefinido,Jornada Completa,Sin Data,Michael Page,Sin Data
2026-09-27,Trabajoscom,Córdoba,Marbella,Administrativo de Obra,27.000 € - 33.000 €,Sin Data,Indefinido,Jornada Completa,Sin Data,Michael Page,Sin Data
2026-09-27,Trabajoscom,Zaragoza,Zaragoza,Técnico PRL Zaragoza,31.500 € - 38.500 €,Sin Data,Indefinido,Jornada Completa,Sin Data,Michael Page,Sin Data
2026-09-27,Trabajoscom,Madrid,Madrid,Administrativo Facturación/Polivalente,26.000 € - 28.000 €,Sin Data,Indefinido,Jornada Completa,Sin Data,Michael Page,Sin Data
2026-09-27,Trabajoscom,Murcia,Murcia,Controller FP&A,35.000 € - 40.000 €,Sin Data,Indefinido,Jornada Completa,Sin Data,Michael Page,Sin Data
2026-09-27,Trabajoscom,Barcelona,Barcelona,Técnico/a de Prevención de Riesgos Laborales (PRL) de Obra,32.000 € - 35.000 €,Sin Data,Indefinido,Jornada Completa,Sin Data,Michael Page,Sin Data
2026-09-27,Trabajoscom,Las Palmas,San Bartolome De Lanzarote,Contable/Controller - Lanzarote (relocation),27.000 € - 30.000 €,Sin Data,Indefinido,Jornada Completa,Sin Data,Michael Page,Sin Data
2026-09-27,Trabajoscom,Barcelona,Barcelona,Contable / Controller Jr- Barcelona,32.000 € - 35.000 €,Sin Data,Indefinido,Jornada Completa,Sin Data,Michael Page,Sin Data
2026-09-27,Trabajoscom,Valencia,Valencia,Responsable Comercial - Canal Perfumería,27.000 € - 33.000 €,Sin Data,Indefinido,Jornada Completa,Sin Data,Michael Page,Sin Data
2026-09-27,Trabajoscom,Valencia,Valencia,Ingeniero/a de Instalaciones - Oficina Técnica,22.000 € - 24.000 €,Sin Data,Indefinido,Jornada Completa,Sin Data,Michael Page,Sin Data
2026-09-27,Trabajoscom,Murcia,Murcia,Administrativo/a Backoffice comercial con inglés,22.000 € - 27.000 €,Sin Data,Indefinido,Jornada Completa,Sin Data,Michael Page,Sin Data
2026-09-27,Trabajoscom,Madrid,Madrid,Técnico Contable Senior en Madrid,32.000 € - 36.000 €,Sin Data,Indefinido,Jornada Completa,Sin Data,Michael Page,Sin Data
2026-09-27,Trabajoscom,Zaragoza,Zaragoza,Técnico de Campo Frutícola,30.000 € - 40.000 €,Sin Data,Indefinido,Jornada Completa,Sin Data,Michael Page,Sin Data
2026-09-27,Trabajoscom,Madrid,Madrid,Gestión y análisis de riesgos financieros y no-financieros.,40.000 € - 43.000 €,Sin Data,Indefinido,Jornada Completa,Sin Data,Michael Page,Sin Data
2026-09-27,Trabajoscom,Valencia,Valencia,Delineante Proyectista de Instalaciones,25.000 € - 30.000 €,Sin Data,Indefinido,Jornada Completa,Sin Data,Michael Page,Sin Data
2026-09-27,Trabajoscom,Madrid,Alcobendas,AP Accountant Specialist,30.000 €,Sin Data,De duracion determinada,Jornada Completa,Sin Data,Michael Page,Sin Data
2026-09-27,Trabajoscom,Madrid,Madrid,Project Manager Junior Data,35.000 € - 45.000 €,Sin Data,Indefinido,Jornada Completa,Sin Data,Michael Page,Sin Data
2026-09-27,Trabajoscom,Zaragoza,Zaragoza,Administrador de Sistemas Senior,30.000 € - 35.000 €,Sin Data,Indefinido,Jornada Completa,Sin Data,Michael Page,Sin Data
2026-09-27,Trabajoscom,Málaga,Malaga,Comercial Telefónico - Medios de Comunicación,20.000 € - 32.000 €,Sin Data,Indefinido,Jornada Completa,Sin Data,Michael Page,Sin Data
2026-09-27,Trabajoscom,Salamanca,Espadaña,JUNIOR CRM/ERP,18.000 € - 22.000 €,Sin Data,Indefinido,Jornada Completa,Sin Data,Michael Page,Sin Data
2026-09-27,Trabajoscom,Madrid,Madrid,Responsable de Desarrollo de Negocio sistemas de pago (h/m/d),40.000 € - 45.000 €,Sin Data,Indefinido,Jornada Completa,Sin Data,Michael Page,Sin Data
2026-09-27,Trabajoscom,Madrid,Madrid,Fund Accountant,30.000 € - 40.000 €,Sin Data,Indefinido,Jornada Completa,Sin Data,Michael Page,Sin Data
2026-09-27,Trabajoscom,Madrid,Madrid,Project Manager - Proyectos Museografía (h/m/d),35.000 € - 40.000 €,Sin Data,Indefinido,Jornada Completa,Sin Data,Michael Page,Sin Data
2026-09-27,Trabajoscom,Salamanca,Espadaña,Técnico de Redes,20.000 € - 27.000 €,Sin Data,Indefinido,Jornada Completa,Sin Data,Michael Page,Sin Data
2026-09-27,Trabajoscom,Las Palmas,Mondragon,Comercial de Seguros - Mondragón (H/M),27.000 € - 28.000 €,Sin Data,Indefinido,Jornada Completa,Sin Data,Michael Page,Sin Data
2026-09-27,Trabajoscom,Zaragoza,Zaragoza,Ingeniero/a mecánico de instalaciones.,35.000 € - 40.000 €,Sin Data,Indefinido,Jornada Completa,Sin Data,Michael Page,Sin Data
2026-09-27,Trabajoscom,Zaragoza,Zaragoza,Encargado/a de obra,36.000 € - 44.000 €,Sin Data,Indefinido,Jornada Completa,Sin Data,Michael Page,Sin Data
2026-09-27,Trabajoscom,Barcelona,Barcelona,Delegado Comercial Mediterráneo - Tratamiento de aguas,35.000 € - 40.000 €,Sin Data,Indefinido,Jornada Completa,Sin Data,Michael Page,Sin Data
2026-09-27,Trabajoscom,Las Palmas,San Bartolome De Lanzarote,Contable/Controller - Lanzarote (relocation),27.000 € - 30.000 €,Sin Data,Indefinido,Jornada Completa,Sin Data,Michael Page,Sin Data
2026-09-27,Trabajoscom,Murcia,Murcia,Administrativo/a Backoffice comercial con checo,19.000 € - 23.000 €,Sin Data,Indefinido,Jornada Completa,Sin Data,Michael Page,Sin Data
2026-09-27,Trabajoscom,Valencia,Valencia,Ingeniero/a de Proyectos de Software Industrial,30.000 € - 42.000 €,Sin Data,Indefinido,Jornada Completa,Sin Data,Michael Page,Sin Data
2026-09-27,Trabajoscom,Barcelona,Barcelona,Modelador BIM MEP (Climatización e Instalaciones) | Barcelona,30.000 € - 35.000 €,Sin Data,Indefinido,Jornada Completa,Sin Data,Michael Page,Sin Data
2026-09-27,Trabajoscom,Madrid,Madrid,Jefe/a de Proyecto eléctrico junior,38.000 € - 40.000 €,Sin Data,Indefinido,Jornada Completa,Sin Data,Michael Page,Sin Data
2026-09-27,Trabajoscom,Valencia,Valencia,Gestor/a de Adquisiciones Inmobiliarias - Valencia Sur,40.000 € - 45.000 €,Sin Data,Indefinido,Jornada Completa,Sin Data,Michael Page,Sin Data
2026-09-27,Trabajoscom,Madrid,Madrid,Ingeniero electrónico junior,30.000 € - 35.000 €,Sin Data,Indefinido,Jornada Completa,Sin Data,Michael Page,Sin Data
2026-09-27,Trabajoscom,Salamanca,Espadaña,Responsable de Ventas Residenciales y Call Center (España),30.000 € - 40.000 €,Sin Data,Indefinido,Jornada Completa,Sin Data,Michael Page,Sin Data
2026-09-27,Trabajoscom,Valencia,Valencia,Técnico/a Contable - Torrent (Valencia),23.000 € - 28.000 €,Sin Data,Indefinido,Jornada Completa,Sin Data,Michael Page,Sin Data
2026-09-27,Trabajoscom,Zaragoza,Zaragoza,Consultor Senior de RRHH (Freelance / Interim),35.000 € - 40.000 €,Sin Data,Indefinido,Jornada Completa,Sin Data,Michael Page,Sin Data
2026-09-27,Trabajoscom,Madrid,Alcobendas,Junior IT Specialist,20.000 € - 25.000 €,Sin Data,Indefinido,Jornada Completa,Sin Data,Michael Page,Sin Data
2026-09-27,Trabajoscom,Barcelona,Sabadell,Optical R&D Scientist (Python)- Sector oftálmico- Vallés Occ.,28.000 € - 30.000 €,Sin Data,Indefinido,Jornada Completa,Sin Data,Michael Page,Sin Data
2026-09-27,Trabajoscom,Almería,Almeria,Ingeniero de Diseño,34.200 € - 41.800 €,Sin Data,Indefinido,Jornada Completa,Sin Data,Michael Page,Sin Data
2026-09-27,Trabajoscom,Valencia,Valencia,OPERATIVO TRAFICO TERRESTRE CON FRANCÉS,26.000 € - 30.000 €,Sin Data,Indefinido,Jornada Completa,Sin Data,Michael Page,Sin Data
2026-09-27,Trabajoscom,Zaragoza,Zaragoza,Ingeniero/a de cálculos eléctricos,35.000 € - 45.000 €,Sin Data,Indefinido,Jornada Completa,Sin Data,Michael Page,Sin Data
2026-09-27,Trabajoscom,Madrid,Madrid,Montador/a Industrial de Estructuras Metálicas,33.000 € - 38.000 €,Sin Data,Indefinido,Jornada Completa,Sin Data,Michael Page,Sin Data
2026-09-27,Trabajoscom,Madrid,Madrid,Agente Comercial - Generación de Leads,22.000 € - 25.000 €,Sin Data,Indefinido,Jornada Completa,Sin Data,Michael Page,Sin Data
2026-09-27,Trabajoscom,Madrid,Madrid,Coordinador/a Unidad Técnica de PBC/FT - Despacho de Abogados,38.000 € - 40.000 €,Sin Data,Indefinido,Jornada Completa,Sin Data,Michael Page,Sin Data
2026-09-27,Trabajoscom,Madrid,Madrid,Marketing assistant EMEA temporal - inglés avanzado,35.000 € - 40.000 €,Sin Data,De duracion determinada,Jornada Completa,Sin Data,Michael Page,Sin Data
2026-09-27,Trabajoscom,Zaragoza,Zaragoza,Técnico/a superior PRL,27.000 € - 33.000 €,Sin Data,Indefinido,Jornada Completa,Sin Data,Michael Page,Sin Data
2026-09-27,Trabajoscom,Madrid,Madrid,Logistics & Supply Chain Specialist I Madrid,30.000 €,Sin Data,Indefinido,Jornada Completa,Sin Data,Michael Page,Sin Data
2026-09-27,Trabajoscom,Madrid,Pinto,Ingeniero/a Internacional CL1 de Soldadura Pinto,32.000 € - 42.000 €,Sin Data,Indefinido,Jornada Completa,Sin Data,Michael Page,Sin Data
2026-09-27,Trabajoscom,Valencia,Valencia,Comprador/a - Sector Retail,27.000 € - 28.000 €,Sin Data,Indefinido,Jornada Completa,Sin Data,Michael Page,Sin Data
2026-09-27,Trabajoscom,Madrid,Madrid,Accounts Payable Operations with English,30.000 €,Sin Data,Indefinido,Jornada Completa,Sin Data,Michael Page,Sin Data
2026-09-27,Trabajoscom,Madrid,Madrid,Ejecutivo/a Comercial B2B/B2B2C seguros,30.000 € - 32.000 €,Sin Data,Indefinido,Jornada Completa,Sin Data,Michael Page,Sin Data
2026-09-27,Trabajoscom,Alicante,Alicante,Contable Junior - Benidorm,22.000 € - 25.000 €,Sin Data,Indefinido,Jornada Completa,Sin Data,Michael Page,Sin Data
2026-09-27,Trabajoscom,Barcelona,Gava,Responsable y Coordinador de Almacén Junior - Baix Llobregat,24.000 € - 26.000 €,Sin Data,Indefinido,Jornada Completa,Sin Data,Michael Page,Sin Data
2026-09-27,Trabajoscom,Tarragona,Tarragona,Técnico/a de Estudios - Sta Coloma de Queralt,22.000 € - 28.000 €,Sin Data,Indefinido,Jornada Completa,Sin Data,Michael Page,Sin Data
2026-09-27,Trabajoscom,Alicante,Alicante,Técnico Comercial Materiales de Construcción,36.000 € - 44.000 €,Sin Data,Indefinido,Jornada Completa,Sin Data,Michael Page,Sin Data
2026-09-27,Trabajoscom,Madrid,Madrid,Marketing & Brand Specialist - sector gran consumo,35.000 € - 45.000 €,Sin Data,Indefinido,Jornada Completa,Sin Data,Michael Page,Sin Data
2026-09-27,Trabajoscom,Huelva,Huelva,Comercial Internacional FMCG - Lepe,26.000 € - 27.000 €,Sin Data,Indefinido,Jornada Completa,Sin Data,Michael Page,Sin Data
2026-09-27,Trabajoscom,Valencia,Valencia,Técnico Comercial de Recambios (Automóvil),27.000 € - 29.000 €,Sin Data,Indefinido,Jornada Completa,Sin Data,Michael Page,Sin Data
2026-09-27,Trabajoscom,Madrid,Madrid,Office Manager,45.000 €,Sin Data,Indefinido,Jornada Completa,Sin Data,Michael Page,Sin Data
2026-09-27,Trabajoscom,Granada,Granada,Comercial de Estancos Granada - Almería,18.000 €,Sin Data,Indefinido,Jornada Completa,Sin Data,Michael Page,Sin Data
2026-09-27,Trabajoscom,Salamanca,Espadaña,Técnico/a Superior de PRL - Industria/Obra,40.000 € - 45.000 €,Sin Data,Indefinido,Jornada Completa,Sin Data,Michael Page,Sin Data
2026-09-27,Trabajoscom,Madrid,Pozuelo De Alarcon,Administrativo/a de  Obra - Pozuelo,25.000 € - 28.000 €,Sin Data,Indefinido,Jornada Completa,Sin Data,Michael Page,Sin Data
2026-09-27,Trabajoscom,Murcia,Murcia,Responsable Comercial - Murcia y Almería - sector seguros,22.000 € - 26.000 €,Sin Data,Indefinido,Jornada Completa,Sin Data,Michael Page,Sin Data
2026-09-27,Trabajoscom,Madrid,Madrid,QA Lead,30.000 € - 42.000 €,Sin Data,Indefinido,Jornada Completa,Sin Data,Michael Page,Sin Data
2026-09-27,Trabajoscom,Badajoz,Badajoz,Responsable Mantenimiento IVECO / Maquinaria de Obra,25.000 € - 35.000 €,Sin Data,Indefinido,Jornada Completa,Sin Data,Michael Page,Sin Data
2026-09-27,Trabajoscom,Salamanca,Espadaña,Consultor/a I+D+i Tax Incentives  - REMOTO,25.000 € - 27.000 €,Sin Data,Indefinido,Jornada Completa,Sin Data,Michael Page,Sin Data
2026-09-27,Trabajoscom,Bizkaia,Bilbao,Gestor de Proyectos - Ing. de Instalaciones Eléctricas (h/m),38.000 € - 42.000 €,Sin Data,Indefinido,Jornada Completa,Sin Data,Michael Page,Sin Data
2026-09-27,Trabajoscom, Sevilla, Sevilla,Gestor/a De Proyectos y De Negocio Sostenibilidad - Agro,40.000 €,Sin Data,Indefinido,Jornada Completa,Sin Data,Michael Page,Sin Data
2026-09-27,Trabajoscom,Bizkaia,Bilbao,Programador Eléctrico/Electrónico (h/m),28.000 € - 38.000 €,Sin Data,Indefinido,Jornada Completa,Sin Data,Michael Page,Sin Data
2026-09-27,Trabajoscom, Navarra, Navarra,Project Manager - Automoción - Ribera Alta,40.000 € - 45.000 €,Sin Data,Indefinido,Jornada Completa,Sin Data,Michael Page,Sin Data
2026-09-27,Trabajoscom,Huelva,Huelva,RESPONSABLE DE CAPTACIÓN -  HUELVA,30.000 € - 40.000 €,Sin Data,Indefinido,Jornada Completa,Sin Data,Michael Page,Sin Data
2026-09-27,Trabajoscom,Bizkaia,Bilbao,Ingeniero Oficina Técnica - Ing. Instalaciones Eléctricas (h/m),38.000 € - 42.000 €,Sin Data,Indefinido,Jornada Completa,Sin Data,Michael Page,Sin Data
2026-09-27,Trabajoscom,Madrid,Madrid,Contable Senior,35.000 € - 38.000 €,Sin Data,Indefinido,Jornada Completa,Sin Data,Michael Page,Sin Data
2026-09-27,Trabajoscom,Madrid,Pinto,Técnico/a Postventa Pinto recambios vehículos industriales,26.000 € - 33.000 €,Sin Data,Indefinido,Jornada Completa,Sin Data,Michael Page,Sin Data
2026-09-27,Trabajoscom,Valencia,Valencia,Inside Sales con inglés,25.000 € - 30.000 €,Sin Data,Indefinido,Jornada Completa,Sin Data,Michael Page,Sin Data
2026-09-27,Trabajoscom,Cantabria,Vizcaya,Ingeniero/a de Proyecto - Energías Renovables,33.000 € - 38.000 €,Sin Data,Indefinido,Jornada Completa,Sin Data,Michael Page,Sin Data
2026-09-27,Trabajoscom,Cádiz,Cadiz,Jefe/a de Cosecha,25.000 € - 30.000 €,Sin Data,Indefinido,Jornada Completa,Sin Data,Michael Page,Sin Data
2026-09-27,Trabajoscom, Castellón, Castellón,Técnico/a PRL + Coordinador/a Seguridad y Salud obra industrial,28.000 € - 35.000 €,Sin Data,Indefinido,Jornada Completa,Sin Data,Michael Page,Sin Data
2026-09-27,Trabajoscom,Barcelona,Barcelona,Jefe/a de Equipo Comercial - Zona Baix Llobregat,30.000 € - 33.000 €,Sin Data,Indefinido,Jornada Completa,Sin Data,Michael Page,Sin Data
2026-09-27,Trabajoscom,Madrid,Madrid,Ingeniero Comercial | Construcción,40.000 € - 45.000 €,Sin Data,Indefinido,Jornada Completa,Sin Data,Michael Page,Sin Data
2026-09-27,Trabajoscom,Tarragona,Tarragona,Técnico/a de Calidad de Obra | Tarragona,40.000 € - 45.000 €,Sin Data,Indefinido,Jornada Completa,Sin Data,Michael Page,Sin Data
2026-09-27,Trabajoscom,Alicante,Alicante,Asesor/a Laboral - Alrededores de Calpe,22.500 € - 27.000 €,Sin Data,Indefinido,Jornada Completa,Sin Data,Michael Page,Sin Data
2026-09-27,Trabajoscom,Madrid,Madrid,Técnico HSE. Renovables,35.000 € - 36.000 €,Sin Data,Indefinido,Jornada Completa,Sin Data,Michael Page,Sin Data
2026-09-27,Trabajoscom,Madrid,Madrid,Técnico Selección y Formación - Zona sureste de Madrid,26.000 € - 30.000 €,Sin Data,Indefinido,Jornada Completa,Sin Data,Michael Page,Sin Data
2026-09-27,Trabajoscom,Barcelona,Barcelona,"Merchandiser o Business Analyst compras, Barcelona",40.000 € - 45.000 €,Sin Data,Indefinido,Jornada Completa,Sin Data,Michael Page,Sin Data
2026-09-27,Trabajoscom,Huelva,Huelva,RESPONSABLE DE CAPTACIÓN -  HUELVA,30.000 € - 40.000 €,Sin Data,Indefinido,Jornada Completa,Sin Data,Michael Page,Sin Data
2026-09-27,Trabajoscom,Bizkaia,Bilbao,Ingeniero Oficina Técnica - Ing. Instalaciones Eléctricas (h/m),38.000 € - 42.000 €,Sin Data,Indefinido,Jornada Completa,Sin Data,Michael Page,Sin Data
2026-09-27,Trabajoscom,Madrid,Madrid,Contable Senior,35.000 € - 38.000 €,Sin Data,Indefinido,Jornada Completa,Sin Data,Michael Page,Sin Data
2026-09-27,Trabajoscom,Valencia,Valencia,Inside Sales con inglés,25.000 € - 30.000 €,Sin Data,Indefinido,Jornada Completa,Sin Data,Michael Page,Sin Data
2026-09-27,Trabajoscom,Madrid,Pinto,Técnico/a Postventa Pinto recambios vehículos industriales,26.000 € - 33.000 €,Sin Data,Indefinido,Jornada Completa,Sin Data,Michael Page,Sin Data
2026-09-27,Trabajoscom,Cantabria,Vizcaya,Ingeniero/a de Proyecto - Energías Renovables,33.000 € - 38.000 €,Sin Data,Indefinido,Jornada Completa,Sin Data,Michael Page,Sin Data
2026-09-27,Trabajoscom,Cádiz,Cadiz,Jefe/a de Cosecha,25.000 € - 30.000 €,Sin Data,Indefinido,Jornada Completa,Sin Data,Michael Page,Sin Data
2026-09-27,Trabajoscom,Barcelona,Barcelona,Jefe/a de Equipo Comercial - Zona Baix Llobregat,30.000 € - 33.000 €,Sin Data,Indefinido,Jornada Completa,Sin Data,Michael Page,Sin Data
2026-09-27,Trabajoscom, Castellón, Castellón,Técnico/a PRL + Coordinador/a Seguridad y Salud obra industrial,28.000 € - 35.000 €,Sin Data,Indefinido,Jornada Completa,Sin Data,Michael Page,Sin Data
2026-09-27,Trabajoscom,La Rioja,Logroño,Responsable Administración & Finanzas (H/M),35.000 € - 40.000 €,Sin Data,Indefinido,Jornada Completa,Sin Data,Michael Page,Sin Data
2026-09-27,Trabajoscom,Madrid,Madrid,Marketing Printing Manager (100% remoto),35.000 € - 42.000 €,Sin Data,De duracion determinada,Jornada Completa,Sin Data,Michael Page,Sin Data
2026-09-27,Trabajoscom,Madrid,Madrid,Tramitador/a de Siniestros Hogar,20.000 €,Sin Data,Indefinido,Jornada Completa,Sin Data,Michael Page,Sin Data
2026-09-27,Trabajoscom,Madrid,Madrid,Desarrollador/a BCM Helix (Remoto 100%),25.000 € - 30.000 €,Sin Data,De duracion determinada,Jornada Completa,Sin Data,Michael Page,Sin Data
2026-09-27,Trabajoscom,Huelva,Huelva,Responsable de Compras,36.000 € - 44.000 €,Sin Data,Indefinido,Jornada Completa,Sin Data,Michael Page,Sin Data
2026-09-27,Trabajoscom,Salamanca,Espadaña,Creative Copywriter & Strategist - REMOTO,35.000 € - 38.000 €,Sin Data,Indefinido,Jornada Completa,Sin Data,Michael Page,Sin Data
2026-09-27,Trabajoscom,Barcelona,Barcelona,Ecommerce Specialist,30.000 € - 38.500 €,Sin Data,Indefinido,Jornada Completa,Sin Data,Michael Page,Sin Data
2026-09-27,Trabajoscom,Málaga,Malaga,"Category Manager (h,m,d) - Málaga",35.000 € - 40.000 €,Sin Data,Indefinido,Jornada Completa,Sin Data,Michael Page,Sin Data
2026-09-27,Trabajoscom, Lleida, Lleida,Técnico/a Industrialización Eléctrico/ Electrónico,34.000 € - 35.000 €,Sin Data,Indefinido,Jornada Completa,Sin Data,Michael Page,Sin Data
2026-09-27,Trabajoscom,Asturias,San Sebastian,Corporate Finance M&A-San Sebastián,38.000 € - 40.000 €,Sin Data,Indefinido,Jornada Completa,Sin Data,Michael Page,Sin Data
2026-09-27,Trabajoscom,Barcelona,Barcelona,Customer Service con Alemán - Multinacional en Maresme,30.000 € - 45.000 €,Sin Data,Indefinido,Jornada Completa,Sin Data,Michael Page,Sin Data
2026-09-27,Trabajoscom,Madrid,Madrid,Técnico de mantenimiento,25.000 € - 30.000 €,Sin Data,Indefinido,Jornada Completa,Sin Data,Michael Page,Sin Data
2026-09-27,Trabajoscom,Madrid,Pozuelo De Alarcon,Asesor Comercial - Renting de Vehículos,25.200 € - 30.800 €,Sin Data,Indefinido,Jornada Completa,Sin Data,Michael Page,Sin Data
2026-09-27,Trabajoscom,Bizkaia,Bilbao,Encargado/a General de Servicios,27.000 € - 28.000 €,Sin Data,Indefinido,Jornada Completa,Sin Data,Michael Page,Sin Data
2026-09-27,Trabajoscom,Murcia,Murcia,Tecnico/a Electrohidráulico,27.000 € - 40.000 €,Sin Data,Indefinido,Jornada Completa,Sin Data,Michael Page,Sin Data
2026-09-27,Trabajoscom,Barcelona,Barcelona,ARS Cash Register Team Lead with English,25.000 € - 26.000 €,Sin Data,Indefinido,Jornada Completa,Sin Data,Michael Page,Sin Data
2026-09-27,Trabajoscom,Asturias,Vigo,Sales engineer junior sector industrial,30.000 € - 40.000 €,Sin Data,Indefinido,Jornada Completa,Sin Data,Michael Page,Sin Data
2026-09-27,Trabajoscom,Madrid,Las Rozas De Madrid,Analista Financiero Sector Ingeniería,45.000 €,Sin Data,Indefinido,Jornada Completa,Sin Data,Michael Page,Sin Data
2026-09-27,Trabajoscom,Madrid,Madrid,"PR, Comms & Partnerships Executive-Lifestyle /Mascotas Premium",27.000 € - 35.000 €,Sin Data,Indefinido,Jornada Completa,Sin Data,Michael Page,Sin Data
2026-09-27,Trabajoscom,Madrid,Madrid,Ingeniero/a de Producción Junior con Plan de Carrera,30.000 € - 35.000 €,Sin Data,Indefinido,Jornada Completa,Sin Data,Michael Page,Sin Data
2026-09-27,Trabajoscom,Barcelona,Barcelona,Product Developer (Tech Services),30.000 € - 38.000 €,Sin Data,Indefinido,Jornada Completa,Sin Data,Michael Page,Sin Data
2026-09-27,Trabajoscom,Asturias,Asturias,Responsable Técnico de Instalaciones de gas | Zona Norte,31.500 € - 38.500 €,Sin Data,Indefinido,Jornada Completa,Sin Data,Michael Page,Sin Data
2026-09-27,Trabajoscom,Zaragoza,Zaragoza,Team Lead Frontend (H/M),36.000 € - 44.000 €,Sin Data,Indefinido,Jornada Completa,Sin Data,Michael Page,Sin Data
2026-09-27,Trabajoscom,Zaragoza,Zaragoza,Electromecánico/a (turnos),26.000 € - 35.000 €,Sin Data,Indefinido,Jornada Completa,Sin Data,Michael Page,Sin Data
2026-09-27,Trabajoscom,Barcelona,Manlleu,Operario/a de Acondicionamiento Primario - Osona,22.000 € - 28.000 €,Sin Data,Indefinido,Jornada Completa,Sin Data,Michael Page,Sin Data
2026-09-27,Trabajoscom,Barcelona,Barcelona,Business Applications Specialist,31.500 € - 38.500 €,Sin Data,Indefinido,Jornada Completa,Sin Data,Michael Page,Sin Data
2026-09-27,Trabajoscom,Barcelona,Barcelona,Ingeniero/a Preventa - Electrónica y Sistemas de Control,30.000 € - 35.000 €,Sin Data,Indefinido,Jornada Completa,Sin Data,Michael Page,Sin Data
2026-09-27,Trabajoscom,Madrid,Madrid,Asesor Fiscal - Despacho de Abogados,30.000 € - 40.000 €,Sin Data,Indefinido,Jornada Completa,Sin Data,Michael Page,Sin Data
2026-09-27,Trabajoscom,Málaga,Malaga,Asesor/a comercial Automoción,26.000 € - 34.000 €,Sin Data,Indefinido,Jornada Completa,Sin Data,Michael Page,Sin Data
2026-09-27,Trabajoscom,Bizkaia,Bilbao,Técnico/a Medio Ambiente y Calidad,40.000 € - 41.000 €,Sin Data,Indefinido,Jornada Completa,Sin Data,Michael Page,Sin Data
2026-09-27,Trabajoscom,Barcelona,Barcelona,Tecnico Contable y Fiscal - Barcelona,28.000 € - 33.000 €,Sin Data,Indefinido,Jornada Completa,Sin Data,Michael Page,Sin Data
2026-09-27,Trabajoscom,Madrid,Madrid,Técnico/a Comercial - Automatización y Digitalización,40.000 € - 45.000 €,Sin Data,Indefinido,Jornada Completa,Sin Data,Michael Page,Sin Data
2026-09-27,Trabajoscom,Córdoba,La Carlota,Ingeniero de Automatización,28.800 € - 35.200 €,Sin Data,Indefinido,Jornada Completa,Sin Data,Michael Page,Sin Data
2026-09-27,Trabajoscom, Sevilla, Sevilla,Junior Data Analyst,22.000 € - 25.000 €,Sin Data,Indefinido,Jornada Completa,Sin Data,Michael Page,Sin Data
2026-09-27,Trabajoscom,Valencia,Valencia,Controller Senior (FP&A) - Zona Xàtiva,40.000 €,Sin Data,Indefinido,Jornada Completa,Sin Data,Michael Page,Sin Data
2026-09-27,Trabajoscom,Valencia,Valencia,DIRECTOR DE DESARROLLO DE NEGOCIO,42.000 € - 45.000 €,Sin Data,Indefinido,Jornada Completa,Sin Data,Michael Page,Sin Data
2026-09-27,Trabajoscom,Zaragoza,Zaragoza,Electromecánico/a (turnos),26.000 € - 35.000 €,Sin Data,Indefinido,Jornada Completa,Sin Data,Michael Page,Sin Data
2026-09-27,Trabajoscom,Barcelona,Manlleu,Operario/a de Acondicionamiento Primario - Osona,22.000 € - 28.000 €,Sin Data,Indefinido,Jornada Completa,Sin Data,Michael Page,Sin Data
2026-09-27,Trabajoscom,Barcelona,Barcelona,Business Applications Specialist,31.500 € - 38.500 €,Sin Data,Indefinido,Jornada Completa,Sin Data,Michael Page,Sin Data
2026-09-27,Trabajoscom,Barcelona,Barcelona,Ingeniero/a Preventa - Electrónica y Sistemas de Control,30.000 € - 35.000 €,Sin Data,Indefinido,Jornada Completa,Sin Data,Michael Page,Sin Data
2026-09-27,Trabajoscom,Madrid,Madrid,Asesor Fiscal - Despacho de Abogados,30.000 € - 40.000 €,Sin Data,Indefinido,Jornada Completa,Sin Data,Michael Page,Sin Data
2026-09-27,Trabajoscom,Málaga,Malaga,Asesor/a comercial Automoción,26.000 € - 34.000 €,Sin Data,Indefinido,Jornada Completa,Sin Data,Michael Page,Sin Data
2026-09-27,Trabajoscom,Bizkaia,Bilbao,Técnico/a Medio Ambiente y Calidad,40.000 € - 41.000 €,Sin Data,Indefinido,Jornada Completa,Sin Data,Michael Page,Sin Data
2026-09-27,Trabajoscom,Barcelona,Barcelona,Tecnico Contable y Fiscal - Barcelona,28.000 € - 33.000 €,Sin Data,Indefinido,Jornada Completa,Sin Data,Michael Page,Sin Data
2026-09-27,Trabajoscom,Barcelona,Barcelona,Payroll Admin - English C1,28.000 € - 29.000 €,Sin Data,Indefinido,Jornada Completa,Sin Data,Michael Page,Sin Data
2026-09-27,Trabajoscom,Valencia,Valencia,Técnico Comercial - Sector Acero,25.000 € - 35.000 €,Sin Data,Indefinido,Jornada Completa,Sin Data,Michael Page,Sin Data
2026-09-27,Trabajoscom,León,Santa Catalina De Somoza,Delegado Comercial - (Mercado Nacional y Europeo) - FMCG,25.000 € - 30.000 €,Sin Data,Indefinido,Jornada Completa,Sin Data,Michael Page,Sin Data
2026-09-27,Trabajoscom,Sevilla,Sevilla,Encargado de Obra,35.000 € - 42.000 €,Sin Data,Indefinido,Jornada Completa,Sin Data,Michael Page,Sin Data
2026-09-27,Trabajoscom,Alicante,Alicante,Operario/a CNC,27.000 € - 32.000 €,Sin Data,Indefinido,Jornada Completa,Sin Data,Michael Page,Sin Data
2026-09-27,Trabajoscom,Valencia,Valencia,Ingeniero/a de Diseño Mecánico y Proyectos Industriales,38.000 € - 39.000 €,Sin Data,Indefinido,Jornada Completa,Sin Data,Michael Page,Sin Data
2026-09-27,Trabajoscom, Málaga, Málaga,Ingeniero de Desarrollo de Producto HVAC,40.000 € - 45.000 €,Sin Data,Indefinido,Jornada Completa,Sin Data,Michael Page,Sin Data
2026-09-27,Trabajoscom,Madrid,Madrid,Técnico/a de seguridad PRL,40.000 € - 41.000 €,Sin Data,Indefinido,Jornada Completa,Sin Data,Michael Page,Sin Data
2026-09-27,Trabajoscom,Barcelona,Barcelona,Técnico SAT de Climatización (Edificios Terciarios),35.000 € - 45.000 €,Sin Data,Indefinido,Jornada Completa,Sin Data,Michael Page,Sin Data
2026-09-27,Trabajoscom,Madrid,Madrid,Abogado/a Corporativo - Empresa Internacional,30.000 € - 35.000 €,Sin Data,Indefinido,Jornada Completa,Sin Data,Michael Page,Sin Data
2026-09-27,Trabajoscom,Toledo,Toledo,Adjunto Responsable de Compras,40.000 € - 45.000 €,Sin Data,Indefinido,Jornada Completa,Sin Data,Michael Page,Sin Data
2026-09-27,Trabajoscom,Valencia,Valencia,Técnico/a de Mantenimiento industrial,27.000 € - 29.000 €,Sin Data,Indefinido,Jornada Completa,Sin Data,Michael Page,Sin Data
2026-09-27,Trabajoscom,Salamanca,Espadaña,Técnico Workplace N3 (Tech Solutions),25.000 € - 30.000 €,Sin Data,Indefinido,Jornada Completa,Sin Data,Michael Page,Sin Data
2026-09-27,Trabajoscom,Madrid,Madrid,Jefe de Produccion residencial (h/m),35.000 € - 38.000 €,Sin Data,Indefinido,Jornada Completa,Sin Data,Michael Page,Sin Data
2026-09-27,Trabajoscom,Salamanca,Espadaña,Gestor/a de tráfico marítimo (Vigo),25.000 € - 32.000 €,Sin Data,Indefinido,Jornada Completa,Sin Data,Michael Page,Sin Data
2026-09-27,Trabajoscom,Barcelona,Barcelona,Responsable red de proveedores hogar Barcelona,40.000 € - 43.000 €,Sin Data,Indefinido,Jornada Completa,Sin Data,Michael Page,Sin Data
2026-09-27,Trabajoscom,Valencia,Valencia,Ingeniero/a de Proyectos y Legalización de Instalaciones,32.000 € - 42.000 €,Sin Data,Indefinido,Jornada Completa,Sin Data,Michael Page,Sin Data
2026-09-27,Trabajoscom,Barcelona,Barcelona,Planificador de Producción - Compañía Industrial,42.000 € - 45.000 €,Sin Data,Indefinido,Jornada Completa,Sin Data,Michael Page,Sin Data
2026-09-27,Trabajoscom,Madrid,Madrid,Ingeniero planta interna infraestructuras (h/m),37.000 € - 45.000 €,Sin Data,Indefinido,Jornada Completa,Sin Data,Michael Page,Sin Data
2026-09-27,Trabajoscom,Madrid,Madrid,Responsable de Obra Hidráulica - Tuberías,32.000 € - 40.000 €,Sin Data,Indefinido,Jornada Completa,Sin Data,Michael Page,Sin Data
2026-09-27,Trabajoscom, Cantabria, Cantabria,Responsable Administrativo-Financiero - Cantabria,36.000 € - 40.000 €,Sin Data,Indefinido,Jornada Completa,Sin Data,Michael Page,Sin Data
2026-09-27,Trabajoscom,Madrid,Madrid,Jefe de obra reformas integrales de viviendas (h/m),30.000 € - 36.000 €,Sin Data,Indefinido,Jornada Completa,Sin Data,Michael Page,Sin Data
2026-09-27,Trabajoscom,Madrid,Madrid,Omnichannel Delivery Analyst temporal 6 meses,32.000 € - 35.000 €,Sin Data,De duracion determinada,Jornada Completa,Sin Data,Michael Page,Sin Data
2026-09-27,Trabajoscom,Barcelona,Barcelona,Técnico/a de Electromedicina Hospitalaria,34.200 € - 41.800 €,Sin Data,Indefinido,Jornada Completa,Sin Data,Michael Page,Sin Data
2026-09-27,Trabajoscom,Huesca,Huesca,Comercial Internacional LATAM - Maquinaria Agrícola,35.000 € - 45.000 €,Sin Data,Indefinido,Jornada Completa,Sin Data,Michael Page,Sin Data
2026-09-27,Trabajoscom,Madrid,Madrid,Ingeniero proyectos fotovoltaicos/ híbridos. 100% teletrabajo,30.000 € - 31.000 €,Sin Data,Indefinido,Jornada Completa,Sin Data,Michael Page,Sin Data
2026-09-27,Trabajoscom,Palencia,Palencia,Delegado Comercial Levante - Neumáticos,36.000 € - 44.000 €,Sin Data,Indefinido,Jornada Completa,Sin Data,Michael Page,Sin Data
2026-09-27,Trabajoscom,Palencia,Palencia,Delegado Comercial Levante - Neumáticos,36.000 € - 44.000 €,Sin Data,Indefinido,Jornada Completa,Sin Data,Michael Page,Sin Data
2026-09-27,Trabajoscom,Barcelona,Barcelona,Responsable Turno Producción,44.000 € - 45.000 €,Sin Data,Indefinido,Jornada Completa,Sin Data,Michael Page,Sin Data
2026-09-27,Trabajoscom,Madrid,Madrid,Encargado de lineas de transmisión eléctrica.,35.000 € - 36.000 €,Sin Data,Indefinido,Jornada Completa,Sin Data,Michael Page,Sin Data
2026-09-27,Trabajoscom,Madrid,Madrid,Jefe de obra. Lineas Transmisión Eléctrica,38.000 € - 39.000 €,Sin Data,Indefinido,Jornada Completa,Sin Data,Michael Page,Sin Data
2026-09-27,Trabajoscom,Sevilla,Sevilla,Abogado/a Fiscalista Internacional (2-5 años) - Sevilla,28.000 € - 38.000 €,Sin Data,Indefinido,Jornada Completa,Sin Data,Michael Page,Sin Data
2026-09-27,Trabajoscom,Madrid,Madrid,Operarios mantenimiento Holanda,35.000 € - 44.000 €,Sin Data,Indefinido,Jornada Completa,Sin Data,Michael Page,Sin Data
2026-09-27,Trabajoscom,Barcelona,Barcelona,Sales Associate - Alta Relojería - Inglés Alto - Barcelona,40.000 €,Sin Data,Indefinido,Jornada Completa,Sin Data,Michael Page,Sin Data
2026-09-27,Trabajoscom,Madrid,Madrid,CRM Specialist (Zoho) & Revenue Operations (RevOps) - B2B,30.000 € - 35.000 €,Sin Data,Indefinido,Jornada Completa,Sin Data,Michael Page,Sin Data
2026-09-27,Trabajoscom,Palencia,Palencia,Responsable Comercial Negocio Digital- Sector Moda,40.000 € - 41.000 €,Sin Data,Indefinido,Jornada Completa,Sin Data,Michael Page,Sin Data
2026-09-27,Trabajoscom,Valencia,Valencia,Técnico/a de compras,27.000 € - 30.000 €,Sin Data,Indefinido,Jornada Completa,Sin Data,Michael Page,Sin Data
2026-09-27,Trabajoscom,Barcelona,Barcelona,Ingeniero/a Electrónico/a Junior,28.000 € - 32.000 €,Sin Data,Indefinido,Jornada Completa,Sin Data,Michael Page,Sin Data
2026-09-27,Trabajoscom,Madrid,Madrid,Executive Assistant con inglés alto,40.000 € - 45.000 €,Sin Data,Indefinido,Jornada Completa,Sin Data,Michael Page,Sin Data
2026-09-27,Trabajoscom,Murcia,Murcia,Coordinador Proyectos Automatización  (h/m),40.000 € - 45.000 €,Sin Data,Indefinido,Jornada Completa,Sin Data,Michael Page,Sin Data
2026-09-27,Trabajoscom,Madrid,Madrid,Jefe de Produccion residencial (h/m),35.000 € - 38.000 €,Sin Data,Indefinido,Jornada Completa,Sin Data,Michael Page,Sin Data
2026-09-27,Trabajoscom,Salamanca,Espadaña,Gestor/a de tráfico marítimo (Vigo),25.000 € - 32.000 €,Sin Data,Indefinido,Jornada Completa,Sin Data,Michael Page,Sin Data
2026-09-27,Trabajoscom,Barcelona,Barcelona,Responsable red de proveedores hogar Barcelona,40.000 € - 43.000 €,Sin Data,Indefinido,Jornada Completa,Sin Data,Michael Page,Sin Data
2026-09-27,Trabajoscom,Valencia,Valencia,Ingeniero/a de Proyectos y Legalización de Instalaciones,32.000 € - 42.000 €,Sin Data,Indefinido,Jornada Completa,Sin Data,Michael Page,Sin Data
2026-09-27,Trabajoscom,Barcelona,Barcelona,Planificador de Producción - Compañía Industrial,42.000 € - 45.000 €,Sin Data,Indefinido,Jornada Completa,Sin Data,Michael Page,Sin Data
2026-09-27,Trabajoscom,Madrid,Madrid,Ingeniero planta interna infraestructuras (h/m),37.000 € - 45.000 €,Sin Data,Indefinido,Jornada Completa,Sin Data,Michael Page,Sin Data
2026-09-27,Trabajoscom,Toledo,Toledo,Adjunto Responsable de Compras,40.000 € - 45.000 €,Sin Data,Indefinido,Jornada Completa,Sin Data,Michael Page,Sin Data
2026-09-27,Trabajoscom,Salamanca,Espadaña,Técnico Workplace N3 (Tech Solutions),25.000 € - 30.000 €,Sin Data,Indefinido,Jornada Completa,Sin Data,Michael Page,Sin Data
2026-09-27,Trabajoscom,Salamanca,Espadaña,Especialista Workplace (Tech solutions),25.000 € - 30.000 €,Sin Data,Indefinido,Jornada Completa,Sin Data,Michael Page,Sin Data
2026-09-27,Trabajoscom,Málaga,Malaga,Controller Senior,40.000 € - 42.000 €,Sin Data,Indefinido,Jornada Completa,Sin Data,Michael Page,Sin Data
2026-09-27,Trabajoscom,Tarragona,Tarragona,Técnico de Mantenimento Mecánico Industrial,30.000 € - 40.000 €,Sin Data,Indefinido,Jornada Completa,Sin Data,Michael Page,Sin Data
2026-09-27,Trabajoscom,Barcelona,Barcelona,General Ledger Accountant with Spanish and English,30.000 € - 45.000 €,Sin Data,Indefinido,Jornada Completa,Sin Data,Michael Page,Sin Data
2026-09-27,Trabajoscom,Madrid,Madrid,Business Development Manager - SaaS,30.000 € - 40.000 €,Sin Data,Indefinido,Jornada Completa,Sin Data,Michael Page,Sin Data
2026-09-27,Trabajoscom,Zaragoza,Zaragoza,Supervisor/a O&M (renovables),30.000 € - 40.000 €,Sin Data,Indefinido,Jornada Completa,Sin Data,Michael Page,Sin Data
2026-09-27,Trabajoscom,Alicante,Alicante,Operario/a CNC,27.000 € - 32.000 €,Sin Data,Indefinido,Jornada Completa,Sin Data,Michael Page,Sin Data
2026-09-27,Trabajoscom,Valencia,Valencia,Ingeniero/a de Diseño Mecánico y Proyectos Industriales,38.000 € - 39.000 €,Sin Data,Indefinido,Jornada Completa,Sin Data,Michael Page,Sin Data
2026-09-27,Trabajoscom,Madrid,Madrid,Técnico/a de seguridad PRL,40.000 € - 41.000 €,Sin Data,Indefinido,Jornada Completa,Sin Data,Michael Page,Sin Data
2026-09-27,Trabajoscom, Málaga, Málaga,Ingeniero de Desarrollo de Producto HVAC,40.000 € - 45.000 €,Sin Data,Indefinido,Jornada Completa,Sin Data,Michael Page,Sin Data
2026-09-27,Trabajoscom,Barcelona,Barcelona,Técnico SAT de Climatización (Edificios Terciarios),35.000 € - 45.000 €,Sin Data,Indefinido,Jornada Completa,Sin Data,Michael Page,Sin Data
2026-09-27,Trabajoscom,Madrid,Madrid,Abogado/a Corporativo - Empresa Internacional,30.000 € - 35.000 €,Sin Data,Indefinido,Jornada Completa,Sin Data,Michael Page,Sin Data
2026-09-27,Trabajoscom,Valencia,Valencia,Técnico/a de Mantenimiento industrial,27.000 € - 29.000 €,Sin Data,Indefinido,Jornada Completa,Sin Data,Michael Page,Sin Data
2026-09-27,Trabajoscom,Tarragona,Tarragona,Coordinador de Mantenimiento Tarragona,35.000 € - 40.000 €,Sin Data,Indefinido,Jornada Completa,Sin Data,Michael Page,Sin Data
2026-09-27,Trabajoscom,Bizkaia,Bilbao,PAYROLL SPECIALIST / HR ANALYTICS,35.000 € - 40.000 €,Sin Data,Indefinido,Jornada Completa,Sin Data,Michael Page,Sin Data
2026-09-27,Trabajoscom,Madrid,Madrid,Analista de Operaciones,41.000 € - 43.000 €,Sin Data,Indefinido,Jornada Completa,Sin Data,Michael Page,Sin Data
2026-09-27,Trabajoscom,Barcelona,Barcelona,Operativo de trafico aereo con inglés C1,26.000 € - 28.000 €,Sin Data,Indefinido,Jornada Completa,Sin Data,Michael Page,Sin Data
2026-09-27,Trabajoscom,Madrid,Madrid,Técnico de Nóminas - Ciudad Lineal,26.000 € - 28.000 €,Sin Data,Indefinido,Jornada Completa,Sin Data,Michael Page,Sin Data
2026-09-27,Trabajoscom,Madrid,Madrid,Ingeniero energético.Gestión energética,40.000 € - 41.000 €,Sin Data,Indefinido,Jornada Completa,Sin Data,Michael Page,Sin Data
2026-09-27,Trabajoscom,Ávila,Casillas,Comercial Canal Herbolario (Castilla y León),20.000 €,Sin Data,Indefinido,Jornada Completa,Sin Data,Michael Page,Sin Data
2026-09-27,Trabajoscom,Tarragona,Tarragona,Coordinador de Mantenimiento Tarragona,35.000 € - 40.000 €,Sin Data,Indefinido,Jornada Completa,Sin Data,Michael Page,Sin Data
2026-09-27,Trabajoscom,Bizkaia,Bilbao,PAYROLL SPECIALIST / HR ANALYTICS,35.000 € - 40.000 €,Sin Data,Indefinido,Jornada Completa,Sin Data,Michael Page,Sin Data
2026-09-27,Trabajoscom,Barcelona,Barcelona,Operativo de trafico aereo con inglés C1,26.000 € - 28.000 €,Sin Data,Indefinido,Jornada Completa,Sin Data,Michael Page,Sin Data
2026-09-27,Trabajoscom,Madrid,Madrid,Analista de Operaciones,41.000 € - 43.000 €,Sin Data,Indefinido,Jornada Completa,Sin Data,Michael Page,Sin Data
2026-09-27,Trabajoscom,Madrid,Madrid,Técnico de Nóminas - Ciudad Lineal,26.000 € - 28.000 €,Sin Data,Indefinido,Jornada Completa,Sin Data,Michael Page,Sin Data
2026-09-27,Trabajoscom,Barcelona,Sabadell,Responsable de Administración y Finanzas - Sabadell,40.000 € - 45.000 €,Sin Data,Indefinido,Jornada Completa,Sin Data,Michael Page,Sin Data
2026-09-27,Trabajoscom,Madrid,Madrid,Ingeniero energético.Gestión energética,40.000 € - 41.000 €,Sin Data,Indefinido,Jornada Completa,Sin Data,Michael Page,Sin Data
2026-09-27,Trabajoscom,Barcelona,Barcelona,Internal Sales Engineer - Fluid Connectors,31.500 € - 38.500 €,Sin Data,Indefinido,Jornada Completa,Sin Data,Michael Page,Sin Data
2026-09-27,Trabajoscom,Madrid,Madrid,Abogado/a Relaciones Laborales - Empresa,32.000 € - 38.000 €,Sin Data,Indefinido,Jornada Completa,Sin Data,Michael Page,Sin Data
2026-09-27,Trabajoscom,Sevilla,Sevilla,Consultor/a zona Sur,16.200 € - 19.800 €,Sin Data,Indefinido,Jornada Completa,Sin Data,Michael Page,Sin Data
2026-09-27,Trabajoscom,Madrid,Madrid,Project Manager de Instalaciones,40.000 € - 45.000 €,Sin Data,Indefinido,Jornada Completa,Sin Data,Michael Page,Sin Data
2026-09-27,Trabajoscom,Valencia,Valencia,Responsable de Calidad Alimentación,30.000 € - 45.000 €,Sin Data,Indefinido,Jornada Completa,Sin Data,Michael Page,Sin Data
2026-09-27,Trabajoscom,Barcelona,Barcelona,Administration Manager- Barcelona,40.000 € - 42.000 €,Sin Data,Indefinido,Jornada Completa,Sin Data,Michael Page,Sin Data
2026-09-27,Trabajoscom,Segovia,Segovia,Ingeniero/as junior,30.000 € - 31.000 €,Sin Data,Indefinido,Jornada Completa,Sin Data,Michael Page,Sin Data
2026-09-27,Trabajoscom,Madrid,Madrid,Consultor Innovación Pedagógica Oposiciones,27.000 € - 33.000 €,Sin Data,Indefinido,Jornada Completa,Sin Data,Michael Page,Sin Data
2026-09-27,Trabajoscom,Madrid,Madrid,Ingeniero Eléctrico - Ingeniería (h/m/d),35.000 € - 40.000 €,Sin Data,Indefinido,Jornada Completa,Sin Data,Michael Page,Sin Data
2026-09-27,Trabajoscom,Barcelona,El Prat De Llobregat,HR Analitycs Specialist,40.000 € - 42.000 €,Sin Data,Indefinido,Jornada Completa,Sin Data,Michael Page,Sin Data
2026-09-27,Trabajoscom,Barcelona,Barcelona,Delineante Mecánico - Vallés Occidental,30.000 € - 40.000 €,Sin Data,Indefinido,Jornada Completa,Sin Data,Michael Page,Sin Data
2026-09-27,Trabajoscom,Madrid,Madrid,International Business Development Manager,39.000 € - 45.000 €,Sin Data,Indefinido,Jornada Completa,Sin Data,Michael Page,Sin Data
2026-09-27,Trabajoscom,Barcelona,Barcelona,Tax and Statutory Compliance - Special Invoicing,35.000 € - 45.000 €,Sin Data,Indefinido,Jornada Completa,Sin Data,Michael Page,Sin Data
2026-09-27,Trabajoscom,Madrid,Madrid,Executive Assistant to VP,36.000 € - 40.000 €,Sin Data,Indefinido,Jornada Completa,Sin Data,Michael Page,Sin Data
2026-09-27,Trabajoscom,Barcelona,Barcelona,Responsable de Logística (Transporte) - Sector Cosmético,30.000 € - 35.000 €,Sin Data,Indefinido,Jornada Completa,Sin Data,Michael Page,Sin Data
2026-09-27,Trabajoscom,Alicante,Alicante,Coordinador/a de Seguridad y Salud - Alicante,30.000 € - 35.000 €,Sin Data,Indefinido,Jornada Completa,Sin Data,Michael Page,Sin Data
2026-09-27,Trabajoscom,Girona,Girona,Técnico/a de Ofertas Técnicas,35.000 € - 40.000 €,Sin Data,Indefinido,Jornada Completa,Sin Data,Michael Page,Sin Data
2026-09-27,Trabajoscom,Madrid,Madrid,International Media Coordinator - Italian & English,37.000 € - 42.000 €,Sin Data,Indefinido,Jornada Completa,Sin Data,Michael Page,Sin Data
2026-09-27,Trabajoscom, Navarra, Navarra,Responsable de Planificación - Marcilla,40.000 € - 45.000 €,Sin Data,Indefinido,Jornada Completa,Sin Data,Michael Page,Sin Data
2026-09-27,Trabajoscom,Barcelona,Barcelona,CRM Manager,27.000 € - 33.000 €,Sin Data,Indefinido,Jornada Completa,Sin Data,Michael Page,Sin Data
2026-09-27,Trabajoscom,Madrid,Madrid,Asesor/a Comercial Educación Sector Salud,18.000 €,Sin Data,Indefinido,Jornada Completa,Sin Data,Michael Page,Sin Data
2026-09-27,Trabajoscom,Barcelona,Barcelona,Intercompany Accountant fluent in English and Spanish,40.000 € - 41.000 €,Sin Data,Indefinido,Jornada Completa,Sin Data,Michael Page,Sin Data
2026-09-27,Trabajoscom,Zaragoza,Zaragoza,IT Program Manager Data Centers (on-site),35.000 € - 45.000 €,Sin Data,De duracion determinada,Jornada Completa,Sin Data,Michael Page,Sin Data
2026-09-27,Trabajoscom,Barcelona,Barcelona,Jefe de turno - Sector Químico,30.000 € - 40.000 €,Sin Data,Indefinido,Jornada Completa,Sin Data,Michael Page,Sin Data
2026-09-27,Trabajoscom,Barcelona,Barcelona,Tecnico Contable - Despacho economistas,30.000 € - 35.000 €,Sin Data,Indefinido,Jornada Completa,Sin Data,Michael Page,Sin Data
2026-09-27,Trabajoscom,Madrid,Madrid,Jefe de Producción / Prefabricados de hormigón (h/m/d),40.000 € - 45.000 €,Sin Data,Indefinido,Jornada Completa,Sin Data,Michael Page,Sin Data
2026-09-27,Trabajoscom,Valencia,Valencia,Ingeniero/a de Mantenimiento y Automatización,29.000 € - 30.000 €,Sin Data,Indefinido,Jornada Completa,Sin Data,Michael Page,Sin Data
2026-09-27,Trabajoscom,Barcelona,Barcelona,Responsable Promotor Ocio-Cultural,35.000 € - 45.000 €,Sin Data,Indefinido,Jornada Completa,Sin Data,Michael Page,Sin Data
2026-09-27,Trabajoscom,Madrid,Madrid,Ingeniero/a junior eléctrico,22.500 € - 27.500 €,Sin Data,Indefinido,Jornada Completa,Sin Data,Michael Page,Sin Data
2026-09-27,Trabajoscom,Alicante,Alicante,Arquitecto/a - Proyectos de edificación,30.000 € - 40.000 €,Sin Data,Indefinido,Jornada Completa,Sin Data,Michael Page,Sin Data
2026-09-27,Trabajoscom,Madrid,Madrid,FINANCE BILLING SPECIALIST,30.000 € - 35.000 €,Sin Data,De duracion determinada,Jornada Completa,Sin Data,Michael Page,Sin Data
2026-09-27,Trabajoscom,Madrid,Madrid,Key Account Manager  Horeca y Distribución - Madrid,35.000 € - 45.000 €,Sin Data,Indefinido,Jornada Completa,Sin Data,Michael Page,Sin Data
2026-09-27,Trabajoscom,Madrid,Madrid,Jefe de Producción / Prefabricados de hormigón (h/m/d),40.000 € - 45.000 €,Sin Data,Indefinido,Jornada Completa,Sin Data,Michael Page,Sin Data
2026-09-27,Trabajoscom,Valencia,Valencia,Ingeniero/a de Mantenimiento y Automatización,29.000 € - 30.000 €,Sin Data,Indefinido,Jornada Completa,Sin Data,Michael Page,Sin Data
2026-09-27,Trabajoscom,Barcelona,Barcelona,Responsable Promotor Ocio-Cultural,35.000 € - 45.000 €,Sin Data,Indefinido,Jornada Completa,Sin Data,Michael Page,Sin Data
2026-09-27,Trabajoscom,Madrid,Madrid,Ingeniero/a junior eléctrico,22.500 € - 27.500 €,Sin Data,Indefinido,Jornada Completa,Sin Data,Michael Page,Sin Data
2026-09-27,Trabajoscom,Alicante,Alicante,Arquitecto/a - Proyectos de edificación,30.000 € - 40.000 €,Sin Data,Indefinido,Jornada Completa,Sin Data,Michael Page,Sin Data
2026-09-27,Trabajoscom,Madrid,Madrid,FINANCE BILLING SPECIALIST,30.000 € - 35.000 €,Sin Data,De duracion determinada,Jornada Completa,Sin Data,Michael Page,Sin Data
2026-09-27,Trabajoscom,Barcelona,Barcelona,Credit Risk Specialist fluent in English and Spanish,30.000 € - 31.000 €,Sin Data,Indefinido,Jornada Completa,Sin Data,Michael Page,Sin Data
2026-09-27,Trabajoscom,Madrid,Madrid,Técnico Superior PRL edificación residencial y hotelera (h/m),40.000 € - 45.000 €,Sin Data,Indefinido,Jornada Completa,Sin Data,Michael Page,Sin Data
2026-09-27,Trabajoscom, A Coruña, A Coruña,Controller  financiero - Provincia A Coruña,35.000 € - 40.000 €,Sin Data,Indefinido,Jornada Completa,Sin Data,Michael Page,Sin Data
2026-09-27,Trabajoscom,Madrid,Daganzo De Arriba,Adjunto a Dirección de Fábrica Daganzo de Arriba,36.000 € - 44.000 €,Sin Data,Indefinido,Jornada Completa,Sin Data,Michael Page,Sin Data
2026-09-27,Trabajoscom,Barcelona,Barcelona,Talent Acquisition Specialist - German,35.000 € - 40.000 €,Sin Data,De duracion determinada,Jornada Completa,Sin Data,Michael Page,Sin Data
2026-09-27,Trabajoscom,Granada,Granada,Delegado Comercial Andalucía Oriental (H/M/D),26.000 € - 28.000 €,Sin Data,Indefinido,Jornada Completa,Sin Data,Michael Page,Sin Data
2026-09-27,Trabajoscom,Madrid,Madrid,DevOps / Infrastructure Automation - Ansible (Puppet Migration),40.000 €,Sin Data,Indefinido,Jornada Completa,Sin Data,Michael Page,Sin Data
2026-09-27,Trabajoscom,Madrid,Madrid,Cybersecurity Engineer /Vulnerability Remediation (Ansible),40.000 €,Sin Data,Indefinido,Jornada Completa,Sin Data,Michael Page,Sin Data
2026-09-27,Trabajoscom,Zaragoza,Zaragoza,Ingeniero/a de procesos,35.000 € - 40.000 €,Sin Data,Indefinido,Jornada Completa,Sin Data,Michael Page,Sin Data
2026-09-27,Trabajoscom,Girona,Girona,Técnico inyección de Plástico,30.000 € - 33.000 €,Sin Data,Indefinido,Jornada Completa,Sin Data,Michael Page,Sin Data
2026-09-27,Trabajoscom, Baleares, Baleares,Account Executive B2B Horeca - Mallorca,28.000 € - 35.000 €,Sin Data,Indefinido,Jornada Completa,Sin Data,Michael Page,Sin Data
2026-09-27,Trabajoscom,Murcia,Murcia,Ingeniero/a de Diseño Mecánico (Murcia),36.000 € - 44.000 €,Sin Data,Indefinido,Jornada Completa,Sin Data,Michael Page,Sin Data
2026-09-27,Trabajoscom,Barcelona,Barcelona,Técnico de Logística con Frances,30.000 € - 40.000 €,Sin Data,Indefinido,Jornada Completa,Sin Data,Michael Page,Sin Data
2026-09-27,Trabajoscom,La Rioja,Logroño,Back Office internacional & OCM (H/M),28.000 € - 30.000 €,Sin Data,Indefinido,Jornada Completa,Sin Data,Michael Page,Sin Data
2026-09-27,Trabajoscom,Valencia,Valencia,Director/a de Obra - Instalaciones eléctricas -,35.000 € - 40.000 €,Sin Data,Indefinido,Jornada Completa,Sin Data,Michael Page,Sin Data
2026-09-27,Trabajoscom,Bizkaia,Bilbao,Delegado/a Comercial Zona Norte - Control de accesos,35.000 € - 45.000 €,Sin Data,Indefinido,Jornada Completa,Sin Data,Michael Page,Sin Data
2026-09-27,Trabajoscom,Zaragoza,Zaragoza,Gestor de cuentas - sector residuos,34.000 € - 42.000 €,Sin Data,Indefinido,Jornada Completa,Sin Data,Michael Page,Sin Data
2026-09-27,Trabajoscom,Barcelona,Barcelona,Arquitecto/a Proyectista:Ingeniería (Híbrido) Naves Logísticas,40.000 € - 45.000 €,Sin Data,Indefinido,Jornada Completa,Sin Data,Michael Page,Sin Data
2026-09-27,Trabajoscom,Madrid,Madrid,Project Business Analyst,30.000 € - 33.000 €,Sin Data,De duracion determinada,Jornada Completa,Sin Data,Michael Page,Sin Data
2026-09-27,Trabajoscom,Madrid,Madrid,Treasury Corporate,42.000 € - 44.000 €,Sin Data,Indefinido,Jornada Completa,Sin Data,Michael Page,Sin Data
2026-09-27,Trabajoscom,Bizkaia,Bilbao,Técnico/a de Soporte Internacional,27.000 € - 33.000 €,Sin Data,Indefinido,Jornada Completa,Sin Data,Michael Page,Sin Data
2026-09-27,Trabajoscom,Barcelona,Barcelona,Técnico/a Electromecánico con Hidráulica,30.000 € - 38.000 €,Sin Data,Indefinido,Jornada Completa,Sin Data,Michael Page,Sin Data
2026-09-27,Trabajoscom,Las Palmas,Telde,Responsable de Empresa de Servicios en Canarias,45.000 €,Sin Data,Indefinido,Jornada Completa,Sin Data,Michael Page,Sin Data
2026-09-27,Trabajoscom,Barcelona,Barcelona,Comercial Horeca & Gourmet - Barcelona,25.000 € - 30.000 €,Sin Data,Indefinido,Jornada Completa,Sin Data,Michael Page,Sin Data
2026-09-27,Trabajoscom,Palencia,Palencia,Jefe/a de producción edificación industrial - Valencia,30.000 € - 35.000 €,Sin Data,Indefinido,Jornada Completa,Sin Data,Michael Page,Sin Data
2026-09-27,Trabajoscom,Cantabria,Vizcaya,Cost Engineer / Sales Engineer - TIER1 Durangaldea,35.000 € - 45.000 €,Sin Data,Indefinido,Jornada Completa,Sin Data,Michael Page,Sin Data
2026-09-27,Trabajoscom,Madrid,Madrid,Ingeniero de Procesos (Sector Transporte),30.000 € - 32.000 €,Sin Data,Indefinido,Jornada Completa,Sin Data,Michael Page,Sin Data
2026-09-27,Trabajoscom,Madrid,Madrid,Business Controller,45.000 €,Sin Data,Indefinido,Jornada Completa,Sin Data,Michael Page,Sin Data
2026-09-27,Trabajoscom,Sevilla,Sevilla,Analista Fiscal - Tax Specialist con SAP,40.000 € - 43.000 €,Sin Data,Indefinido,Jornada Completa,Sin Data,Michael Page,Sin Data
2026-09-27,Trabajoscom,A Coruña,A Coruña,IT Account Manager - Galicia,45.000 €,Sin Data,Indefinido,Jornada Completa,Sin Data,Michael Page,Sin Data
2026-09-27,Trabajoscom,Castellón,Castellon De La Plana/castello De La Pla,Jefe de obra - Edificación residencial,35.000 € - 45.000 €,Sin Data,Indefinido,Jornada Completa,Sin Data,Michael Page,Sin Data
2026-09-27,Trabajoscom,Valencia,Valencia,Técnico Comercial Energias Renovables,27.000 € - 40.000 €,Sin Data,Indefinido,Jornada Completa,Sin Data,Michael Page,Sin Data
2026-09-27,Trabajoscom,Madrid,Pozuelo De Alarcon,Business Development Manager - GIS/BIM,33.000 € - 40.000 €,Sin Data,Indefinido,Jornada Completa,Sin Data,Michael Page,Sin Data
2026-09-27,Trabajoscom,Barcelona,Barcelona,Product Manager - Specialty Chemicals,40.000 € - 45.000 €,Sin Data,Indefinido,Jornada Completa,Sin Data,Michael Page,Sin Data
2026-09-27,Trabajoscom,Barcelona,Barcelona,OTC Accountant with French,25.000 € - 26.000 €,Sin Data,Indefinido,Jornada Completa,Sin Data,Michael Page,Sin Data
2026-09-27,Trabajoscom,Alicante,Alicante,Jefe/a de Obra Publica Edificación - Alicante,40.000 € - 45.000 €,Sin Data,Indefinido,Jornada Completa,Sin Data,Michael Page,Sin Data
2026-09-27,Trabajoscom,La Rioja,Logroño,"Técnico comercial - ER - La Rioja, Navarra, País Vasco (H/M)",30.000 € - 35.000 €,Sin Data,Indefinido,Jornada Completa,Sin Data,Michael Page,Sin Data
2026-09-27,Trabajoscom,Valencia,Valencia,Técnico/a de estudios Obra Civil - Valencia,33.000 € - 35.000 €,Sin Data,Indefinido,Jornada Completa,Sin Data,Michael Page,Sin Data
2026-09-27,Trabajoscom,Alicante,Alicante,Jefe/a de Servicios de limpieza - Alicante,30.000 € - 40.000 €,Sin Data,Indefinido,Jornada Completa,Sin Data,Michael Page,Sin Data
2026-09-27,Trabajoscom,Girona,Girona,Comercial Girona - Horeca / Foodservice,35.000 € - 36.000 €,Sin Data,Indefinido,Jornada Completa,Sin Data,Michael Page,Sin Data
2026-09-27,Trabajoscom,Barcelona,Barcelona,- Oficial de Notaría,35.000 € - 45.000 €,Sin Data,Indefinido,Jornada Completa,Sin Data,Michael Page,Sin Data
2026-09-27,Trabajoscom,Araba,Vitoria-Gasteiz,Conductor/a de Línea - Maquinista (M/T/N),38.500 €,Sin Data,Indefinido,Jornada Completa,Sin Data,Michael Page,Sin Data
2026-09-27,Trabajoscom,Barcelona,Barcelona,Técnico Electromecánico Industrial,35.000 € - 40.000 €,Sin Data,Indefinido,Jornada Completa,Sin Data,Michael Page,Sin Data
2026-09-27,Trabajoscom,Granada,Granada,Comercial Internacional Alimentación (H/M/D),28.000 € - 35.000 €,Sin Data,Indefinido,Jornada Completa,Sin Data,Michael Page,Sin Data
2026-09-27,Trabajoscom,Madrid,Madrid,Sales Specialist - venta de servicios de Ciberseguridad,40.000 €,Sin Data,Indefinido,Jornada Completa,Sin Data,Michael Page,Sin Data
2026-09-27,Trabajoscom,Madrid,Madrid,"Responsable Comercial - División Residencias, Madrid",30.000 € - 40.000 €,Sin Data,Indefinido,Jornada Completa,Sin Data,Michael Page,Sin Data
2026-09-27,Trabajoscom,Valencia,Utiel,Ingeniero/a de procesos,30.000 €,Sin Data,Indefinido,Jornada Completa,Sin Data,Michael Page,Sin Data
2026-09-27,Trabajoscom,Barcelona,Barcelona,TÉCNICO DE TRANSPORTE TERRESTRE - FORWARDER INTERNACIONAL,30.000 € - 35.000 €,Sin Data,Indefinido,Jornada Completa,Sin Data,Michael Page,Sin Data
2026-09-27,Trabajoscom,S.C. Tenerife,Santa Cruz De Tenerife,Administrativo/a Comercial- Distribuidora Heladeria/Pasteleria,18.000 € - 20.000 €,Sin Data,Indefinido,Jornada Completa,Sin Data,Michael Page,Sin Data
2026-09-27,Trabajoscom,Valencia,Valencia,Ingeniero de estructuras senior - Valencia,40.000 € - 41.000 €,Sin Data,Indefinido,Jornada Completa,Sin Data,Michael Page,Sin Data
2026-09-27,Trabajoscom,Zaragoza,Zaragoza,Customer service mercado francés - Jornada intensiva,22.500 € - 27.500 €,Sin Data,Indefinido,Jornada Completa,Sin Data,Michael Page,Sin Data
2026-09-27,Trabajoscom,Barcelona,Barcelona,Planificador de Producción,30.000 € - 40.000 €,Sin Data,Indefinido,Jornada Completa,Sin Data,Michael Page,Sin Data
2026-09-27,Trabajoscom,Murcia,Murcia,Comercial Senior - Sector Reciclaje Plástico,40.000 € - 41.000 €,Sin Data,Indefinido,Jornada Completa,Sin Data,Michael Page,Sin Data
2026-09-27,Trabajoscom,Madrid,Madrid,Técnico de nóminas | Sector construcción,28.000 € - 30.000 €,Sin Data,Indefinido,Jornada Completa,Sin Data,Michael Page,Sin Data
2026-09-27,Trabajoscom,Barcelona,Barcelona,Comercial Obra Nueva - Promotora Maresme,28.000 € - 32.000 €,Sin Data,Indefinido,Jornada Completa,Sin Data,Michael Page,Sin Data
2026-09-27,Trabajoscom,Almería,Almeria,Técnico de Sistemas - ALMERÍA,25.000 € - 30.000 €,Sin Data,Indefinido,Jornada Completa,Sin Data,Michael Page,Sin Data
2026-09-27,Trabajoscom,Zaragoza,Zaragoza,Consultor ambiental,27.000 € - 33.000 €,Sin Data,Indefinido,Jornada Completa,Sin Data,Michael Page,Sin Data
2026-09-27,Trabajoscom,Valencia,Valencia,Backoffice con inglés,22.500 € - 27.500 €,Sin Data,Indefinido,Jornada Completa,Sin Data,Michael Page,Sin Data
2026-09-27,Trabajoscom,Valencia,Valencia,Técnico Comercial Nacional - Sector Fibra Óptica - FTTx,30.000 € - 40.000 €,Sin Data,Indefinido,Jornada Completa,Sin Data,Michael Page,Sin Data
2026-09-27,Trabajoscom,Castellón,Castellon De La Plana/castello De La Pla,Modelador/a Tekla - Castellón,26.000 € - 36.000 €,Sin Data,Indefinido,Jornada Completa,Sin Data,Michael Page,Sin Data
2026-09-27,Trabajoscom,A Coruña,A Coruña,Ingeniero/a eléctrico (A Coruña),36.000 € - 40.000 €,Sin Data,Indefinido,Jornada Completa,Sin Data,Michael Page,Sin Data
2026-09-27,Trabajoscom,Zaragoza,Zaragoza,Tecnico/a de mantenimiento,30.000 € - 35.000 €,Sin Data,Indefinido,Jornada Completa,Sin Data,Michael Page,Sin Data
2026-09-27,Trabajoscom,Zaragoza,Zaragoza,Project Manager,31.500 € - 38.500 €,Sin Data,Indefinido,Jornada Completa,Sin Data,Michael Page,Sin Data
2026-09-27,Trabajoscom,Almería,Almeria,Back Office Comercial Alimentación - (H/M/D),30.000 € - 35.000 €,Sin Data,Indefinido,Jornada Completa,Sin Data,Michael Page,Sin Data
2026-09-27,Trabajoscom,Zaragoza,Zaragoza,TECNICO/A PRL,30.600 € - 37.400 €,Sin Data,Indefinido,Jornada Completa,Sin Data,Michael Page,Sin Data
2026-09-27,Trabajoscom,Palencia,Palencia,Técnico/a de Mantenimiento Electromecánico,26.000 € - 30.000 €,Sin Data,Indefinido,Jornada Completa,Sin Data,Michael Page,Sin Data
2026-09-27,Trabajoscom,Zaragoza,Zaragoza,Ingeniero/a Mecánico/a,36.500 € - 40.000 €,Sin Data,Indefinido,Jornada Completa,Sin Data,Michael Page,Sin Data
2026-09-27,Trabajoscom,Bizkaia,Bilbao,Técnico Comercial de Automatización y Seguridad Industrial,30.000 € - 35.000 €,Sin Data,Indefinido,Jornada Completa,Sin Data,Michael Page,Sin Data
2026-09-27,Trabajoscom,Valencia,Valencia,Consultor/a de selección - Únete a Michael Page,24.000 € - 25.000 €,Sin Data,Indefinido,Jornada Completa,Sin Data,Michael Page,Sin Data
2026-09-27,Trabajoscom,Zaragoza,Zaragoza,Jefe/a de producción edificación industrial,35.000 € - 40.000 €,Sin Data,Indefinido,Jornada Completa,Sin Data,Michael Page,Sin Data
2026-09-27,Trabajoscom, Sevilla, Sevilla,Especialista Civil - Plantas,38.700 € - 43.100 €,Sin Data,Indefinido,Jornada Completa,Sin Data,Michael Page,Sin Data
2026-09-27,Trabajoscom,Pontevedra,Pontevedra,Responsable de Turno (Producción) - Pontevedra,30.000 € - 36.000 €,Sin Data,Indefinido,Jornada Completa,Sin Data,Michael Page,Sin Data
2026-09-27,Trabajoscom,Huesca,Huesca,Gestor de proyectos administrativos y culturales - Huesca,25.000 € - 28.000 €,Sin Data,Indefinido,Jornada Completa,Sin Data,Michael Page,Sin Data
2026-09-27,Trabajoscom,Madrid,Madrid,Gestor Contable Fiscal,35.000 € - 38.000 €,Sin Data,Indefinido,Jornada Completa,Sin Data,Michael Page,Sin Data
2026-09-27,Trabajoscom,Almería,Almeria,Técnico de Sistemas - ALMERÍA,25.000 € - 30.000 €,Sin Data,Indefinido,Jornada Completa,Sin Data,Michael Page,Sin Data
2026-09-27,Trabajoscom,Zaragoza,Zaragoza,Delineante proyectista - Modelador BIM edificación residencial,35.000 € - 42.000 €,Sin Data,Indefinido,Jornada Completa,Sin Data,Michael Page,Sin Data
2026-09-27,Trabajoscom,Barcelona,Barcelona,Ingeniero/a de procesos de pintura,40.000 € - 44.000 €,Sin Data,Indefinido,Jornada Completa,Sin Data,Michael Page,Sin Data
2026-09-27,Trabajoscom,Cantabria,Santander,Consultor/a Junior con Francés,18.000 € - 21.000 €,Sin Data,Indefinido,Jornada Completa,Sin Data,Michael Page,Sin Data
2026-09-27,Trabajoscom,Zaragoza,Zaragoza,Ingeniero/a Mecánico/a,36.500 € - 40.000 €,Sin Data,Indefinido,Jornada Completa,Sin Data,Michael Page,Sin Data
2026-09-27,Trabajoscom,Zaragoza,Zaragoza,Técnico de Soporte,22.000 €,Sin Data,Indefinido,Jornada Completa,Sin Data,Michael Page,Sin Data
2026-09-27,Trabajoscom,Bizkaia,Bilbao,Técnico Comercial de Automatización y Seguridad Industrial,30.000 € - 35.000 €,Sin Data,Indefinido,Jornada Completa,Sin Data,Michael Page,Sin Data
2026-09-27,Trabajoscom,Zaragoza,Zaragoza,Jefe/a de producción edificación industrial,35.000 € - 40.000 €,Sin Data,Indefinido,Jornada Completa,Sin Data,Michael Page,Sin Data
2026-09-27,Trabajoscom, Sevilla, Sevilla,Especialista Civil - Plantas,38.700 € - 43.100 €,Sin Data,Indefinido,Jornada Completa,Sin Data,Michael Page,Sin Data
2026-09-27,Trabajoscom,Valencia,Valencia,Consultor/a de selección - Únete a Michael Page,24.000 € - 25.000 €,Sin Data,Indefinido,Jornada Completa,Sin Data,Michael Page,Sin Data
2026-09-27,Trabajoscom,Pontevedra,Pontevedra,Responsable de Turno (Producción) - Pontevedra,30.000 € - 36.000 €,Sin Data,Indefinido,Jornada Completa,Sin Data,Michael Page,Sin Data
2026-09-27,Trabajoscom, Ourense, Ourense,Project manager ofertas Internacionales,25.000 € - 30.000 €,Sin Data,Indefinido,Jornada Completa,Sin Data,Michael Page,Sin Data
2026-09-27,Trabajoscom, Valencia, Valencia,Técnico/a de mantenimiento,24.000 € - 32.000 €,Sin Data,Indefinido,Jornada Completa,Sin Data,Michael Page,Sin Data
2026-09-27,Trabajoscom, Barcelona, Barcelona,Back Office Customer Service (Francés e Inglés) - MARESME,25.000 € - 31.000 €,Sin Data,Indefinido,Jornada Completa,Sin Data,Michael Page,Sin Data
2026-09-27,Trabajoscom, Sevilla, Sevilla,Responsable de operaciones y departamento técnico,31.500 € - 38.500 €,Sin Data,Indefinido,Jornada Completa,Sin Data,Michael Page,Sin Data
2026-09-27,Trabajoscom, Gipuzkoa, Gipuzkoa,Jefe de Proyecto - Industria en Donostialdea,30.000 € - 35.000 €,Sin Data,Indefinido,Jornada Completa,Sin Data,Michael Page,Sin Data
2026-09-27,Trabajoscom, Madrid, Madrid,Ingeniero/a de Mejora Continua (Ourense),30.000 € - 35.000 €,Sin Data,Indefinido,Jornada Completa,Sin Data,Michael Page,Sin Data
2026-09-27,Trabajoscom, Huelva, Huelva,CREATIVE CONTENT & SALES SUPPORT (Marketing),26.000 € - 27.000 €,Sin Data,Indefinido,Jornada Completa,Sin Data,Michael Page,Sin Data
2026-09-27,Trabajoscom, Huelva, Huelva,Finance & Administration Controller.,30.000 € - 35.000 €,Sin Data,Indefinido,Jornada Completa,Sin Data,Michael Page,Sin Data
2026-09-27,Trabajoscom,Guadalajara,Guadalajara,MOZOS/AS DE ALMACEN PICKING - GUADALAJARA,17.185 €,Sin Data,De duracion determinada,Jornada Completa,Sin Data,Grupo Noa's,Sin Data
2026-09-27,Trabajoscom,Madrid,Meco,OPERARIO/A DE REVISIÓN DE ELECTRÓNICA,17.185 €,Sin Data,De duracion determinada,Jornada Completa,Sin Data,Grupo Noa's,Sin Data
2026-09-27,Trabajoscom,Madrid,Meco,MOZOS/AS  DE ALMACÉN -  PACKING MECO,17.185 €,Sin Data,De duracion determinada,Jornada Completa,Sin Data,Grupo Noa's,Sin Data
2026-09-27,Trabajoscom,Gipuzkoa,Todo Gipuzkoa,Delegado/a en Gipuzkoa,42 € - 54 €,Sin Data,Indefinido,Jornada Completa,Sin Data,AdegiLan,Sin Data
2026-09-27,Trabajoscom,Gipuzkoa,Todo Gipuzkoa,Responsable Comercial de Formación B2C,Sin Data,Sin Data,Indefinido,Jornada Completa,Sin Data,AdegiLan,Sin Data
2026-09-27,Trabajoscom,Bizkaia,Todo Bizkaia,Técnico/Técnica en Sistemas Informáticos y de Redes,Sin Data,Sin Data,De duracion determinada,Jornada Completa,Sin Data,AdegiLan,Sin Data
2026-09-27,Trabajoscom,Gipuzkoa,Todo Gipuzkoa,Electrónico/a,Sin Data,Sin Data,Indefinido,Jornada Completa,Sin Data,AdegiLan,Sin Data
2026-09-27,Trabajoscom,Gipuzkoa,Todo Gipuzkoa,CALDERERO/A,Sin Data,Sin Data,Indefinido,Jornada Completa,Sin Data,AdegiLan,Sin Data
2026-09-27,Trabajoscom,Bizkaia,Todo Bizkaia,Analista de Datos,Sin Data,Sin Data,De duracion determinada,Jornada Completa,Sin Data,AdegiLan,Sin Data
2026-09-27,Trabajoscom,Gipuzkoa,Todo Gipuzkoa,Consultor/ra,18 € - 30 €,Sin Data,De duracion determinada,Jornada Completa,Sin Data,AdegiLan,Sin Data
2026-09-27,Trabajoscom,Gipuzkoa,Todo Gipuzkoa,Operario/a de mecanizado,Sin Data,Sin Data,De duracion determinada,Jornada Completa,Sin Data,AdegiLan,Sin Data
2026-09-27,Trabajoscom,Gipuzkoa,Todo Gipuzkoa,Personal de muelle,18 € - 30 €,Sin Data,De duracion determinada,Jornada Completa,Sin Data,AdegiLan,Sin Data
2026-09-27,Trabajoscom,Gipuzkoa,Todo Gipuzkoa,Tecnico/a de PRL y Medio Ambiente,Sin Data,Sin Data,Indefinido,Jornada Completa,Sin Data,AdegiLan,Sin Data
2026-09-27,Trabajoscom,Gipuzkoa,Todo Gipuzkoa,DIRECTOR/A FINANCIERO/A,Sin Data,Sin Data,Indefinido,Jornada Completa,Sin Data,AdegiLan,Sin Data
2026-09-27,Trabajoscom,Toledo,Quintanar De La Orden,Mozo/a de almacén en Quintanar de la Orden,Sin Data,Sin Data,De duracion determinada,Media Jornada,Sin Data,Grupo Adecco,Sin Data
2026-09-27,Trabajoscom,Barcelona,Barcelona,Técnico/a PRL (Cerdanyola del Vallès),33.000 € - 36.000 €,Sin Data,Indefinido,Jornada Completa,Sin Data,Michael Page,Sin Data
2026-09-27,Trabajoscom,Barcelona,Argentona,Limpieza.   Argentona,18.000 €,Sin Data,De duracion determinada,Jornada Intensiva,Sin Data,Limpiezas Deyse,Sin Data
2026-09-27,Trabajoscom,Valencia,Valencia,Personal de limpieza (H/M/D) con discapacidad (VALENCIA),Sin Data,Sin Data,De duracion determinada,Media Jornada,Sin Data,Ilunion,Sin Data
2026-09-27,Trabajoscom,Valencia,L' Eliana,Personal de limpieza (H/M/D) con discapacidad (La Eliana),Sin Data,Sin Data,Discapacidad,Media Jornada,Sin Data,Ilunion,Sin Data
2026-09-27,Trabajoscom,Valencia,Valencia,Ingeniero/a de automatizacion,38.000 € - 45.000 €,Sin Data,Indefinido,Jornada Completa,Sin Data,Michael Page,Sin Data
2026-09-27,Trabajoscom,Barcelona,Barcelona,Customer Service IMPORT/EXPORT - Barcelona (Temporal 1 año),20.000 € - 28.000 €,Sin Data,De duracion determinada,Jornada Completa,Sin Data,Michael Page,Sin Data
2026-09-27,Trabajoscom,Valencia,Valencia,Ingeniero/a de automatizacion,38.000 € - 45.000 €,Sin Data,Indefinido,Jornada Completa,Sin Data,Michael Page,Sin Data
2026-09-27,Trabajoscom,Barcelona,Barcelona,Customer Service IMPORT/EXPORT - Barcelona (Temporal 1 año),20.000 € - 28.000 €,Sin Data,De duracion determinada,Jornada Completa,Sin Data,Michael Page,Sin Data
2026-09-27,Trabajoscom,Madrid,Madrid,Reinsurance Accountant with Fluent English,27.000 € - 33.000 €,Sin Data,Indefinido,Jornada Completa,Sin Data,Michael Page,Sin Data
2026-09-27,Trabajoscom,Zaragoza,Zaragoza,Responsable Financiero,36.000 € - 38.000 €,Sin Data,Indefinido,Jornada Completa,Sin Data,Michael Page,Sin Data
2026-09-27,Trabajoscom,Sevilla,Sevilla,Desarrollador/a Full Stack (.NET/Angular) - SEVILLA,20.000 € - 26.000 €,Sin Data,Indefinido,Jornada Completa,Sin Data,Michael Page,Sin Data
2026-09-27,Trabajoscom,Madrid,Madrid,Operario/a técnico/a,22.500 € - 27.500 €,Sin Data,Indefinido,Jornada Completa,Sin Data,Michael Page,Sin Data
2026-09-27,Trabajoscom,Madrid,Daganzo De Arriba,Técnico/a Eléctrico industrial SAT -- Daganzo de Arriba,30.000 € - 35.000 €,Sin Data,Indefinido,Jornada Completa,Sin Data,Michael Page,Sin Data
2026-09-27,Trabajoscom,Madrid,Madrid,Técnico/a electromecánico de cintas transportadoras San Blas,27.000 € - 35.000 €,Sin Data,Indefinido,Jornada Completa,Sin Data,Michael Page,Sin Data
2026-09-27,Trabajoscom,Barcelona,Barcelona,Responsable  o Técnico/a PRL - Vallés Oriental,40.000 € - 42.000 €,Sin Data,Indefinido,Jornada Completa,Sin Data,Michael Page,Sin Data
2026-09-27,Trabajoscom,Teruel,La Puebla De Valverde,Camarero/a de Sala,Sin Data,Sin Data,Indefinido,Jornada Completa,Sin Data,Grupo Adecco,Sin Data
2026-09-27,Trabajoscom,Madrid,Ciempozuelos,RECAMBISTA DE MAQUINARIA PESADA | CIEMPOZUELOS (MADRID),27.000 € - 28.000 €,Sin Data,De duracion determinada,Jornada Completa,Sin Data,Temps,Sin Data
2026-09-27,Trabajoscom,Madrid,Arganda Del Rey,Tornero Convencional de Arganda del Rey (8426),26.000 € - 32.000 €,Sin Data,Indefinido,Jornada Intensiva,Sin Data,Human Simbio Consulting,Sin Data
2026-09-27,Trabajoscom,Madrid,San Fernando De Henares,Técnico de Metrología y Calidad (8326),25.000 € - 29.000 €,Sin Data,Indefinido,Jornada Intensiva,Sin Data,Human Simbio Consulting,Sin Data
2026-09-27,Trabajoscom,Castellón,Cortés De Arenoso,Operario/a Industrial (Cortes de Arenoso),Sin Data,Sin Data,Indefinido,Media Jornada,Sin Data,Grupo Adecco,Sin Data
2026-09-27,Trabajoscom,Burgos,Burgos,OPERADOR/A DE FABRICACIÓN,Sin Data,Sin Data,De duracion determinada,Jornada Completa,Sin Data,Grupo Adecco,Sin Data
2026-09-27,Trabajoscom,Girona,Polígon Industrial - Massanes,Mecánico/a Mantenimiento Industrial (Massanes),Sin Data,Sin Data,Indefinido,Jornada Intensiva,Sin Data,Grupo Adecco,Sin Data
2026-09-27,Trabajoscom,Zaragoza,Zaragoza,Profesor/a o monitor/a Infantil en Extraescolares,Sin Data,Sin Data,De duracion determinada,Media Jornada,Sin Data,Grupo Adecco,Sin Data
2026-09-27,Trabajoscom,Zaragoza,Pedrola,Carretilleros/as para Pedrola (sector automoción),Sin Data,Sin Data,Indefinido,Jornada Completa,Sin Data,Grupo Adecco,Sin Data
2026-09-27,Trabajoscom,Cádiz,Cádiz,Mánager en Desarrollo de Negocio y Canales de Venta,Sin Data,Sin Data,De duracion determinada,Media Jornada,Sin Data,Grupo Adecco,Sin Data
2026-09-27,Trabajoscom,Guadalajara,Chiloeches,Operario de producción papel-artes gráficas (5326),23.000 € - 29.000 €,Sin Data,Indefinido,Jornada Completa,Sin Data,Human Simbio Consulting,Sin Data
2026-09-27,Trabajoscom,Bizkaia,Basauri,Logístico/a Reponedor/a Indefinido Bilbao,Sin Data,Sin Data,Indefinido,Media Jornada,Sin Data,Grupo Adecco,Sin Data
2026-09-27,Trabajoscom,Zaragoza,La Puebla De Alfinden,Carretillero/a polivalente sustitución de vacaciones,Sin Data,Sin Data,De duracion determinada,Jornada Completa,Sin Data,Grupo Adecco,Sin Data
2026-09-27,Trabajoscom,Cantabria,Vizcaya,Business Developer,30.000 € - 40.000 €,Sin Data,Indefinido,Jornada Completa,Sin Data,Michael Page,Sin Data
2026-09-27,Trabajoscom,Zaragoza,Zaragoza,Carretilleros/as con coche,Sin Data,Sin Data,Indefinido,Jornada Completa,Sin Data,Grupo Adecco,Sin Data
2026-09-27,Trabajoscom,Toledo,Sonseca,Tecnico/a de  Mantenimiento,Sin Data,Sin Data,Indefinido,Jornada Completa,Sin Data,Grupo Adecco,Sin Data
2026-09-27,Trabajoscom,Barcelona,Castellar Del Valles,CARRETILLERO/A RETRACTIL,Sin Data,Sin Data,Indefinido,Jornada Indiferente,Sin Data,RAS Interim,Sin Data
2026-09-27,Trabajoscom,A Coruña,Cambre,Copy Repartidor/a de paquetería,Sin Data,Sin Data,De duracion determinada,Jornada Completa,Sin Data,Temps,Sin Data
2026-09-27,Trabajoscom,Barcelona,Polinyà,Técnico/a de Mantenimiento Industrial | Indefinido,Sin Data,Sin Data,Indefinido,Jornada Completa,Sin Data,Grupo Adecco,Sin Data
2026-09-27,Trabajoscom,Barcelona,Esparreguera,OPERARIO/A DE PRODUCCIÓN - ESPARRAGUERA,Sin Data,Sin Data,De duracion determinada,Jornada Completa,Sin Data,Temps,Sin Data
2026-09-27,Trabajoscom,Sevilla,Bollullos De La Mitación,Administrativo /a jurídico (Grado en Derecho),18.000 €,Sin Data,De duracion determinada,Jornada Completa,Sin Data,Temps,Sin Data
2026-09-27,Trabajoscom,Valencia,Sollana,OPERARIAS/OS DE PRODUCCIÓN,20.000 € - 21.000 €,Sin Data,De duracion determinada,Jornada Completa,Sin Data,Temps,Sin Data
2026-09-27,Trabajoscom,Cádiz,Cádiz,Ayudante de catering y cocineros en cadiz.,Sin Data,Sin Data,De duracion determinada,Jornada Completa,Sin Data,Temps,Sin Data
2026-09-27,Trabajoscom,Madrid,Madrid,PLANCHADOR/A (TINTORERÍA) - MADRID,18.000 € - 19.000 €,Sin Data,Indefinido,Jornada Completa,Sin Data,Temps,Sin Data
2026-09-27,Trabajoscom,Barcelona,Sant Quintí De Mediona,Auxiliar de Laboratorio 5º turno,Sin Data,Sin Data,De duracion determinada,Jornada Completa,Sin Data,Grupo Adecco,Sin Data
2026-09-27,Trabajoscom,Burgos,Burgos,ING - Oficial Mantenimiento Senior,Sin Data,Sin Data,Indefinido,Jornada Completa,Sin Data,Grupo Adecco,Sin Data
2026-09-27,Trabajoscom,Madrid,Todo Madrid,Oficiales Electricistas – Madrid,2.000 € - 2.200 €,Sin Data,Fijo discontinuo,Jornada Completa,Sin Data,Franmar Work Solution,Sin Data
2026-09-27,Trabajoscom,León,Santa Catalina De Somoza,Cajero/a Reponedor/a Badalona 30h.,Sin Data,Sin Data,Indefinido,Jornada Indiferente,Sin Data,Grupo DIA,Sin Data
2026-09-27,Trabajoscom,Toledo,Illescas,Cajero/a Reponedor/ Coslada (Madrid),Sin Data,Sin Data,Indefinido,Jornada Indiferente,Sin Data,Grupo DIA,Sin Data
2026-09-27,Trabajoscom,Málaga,Antequera,Cajero/a Reponedor/a Zona Granada,Sin Data,Sin Data,Indefinido,Jornada Indiferente,Sin Data,Grupo DIA,Sin Data
2026-09-27,Trabajoscom,Barcelona,Polinya,OPERARIO/A DE LAMINACIÓN,Sin Data,Sin Data,Indefinido,Jornada Indiferente,Sin Data,RAS Interim,Sin Data
2026-09-27,Trabajoscom,Málaga,Antequera,Cajero/a Reponedor/a Zona Granada,Sin Data,Sin Data,Indefinido,Jornada Indiferente,Sin Data,Grupo DIA,Sin Data
2026-09-27,Trabajoscom,Barcelona,Castellar Del Valles,CARRETILLERO/A RETRACTIL,Sin Data,Sin Data,Indefinido,Jornada Indiferente,Sin Data,RAS Interim,Sin Data
2026-09-27,Trabajoscom,Barcelona,Castellar Del Valles,MANIPULADOR/A,Sin Data,Sin Data,Indefinido,Jornada Indiferente,Sin Data,RAS Interim,Sin Data
2026-09-27,Trabajoscom,Asturias,Alava,Operario u operaria sin experiencia en Vitoria-Gasteiz (Álava),Sin Data,Sin Data,Indefinido,Jornada Indiferente,Sin Data,RAS Interim,Sin Data
2026-09-27,Trabajoscom, Murcia, Murcia,Pintor/a - Las torres de Cotillas,Sin Data,Sin Data,Indefinido,Jornada Completa,Sin Data,Crit Interim España ETT,Sin Data
2026-09-27,Trabajoscom, Murcia, Murcia,Soldador/a con hilo.,Sin Data,Sin Data,Indefinido,Jornada Completa,Sin Data,Crit Interim España ETT,Sin Data
2026-09-27,Trabajoscom, Granada, Granada,Electromecánico/a,18.000 € - 22.000 €,Sin Data,Indefinido,Jornada Completa,Sin Data,Crit Interim España ETT,Sin Data
2026-09-27,Trabajoscom, Palencia, Palencia,Encargado/a de supermercado,Sin Data,Sin Data,De duracion determinada,Media Jornada,Sin Data,Iman Temporing,Sin Data
2026-09-27,Trabajoscom, Barcelona, Barcelona,OPERARIA DE MANTENIMIENTO INDUSTRIAL,Sin Data,Sin Data,De duracion determinada,Jornada Completa,Sin Data,Iman Temporing,Sin Data
2026-09-27,Trabajoscom, Sevilla, Sevilla,Operario/a fábrica de alimentación,Sin Data,Sin Data,De duracion determinada,Jornada Completa,Sin Data,Crit Interim España ETT,Sin Data
2026-09-27,Trabajoscom, Badajoz, Badajoz,Mozo/a Carretillero/a - Turno de Tarde,Sin Data,Sin Data,Indefinido,Jornada Completa,Sin Data,Crit Interim España ETT,Sin Data
2026-09-27,Trabajoscom, Málaga, Málaga,Auxiliar de Enfermería,Sin Data,Sin Data,Indefinido,Jornada Completa,Sin Data,Crit Interim España ETT,Sin Data
2026-09-27,Trabajoscom, Zaragoza, Zaragoza,Planchado Industrial (Sector Textil),Sin Data,Sin Data,De duracion determinada,Jornada Completa,Sin Data,Crit Interim España ETT,Sin Data
2026-09-27,Trabajoscom, Zaragoza, Zaragoza,Operario/a de Producción (Figueruelas),Sin Data,Sin Data,De duracion determinada,Jornada Completa,Sin Data,Crit Interim España ETT,Sin Data
2026-09-27,Trabajoscom, Zaragoza, Zaragoza,Mozo/a almacén - La Muela,Sin Data,Sin Data,De duracion determinada,Jornada Completa,Sin Data,Crit Interim España ETT,Sin Data
2026-09-27,Trabajoscom, Zaragoza, Zaragoza,Operario/a vidrio frio,Sin Data,Sin Data,De duracion determinada,Jornada Completa,Sin Data,Crit Interim España ETT,Sin Data
2026-09-27,Trabajoscom, Zaragoza, Zaragoza,Mozo/a de almacén Turno fijo de noche,Sin Data,Sin Data,De duracion determinada,Jornada Completa,Sin Data,Iman Temporing,Sin Data
2026-09-27,Trabajoscom, Sevilla, Sevilla,Electromecánico/a industrial,25.000 € - 27.000 €,Sin Data,Indefinido,Jornada Completa,Sin Data,Crit Interim España ETT,Sin Data
2026-09-27,Trabajoscom, Toledo, Toledo,Carretillero/a retráctil (Talavera de la Reina),24.000 € - 25.000 €,Sin Data,De duracion determinada,Jornada Completa,Sin Data,Crit Interim España ETT,Sin Data
2026-09-27,Trabajoscom, Toledo, Toledo,Carretillero/a Retráctil - Noblejas,20.000 € - 30.000 €,Sin Data,De duracion determinada,Jornada Completa,Sin Data,Crit Interim España ETT,Sin Data
2026-09-27,Trabajoscom, Murcia, Murcia,Electromecánico/a,Sin Data,Sin Data,Indefinido,Jornada Completa,Sin Data,Crit Interim España ETT,Sin Data
2026-09-27,Trabajoscom, Barcelona, Barcelona,Administrativo/a Comercial de Exportación- Inglès.,Sin Data,Sin Data,Indefinido,Jornada Completa,Sin Data,Iman Temporing,Sin Data
2026-09-27,Trabajoscom, Madrid, Madrid,Enfermero/a - DUE Centro Residencial DomusVi Leganés,Sin Data,Sin Data,Indefinido,Jornada Indiferente,Sin Data,DomusVi,Sin Data
2026-09-27,Trabajoscom, Lleida, Lleida,Electromecánico/a industrial,Sin Data,Sin Data,Indefinido,Jornada Completa,Sin Data,Iman Temporing,Sin Data
2026-09-27,Trabajoscom, Guadalajara, Guadalajara,CARRETILLERO/A RETRÁCTIL,Sin Data,Sin Data,Indefinido,Jornada Completa,Sin Data,Iman Temporing,Sin Data
2026-09-27,Trabajoscom, Valladolid, Valladolid,Ayudante de camarero/a y cocina (nueva apertura),Sin Data,Sin Data,De duracion determinada,Jornada Completa,Sin Data,Iman Temporing,Sin Data
2026-09-27,Trabajoscom, Madrid, Madrid,Personal de conserjería | Turnos rotativos Mañana-Tarde-Noche | Certificado discapacidad,Sin Data,Sin Data,Indefinido,Jornada Indiferente,Sin Data,Diswork In,Sin Data
2026-09-27,Trabajoscom, Castellón, Castellón,Mecánico/a,Sin Data,Sin Data,De duracion determinada,Jornada Completa,Sin Data,Iman Temporing,Sin Data
2026-09-27,Trabajoscom, Toledo, Toledo,Operario/a de reciclaje de metales. (Seseña),Sin Data,Sin Data,De duracion determinada,Jornada Completa,Sin Data,Iman Temporing,Sin Data
2026-09-27,Trabajoscom, Valencia, Valencia,Auxiliar de Geriatría,Sin Data,Sin Data,De duracion determinada,Jornada Completa,Sin Data,Crit Interim España ETT,Sin Data
2026-09-27,Trabajoscom, Barcelona, Barcelona,Operario/a calderero,28.000 € - 30.000 €,Sin Data,De duracion determinada,Jornada Completa,Sin Data,Iman Temporing,Sin Data
2026-09-27,Trabajoscom, Barcelona, Barcelona,Carretillero/a frontal sector artes gráficas,18.480 €,Sin Data,De duracion determinada,Jornada Completa,Sin Data,Iman Temporing,Sin Data
2026-09-27,Trabajoscom, Valladolid, Valladolid,Operario/a de producción en Medina del Campo,Sin Data,Sin Data,Indefinido,Jornada Completa,Sin Data,Iman Temporing,Sin Data
2026-09-27,Trabajoscom,Alicante,Alicante,Arquitecto/a Superior - Alicante,37.000 € - 42.000 €,Sin Data,Indefinido,Jornada Completa,Sin Data,Michael Page,Sin Data
2026-09-27,Trabajoscom,Madrid,Madrid,IT Support (Zona Sureste),25.000 € - 30.000 €,Sin Data,Indefinido,Jornada Completa,Sin Data,Michael Page,Sin Data
2026-09-27,Trabajoscom, Sevilla, Sevilla,LIMPIADOR/A CERTIFICADO DISCAPACIDAD,Sin Data,Sin Data,Indefinido,Media Jornada,Sin Data,Diswork,Sin Data
2026-09-27,Trabajoscom, Barcelona, Barcelona,Administrativo/a dpto comercial,Sin Data,Sin Data,Indefinido,Jornada Completa,Sin Data,Crit Interim España ETT,Sin Data
2026-09-27,Trabajoscom, Barcelona, Barcelona,Operario/a 4 turno maquinista impresor,Sin Data,Sin Data,Indefinido,Jornada Completa,Sin Data,Crit Interim España ETT,Sin Data
2026-09-27,Trabajoscom, Barcelona, Barcelona,Carretillero/a Madera mañana. Formacion en Gava.,Sin Data,Sin Data,Indefinido,Jornada Completa,Sin Data,Crit Interim España ETT,Sin Data
2026-09-27,Trabajoscom, Valencia, Valencia,Soldador/a MIG-MAG- -(Museros) Valencia,23.000 € - 24.000 €,Sin Data,De duracion determinada,Jornada Completa,Sin Data,Iman Temporing,Sin Data
2026-09-27,Trabajoscom, Cantabria, Cantabria,Repartidores/as,1.575 €,Sin Data,De duracion determinada,Jornada Completa,Sin Data,Iman Temporing,Sin Data
2026-09-27,Trabajoscom, Barcelona, Barcelona,Operario/a mantenimineto,Sin Data,Sin Data,Indefinido,Jornada Completa,Sin Data,Iman Temporing,Sin Data
2026-09-27,Trabajoscom, Madrid, Madrid,Carretillero/a. Formación Profesional.,25.000 € - 26.000 €,Sin Data,De duracion determinada,Jornada Completa,Sin Data,Iman Temporing,Sin Data
2026-09-27,Trabajoscom, Bizkaia, Bizkaia,Operario/a de Fundición,Sin Data,Sin Data,De duracion determinada,Jornada Completa,Sin Data,Iman Temporing,Sin Data
2026-09-27,Trabajoscom, Lleida, Lleida,Persona Oficina Técnica,Sin Data,Sin Data,Indefinido,Jornada Completa,Sin Data,Iman Temporing,Sin Data
2026-09-27,Trabajoscom, Barcelona, Barcelona,OPERARIO/A INDUSTRIAL HILO CARBONO,Sin Data,Sin Data,Indefinido,Jornada Completa,Sin Data,Iman Temporing,Sin Data
2026-09-27,Trabajoscom,Madrid,Madrid,Marketing Coordinator sector QSR - inglés avanzado,30.000 € - 35.000 €,Sin Data,Indefinido,Jornada Completa,Sin Data,Michael Page,Sin Data
2026-09-27,Trabajoscom,Madrid,Madrid,HR Generalist,38.000 € - 40.000 €,Sin Data,Indefinido,Jornada Completa,Sin Data,Michael Page,Sin Data
2026-09-27,Trabajoscom,Barcelona,Barcelona,Paralegal - Barcelona,27.000 € - 29.000 €,Sin Data,Indefinido,Jornada Completa,Sin Data,Michael Page,Sin Data
2026-09-27,Trabajoscom,Madrid,Madrid,Jefe de obra sector terciario de oficinas (h/m),35.000 € - 42.000 €,Sin Data,Indefinido,Jornada Completa,Sin Data,Michael Page,Sin Data
2026-09-27,Trabajoscom,Barcelona,Barcelona,Corporate Internal Auditor,40.000 € - 45.000 €,Sin Data,Indefinido,Jornada Completa,Sin Data,Michael Page,Sin Data
2026-09-27,Trabajoscom,Valladolid,Valladolid,Audiovisual & Content Manager - Valladolid,30.000 € - 35.000 €,Sin Data,Indefinido,Jornada Completa,Sin Data,Michael Page,Sin Data
2026-09-27,Trabajoscom,Barcelona,Barcelona,Técnico Senior de Tesorería,32.000 € - 37.000 €,Sin Data,Indefinido,Jornada Completa,Sin Data,Michael Page,Sin Data
2026-09-27,Trabajoscom,Barcelona,Barcelona,Senior Accounts Payables Specialist C1 English,26.000 € - 27.000 €,Sin Data,Indefinido,Jornada Completa,Sin Data,Michael Page,Sin Data
2026-09-27,Trabajoscom,Granada,Granada,Analista de datos - GRANADA,40.000 € - 45.000 €,Sin Data,Indefinido,Jornada Completa,Sin Data,Michael Page,Sin Data
2026-09-27,Trabajoscom,Valencia,Valencia,Arquitecto/a técnico/a,25.000 € - 30.000 €,Sin Data,Indefinido,Jornada Completa,Sin Data,Michael Page,Sin Data
2026-09-27,Trabajoscom,Zaragoza,Zaragoza,Contable senior,28.000 € - 32.000 €,Sin Data,Indefinido,Jornada Completa,Sin Data,Michael Page,Sin Data
2026-09-27,Trabajoscom, Málaga, Málaga,Técnico/a de Laboratorio I+D - Oyón,27.000 € - 30.000 €,Sin Data,Indefinido,Jornada Completa,Sin Data,Michael Page,Sin Data
2026-09-27,Trabajoscom,Barcelona,Granollers,Auxiliar de Mantenimiento Industrial,29.000 € - 30.000 €,Sin Data,Indefinido,Jornada Completa,Sin Data,Michael Page,Sin Data
2026-09-27,Trabajoscom,Sevilla,Sevilla,Ingeniero de Producción con SAP,27.000 €,Sin Data,Indefinido,Jornada Completa,Sin Data,Michael Page,Sin Data
2026-09-27,Trabajoscom,Tarragona,Tarragona,Comercial seguros B2B Lérida y Tarragona,20.000 € - 27.000 €,Sin Data,Indefinido,Jornada Completa,Sin Data,Michael Page,Sin Data
2026-09-27,Trabajoscom,Barcelona,Barcelona,Customer Service con ingles B1 - Multinacional Bcn (TEMPORAL),23.000 € - 25.000 €,Sin Data,De duracion determinada,Jornada Completa,Sin Data,Michael Page,Sin Data
2026-09-27,Trabajoscom,Madrid,Madrid,Ecommerce Merchandiser | Salesforce Commerce Cloud,35.000 € - 40.000 €,Sin Data,Indefinido,Jornada Completa,Sin Data,Michael Page,Sin Data
2026-09-27,Trabajoscom,Asturias,Vigo,Técnico de RRHH Senior - Vigo,30 € - 32 €,Sin Data,Indefinido,Jornada Completa,Sin Data,Michael Page,Sin Data
2026-09-27,Trabajoscom,Valencia,Valencia,Ingeniero/a de Planificación.,26.000 €,Sin Data,Indefinido,Jornada Completa,Sin Data,Michael Page,Sin Data
2026-09-27,Trabajoscom,Valencia,Valencia,Jefe/a de Turno de Producción,40.000 € - 44.000 €,Sin Data,Indefinido,Jornada Completa,Sin Data,Michael Page,Sin Data
2026-09-27,Trabajoscom,Cantabria,Vizcaya,Inside Sales Engineer / Técnico Comercial Interno (H/M/X),30.000 € - 35.000 €,Sin Data,Indefinido,Jornada Completa,Sin Data,Michael Page,Sin Data
2026-09-27,Trabajoscom,Madrid,Madrid,Senior Engineer con experiencia en NODE.JS,36.000 € - 44.000 €,Sin Data,Indefinido,Jornada Completa,Sin Data,Michael Page,Sin Data
2026-09-27,Trabajoscom,Valencia,Paterna,ADMINISTRACION CON DISCAPACIDAD Y DOMINIO DE INGLÉS,22.000 € - 24.000 €,Sin Data,Indefinido,Jornada Completa,Sin Data,Michael Page,Sin Data
2026-09-27,Trabajoscom,Ourense,Ourense,Ingeniero/a de Diseño Mecánico - Ourense,30.000 € - 35.000 €,Sin Data,Indefinido,Jornada Completa,Sin Data,Michael Page,Sin Data
2026-09-27,Trabajoscom,Madrid,Madrid,Billing Specialist,30.000 €,Sin Data,De duracion determinada,Jornada Completa,Sin Data,Michael Page,Sin Data
2026-09-27,Trabajoscom,Barcelona,Barcelona,Administrativo  / Back Office con inglés B2 - Barcelona,28.000 € - 30.000 €,Sin Data,Indefinido,Jornada Completa,Sin Data,Michael Page,Sin Data
2026-09-27,Trabajoscom, Tarragona, Tarragona,CIO (fresh food industry experience),100 € - 150 €,Sin Data,Indefinido,Jornada Completa,Sin Data,Michael Page,Sin Data
2026-09-27,Trabajoscom,Barcelona,Barbera Del Valles,Responsable Almacén zona Barberà del Vallès,30.000 € - 32.000 €,Sin Data,Indefinido,Jornada Completa,Sin Data,Michael Page,Sin Data
2026-09-27,Trabajoscom,Cantabria,Vizcaya,Consultor Patrimonial / Asesor Comercial,25.000 € - 26.000 €,Sin Data,Indefinido,Jornada Completa,Sin Data,Michael Page,Sin Data
2026-09-27,Trabajoscom,Madrid,Madrid,Sales Advisor - Joyería Premium (Madrid Centro),20.000 € - 26.000 €,Sin Data,Indefinido,Jornada Completa,Sin Data,Michael Page,Sin Data
2026-09-27,Trabajoscom,Valencia,Valencia,Técnico Contable y Fiscal,35.000 € - 37.000 €,Sin Data,Indefinido,Jornada Completa,Sin Data,Michael Page,Sin Data
2026-09-27,Trabajoscom,Valencia,Valencia,Auxiliar contable,23.000 € - 25.000 €,Sin Data,Indefinido,Jornada Completa,Sin Data,Michael Page,Sin Data
2026-09-27,Trabajoscom,Valencia,Valencia,Coordinador/a de Higiene y Seguridad Alimentaria,20.000 € - 30.000 €,Sin Data,Indefinido,Jornada Completa,Sin Data,Michael Page,Sin Data
2026-09-27,Trabajoscom,Valencia,Valencia,Ingeniero/a de Diseño de Maquinaria,35.000 € - 40.000 €,Sin Data,Indefinido,Jornada Completa,Sin Data,Michael Page,Sin Data
2026-09-27,Trabajoscom,Valencia,Valencia,Asesor/a Fiscal y Contable - Valencia,25.000 € - 30.000 €,Sin Data,Indefinido,Jornada Completa,Sin Data,Michael Page,Sin Data
2026-09-27,Trabajoscom,Zaragoza,Zaragoza,Production planner,25.000 € - 30.000 €,Sin Data,Indefinido,Jornada Completa,Sin Data,Michael Page,Sin Data
2026-09-27,Trabajoscom,Murcia,Murcia,Técnico/a de Mantenimiento Mecánico,27.000 € - 28.000 €,Sin Data,Indefinido,Jornada Completa,Sin Data,Michael Page,Sin Data
2026-09-27,Trabajoscom,Valencia,Valencia,Responsable Ecommerce - Amazon,26.000 € - 30.000 €,Sin Data,Indefinido,Jornada Completa,Sin Data,Michael Page,Sin Data
2026-09-27,Trabajoscom,Barcelona,Barcelona,Administrativo/a de Logística con Inglés C1 - Barcelona,22.000 € - 26.000 €,Sin Data,Indefinido,Jornada Completa,Sin Data,Michael Page,Sin Data
2026-09-27,Trabajoscom,Palencia,Palencia,Assistant Manager,12.000 € - 16.000 €,Sin Data,Indefinido,Jornada Completa,Sin Data,Michael Page,Sin Data
2026-09-27,Trabajoscom,Valencia,Valencia,Export Area Manager Arabe - Residente en Valencia,33.000 € - 35.000 €,Sin Data,Indefinido,Jornada Completa,Sin Data,Michael Page,Sin Data
2026-09-27,Trabajoscom,Barcelona,Barcelona,Técnico de reparación electrónica,35.000 € - 39.000 €,Sin Data,Indefinido,Jornada Completa,Sin Data,Michael Page,Sin Data
2026-09-27,Trabajoscom,A Coruña,A Coruña,Manager Fiscal y Contable - Asesoría Profesional (A Coruña),30.000 € - 32.000 €,Sin Data,Indefinido,Jornada Completa,Sin Data,Michael Page,Sin Data
2026-09-27,Trabajoscom,Madrid,Madrid,Bussines Development Manager B2B con Italiano,40.000 € - 45.000 €,Sin Data,Indefinido,Jornada Completa,Sin Data,Michael Page,Sin Data
2026-09-27,Trabajoscom,La Rioja,Logroño,"Visitador Médico - La Rioja, Navarra y Soria (H/M)",42.000 € - 43.000 €,Sin Data,Indefinido,Jornada Completa,Sin Data,Michael Page,Sin Data
2026-09-27,Trabajoscom,Madrid,Madrid,SR MARKETING MANAGER EUROPE,1 € - 2 €,Sin Data,Indefinido,Jornada Completa,Sin Data,Michael Page,Sin Data
2026-09-27,Trabajoscom,Barcelona,Sabadell,Comercial Interno & Customer Support,28.000 € - 30.000 €,Sin Data,Indefinido,Jornada Completa,Sin Data,Michael Page,Sin Data
2026-09-27,Trabajoscom,Madrid,Madrid,Atención al Cliente con Inglés Alto,25.000 € - 26.000 €,Sin Data,Indefinido,Jornada Completa,Sin Data,Michael Page,Sin Data
2026-09-27,Trabajoscom,Barcelona,Sant Cugat Del Valles,Técnico de I+D Medical Devices,30.000 € - 40.000 €,Sin Data,Indefinido,Jornada Completa,Sin Data,Michael Page,Sin Data
2026-09-27,Trabajoscom,Barcelona,Barbera Del Valles,Amazon Specialist,31.500 € - 38.500 €,Sin Data,Indefinido,Jornada Completa,Sin Data,Michael Page,Sin Data
2026-09-27,Trabajoscom,Barcelona,Barcelona,Office Assistant&Administrativo de facturación Francés B2 - Bcn,25.000 € - 38.000 €,Sin Data,Indefinido,Jornada Completa,Sin Data,Michael Page,Sin Data
2026-09-27,Trabajoscom,Madrid,Madrid,Payroll and HR Operations Manager,40.000 € - 45.000 €,Sin Data,Indefinido,Jornada Completa,Sin Data,Michael Page,Sin Data
2026-09-27,Trabajoscom,Madrid,Madrid,Contable (H/M/D) - Madrid Sur,30.000 € - 33.000 €,Sin Data,Indefinido,Jornada Completa,Sin Data,Michael Page,Sin Data
2026-09-27,Trabajoscom,Cantabria,Vizcaya,Area Manager - Arquitectura,36.000 € - 44.000 €,Sin Data,Indefinido,Jornada Completa,Sin Data,Michael Page,Sin Data
2026-09-27,Trabajoscom,Madrid,Madrid,Ingeniero/a ofertas técnicas automatización industrial,35.000 € - 43.000 €,Sin Data,Indefinido,Jornada Completa,Sin Data,Michael Page,Sin Data
2026-09-27,Trabajoscom,Madrid,Madrid,Responsable Técnico de Centros Comerciales,30.000 € - 40.000 €,Sin Data,Indefinido,Jornada Completa,Sin Data,Michael Page,Sin Data
2026-09-27,Trabajoscom,Madrid,Madrid,Business Development Manager - Cybersecurity,36.000 € - 44.000 €,Sin Data,Indefinido,Jornada Completa,Sin Data,Michael Page,Sin Data
2026-09-27,Trabajoscom,Madrid,Pozuelo De Alarcon,Abogado/a Junior Contratación - Empresa Multinacional,30.000 € - 35.000 €,Sin Data,Indefinido,Jornada Completa,Sin Data,Michael Page,Sin Data
2026-09-27,Trabajoscom,Barcelona,Barcelona,Customer Operations Coordinator / Inside Sales - Barcelona,34.000 € - 37.000 €,Sin Data,Indefinido,Jornada Completa,Sin Data,Michael Page,Sin Data
2026-09-27,Trabajoscom,Las Palmas,Las Palmas De Gran Canaria,Técnico de Compras Intenacionales - Gran Canaria,31.500 € - 38.500 €,Sin Data,Indefinido,Jornada Completa,Sin Data,Michael Page,Sin Data
2026-09-27,Trabajoscom,Cantabria,Vizcaya,Técnico de proyecto -Soluciones para el Sector Ferroviario,28.800 € - 35.200 €,Sin Data,Indefinido,Jornada Completa,Sin Data,Michael Page,Sin Data
2026-09-27,Trabajoscom,Barcelona,Barcelona,Application Engineer Robotics,35.000 € - 40.000 €,Sin Data,Indefinido,Jornada Completa,Sin Data,Michael Page,Sin Data
2026-09-27,Trabajoscom,Badajoz,Badajoz,Jefe/a de turno - Zafra,28.800 € - 35.200 €,Sin Data,Indefinido,Jornada Completa,Sin Data,Michael Page,Sin Data
2026-09-27,Trabajoscom,Barcelona,Barcelona,Ingeniero de aplicaciones de producción (Gavà),40.000 € - 44.000 €,Sin Data,Indefinido,Jornada Completa,Sin Data,Michael Page,Sin Data
2026-09-27,Trabajoscom,Madrid,Pinto,Soldador/a Industrial Pinto,25.000 € - 28.000 €,Sin Data,Indefinido,Jornada Completa,Sin Data,Michael Page,Sin Data
2026-09-27,Trabajoscom,Zaragoza,Zaragoza,Electromecánico/a industrial (inglés b1+),30.000 € - 35.000 €,Sin Data,Indefinido,Jornada Completa,Sin Data,Michael Page,Sin Data
2026-09-27,Trabajoscom,Barcelona,Barcelona,"Export Area Manager (Europa, Sur/Centro América y África)",35.000 € - 40.000 €,Sin Data,Indefinido,Jornada Completa,Sin Data,Michael Page,Sin Data
2026-09-27,Trabajoscom,Valencia,Valencia,Plant Quality Assurance Engineer (PQA),40.000 € - 45.000 €,Sin Data,Indefinido,Jornada Completa,Sin Data,Michael Page,Sin Data
2026-09-27,Trabajoscom,Madrid,Madrid,IT SUPPORT JUNIOR - EMPRESA FINAL,16.000 € - 20.000 €,Sin Data,Indefinido,Jornada Completa,Sin Data,Michael Page,Sin Data
2026-09-27,Trabajoscom,Huesca,Huesca,TÉCNICO/A MANTENIMIENTO,27.000 € - 33.000 €,Sin Data,Indefinido,Jornada Completa,Sin Data,Michael Page,Sin Data
2026-09-27,Trabajoscom,Salamanca,Espadaña,Storage and Backup Administrator (Tech Solutions),20.000 € - 28.000 €,Sin Data,Indefinido,Jornada Completa,Sin Data,Michael Page,Sin Data
2026-09-27,Trabajoscom,Castellón,Castellon De La Plana/castello De La Pla,HR Generalist - Alrededores de Vall d'Uixó (Castellón),25.000 € - 30.000 €,Sin Data,Indefinido,Jornada Completa,Sin Data,Michael Page,Sin Data
2026-09-27,Trabajoscom,León,Santa Catalina De Somoza,Técnico/a de Obra (Protección Contra Incendios),35.000 € - 40.000 €,Sin Data,Indefinido,Jornada Completa,Sin Data,Michael Page,Sin Data
2026-09-27,Trabajoscom,Barcelona,Barcelona,Ingeniero procesos - Sector Automoción,35.000 € - 38.000 €,Sin Data,Indefinido,Jornada Completa,Sin Data,Michael Page,Sin Data
2026-09-27,Trabajoscom,Cantabria,Vizcaya,Técnico de Compras - Empresa Multinacional - Duranguesado,33.000 € - 36.000 €,Sin Data,Indefinido,Jornada Completa,Sin Data,Michael Page,Sin Data
2026-09-27,Trabajoscom,Barcelona,Barcelona,Application Engineer Robotics,35.000 € - 40.000 €,Sin Data,Indefinido,Jornada Completa,Sin Data,Michael Page,Sin Data
2026-09-27,Trabajoscom,Badajoz,Badajoz,Jefe/a de turno - Zafra,28.800 € - 35.200 €,Sin Data,Indefinido,Jornada Completa,Sin Data,Michael Page,Sin Data
2026-09-27,Trabajoscom,Barcelona,Barcelona,Ingeniero de aplicaciones de producción (Gavà),40.000 € - 44.000 €,Sin Data,Indefinido,Jornada Completa,Sin Data,Michael Page,Sin Data
2026-09-27,Trabajoscom,Madrid,Pinto,Soldador/a Industrial Pinto,25.000 € - 28.000 €,Sin Data,Indefinido,Jornada Completa,Sin Data,Michael Page,Sin Data
2026-09-27,Trabajoscom,Zaragoza,Zaragoza,Electromecánico/a industrial (inglés b1+),30.000 € - 35.000 €,Sin Data,Indefinido,Jornada Completa,Sin Data,Michael Page,Sin Data
2026-09-27,Trabajoscom,Barcelona,Barcelona,"Export Area Manager (Europa, Sur/Centro América y África)",35.000 € - 40.000 €,Sin Data,Indefinido,Jornada Completa,Sin Data,Michael Page,Sin Data
2026-09-27,Trabajoscom,Valencia,Valencia,Plant Quality Assurance Engineer (PQA),40.000 € - 45.000 €,Sin Data,Indefinido,Jornada Completa,Sin Data,Michael Page,Sin Data
2026-09-27,Trabajoscom,Madrid,Madrid,IT SUPPORT JUNIOR - EMPRESA FINAL,16.000 € - 20.000 €,Sin Data,Indefinido,Jornada Completa,Sin Data,Michael Page,Sin Data
2026-09-27,Trabajoscom,Salamanca,Espadaña,Storage and Backup Administrator (Tech Solutions),20.000 € - 28.000 €,Sin Data,Indefinido,Jornada Completa,Sin Data,Michael Page,Sin Data
2026-09-27,Trabajoscom,Huesca,Huesca,TÉCNICO/A MANTENIMIENTO,27.000 € - 33.000 €,Sin Data,Indefinido,Jornada Completa,Sin Data,Michael Page,Sin Data
2026-09-27,Trabajoscom,Castellón,Castellon De La Plana/castello De La Pla,HR Generalist - Alrededores de Vall d'Uixó (Castellón),25.000 € - 30.000 €,Sin Data,Indefinido,Jornada Completa,Sin Data,Michael Page,Sin Data
2026-09-27,Trabajoscom,León,Santa Catalina De Somoza,Técnico/a de Obra (Protección Contra Incendios),35.000 € - 40.000 €,Sin Data,Indefinido,Jornada Completa,Sin Data,Michael Page,Sin Data
2026-09-27,Trabajoscom,Barcelona,Barcelona,Ingeniero procesos - Sector Automoción,35.000 € - 38.000 €,Sin Data,Indefinido,Jornada Completa,Sin Data,Michael Page,Sin Data
2026-09-27,Trabajoscom,Valencia,Valencia,Asesor/a Laboral - Centro de Valencia,25.000 € - 32.000 €,Sin Data,Indefinido,Jornada Completa,Sin Data,Michael Page,Sin Data
2026-09-27,Trabajoscom,Madrid,Madrid,Encargado o Jefe de obra sector retail (h/m),35.000 € - 45.000 €,Sin Data,Indefinido,Jornada Completa,Sin Data,Michael Page,Sin Data
2026-09-27,Trabajoscom,Madrid,Madrid,Controller industrial - Loeches (H/M/D),35.000 € - 45.000 €,Sin Data,Indefinido,Jornada Completa,Sin Data,Michael Page,Sin Data
2026-09-27,Trabajoscom,Valencia,Valencia,Electromecánico/a - Frigorista,30.000 € - 35.000 €,Sin Data,Indefinido,Jornada Completa,Sin Data,Michael Page,Sin Data
2026-09-27,Trabajoscom,Murcia,Murcia,Electricista Industrial,23.000 € - 27.000 €,Sin Data,Indefinido,Jornada Completa,Sin Data,Michael Page,Sin Data
2026-09-27,Trabajoscom,Bizkaia,Zamudio,Desarrollador/a de Software (H/M),33.300 € - 40.700 €,Sin Data,Indefinido,Jornada Completa,Sin Data,Michael Page,Sin Data
2026-09-27,Trabajoscom,Palencia,Palencia,SALES EXECUTIVE TRANSITARIA,30.000 € - 33.000 €,Sin Data,Indefinido,Jornada Completa,Sin Data,Michael Page,Sin Data
2026-09-27,Trabajoscom,Madrid,Madrid,Asesor Contable Fiscal,30.000 € - 35.000 €,Sin Data,Indefinido,Jornada Completa,Sin Data,Michael Page,Sin Data
2026-09-27,Trabajoscom,Bizkaia,Bilbao,Técnico SOC (Security Operations Center) (h/m),20.000 € - 30.000 €,Sin Data,Indefinido,Jornada Completa,Sin Data,Michael Page,Sin Data
2026-09-27,Trabajoscom,Bizkaia,Bilbao,Técnico de Compras Sistemas y Ciberseguridad (h/m),30.000 € - 45.000 €,Sin Data,Indefinido,Jornada Completa,Sin Data,Michael Page,Sin Data
2026-09-27,Trabajoscom,Bizkaia,Bilbao,Administrativo/a Media Jornada | Bilbao,17.000 € - 18.000 €,Sin Data,Indefinido,Jornada Completa,Sin Data,Michael Page,Sin Data
2026-09-27,Trabajoscom,Madrid,Madrid,Técnico ERP (Módulo Contabilidad),25.000 € - 30.000 €,Sin Data,Indefinido,Jornada Completa,Sin Data,Michael Page,Sin Data
2026-09-27,Trabajoscom,Madrid,Madrid,Junior Accountant con Ingles Alto,25 € - 30 €,Sin Data,Indefinido,Jornada Completa,Sin Data,Michael Page,Sin Data
2026-09-27,Trabajoscom,Baleares,Mallorca,Asistente de Administración con inglés - Mallorca,30.000 € - 31.000 €,Sin Data,Indefinido,Jornada Completa,Sin Data,Michael Page,Sin Data
2026-09-27,Trabajoscom, Lleida, Lleida,Customer Service Export con Inglés B2 - Lleida,27.000 € - 29.000 €,Sin Data,Indefinido,Jornada Completa,Sin Data,Michael Page,Sin Data
2026-09-27,Trabajoscom,Cantabria,Vizcaya,Ingeniero/a de Calidad - Duranguesado -Sector Automoción,36.000 € - 44.000 €,Sin Data,Indefinido,Jornada Completa,Sin Data,Michael Page,Sin Data
2026-09-27,Trabajoscom,Bizkaia,Bilbao,Gestor de Proyectos en Obra - Instalaciones Eléctricas (h/m),30.000 € - 34.000 €,Sin Data,Indefinido,Jornada Completa,Sin Data,Michael Page,Sin Data
2026-09-27,Trabajoscom,Madrid,Madrid,Analista GRC,35.000 € - 40.000 €,Sin Data,Indefinido,Jornada Completa,Sin Data,Michael Page,Sin Data
2026-09-27,Trabajoscom,Barcelona,Barcelona,Administrativo/a contable temporal (Bcn),20.000 € - 25.000 €,Sin Data,De duracion determinada,Jornada Completa,Sin Data,Michael Page,Sin Data
2026-09-27,Trabajoscom,Cáceres,Caceres,RESPONABLE DE CAPTACIÓN,30.000 € - 40.000 €,Sin Data,Indefinido,Jornada Completa,Sin Data,Michael Page,Sin Data
2026-09-27,Trabajoscom,Madrid,Madrid,Coordinador Financiero,38.000 € - 40.000 €,Sin Data,Indefinido,Jornada Completa,Sin Data,Michael Page,Sin Data
2026-09-27,Trabajoscom,Madrid,Madrid,SAP Security & Compliance Specialist,40.000 € - 45.000 €,Sin Data,Indefinido,Jornada Completa,Sin Data,Michael Page,Sin Data
2026-09-27,Trabajoscom,Girona,Girona,Delegado/a Farmacia OTC - Girona y Andorra,30.600 € - 37.400 €,Sin Data,Indefinido,Jornada Completa,Sin Data,Michael Page,Sin Data
2026-09-27,Trabajoscom,Valencia,Valencia,Administrativo/a de Compras,23.000 € - 26.000 €,Sin Data,Indefinido,Jornada Completa,Sin Data,Michael Page,Sin Data
2026-09-27,Trabajoscom,Valencia,Valencia,Técnico/a SAT internacional,30.000 € - 35.000 €,Sin Data,Indefinido,Jornada Completa,Sin Data,Michael Page,Sin Data
2026-09-27,Trabajoscom,Zaragoza,Zaragoza,Técnico de Instalaciones de Telecomunicaciones,22.000 € - 24.200 €,Sin Data,Indefinido,Jornada Completa,Sin Data,Michael Page,Sin Data
2026-09-27,Trabajoscom,Valencia,Valencia,Diseñador/a Mecánico,29.000 € - 35.000 €,Sin Data,Indefinido,Jornada Completa,Sin Data,Michael Page,Sin Data
2026-09-27,Trabajoscom,Valencia,Valencia,Ingeniero/a de Automatización Junior,30.000 € - 31.000 €,Sin Data,Indefinido,Jornada Completa,Sin Data,Michael Page,Sin Data
2026-09-27,Trabajoscom,Castellón,Castellon De La Plana/castello De La Pla,Jefe/a de Obra Edificación - Castellón,36.000 € - 44.000 €,Sin Data,Indefinido,Jornada Completa,Sin Data,Michael Page,Sin Data
2026-09-27,Trabajoscom,Barcelona,Barcelona,Contable Senior - Barcelona,30.000 € - 32.000 €,Sin Data,Indefinido,Jornada Completa,Sin Data,Michael Page,Sin Data
2026-09-27,Trabajoscom,Valencia,Valencia,Area Manager Telefonía - Canal Prepago,36.000 € - 45.000 €,Sin Data,Indefinido,Jornada Completa,Sin Data,Michael Page,Sin Data
2026-09-27,Trabajoscom,Jaén,Jaen,Contable Financiero - Plan de Carrera - Úbeda,30.000 € - 35.000 €,Sin Data,Indefinido,Jornada Completa,Sin Data,Michael Page,Sin Data
2026-09-27,Trabajoscom,Cádiz,Jerez De La Frontera,Responsable Financiero/a y Contable,45.000 €,Sin Data,Indefinido,Jornada Completa,Sin Data,Michael Page,Sin Data
2026-09-27,Trabajoscom, Asturias, Asturias,Comercial Software B2B - Asturias,22.000 € - 27.500 €,Sin Data,Indefinido,Jornada Completa,Sin Data,Michael Page,Sin Data
2026-09-27,Trabajoscom,Barcelona,Barcelona,Office Manager & People Ops Coordinator (EN/ES),26.000 € - 27.000 €,Sin Data,Indefinido,Jornada Completa,Sin Data,Michael Page,Sin Data
2026-09-27,Trabajoscom,Barcelona,Barcelona,Global Senior Reward Analyst / Specialist,35.000 € - 43.000 €,Sin Data,Indefinido,Jornada Completa,Sin Data,Michael Page,Sin Data
2026-09-27,Trabajoscom,Tarragona,Tarragona,Técnico de Seguros en Tarragona,40.000 € - 41.000 €,Sin Data,Indefinido,Jornada Completa,Sin Data,Michael Page,Sin Data
2026-09-27,Trabajoscom,Barcelona,Barcelona,Coordinador/a de tiendas con Francés - Barcelona,35.000 € - 38.000 €,Sin Data,Indefinido,Jornada Completa,Sin Data,Michael Page,Sin Data
2026-09-27,Trabajoscom,Madrid,Alcobendas,Responsable de Cuentas a Cobrar Sector Farma,45.000 €,Sin Data,Indefinido,Jornada Completa,Sin Data,Michael Page,Sin Data
2026-09-27,Trabajoscom,Madrid,Griñon,Técnico Contable Senior en Griñón,30.000 €,Sin Data,Indefinido,Jornada Completa,Sin Data,Michael Page,Sin Data
2026-09-27,Trabajoscom,Madrid,Madrid,Asistente de Gestión de Datos (Data Management) - Madrid,24.000 € - 25.000 €,Sin Data,De duracion determinada,Jornada Completa,Sin Data,Michael Page,Sin Data
2026-09-27,Trabajoscom,Madrid,Madrid,SAP Security & Compliance Specialist,40.000 € - 45.000 €,Sin Data,Indefinido,Jornada Completa,Sin Data,Michael Page,Sin Data
2026-09-27,Trabajoscom,Girona,Girona,Delegado/a Farmacia OTC - Girona y Andorra,30.600 € - 37.400 €,Sin Data,Indefinido,Jornada Completa,Sin Data,Michael Page,Sin Data
2026-09-27,Trabajoscom,Valencia,Valencia,Administrativo/a de Compras,23.000 € - 26.000 €,Sin Data,Indefinido,Jornada Completa,Sin Data,Michael Page,Sin Data
2026-09-27,Trabajoscom,Zaragoza,Zaragoza,Técnico de Instalaciones de Telecomunicaciones,22.000 € - 24.200 €,Sin Data,Indefinido,Jornada Completa,Sin Data,Michael Page,Sin Data
2026-09-27,Trabajoscom,Madrid,Madrid,Ingeniero/a de Mantenimiento,40.000 € - 42.000 €,Sin Data,Indefinido,Jornada Completa,Sin Data,Michael Page,Sin Data
2026-09-27,Trabajoscom,Madrid,Madrid,Arquitecto junior. Postventa. Asistencia técnica.,30.000 € - 31.000 €,Sin Data,Indefinido,Jornada Completa,Sin Data,Michael Page,Sin Data
2026-09-27,Trabajoscom,Madrid,Madrid,Técnico de mantenimiento industrial - Loeches (H/M/D),28.000 € - 30.000 €,Sin Data,Indefinido,Jornada Completa,Sin Data,Michael Page,Sin Data
2026-09-27,Trabajoscom,Córdoba,Marbella,Responsable de Contabilidad y Fiscalidad / Family Office,40.000 €,Sin Data,Indefinido,Jornada Completa,Sin Data,Michael Page,Sin Data
2026-09-27,Trabajoscom,Barcelona,Badalona,Data Engineer - Badalona,37.000 € - 40.000 €,Sin Data,Indefinido,Jornada Completa,Sin Data,Michael Page,Sin Data
2026-09-27,Trabajoscom,Valencia,Valencia,Técnico/a SAT internacional,30.000 € - 35.000 €,Sin Data,Indefinido,Jornada Completa,Sin Data,Michael Page,Sin Data
2026-09-27,Trabajoscom,Madrid,Tres Cantos,Abogado/a Corporate /Protección de datos - Empresa,30.000 € - 36.000 €,Sin Data,Indefinido,Jornada Completa,Sin Data,Michael Page,Sin Data
2026-09-27,Trabajoscom,Barcelona,Barcelona,Consultor/a comercial B2B - Formación Empresarial - Digital,30.000 € - 35.000 €,Sin Data,Indefinido,Jornada Completa,Sin Data,Michael Page,Sin Data
2026-09-27,Trabajoscom,Valencia,Valencia,Coordinador/a de Almacén y Operaciones de Planta,35.000 € - 45.000 €,Sin Data,Indefinido,Jornada Completa,Sin Data,Michael Page,Sin Data
2026-09-27,Trabajoscom,Barcelona,Barcelona,Planner de mantenimiento industrial - Llinars del Vallés,40.000 € - 45.000 €,Sin Data,Indefinido,Jornada Completa,Sin Data,Michael Page,Sin Data
2026-09-27,Trabajoscom,Alicante,Alicante,Responsable de Transporte,31.500 € - 38.500 €,Sin Data,Indefinido,Jornada Completa,Sin Data,Michael Page,Sin Data
2026-09-27,Trabajoscom,Valladolid,Valladolid,"Técnico/a de Medio Ambiente, Sostenibilidad y Calidad",29.000 € - 32.000 €,Sin Data,Indefinido,Jornada Completa,Sin Data,Michael Page,Sin Data
2026-09-27,Trabajoscom,Madrid,Madrid,QUALITY ASSURANCE AND SUSTAINABILITY SPECIALIST,32.000 € - 35.000 €,Sin Data,Indefinido,Jornada Completa,Sin Data,Michael Page,Sin Data
2026-09-27,Trabajoscom,Madrid,Madrid,PA & Office Assistant,32.000 € - 35.000 €,Sin Data,Indefinido,Jornada Completa,Sin Data,Michael Page,Sin Data
2026-09-27,Trabajoscom,Madrid,Madrid,Técnico de nóminas Senior | Sector Seguros,30.000 € - 33.000 €,Sin Data,Indefinido,Jornada Completa,Sin Data,Michael Page,Sin Data
2026-09-27,Trabajoscom,Madrid,Madrid,Automotive Warranty Specialist,35.000 € - 44.000 €,Sin Data,Indefinido,Jornada Completa,Sin Data,Michael Page,Sin Data
2026-09-27,Trabajoscom,Valencia,Valencia,Técnico/a de Instalaciones y Montaje,24.000 € - 30.000 €,Sin Data,Indefinido,Jornada Completa,Sin Data,Michael Page,Sin Data
2026-09-27,Trabajoscom,Madrid,San Fernando De Henares,Product manager sector cosmética - Torrejón de Ardoz,35.000 € - 36.000 €,Sin Data,Indefinido,Jornada Completa,Sin Data,Michael Page,Sin Data
2026-09-27,Trabajoscom,Madrid,Madrid,Ingeniero de Ciberseguridad - Especialista WAF / WAAP,40.000 € - 45.000 €,Sin Data,Indefinido,Jornada Completa,Sin Data,Michael Page,Sin Data
2026-09-27,Trabajoscom,A Coruña,A Coruña,Controller de Dirección,27.900 € - 34.100 €,Sin Data,Indefinido,Jornada Completa,Sin Data,Michael Page,Sin Data
2026-09-27,Trabajoscom,A Coruña,A Coruña,Controller Casinos (con movilidad internacional),36.000 € - 44.000 €,Sin Data,Indefinido,Jornada Completa,Sin Data,Michael Page,Sin Data
2026-09-27,Trabajoscom,Bizkaia,Bilbao,Administrativo Comercial (h/m),25 € - 26 €,Sin Data,Indefinido,Jornada Completa,Sin Data,Michael Page,Sin Data
2026-09-27,Trabajoscom,Valencia,Valencia,Arquitecto/a Técnico/a - Valencia,40.000 € - 45.000 €,Sin Data,Indefinido,Jornada Completa,Sin Data,Michael Page,Sin Data
2026-09-27,Trabajoscom,Barcelona,Badalona,Técnico/a de Seguros Empresas (Back Office),30.000 € - 35.000 €,Sin Data,Indefinido,Jornada Completa,Sin Data,Michael Page,Sin Data
2026-09-27,Trabajoscom,Zaragoza,Zaragoza,Técnico/a de Sistemas y Automatización,20.000 € - 40.000 €,Sin Data,Indefinido,Jornada Completa,Sin Data,Michael Page,Sin Data
2026-09-27,Trabajoscom,Madrid,Madrid,Administrativo de Logística y Operaciones - Inglés alto,30.000 €,Sin Data,Indefinido,Jornada Completa,Sin Data,Michael Page,Sin Data
2026-09-27,Trabajoscom,Valencia,Valencia,Técnico/a de producción,23.000 € - 25.000 €,Sin Data,Indefinido,Jornada Completa,Sin Data,Michael Page,Sin Data
2026-09-27,Trabajoscom,Barcelona,Barcelona,"Customer Service con idiomas inglés + (IT, ALEM o FRA)",34.000 € - 37.000 €,Sin Data,Indefinido,Jornada Completa,Sin Data,Michael Page,Sin Data
2026-09-27,Trabajoscom, Gipuzkoa, Gipuzkoa,Técnico/a SAT - Bajo Deba (Gipuzkoa),35.000 € - 40.000 €,Sin Data,Indefinido,Jornada Completa,Sin Data,Michael Page,Sin Data
2026-09-27,Trabajoscom,Madrid,Madrid,Programador PLC,37.000 € - 42.000 €,Sin Data,Indefinido,Jornada Completa,Sin Data,Michael Page,Sin Data
2026-09-27,Trabajoscom,Guadalajara,Guadalajara,Técnico/a Mantenimiento Almacenes Automatizados Guadalajara,28.000 € - 36.000 €,Sin Data,Indefinido,Jornada Completa,Sin Data,Michael Page,Sin Data
2026-09-27,Trabajoscom,Barcelona,Barcelona,Encargado producción - Barcelona,40.000 € - 45.000 €,Sin Data,Indefinido,Jornada Completa,Sin Data,Michael Page,Sin Data
2026-09-27,Trabajoscom,Barcelona,Barcelona,Account Manager - Sector Stands,35.000 € - 40.000 €,Sin Data,Indefinido,Jornada Completa,Sin Data,Michael Page,Sin Data
2026-09-27,Trabajoscom,Barcelona,Mataro,Coordinador/a de Producción,42.000 € - 45.000 €,Sin Data,Indefinido,Jornada Completa,Sin Data,Michael Page,Sin Data
2026-09-27,Trabajoscom,Lugo,Lugo,Abogado/a de empresa - derecho administrativo (Lugo),36.000 € - 44.000 €,Sin Data,Indefinido,Jornada Completa,Sin Data,Michael Page,Sin Data
2026-09-27,Trabajoscom,Salamanca,Espadaña,Ingeniero/a de Proyectos (Revit MEP) - Aguas / Hidráulica,35.000 € - 40.000 €,Sin Data,Indefinido,Jornada Completa,Sin Data,Michael Page,Sin Data
2026-09-27,Trabajoscom,Baleares,Palma De Mallorca,Desarrollador PLSQL/JAVA (Presencial Mallorca),32.000 €,Sin Data,Indefinido,Jornada Completa,Sin Data,Michael Page,Sin Data
2026-09-27,Trabajoscom,Valencia,Valencia,Prácticas / Beca selección de personal - ¡Únete a Michael Page!,6.000 € - 7.000 €,Sin Data,Indefinido,Jornada Completa,Sin Data,Michael Page,Sin Data
2026-09-27,Trabajoscom,Barcelona,Barcelona,Controller Gestión - Barcelona ciudad,32.000 € - 35.000 €,Sin Data,Indefinido,Jornada Completa,Sin Data,Michael Page,Sin Data
2026-09-27,Trabajoscom,Madrid,Madrid,Accounts Payable with English,32.000 € - 35.000 €,Sin Data,Indefinido,Jornada Completa,Sin Data,Michael Page,Sin Data
2026-09-27,Trabajoscom,Valladolid,Valladolid,Técnico/a de Mantenimiento Electromecánico,28.000 € - 32.000 €,Sin Data,Indefinido,Jornada Completa,Sin Data,Michael Page,Sin Data
2026-09-27,Trabajoscom,Barcelona,Barcelona,Contable General Senior en Barcelona ciudad,40.000 € - 42.000 €,Sin Data,Indefinido,Jornada Completa,Sin Data,Michael Page,Sin Data
2026-09-27,Trabajoscom,Barcelona,Barcelona,Senior Accountant with English - Barcelona,35.000 € - 40.000 €,Sin Data,Indefinido,Jornada Completa,Sin Data,Michael Page,Sin Data
2026-09-27,Trabajoscom,Barcelona,Barcelona,Asesor Contable Fiscal Senior - Despacho,35.000 € - 37.000 €,Sin Data,Indefinido,Jornada Completa,Sin Data,Michael Page,Sin Data
2026-09-27,Trabajoscom,Madrid,Pinto,Técnico electrohidráulico Pinto,27.000 € - 33.000 €,Sin Data,Indefinido,Jornada Completa,Sin Data,Michael Page,Sin Data
2026-09-27,Trabajoscom,Barcelona,Barcelona,"Area Sales Manager (Ing. Materiales, Física-Óptica, Fotónica)",40.000 € - 45.000 €,Sin Data,Indefinido,Jornada Completa,Sin Data,Michael Page,Sin Data
2026-09-27,Trabajoscom,Salamanca,Espadaña,Especialista de Homologación de Software/Hardware Workplace,25.000 €,Sin Data,Indefinido,Jornada Completa,Sin Data,Michael Page,Sin Data
2026-09-27,Trabajoscom, La Rioja, La Rioja,Enologo,40.000 € - 44.000 €,Sin Data,Indefinido,Jornada Completa,Sin Data,Michael Page,Sin Data
2026-09-27,Trabajoscom,Burgos,Miranda De Ebro,Ingeniero/a Mecanico o Industrial,40.000 € - 45.000 €,Sin Data,Indefinido,Jornada Completa,Sin Data,Michael Page,Sin Data
2026-09-27,Trabajoscom,Madrid,Madrid,Tramitador/a de Seguros de Autos con discapacidad,24.300 € - 27.000 €,Sin Data,Indefinido,Jornada Completa,Sin Data,Michael Page,Sin Data
2026-09-27,Trabajoscom,Barcelona,Barcelona,Técnico Nivel 2 (N2) - Workplace Support,20.000 € - 24.000 €,Sin Data,Indefinido,Jornada Completa,Sin Data,Michael Page,Sin Data
2026-09-27,Trabajoscom,Madrid,Madrid,Técnico Comercial - Seguridad alimentaria y bioseguridad,28.000 € - 29.000 €,Sin Data,Indefinido,Jornada Completa,Sin Data,Michael Page,Sin Data
2026-09-27,Trabajoscom,Valencia,Valencia,Asesor/a Fiscal  - Valencia,30.000 € - 35.000 €,Sin Data,Indefinido,Jornada Completa,Sin Data,Michael Page,Sin Data
2026-09-27,Trabajoscom,Madrid,Madrid,Ingeniero mantenimiento sistemas satelitales (H/M/D),40.000 € - 45.000 €,Sin Data,Indefinido,Jornada Completa,Sin Data,Michael Page,Sin Data
2026-09-27,Trabajoscom,Araba,Vitoria-Gasteiz,Técnico/a Administrativo SAT con Francés,23.000 € - 25.000 €,Sin Data,Indefinido,Jornada Completa,Sin Data,Michael Page,Sin Data
2026-09-27,Trabajoscom,Madrid,Madrid,KAM  -Sector Formación -,40.000 € - 45.000 €,Sin Data,Indefinido,Jornada Completa,Sin Data,Michael Page,Sin Data
2026-09-27,Trabajoscom,Sevilla,Sevilla,Técnico/a de Supply Chain Internacional - Sevilla,25.000 € - 30.000 €,Sin Data,Indefinido,Jornada Completa,Sin Data,Michael Page,Sin Data
2026-09-27,Trabajoscom,Zaragoza,Zaragoza,Operational Buyer,35.000 € - 42.000 €,Sin Data,Indefinido,Jornada Completa,Sin Data,Michael Page,Sin Data
2026-09-27,Trabajoscom,Barcelona,Barcelona,Programador/a de Robot - El Garraf,30.000 € - 43.000 €,Sin Data,Indefinido,Jornada Completa,Sin Data,Michael Page,Sin Data
2026-09-27,Trabajoscom,Sevilla,Sevilla,Responsable de Expansión - Seguros,42.000 € - 43.000 €,Sin Data,Indefinido,Jornada Completa,Sin Data,Michael Page,Sin Data
2026-09-27,Trabajoscom,Madrid,Madrid,Jefe/a de Proyecto de Instalaciones - Edificación,35.000 € - 45.000 €,Sin Data,Indefinido,Jornada Completa,Sin Data,Michael Page,Sin Data
2026-09-27,Trabajoscom,Madrid,Madrid,Project Manager Instalaciones - edificación,35.000 € - 45.000 €,Sin Data,Indefinido,Jornada Completa,Sin Data,Michael Page,Sin Data
2026-09-27,Trabajoscom,Valencia,Valencia,Programador PLC Senior - Automoción (h/m),40.000 € - 45.000 €,Sin Data,Indefinido,Jornada Completa,Sin Data,Michael Page,Sin Data
2026-09-27,Trabajoscom,Barcelona,Barcelona,Comercial  Carnes Premium Gourmet (Europa & Reino Unido),38.000 € - 40.000 €,Sin Data,Indefinido,Jornada Completa,Sin Data,Michael Page,Sin Data
2026-09-27,Trabajoscom,Madrid,Madrid,Junior HRBP | Entorno exigente,27.000 € - 30.000 €,Sin Data,Indefinido,Jornada Completa,Sin Data,Michael Page,Sin Data
2026-09-27,Trabajoscom,Madrid,Madrid,Project Manager Eléctrico - Data Centers,38.000 € - 45.000 €,Sin Data,Indefinido,Jornada Completa,Sin Data,Michael Page,Sin Data
2026-09-27,Trabajoscom,Madrid,Madrid,PM seguridad y control de accesos,30.000 €,Sin Data,Indefinido,Jornada Completa,Sin Data,Michael Page,Sin Data
2026-09-27,Trabajoscom,Valencia,Valencia,Técnico de personas - Alrededores de Gandía,25.000 € - 30.000 €,Sin Data,Indefinido,Jornada Completa,Sin Data,Michael Page,Sin Data
2026-09-27,Trabajoscom,Valencia,Valencia,Técnico/a de EDAR - Valencia,20.000 € - 35.000 €,Sin Data,Indefinido,Jornada Completa,Sin Data,Michael Page,Sin Data
2026-09-27,Trabajoscom,Madrid,Pozuelo De Alarcon,Administrativo contable en Pozuelo de Alarcón,25.000 €,Sin Data,Indefinido,Jornada Completa,Sin Data,Michael Page,Sin Data
2026-09-27,Trabajoscom,Alicante,Alicante,Asesor/a Fiscal - Alrededores de Altea,28.000 € - 35.000 €,Sin Data,Indefinido,Jornada Completa,Sin Data,Michael Page,Sin Data
2026-09-27,Trabajoscom,Barcelona,Barcelona,Comercial de maquinaria intralogística Bages/Osona,30.000 €,Sin Data,Indefinido,Jornada Completa,Sin Data,Michael Page,Sin Data
2026-09-27,Trabajoscom,Madrid,Madrid,Técnico/a de PRL - Obra (h/m/d),35.000 € - 40.000 €,Sin Data,Indefinido,Jornada Completa,Sin Data,Michael Page,Sin Data
2026-09-27,Trabajoscom,Las Palmas,Las Palmas De Gran Canaria,Técnico/a de Mantenimiento Electromecánico,23.500 € - 24.000 €,Sin Data,Indefinido,Jornada Completa,Sin Data,Michael Page,Sin Data
2026-09-27,Trabajoscom,Barcelona,Barcelona,Responsable Laboral - Despacho,35.000 € - 40.000 €,Sin Data,Indefinido,Jornada Completa,Sin Data,Michael Page,Sin Data
2026-09-27,Trabajoscom,Barcelona,Barcelona,Secretario/a de Dirección - Barcelona,30.000 € - 32.000 €,Sin Data,Indefinido,Jornada Completa,Sin Data,Michael Page,Sin Data
2026-09-27,Trabajoscom,Barcelona,Barcelona,Técnico Contable - Despacho,24.000 € - 26.000 €,Sin Data,Indefinido,Jornada Completa,Sin Data,Michael Page,Sin Data
2026-09-27,Trabajoscom,Barcelona,Barcelona,Back Office Técnico con SAGE - Barcelona,26.000 € - 30.000 €,Sin Data,Indefinido,Jornada Completa,Sin Data,Michael Page,Sin Data
2026-09-27,Trabajoscom,Madrid,Madrid,Responsable de Planta,40.000 € - 45.000 €,Sin Data,Indefinido,Jornada Completa,Sin Data,Michael Page,Sin Data
2026-09-27,Trabajoscom,Valencia,Valencia,Project Manager - Instalaciones Industriales,35.000 € - 36.000 €,Sin Data,Indefinido,Jornada Completa,Sin Data,Michael Page,Sin Data
2026-09-27,Trabajoscom,Bizkaia,Bilbao,Técnico Comercial - Conectores de fluidos,30.000 € - 45.000 €,Sin Data,Indefinido,Jornada Completa,Sin Data,Michael Page,Sin Data
2026-09-27,Trabajoscom,Madrid,Madrid,Coordinador equipo de mantenimiento electromecánico,30.000 € - 31.000 €,Sin Data,Indefinido,Jornada Completa,Sin Data,Michael Page,Sin Data
2026-09-27,Trabajoscom,Barcelona,Barcelona,Técnico/a SAT - Maquinaria Rotativa Industrial,35.000 € - 45.000 €,Sin Data,Indefinido,Jornada Completa,Sin Data,Michael Page,Sin Data
2026-09-27,Trabajoscom,Barcelona,Barcelona,Credit and Collections Analyst en Sant Celoni,33.000 € - 38.000 €,Sin Data,Indefinido,Jornada Completa,Sin Data,Michael Page,Sin Data
2026-09-27,Trabajoscom,Sevilla,Sevilla,Ejecutivo de cuentas - Correduría Seguros,30.000 € - 35.000 €,Sin Data,Indefinido,Jornada Completa,Sin Data,Michael Page,Sin Data
2026-09-27,Trabajoscom,La Rioja,Logroño,Técnico/a de Calidad - Logroño,30.000 € - 35.000 €,Sin Data,Indefinido,Jornada Completa,Sin Data,Michael Page,Sin Data
2026-09-27,Trabajoscom,Zaragoza,Zaragoza,Responsable logístico/a,28.000 € - 34.000 €,Sin Data,Indefinido,Jornada Completa,Sin Data,Michael Page,Sin Data
2026-09-27,Trabajoscom, Gipuzkoa, Gipuzkoa,Product Development and Industrialization Engineer,40.000 € - 45.000 €,Sin Data,Indefinido,Jornada Completa,Sin Data,Michael Page,Sin Data
2026-09-27,Trabajoscom,Madrid,Madrid,Editorial Content Manager & Graphic Designer,27.000 € - 33.000 €,Sin Data,Indefinido,Jornada Completa,Sin Data,Michael Page,Sin Data
2026-09-27,Trabajoscom,Madrid,Madrid,Abogado/a Junior Compliance - Banco Internacional,30.000 € - 40.000 €,Sin Data,Indefinido,Jornada Completa,Sin Data,Michael Page,Sin Data
2026-09-27,Trabajoscom,Madrid,Madrid,Cash to Accounting with English,33.000 € - 34.000 €,Sin Data,Indefinido,Jornada Completa,Sin Data,Michael Page,Sin Data
2026-09-27,Trabajoscom,Madrid,Madrid,Asesor Contable Fiscal Senior (H/M/D) - Madrid Centro,35.000 € - 45.000 €,Sin Data,Indefinido,Jornada Completa,Sin Data,Michael Page,Sin Data
2026-09-27,Trabajoscom,Madrid,Madrid,Ejecutivo/a de Cuentas de Líneas Financieras,30.000 € - 37.000 €,Sin Data,Indefinido,Jornada Completa,Sin Data,Michael Page,Sin Data
2026-09-27,Trabajoscom,Valencia,Valencia,PHP Freelance Developer (remoto Spain),40.000 € - 45.000 €,Sin Data,De duracion determinada,Jornada Completa,Sin Data,Michael Page,Sin Data
2026-09-27,Trabajoscom,Girona,Girona,Instalador/a Eléctrico Maquinaria Industrial- Girona,28.000 €,Sin Data,Indefinido,Jornada Completa,Sin Data,Michael Page,Sin Data
2026-09-27,Trabajoscom,Cáceres,Caceres,Jefe de Obra de Reformas - Cáceres,27.000 € - 33.000 €,Sin Data,Indefinido,Jornada Completa,Sin Data,Michael Page,Sin Data
2026-09-27,Trabajoscom,Girona,Girona,Cuadrista eléctrico maquinaria industrial - Girona,26.000 € - 28.000 €,Sin Data,Indefinido,Jornada Completa,Sin Data,Michael Page,Sin Data
2026-09-27,Trabajoscom,A Coruña,Ferrol,Ingeniero/a Diseño - Oficina Técnica (Ferrolterra),34.000 € - 40.000 €,Sin Data,Indefinido,Jornada Completa,Sin Data,Michael Page,Sin Data
2026-09-27,Trabajoscom,Madrid,Madrid,Asesor/a Comercial Formación,22.000 €,Sin Data,Indefinido,Jornada Completa,Sin Data,Michael Page,Sin Data
2026-09-27,Trabajoscom,Madrid,Madrid,Project Manager junior industria,30.000 € - 33.000 €,Sin Data,Indefinido,Jornada Completa,Sin Data,Michael Page,Sin Data
2026-09-27,Trabajoscom,Salamanca,Espadaña,Blue Prism Developer (Tech Solutions),25.000 € - 40.000 €,Sin Data,Indefinido,Jornada Completa,Sin Data,Michael Page,Sin Data
2026-09-27,Trabajoscom,Barcelona,Barcelona,Fullstack Developer Junior,25.000 € - 35.000 €,Sin Data,Indefinido,Jornada Completa,Sin Data,Michael Page,Sin Data
2026-09-27,Trabajoscom,Barcelona,Barcelona,Técnico de Mantenimiento electromecánico - Turno de tarde,35.000 € - 45.000 €,Sin Data,Indefinido,Jornada Completa,Sin Data,Michael Page,Sin Data
2026-09-27,Trabajoscom,Barcelona,Barcelona,Field Service Engineer,35.000 € - 38.000 €,Sin Data,Indefinido,Jornada Completa,Sin Data,Michael Page,Sin Data
2026-09-27,Trabajoscom,Madrid,Madrid,Contable Senior,35.000 € - 37.000 €,Sin Data,Indefinido,Jornada Completa,Sin Data,Michael Page,Sin Data
2026-09-27,Trabajoscom,Valencia,Valencia,Técnico/a de Postventa Obra Singular Valencia,30.000 € - 35.000 €,Sin Data,Indefinido,Jornada Completa,Sin Data,Michael Page,Sin Data
2026-09-27,Trabajoscom,Barcelona,Barcelona,Maquinista sector papel - Penedès,30.000 € - 31.000 €,Sin Data,Indefinido,Jornada Completa,Sin Data,Michael Page,Sin Data
2026-09-27,Trabajoscom,Alicante,Alicante,Técnico/a de Mantenimiento Eléctrico,25.000 € - 30.000 €,Sin Data,Indefinido,Jornada Completa,Sin Data,Michael Page,Sin Data
2026-09-27,Trabajoscom,Valencia,Valencia,PHP Freelance Developer (remoto Spain),40.000 € - 45.000 €,Sin Data,De duracion determinada,Jornada Completa,Sin Data,Michael Page,Sin Data
2026-09-27,Trabajoscom,Girona,Girona,Instalador/a Eléctrico Maquinaria Industrial- Girona,28.000 €,Sin Data,Indefinido,Jornada Completa,Sin Data,Michael Page,Sin Data
2026-09-27,Trabajoscom,Girona,Girona,Cuadrista eléctrico maquinaria industrial - Girona,26.000 € - 28.000 €,Sin Data,Indefinido,Jornada Completa,Sin Data,Michael Page,Sin Data
2026-09-27,Trabajoscom,Cáceres,Caceres,Jefe de Obra de Reformas - Cáceres,27.000 € - 33.000 €,Sin Data,Indefinido,Jornada Completa,Sin Data,Michael Page,Sin Data
2026-09-27,Trabajoscom,A Coruña,Ferrol,Ingeniero/a Diseño - Oficina Técnica (Ferrolterra),34.000 € - 40.000 €,Sin Data,Indefinido,Jornada Completa,Sin Data,Michael Page,Sin Data
2026-09-27,Trabajoscom,Madrid,Madrid,Asesor/a Comercial Formación,22.000 €,Sin Data,Indefinido,Jornada Completa,Sin Data,Michael Page,Sin Data
2026-09-27,Trabajoscom,Madrid,Madrid,Project Manager junior industria,30.000 € - 33.000 €,Sin Data,Indefinido,Jornada Completa,Sin Data,Michael Page,Sin Data
2026-09-27,Trabajoscom,Salamanca,Espadaña,Blue Prism Developer (Tech Solutions),25.000 € - 40.000 €,Sin Data,Indefinido,Jornada Completa,Sin Data,Michael Page,Sin Data
2026-09-27,Trabajoscom,Barcelona,Barcelona,Comercial - Hospitality & Wellness,25.000 € - 35.000 €,Sin Data,Indefinido,Jornada Completa,Sin Data,Michael Page,Sin Data
2026-09-27,Trabajoscom,Barcelona,Barcelona,HR Generalist con Inglés (Vallès Oriental),35.000 € - 40.000 €,Sin Data,Indefinido,Jornada Completa,Sin Data,Michael Page,Sin Data
2026-09-27,Trabajoscom,Barcelona,Barcelona,Contable Senior - Barcelona,35.000 € - 40.000 €,Sin Data,Indefinido,Jornada Completa,Sin Data,Michael Page,Sin Data
2026-09-27,Trabajoscom,Barcelona,Barcelona,Office Manager con inglés B2/C1-STARTUP  en Bcn,28.000 € - 40.000 €,Sin Data,Indefinido,Jornada Completa,Sin Data,Michael Page,Sin Data
2026-09-27,Trabajoscom,Barcelona,Barcelona,Técnico contable-Valles Oriental,30.000 € - 35.000 €,Sin Data,Indefinido,Jornada Completa,Sin Data,Michael Page,Sin Data
2026-09-27,Trabajoscom,Zaragoza,Zaragoza,Delineante proyectos instalaciones,22.500 € - 27.500 €,Sin Data,Indefinido,Jornada Completa,Sin Data,Michael Page,Sin Data
2026-09-27,Trabajoscom,Barcelona,Barcelona,Office Assistant con Inglés B2/C1 - Multinacional Barcelona,21.000 € - 26.000 €,Sin Data,Indefinido,Jornada Completa,Sin Data,Michael Page,Sin Data
2026-09-27,Trabajoscom,Valencia,Valencia,Export Sales - Retail,35.000 € - 40.000 €,Sin Data,Indefinido,Jornada Completa,Sin Data,Michael Page,Sin Data
2026-09-27,Trabajoscom,Madrid,Madrid,Técnico de estudios - Obra nueva y rehabilitación (h/m),35.000 € - 42.000 €,Sin Data,Indefinido,Jornada Completa,Sin Data,Michael Page,Sin Data
2026-09-27,Trabajoscom,Madrid,Madrid,Accounts Receivable & Invoicing Analyst (H/M/D) - Madrid Centro,30.000 € - 35.000 €,Sin Data,Indefinido,Jornada Completa,Sin Data,Michael Page,Sin Data
2026-09-27,Trabajoscom,Barcelona,Barcelona,Tax Analyst,32.000 € - 35.000 €,Sin Data,Indefinido,Jornada Completa,Sin Data,Michael Page,Sin Data
2026-09-27,Trabajoscom,Valencia,Valencia,Técnico de PRL Constructora Valencia / Ontinyent,38.000 € - 40.000 €,Sin Data,Indefinido,Jornada Completa,Sin Data,Michael Page,Sin Data
2026-09-27,Trabajoscom,Cantabria,Vizcaya,Responsable de Calidad - Bizkaia - Sector Industrial,36.000 € - 44.000 €,Sin Data,Indefinido,Jornada Completa,Sin Data,Michael Page,Sin Data
2026-09-27,Trabajoscom,Zaragoza,Zaragoza,Visitador/a farmacia- Aragón,30.000 € - 31.000 €,Sin Data,Indefinido,Jornada Completa,Sin Data,Michael Page,Sin Data
2026-09-27,Trabajoscom, Cantabria, Cantabria,Responsable Delegación Sociosanitario (H/M) Gran Canaria,36.000 €,Sin Data,Indefinido,Jornada Completa,Sin Data,Michael Page,Sin Data
2026-09-27,Trabajoscom,Barcelona,Barcelona,HR Generalist - Barcelona ciudad.,30.000 € - 35.000 €,Sin Data,Indefinido,Jornada Completa,Sin Data,Michael Page,Sin Data
2026-09-27,Trabajoscom,Ourense,Ourense,HRBP (Ourense),35.000 € - 38.000 €,Sin Data,Indefinido,Jornada Completa,Sin Data,Michael Page,Sin Data
2026-09-27,Trabajoscom,Barcelona,Barcelona,Operario/a de Descarga de Buques - Puerto de Barcelona,30.000 € - 35.000 €,Sin Data,Indefinido,Jornada Completa,Sin Data,Michael Page,Sin Data
2026-09-27,Trabajoscom,Valencia,Valencia,Comercial Software B2B,22.500 € - 30.000 €,Sin Data,Indefinido,Jornada Completa,Sin Data,Michael Page,Sin Data
2026-09-27,Trabajoscom,Valencia,Valencia,Sales Manager - inglés muy alto,30.000 € - 40.000 €,Sin Data,Indefinido,Jornada Completa,Sin Data,Michael Page,Sin Data
2026-09-27,Trabajoscom,Navarra,Tudela,Comercial B2B Automoción (Empresas y Flotas),22.500 € - 23.500 €,Sin Data,Indefinido,Jornada Completa,Sin Data,Michael Page,Sin Data
2026-09-27,Trabajoscom, Sevilla, Sevilla,Consultor/a Zona Sur,18.000 € - 22.000 €,Sin Data,Indefinido,Jornada Completa,Sin Data,Michael Page,Sin Data
2026-09-27,Trabajoscom,Barcelona,Barcelona,Jefe de turno - Industria Producción Continua,35.000 € - 45.000 €,Sin Data,Indefinido,Jornada Completa,Sin Data,Michael Page,Sin Data
2026-09-27,Trabajoscom,Barcelona,Sant Cugat Del Valles,Desarrollador Business Central,36.000 € - 44.000 €,Sin Data,Indefinido,Jornada Completa,Sin Data,Michael Page,Sin Data
2026-09-27,Trabajoscom,Valencia,Valencia,Project Manager - Sector fotovoltaico,37.000 € - 38.000 €,Sin Data,Indefinido,Jornada Completa,Sin Data,Michael Page,Sin Data
2026-09-27,Trabajoscom,Zaragoza,Zaragoza,Visitador/a farmacia- Aragón,30.000 € - 31.000 €,Sin Data,Indefinido,Jornada Completa,Sin Data,Michael Page,Sin Data
2026-09-27,Trabajoscom, Cantabria, Cantabria,Responsable Delegación Sociosanitario (H/M) Gran Canaria,36.000 €,Sin Data,Indefinido,Jornada Completa,Sin Data,Michael Page,Sin Data
2026-09-27,Trabajoscom,Barcelona,Barcelona,HR Generalist - Barcelona ciudad.,30.000 € - 35.000 €,Sin Data,Indefinido,Jornada Completa,Sin Data,Michael Page,Sin Data
2026-09-27,Trabajoscom,Ourense,Ourense,HRBP (Ourense),35.000 € - 38.000 €,Sin Data,Indefinido,Jornada Completa,Sin Data,Michael Page,Sin Data
2026-09-27,Trabajoscom,Barcelona,Barcelona,Operario/a de Descarga de Buques - Puerto de Barcelona,30.000 € - 35.000 €,Sin Data,Indefinido,Jornada Completa,Sin Data,Michael Page,Sin Data
2026-09-27,Trabajoscom,Valencia,Valencia,Comercial Software B2B,22.500 € - 30.000 €,Sin Data,Indefinido,Jornada Completa,Sin Data,Michael Page,Sin Data
2026-09-27,Trabajoscom,Valencia,Valencia,Sales Manager - inglés muy alto,30.000 € - 40.000 €,Sin Data,Indefinido,Jornada Completa,Sin Data,Michael Page,Sin Data
2026-09-27,Trabajoscom,Navarra,Tudela,Comercial B2B Automoción (Empresas y Flotas),22.500 € - 23.500 €,Sin Data,Indefinido,Jornada Completa,Sin Data,Michael Page,Sin Data
2026-09-27,Trabajoscom, Sevilla, Sevilla,Consultor/a Zona Sur,18.000 € - 22.000 €,Sin Data,Indefinido,Jornada Completa,Sin Data,Michael Page,Sin Data
2026-09-27,Trabajoscom,Barcelona,Barcelona,Jefe de turno - Industria Producción Continua,35.000 € - 45.000 €,Sin Data,Indefinido,Jornada Completa,Sin Data,Michael Page,Sin Data
2026-09-27,Trabajoscom,Barcelona,Sant Cugat Del Valles,Desarrollador Business Central,36.000 € - 44.000 €,Sin Data,Indefinido,Jornada Completa,Sin Data,Michael Page,Sin Data
2026-09-27,Trabajoscom,Zaragoza,Zaragoza,Topógrafo,31.500 € - 38.500 €,Sin Data,Indefinido,Jornada Completa,Sin Data,Michael Page,Sin Data
2026-09-27,Trabajoscom,A Coruña,A Coruña,Comercial Software B2B - A Coruña,22.000 € - 27.500 €,Sin Data,Indefinido,Jornada Completa,Sin Data,Michael Page,Sin Data
2026-09-27,Trabajoscom,Madrid,Madrid,"Técnico Soporte Provisión 3G, 4G, 5G - 100% remoto",25.000 € - 30.000 €,Sin Data,Indefinido,Jornada Completa,Sin Data,Michael Page,Sin Data
2026-09-27,Trabajoscom,Girona,Girona,Comercial B2B SaaS Sector Admin de Fincas - GIRONA,45.000 €,Sin Data,Indefinido,Jornada Completa,Sin Data,Michael Page,Sin Data
2026-09-27,Trabajoscom,Zaragoza,Zaragoza,TÉCNICO/A MANTENIMIENTO MÁQUINAS,27.000 € - 33.000 €,Sin Data,Indefinido,Jornada Completa,Sin Data,Michael Page,Sin Data
2026-09-27,Trabajoscom,León,Leon,Comercial Seguros Empresas - León,24.000 € - 28.000 €,Sin Data,Indefinido,Jornada Completa,Sin Data,Michael Page,Sin Data
2026-09-27,Trabajoscom,Barcelona,Barcelona,Product Specialist (Tecnología Industrial | Vallés Occidental),30.000 € - 45.000 €,Sin Data,Indefinido,Jornada Completa,Sin Data,Michael Page,Sin Data
2026-09-27,Trabajoscom,Valladolid,Valladolid,Técnico/a de Mantenimiento,26.000 € - 32.000 €,Sin Data,Indefinido,Jornada Completa,Sin Data,Michael Page,Sin Data
2026-09-27,Trabajoscom,Zaragoza,Zaragoza,TÉCNICO/A MANTENIMIENTO INSTALACIONES,27.000 € - 33.000 €,Sin Data,Indefinido,Jornada Completa,Sin Data,Michael Page,Sin Data
2026-09-27,Trabajoscom,A Coruña,A Coruña,Ingeniero/a de Compras  - A Coruña,35.000 € - 40.000 €,Sin Data,Indefinido,Jornada Completa,Sin Data,Michael Page,Sin Data
2026-09-27,Trabajoscom,Zaragoza,Zaragoza,Responsable calidad y prl,36.000 € - 44.000 €,Sin Data,Indefinido,Jornada Completa,Sin Data,Michael Page,Sin Data
2026-09-27,Trabajoscom,Cantabria,Vizcaya,Técnico/a Comercial Postventa de Herramientas,30.000 € - 35.000 €,Sin Data,Indefinido,Jornada Completa,Sin Data,Michael Page,Sin Data
2026-09-27,Trabajoscom,Madrid,Madrid,HEAD OF OPERATIONS,150 €,Sin Data,Indefinido,Jornada Completa,Sin Data,Michael Page,Sin Data
2026-09-27,Trabajoscom,Barcelona,Barcelona,Veterinario/a - Calidad y Seguridad Alimentaria,32.000 € - 35.000 €,Sin Data,Indefinido,Jornada Completa,Sin Data,Michael Page,Sin Data
2026-09-27,Trabajoscom,Barcelona,Barcelona,Ingeniero junior automatización y proyectos - sensórica,30.000 € - 32.000 €,Sin Data,Indefinido,Jornada Completa,Sin Data,Michael Page,Sin Data
2026-09-27,Trabajoscom,Barcelona,Barcelona,Ingeniero/a de Fotónica - I+D,37.000 € - 45.000 €,Sin Data,Indefinido,Jornada Completa,Sin Data,Michael Page,Sin Data
2026-09-27,Trabajoscom,Madrid,Madrid,Contable Senior con SAP,35.000 € - 40.000 €,Sin Data,Indefinido,Jornada Completa,Sin Data,Michael Page,Sin Data
2026-09-27,Trabajoscom,Barcelona,Barcelona,Responsable de Servicio/Proyecto con Inglés,30.000 € - 31.000 €,Sin Data,Indefinido,Jornada Completa,Sin Data,Michael Page,Sin Data
2026-09-27,Trabajoscom,Barcelona,Barcelona,Tax Analyst,32.000 € - 35.000 €,Sin Data,Indefinido,Jornada Completa,Sin Data,Michael Page,Sin Data
2026-09-27,Trabajoscom,Valencia,Valencia,Técnico de PRL Constructora Valencia / Ontinyent,38.000 € - 40.000 €,Sin Data,Indefinido,Jornada Completa,Sin Data,Michael Page,Sin Data
2026-09-27,Trabajoscom,Cantabria,Vizcaya,Responsable de Calidad - Bizkaia - Sector Industrial,36.000 € - 44.000 €,Sin Data,Indefinido,Jornada Completa,Sin Data,Michael Page,Sin Data
2026-09-27,Trabajoscom,Madrid,Madrid,Contable Junior para multinacional energética. 6 meses,20.700 € - 23.000 €,Sin Data,De duracion determinada,Jornada Completa,Sin Data,Michael Page,Sin Data
2026-09-27,Trabajoscom,Madrid,Madrid,Asesor/a Comercial Educación,21.910 €,Sin Data,Indefinido,Jornada Completa,Sin Data,Michael Page,Sin Data
2026-09-27,Trabajoscom,Barcelona,Barcelona,Técnico Comercial Noreste España - Industria Papelera,35.000 € - 40.000 €,Sin Data,Indefinido,Jornada Completa,Sin Data,Michael Page,Sin Data
2026-09-27,Trabajoscom, Sevilla, Sevilla,Ingeniero/a  de Compras - Sector Industrial,36.000 € - 44.000 €,Sin Data,Indefinido,Jornada Completa,Sin Data,Michael Page,Sin Data
2026-09-27,Trabajoscom,Valencia,Valencia,Project Manager - Sector fotovoltaico,37.000 € - 38.000 €,Sin Data,Indefinido,Jornada Completa,Sin Data,Michael Page,Sin Data
2026-09-27,Trabajoscom,Barcelona,Barcelona,Responsable Turno Vallés Oriental,44.000 € - 45.000 €,Sin Data,Indefinido,Jornada Completa,Sin Data,Michael Page,Sin Data
2026-09-27,Trabajoscom,Barcelona,Barcelona,Técnico/a Regulatory (Empresa Oleoquímica),40.000 € - 45.000 €,Sin Data,Indefinido,Jornada Completa,Sin Data,Michael Page,Sin Data
2026-09-27,Trabajoscom,Alicante,Alicante,Responsable Comercial- Sector Packaging,40.000 € - 41.000 €,Sin Data,Indefinido,Jornada Completa,Sin Data,Michael Page,Sin Data
2026-09-27,Trabajoscom, Baleares, Baleares,Ingeniero/a Comercial Baleares,40.000 € - 45.000 €,Sin Data,Indefinido,Jornada Completa,Sin Data,Michael Page,Sin Data
2026-09-27,Trabajoscom,Valencia,Valencia,Jefe de producción - Edificación,40.000 € - 45.000 €,Sin Data,Indefinido,Jornada Completa,Sin Data,Michael Page,Sin Data
2026-09-27,Trabajoscom,Zaragoza,Zaragoza,Técnico/a de Compras,24.000 € - 30.000 €,Sin Data,Indefinido,Jornada Completa,Sin Data,Michael Page,Sin Data
2026-09-27,Trabajoscom,Barcelona,Barcelona,Demand and Supply Planner (S&OP Lead),40.000 € - 45.000 €,Sin Data,Indefinido,Jornada Completa,Sin Data,Michael Page,Sin Data
2026-09-27,Trabajoscom,Barcelona,Barcelona,Técnico laboral - Nóminas.,35.000 € - 45.000 €,Sin Data,Indefinido,Jornada Completa,Sin Data,Michael Page,Sin Data
2026-09-27,Trabajoscom,Madrid,Madrid,Técnico de Compras - Industria Alimentaria,40.000 € - 45.000 €,Sin Data,Indefinido,Jornada Completa,Sin Data,Michael Page,Sin Data
2026-09-27,Trabajoscom,Barcelona,Barcelona,Responsable de Compras (Vàlles Oriental - Alimentación),45.000 €,Sin Data,Indefinido,Jornada Completa,Sin Data,Michael Page,Sin Data
2026-09-27,Trabajoscom,Girona,Girona,"F&B Manager - Hotel 5* - Costa Brava, Gerona",40.000 € - 41.000 €,Sin Data,Indefinido,Jornada Completa,Sin Data,Michael Page,Sin Data
2026-09-27,Trabajoscom, A Coruña, A Coruña,Jefe/a de Taller (A Coruña) - Reparación Naval,30.000 € - 45.000 €,Sin Data,Indefinido,Jornada Completa,Sin Data,Michael Page,Sin Data
2026-09-27,Trabajoscom, Granada, Granada,Contable Senior/ Responsable Administración.,27.000 € - 33.000 €,Sin Data,Indefinido,Jornada Completa,Sin Data,Michael Page,Sin Data
2026-09-27,Trabajoscom, Huelva, Huelva,Ingeniero/a Técnico/a Agrícola - Lepe,31.500 € - 38.500 €,Sin Data,Indefinido,Jornada Completa,Sin Data,Michael Page,Sin Data
2026-09-27,Trabajoscom, Huelva, Huelva,Controller de Costes de Personal,27.000 € - 33.000 €,Sin Data,Indefinido,Jornada Completa,Sin Data,Michael Page,Sin Data
2026-09-27,Trabajoscom, Málaga, Málaga,Ingeniero de Procesos,31.500 € - 38.500 €,Sin Data,Indefinido,Jornada Completa,Sin Data,Michael Page,Sin Data
2026-09-27,Trabajoscom, Zaragoza, Zaragoza,Técnico/a de Campo - Ejea de los Caballeros,25.000 € - 35.000 €,Sin Data,Indefinido,Jornada Completa,Sin Data,Michael Page,Sin Data
2026-09-27,Trabajoscom, Ourense, Ourense,Coordinador/a de Proyectos y Soporte a Dirección (Ourense),30.000 € - 35.000 €,Sin Data,Indefinido,Jornada Completa,Sin Data,Michael Page,Sin Data
2026-09-27,Trabajoscom, Málaga, Málaga,Administrador/a de Sistemas - MÁLAGA,30.000 € - 40.000 €,Sin Data,Indefinido,Jornada Completa,Sin Data,Michael Page,Sin Data
2026-09-27,Trabajoscom, Granada, Granada,Electromecánico/a,18.000 € - 22.000 €,Sin Data,Indefinido,Jornada Completa,Sin Data,Crit Interim España ETT,Sin Data
2026-09-27,Trabajoscom, Palencia, Palencia,Encargado/a de supermercado,Sin Data,Sin Data,De duracion determinada,Media Jornada,Sin Data,Iman Temporing,Sin Data
2026-09-27,Trabajoscom, Murcia, Murcia,Soldador/a con hilo.,Sin Data,Sin Data,Indefinido,Jornada Completa,Sin Data,Crit Interim España ETT,Sin Data
2026-09-27,Trabajoscom, Barcelona, Barcelona,OPERARIA DE MANTENIMIENTO INDUSTRIAL,Sin Data,Sin Data,De duracion determinada,Jornada Completa,Sin Data,Iman Temporing,Sin Data
2026-09-27,Trabajoscom, Murcia, Murcia,Pintor/a - Las torres de Cotillas,Sin Data,Sin Data,Indefinido,Jornada Completa,Sin Data,Crit Interim España ETT,Sin Data
2026-09-27,Trabajoscom, Zaragoza, Zaragoza,Operario/a vidrio frio,Sin Data,Sin Data,De duracion determinada,Jornada Completa,Sin Data,Crit Interim España ETT,Sin Data
2026-09-27,Trabajoscom, Zaragoza, Zaragoza,Mozo/a de almacén Turno fijo de noche,Sin Data,Sin Data,De duracion determinada,Jornada Completa,Sin Data,Iman Temporing,Sin Data
2026-09-27,Trabajoscom, Sevilla, Sevilla,Electromecánico/a industrial,25.000 € - 27.000 €,Sin Data,Indefinido,Jornada Completa,Sin Data,Crit Interim España ETT,Sin Data
2026-09-27,Trabajoscom, Málaga, Málaga,Auxiliar de Enfermería,Sin Data,Sin Data,Indefinido,Jornada Completa,Sin Data,Crit Interim España ETT,Sin Data
2026-09-27,Trabajoscom, Toledo, Toledo,Carretillero/a Retráctil - Noblejas,20.000 € - 30.000 €,Sin Data,De duracion determinada,Jornada Completa,Sin Data,Crit Interim España ETT,Sin Data
2026-09-27,Trabajoscom, Toledo, Toledo,Carretillero/a retráctil (Talavera de la Reina),24.000 € - 25.000 €,Sin Data,De duracion determinada,Jornada Completa,Sin Data,Crit Interim España ETT,Sin Data
2026-09-27,Trabajoscom, Murcia, Murcia,Electromecánico/a,Sin Data,Sin Data,Indefinido,Jornada Completa,Sin Data,Crit Interim España ETT,Sin Data
2026-09-27,Trabajoscom, Badajoz, Badajoz,Mozo/a Carretillero/a - Turno de Tarde,Sin Data,Sin Data,Indefinido,Jornada Completa,Sin Data,Crit Interim España ETT,Sin Data
2026-09-27,Trabajoscom, Valencia, Valencia,Auxiliar de Geriatría,Sin Data,Sin Data,De duracion determinada,Jornada Completa,Sin Data,Crit Interim España ETT,Sin Data
2026-09-27,Trabajoscom, Sevilla, Sevilla,Operario/a fábrica de alimentación,Sin Data,Sin Data,De duracion determinada,Jornada Completa,Sin Data,Crit Interim España ETT,Sin Data
2026-09-27,Trabajoscom, Zaragoza, Zaragoza,Planchado Industrial (Sector Textil),Sin Data,Sin Data,De duracion determinada,Jornada Completa,Sin Data,Crit Interim España ETT,Sin Data
2026-09-27,Trabajoscom, Zaragoza, Zaragoza,Operario/a de Producción (Figueruelas),Sin Data,Sin Data,De duracion determinada,Jornada Completa,Sin Data,Crit Interim España ETT,Sin Data
2026-09-27,Trabajoscom, Zaragoza, Zaragoza,Mozo/a almacén - La Muela,Sin Data,Sin Data,De duracion determinada,Jornada Completa,Sin Data,Crit Interim España ETT,Sin Data
2026-09-27,Trabajoscom,Madrid,Fuenlabrada,CARRETILLERO/A PARA AGOSTO,14 €,Sin Data,De duracion determinada,Jornada Completa,Sin Data,Grupo Noa's,Sin Data
2026-09-27,Trabajoscom,Guadalajara,Guadalajara,TÉCNICO/A DE PUERTAS AUTOMÁTICAS,Sin Data,Sin Data,Indefinido,Jornada Indiferente,Sin Data,RAS Interim,Sin Data
2026-09-27,Trabajoscom,Madrid,Meco,MOZOS/AS  DE ALMACÉN -  PICKING MECO,17.185 €,Sin Data,De duracion determinada,Jornada Completa,Sin Data,Grupo Noa's,Sin Data
2026-09-27,Trabajoscom,Madrid,Alcala De Henares,GRABADOR/A DATOS,Sin Data,Sin Data,Indefinido,Jornada Indiferente,Sin Data,RAS Interim,Sin Data
2026-09-27,Trabajoscom,Gipuzkoa,Todo Gipuzkoa,RESPONSABLE DE PRODUCCIÓN,Sin Data,Sin Data,Indefinido,Jornada Indiferente,Sin Data,AdegiLan,Sin Data
2026-09-27,Trabajoscom,Gipuzkoa,Todo Gipuzkoa,Encargado/a de Montaje,Sin Data,Sin Data,Indefinido,Jornada Completa,Sin Data,AdegiLan,Sin Data
2026-09-27,Trabajoscom,Barcelona,Sabadell,OEPRARIO/A DE MONTAJE,Sin Data,Sin Data,Indefinido,Jornada Indiferente,Sin Data,RAS Interim,Sin Data
2026-09-27,Trabajoscom,Madrid,Todo Madrid,OPERARIO CARRETILLERO (H/M/D) CON DISCAPACIDAD O INCAPACIDAD - TORREJÓN DE ARDOZ,16.000 € - 16.756 €,Sin Data,Discapacidad,Jornada Intensiva,Sin Data,Ilunion,Sin Data
2026-09-27,Trabajoscom,Valencia,Valencia,Responsable Contabilidad  - Alrededores de Valencia,28.000 € - 35.000 €,Sin Data,Indefinido,Jornada Completa,Sin Data,Michael Page,Sin Data
2026-09-27,Trabajoscom,Murcia,Murcia,Técnico/a de procesos y de mejora continua,25.000 € - 26.000 €,Sin Data,Indefinido,Jornada Completa,Sin Data,Michael Page,Sin Data
2026-09-27,Trabajoscom, Tarragona, Tarragona,Desarrollador comercial - canal impulso [Zona Norte],30.000 € - 32.000 €,Sin Data,Indefinido,Jornada Completa,Sin Data,Michael Page,Sin Data
2026-09-27,Trabajoscom,Madrid,Madrid,Diseñador interiores con inglés alto Hospitality (h/m),38.000 € - 45.000 €,Sin Data,Indefinido,Jornada Completa,Sin Data,Michael Page,Sin Data
2026-09-27,Trabajoscom,Granada,Granada,Técnico/a Comercial Agrícola (H/M/D),30.000 €,Sin Data,Indefinido,Jornada Completa,Sin Data,Michael Page,Sin Data
2026-09-27,Trabajoscom,Barcelona,Barcelona,Programador Delphi-Empresa I+D de entretenimiento (20% remote),40.000 € - 45.000 €,Sin Data,Indefinido,Jornada Completa,Sin Data,Michael Page,Sin Data
2026-09-27,Trabajoscom,Madrid,Daganzo De Arriba,Mecánico/a Industrial -- Daganzo de Arriba,30.000 € - 35.000 €,Sin Data,Indefinido,Jornada Completa,Sin Data,Michael Page,Sin Data
2026-09-27,Trabajoscom,Madrid,Madrid,Contable Senior,30.000 € - 35.000 €,Sin Data,Indefinido,Jornada Completa,Sin Data,Michael Page,Sin Data
2026-09-27,Trabajoscom,Valencia,Paterna,Técnico/a logística y atención al cliente con Inglés,Sin Data,Sin Data,Indefinido,Media Jornada,Sin Data,Grupo Adecco,Sin Data
2026-09-27,Trabajoscom,La Rioja,Logroño,Project Manager (h/m),40.000 € - 45.000 €,Sin Data,Indefinido,Jornada Completa,Sin Data,Michael Page,Sin Data
2026-09-27,Trabajoscom,Baleares,Palma De Mallorca,Dependiente/a HERBOLARIO NAVARRO MALLORCA,Sin Data,Sin Data,Indefinido,Media Jornada,Sin Data,Grupo Adecco,Sin Data
2026-09-27,Trabajoscom,La Rioja,Logroño,Vendedor/a Retail Logroño,Sin Data,Sin Data,De duracion determinada,Media Jornada,Sin Data,Grupo Adecco,Sin Data
2026-09-27,Trabajoscom,Navarra,San Adrián,ALMACENERO/A - CONTRATO ESTABLE,Sin Data,Sin Data,Indefinido,Media Jornada,Sin Data,Grupo Adecco,Sin Data
2026-09-27,Trabajoscom,Madrid,Torrejon De Ardoz,Fresador de 3 y/o 5 ejes (8526),26.000 € - 31.000 €,Sin Data,Indefinido,Jornada Completa,Sin Data,Human Simbio Consulting,Sin Data
2026-09-27,Trabajoscom,Madrid,Getafe,FRESADOR CNC ROTATIVOS GETAFE (86263),22.000 € - 25.000 €,Sin Data,Indefinido,Jornada Completa,Sin Data,Human Simbio Consulting,Sin Data
2026-09-27,Trabajoscom,Zaragoza,Zaragoza,Operarios/as automoción PLAZA,Sin Data,Sin Data,De duracion determinada,Jornada Completa,Sin Data,Grupo Adecco,Sin Data
2026-09-27,Trabajoscom,Valencia,Ontinyent,Copy Operario CNC,Sin Data,Sin Data,Indefinido,Jornada Completa,Sin Data,Temps,Sin Data
2026-09-27,Trabajoscom,Castellón,Cortés De Arenoso,LOG - Carretillero/a (Cortes de Arenoso),Sin Data,Sin Data,De duracion determinada,Jornada Completa,Sin Data,Grupo Adecco,Sin Data
2026-09-27,Trabajoscom,A Coruña,Ribeira,E COMERCE MANAGER,Sin Data,Sin Data,De duracion determinada,Jornada Completa,Sin Data,A Poutada,Sin Data
2026-09-27,Trabajoscom,Cádiz,Benalup-Casas Viejas,Oficiales de Maquinista Retro Excavadora -  Benalup Casas Viejas,Sin Data,Sin Data,Fijo discontinuo,Jornada Completa,Sin Data,Franmar Work Solution,Sin Data
2026-09-27,Trabajoscom,Sevilla,Sevilla,Oficiales Climatización Sevilla,1.900 € - 2.100 €,Sin Data,Fijo discontinuo,Jornada Completa,Sin Data,Franmar Work Solution,Sin Data
2026-09-27,Trabajoscom,Valencia,Valencia,Limpiador/a industrial - SAGUNTO,19.000 €,Sin Data,Indefinido,Jornada Completa,Sin Data,Temps,Sin Data
2026-09-27,Trabajoscom,La Rioja,Navarrete,Operario/a Calidad- Revisión de Impresión,Sin Data,Sin Data,Indefinido,Jornada Completa,Sin Data,Grupo Adecco,Sin Data
2026-09-27,Trabajoscom,Madrid,Griñón,Operarios/as pegado y manipulados - rotativos - zona Griñón,18.000 € - 19.000 €,Sin Data,De duracion determinada,Jornada Completa,Sin Data,Temps,Sin Data
2026-09-27,Trabajoscom,Zaragoza,La Muela,Responsable de Recambios y Gestión de Almacén,Sin Data,Sin Data,De duracion determinada,Jornada Completa,Sin Data,Temps,Sin Data
2026-09-27,Trabajoscom,Barcelona,Vilafranca Del Penedès,OFI - Netejador/a de Cuina i Obrador,Sin Data,Sin Data,De duracion determinada,Media Jornada,Sin Data,Grupo Adecco,Sin Data
2026-09-27,Trabajoscom,León,Santa Catalina De Somoza,Cajero/a Reponedor/a Vilanova i la Geltru 40h.,Sin Data,Sin Data,Indefinido,Jornada Indiferente,Sin Data,Grupo DIA,Sin Data
2026-09-27,Trabajoscom,León,Santa Catalina De Somoza,Cajero/a Reponedor/a Palma 20h tardes,Sin Data,Sin Data,Indefinido,Jornada Indiferente,Sin Data,Grupo DIA,Sin Data
2026-09-27,Trabajoscom,Burgos,Miranda De Ebro,Cajero/a Reponedor/a Camargo 40H,Sin Data,Sin Data,Indefinido,Jornada Indiferente,Sin Data,Grupo DIA,Sin Data
2026-09-27,Trabajoscom,Sevilla,Dos Hermanas,Administrativo/a de expedición Plataforma logística Dos Hermanas,Sin Data,Sin Data,Indefinido,Jornada Indiferente,Sin Data,Grupo DIA,Sin Data
2026-09-27,Trabajoscom,Barcelona,Sabadell,OEPRARIO/A DE MONTAJE,Sin Data,Sin Data,Indefinido,Jornada Indiferente,Sin Data,RAS Interim,Sin Data
2026-09-27,Trabajoscom,Málaga,Antequera,Cajero/a Reponedor/a - COÍN (Málaga),Sin Data,Sin Data,Indefinido,Jornada Indiferente,Sin Data,Grupo DIA,Sin Data
2026-09-27,Trabajoscom,Sevilla,Dos Hermanas,INVENTARISTA SEVILLA Y HUELVA,Sin Data,Sin Data,Indefinido,Jornada Indiferente,Sin Data,Grupo DIA,Sin Data
2026-09-27,Trabajoscom,Madrid,Getafe,Preparador/a de pedidos on line en Villaverde-40h-Turnos fijos mañana o tarde,Sin Data,Sin Data,Indefinido,Jornada Indiferente,Sin Data,Grupo DIA,Sin Data
2026-09-27,Trabajoscom,Barcelona,Vilafranca Del Penedes,MOZO/A ALMACEN POR CAMPAÑA,Sin Data,Sin Data,Indefinido,Jornada Indiferente,Sin Data,RAS Interim,Sin Data
2026-09-27,Trabajoscom,Barcelona,Barcelona,Customer Service EXPORTACIÓN con Inglés B2- Barcelona,27.000 € - 33.000 €,Sin Data,Indefinido,Jornada Completa,Sin Data,Michael Page,Sin Data
2026-09-27,Trabajoscom,Alicante,Alicante,Administrativo/a de Facturación - Alrededores de Alcoy,24.000 € - 28.000 €,Sin Data,Indefinido,Jornada Completa,Sin Data,Michael Page,Sin Data
2026-09-27,Trabajoscom,Las Palmas,Las Palmas De Gran Canaria,Director Económico Financiero,40.000 € - 43.000 €,Sin Data,Indefinido,Jornada Completa,Sin Data,Michael Page,Sin Data
2026-09-27,Trabajoscom,Las Palmas,Las Palmas De Gran Canaria,Director Económico Financiero,40.000 € - 43.000 €,Sin Data,Indefinido,Jornada Completa,Sin Data,Michael Page,Sin Data
2026-09-27,Trabajoscom, Gipuzkoa, Gipuzkoa,Gestor/a de Punto de Venta - Canal Horeca,23.000 € - 25.000 €,Sin Data,Indefinido,Jornada Completa,Sin Data,Michael Page,Sin Data
2026-09-27,Trabajoscom,Zaragoza,Zaragoza,Responsable de Siniestros | Correduría de Seguros | Zaragoza,30.000 € - 35.000 €,Sin Data,Indefinido,Jornada Completa,Sin Data,Michael Page,Sin Data
2026-09-27,Trabajoscom,Valencia,Valencia,Delegado Comercial - Levante Sur (Almacenes de Construcción),28.000 € - 32.000 €,Sin Data,Indefinido,Jornada Completa,Sin Data,Michael Page,Sin Data
2026-09-27,Trabajoscom,Granada,Granada,Jefe de Unidad,35.000 € - 45.000 €,Sin Data,Indefinido,Jornada Completa,Sin Data,Michael Page,Sin Data
2026-09-27,Trabajoscom,Barcelona,Barcelona,Abogado Especializado Derecho Laboral,35.000 € - 45.000 €,Sin Data,Indefinido,Jornada Completa,Sin Data,Michael Page,Sin Data
2026-09-27,Trabajoscom,Barcelona,Rubi,Delineante Proyectista - Estructuras Metálicas y Cerrajería,34.000 € - 36.000 €,Sin Data,Indefinido,Jornada Completa,Sin Data,Michael Page,Sin Data
2026-09-27,Trabajoscom,Barcelona,Barcelona,PRL - Barcelona,40.000 € - 45.000 €,Sin Data,Indefinido,Jornada Completa,Sin Data,Michael Page,Sin Data
2026-09-27,Trabajoscom,Madrid,Madrid,Especialista de Mejora Continua y Explotación IT,35.000 € - 42.000 €,Sin Data,Indefinido,Jornada Completa,Sin Data,Michael Page,Sin Data
2026-09-27,Trabajoscom,Zaragoza,Zaragoza,Oficial de 1ª (mantenimiento mecánico a turnos),30.000 € - 35.000 €,Sin Data,Indefinido,Jornada Completa,Sin Data,Michael Page,Sin Data
2026-09-27,Trabajoscom,Madrid,Madrid,Jefe/a de Obra Civil - Urbanizaciones,40.000 € - 45.000 €,Sin Data,Indefinido,Jornada Completa,Sin Data,Michael Page,Sin Data
2026-09-27,Trabajoscom,Madrid,Madrid,Data & AI Engineer,30.000 € - 40.000 €,Sin Data,Indefinido,Jornada Completa,Sin Data,Michael Page,Sin Data
2026-09-27,Trabajoscom,Granada,Granada,Técnico mantenimiento industrial,21.600 € - 26.400 €,Sin Data,Indefinido,Jornada Completa,Sin Data,Michael Page,Sin Data
2026-09-27,Trabajoscom,Barcelona,Barcelona,Técnico/a de laboratorio de síntesis orgánica.,27.000 € - 33.000 €,Sin Data,Indefinido,Jornada Completa,Sin Data,Michael Page,Sin Data
2026-09-27,Trabajoscom,Zaragoza,Zaragoza,Contable Senior,32.000 € - 34.000 €,Sin Data,Indefinido,Jornada Completa,Sin Data,Michael Page,Sin Data
2026-09-27,Trabajoscom,Madrid,Madrid,Asesor/a Comercial Telefónico,23.000 €,Sin Data,Indefinido,Jornada Completa,Sin Data,Michael Page,Sin Data
2026-09-27,Trabajoscom,Barcelona,Barcelona,Accounts Payables - Retail,28.000 € - 29.000 €,Sin Data,Indefinido,Jornada Completa,Sin Data,Michael Page,Sin Data
2026-09-27,Trabajoscom,Madrid,Madrid,Técnico contable de proveedores con dominio en Business Central,28.000 € - 30.000 €,Sin Data,Indefinido,Jornada Completa,Sin Data,Michael Page,Sin Data
2026-09-27,Trabajoscom,Barcelona,Barcelona,Area Manager - Sector Químico,40.000 €,Sin Data,Indefinido,Jornada Completa,Sin Data,Michael Page,Sin Data
2026-09-27,Trabajoscom,Barcelona,Barcelona,Analista Programador IBM i (AS/400) - Multinacional aseguradora,34.000 € - 36.000 €,Sin Data,Indefinido,Jornada Completa,Sin Data,Michael Page,Sin Data
2026-09-27,Trabajoscom,Madrid,Madrid,Coordinador Soporte CPD - Tech Solutions,30.000 € - 35.000 €,Sin Data,Indefinido,Jornada Completa,Sin Data,Michael Page,Sin Data
2026-09-27,Trabajoscom,Madrid,Madrid,Asesor Contable con A3,25.000 € - 30.000 €,Sin Data,Indefinido,Jornada Completa,Sin Data,Michael Page,Sin Data
2026-09-27,Trabajoscom,Madrid,Madrid,Project Manager de montaje,30.000 € - 32.000 €,Sin Data,Indefinido,Jornada Completa,Sin Data,Michael Page,Sin Data
2026-09-27,Trabajoscom,Valencia,Valencia,TECNICO COMERCIAL - PACKAGING CARTON,31.500 € - 40.000 €,Sin Data,Indefinido,Jornada Completa,Sin Data,Michael Page,Sin Data
2026-09-27,Trabajoscom,Barcelona,Barcelona,Electromecánico/a Industrial - Vallés Oriental,30.000 € - 40.000 €,Sin Data,Indefinido,Jornada Completa,Sin Data,Michael Page,Sin Data
2026-09-27,Trabajoscom,Zaragoza,Zaragoza,Programador/a industrial (PLC),32.000 € - 35.000 €,Sin Data,Indefinido,Jornada Completa,Sin Data,Michael Page,Sin Data
2026-09-27,Trabajoscom,Madrid,Madrid,Técnico Generalista senior de RRHH,40.000 €,Sin Data,Indefinido,Jornada Completa,Sin Data,Michael Page,Sin Data
2026-09-27,Trabajoscom,Madrid,Madrid,Controller Financiero,34.000 € - 35.000 €,Sin Data,Indefinido,Jornada Completa,Sin Data,Michael Page,Sin Data
2026-09-27,Trabajoscom,Madrid,Madrid,Office Manager con Inglés (Madrid),30.000 € - 40.000 €,Sin Data,Indefinido,Jornada Completa,Sin Data,Michael Page,Sin Data
2026-09-27,Trabajoscom,Valencia,Valencia,Técnico/a de Moldes,26.000 € - 28.000 €,Sin Data,Indefinido,Jornada Completa,Sin Data,Michael Page,Sin Data
2026-09-27,Trabajoscom,Valencia,Valencia,Ingeniero Delineante EPLAN,30.000 € - 35.000 €,Sin Data,Indefinido,Jornada Completa,Sin Data,Michael Page,Sin Data
2026-09-27,Trabajoscom,Madrid,Madrid,Frigorista / Fontanero - Obras Retail (h/m/d),30.000 € - 35.000 €,Sin Data,Indefinido,Jornada Completa,Sin Data,Michael Page,Sin Data
2026-09-27,Trabajoscom,Barcelona,Barcelona,Senior Payroll Secialist - TEMP (maternity cover),40.000 € - 41.000 €,Sin Data,Indefinido,Jornada Completa,Sin Data,Michael Page,Sin Data
2026-09-27,Trabajoscom, Sevilla, Sevilla,KAM Canal Distribución Horeca - Zona Sur,25.000 € - 26.000 €,Sin Data,Indefinido,Jornada Completa,Sin Data,Michael Page,Sin Data
2026-09-27,Trabajoscom,Palencia,Palencia,Técnico de Ecommerce y Webmarketing - inglés alto,26.000 € - 30.800 €,Sin Data,Indefinido,Jornada Completa,Sin Data,Michael Page,Sin Data
2026-09-27,Trabajoscom,Madrid,Madrid,Técnico Comercial Encofrados,45.000 €,Sin Data,Indefinido,Jornada Completa,Sin Data,Michael Page,Sin Data
2026-09-27,Trabajoscom,Valencia,Valencia,Consultor/a Selección 360º - División Finanzas,22.500 € - 25.000 €,Sin Data,Indefinido,Jornada Completa,Sin Data,Michael Page,Sin Data
2026-09-27,Trabajoscom,Barcelona,Barcelona,Senior Data Protection Advisor,40.000 € - 45.000 €,Sin Data,Indefinido,Jornada Completa,Sin Data,Michael Page,Sin Data
2026-09-27,Trabajoscom,Barcelona,Barcelona,Contable (Multinacional retail lujo) - Temporal Barcelona,30.000 € - 33.000 €,Sin Data,De duracion determinada,Jornada Completa,Sin Data,Michael Page,Sin Data
2026-09-27,Trabajoscom,Zaragoza,Zaragoza,Responsable de producción sector químico,43.000 € - 45.000 €,Sin Data,Indefinido,Jornada Completa,Sin Data,Michael Page,Sin Data
2026-09-27,Trabajoscom,Las Palmas,Las Palmas De Gran Canaria,Director Económico Financiero,40.000 € - 43.000 €,Sin Data,Indefinido,Jornada Completa,Sin Data,Michael Page,Sin Data
2026-09-27,Trabajoscom, Gipuzkoa, Gipuzkoa,Gestor/a de Punto de Venta - Canal Horeca,23.000 € - 25.000 €,Sin Data,Indefinido,Jornada Completa,Sin Data,Michael Page,Sin Data
2026-09-27,Trabajoscom,Zaragoza,Zaragoza,Responsable de Siniestros | Correduría de Seguros | Zaragoza,30.000 € - 35.000 €,Sin Data,Indefinido,Jornada Completa,Sin Data,Michael Page,Sin Data
2026-09-27,Trabajoscom,Valencia,Valencia,Delegado Comercial - Levante Sur (Almacenes de Construcción),28.000 € - 32.000 €,Sin Data,Indefinido,Jornada Completa,Sin Data,Michael Page,Sin Data
2026-09-27,Trabajoscom,Granada,Granada,Jefe de Unidad,35.000 € - 45.000 €,Sin Data,Indefinido,Jornada Completa,Sin Data,Michael Page,Sin Data
2026-09-27,Trabajoscom,Barcelona,Barcelona,Abogado Especializado Derecho Laboral,35.000 € - 45.000 €,Sin Data,Indefinido,Jornada Completa,Sin Data,Michael Page,Sin Data
2026-09-27,Trabajoscom,Barcelona,Rubi,Delineante Proyectista - Estructuras Metálicas y Cerrajería,34.000 € - 36.000 €,Sin Data,Indefinido,Jornada Completa,Sin Data,Michael Page,Sin Data
2026-09-27,Trabajoscom,Barcelona,Barcelona,PRL - Barcelona,40.000 € - 45.000 €,Sin Data,Indefinido,Jornada Completa,Sin Data,Michael Page,Sin Data
2026-09-27,Trabajoscom,Madrid,Madrid,Especialista de Mejora Continua y Explotación IT,35.000 € - 42.000 €,Sin Data,Indefinido,Jornada Completa,Sin Data,Michael Page,Sin Data
2026-09-27,Trabajoscom,Zaragoza,Zaragoza,Oficial de 1ª (mantenimiento mecánico a turnos),30.000 € - 35.000 €,Sin Data,Indefinido,Jornada Completa,Sin Data,Michael Page,Sin Data
2026-09-27,Trabajoscom,Madrid,Madrid,Jefe/a de Obra Civil - Urbanizaciones,40.000 € - 45.000 €,Sin Data,Indefinido,Jornada Completa,Sin Data,Michael Page,Sin Data
2026-09-27,Trabajoscom,Madrid,Madrid,Data & AI Engineer,30.000 € - 40.000 €,Sin Data,Indefinido,Jornada Completa,Sin Data,Michael Page,Sin Data
2026-09-27,Trabajoscom,Granada,Granada,Técnico mantenimiento industrial,21.600 € - 26.400 €,Sin Data,Indefinido,Jornada Completa,Sin Data,Michael Page,Sin Data
2026-09-27,Trabajoscom,Barcelona,Barcelona,Técnico/a de laboratorio de síntesis orgánica.,27.000 € - 33.000 €,Sin Data,Indefinido,Jornada Completa,Sin Data,Michael Page,Sin Data
2026-09-27,Trabajoscom,Zaragoza,Zaragoza,Contable Senior,32.000 € - 34.000 €,Sin Data,Indefinido,Jornada Completa,Sin Data,Michael Page,Sin Data
2026-09-27,Trabajoscom,Madrid,Madrid,Asesor/a Comercial Telefónico,23.000 €,Sin Data,Indefinido,Jornada Completa,Sin Data,Michael Page,Sin Data
2026-09-27,Trabajoscom,Barcelona,Barcelona,Accounts Payables - Retail,28.000 € - 29.000 €,Sin Data,Indefinido,Jornada Completa,Sin Data,Michael Page,Sin Data
2026-09-27,Trabajoscom,Madrid,Madrid,Técnico contable de proveedores con dominio en Business Central,28.000 € - 30.000 €,Sin Data,Indefinido,Jornada Completa,Sin Data,Michael Page,Sin Data
2026-09-27,Trabajoscom,Barcelona,Barcelona,Area Manager - Sector Químico,40.000 €,Sin Data,Indefinido,Jornada Completa,Sin Data,Michael Page,Sin Data
2026-09-27,Trabajoscom,Barcelona,Barcelona,Analista Programador IBM i (AS/400) - Multinacional aseguradora,34.000 € - 36.000 €,Sin Data,Indefinido,Jornada Completa,Sin Data,Michael Page,Sin Data
2026-09-27,Trabajoscom,Madrid,Madrid,Coordinador Soporte CPD - Tech Solutions,30.000 € - 35.000 €,Sin Data,Indefinido,Jornada Completa,Sin Data,Michael Page,Sin Data
2026-09-27,Trabajoscom,Madrid,Madrid,Asesor Contable con A3,25.000 € - 30.000 €,Sin Data,Indefinido,Jornada Completa,Sin Data,Michael Page,Sin Data
2026-09-27,Trabajoscom,Madrid,Madrid,Project Manager de montaje,30.000 € - 32.000 €,Sin Data,Indefinido,Jornada Completa,Sin Data,Michael Page,Sin Data
2026-09-27,Trabajoscom,Valencia,Valencia,TECNICO COMERCIAL - PACKAGING CARTON,31.500 € - 40.000 €,Sin Data,Indefinido,Jornada Completa,Sin Data,Michael Page,Sin Data
2026-09-27,Trabajoscom,Barcelona,Barcelona,Electromecánico/a Industrial - Vallés Oriental,30.000 € - 40.000 €,Sin Data,Indefinido,Jornada Completa,Sin Data,Michael Page,Sin Data
2026-09-27,Trabajoscom,Zaragoza,Zaragoza,Programador/a industrial (PLC),32.000 € - 35.000 €,Sin Data,Indefinido,Jornada Completa,Sin Data,Michael Page,Sin Data
2026-09-27,Trabajoscom,Madrid,Madrid,Técnico Generalista senior de RRHH,40.000 €,Sin Data,Indefinido,Jornada Completa,Sin Data,Michael Page,Sin Data
2026-09-27,Trabajoscom,Madrid,Madrid,Controller Financiero,34.000 € - 35.000 €,Sin Data,Indefinido,Jornada Completa,Sin Data,Michael Page,Sin Data
2026-09-27,Trabajoscom,Madrid,Madrid,Office Manager con Inglés (Madrid),30.000 € - 40.000 €,Sin Data,Indefinido,Jornada Completa,Sin Data,Michael Page,Sin Data
2026-09-27,Trabajoscom,Valencia,Valencia,Técnico/a de Moldes,26.000 € - 28.000 €,Sin Data,Indefinido,Jornada Completa,Sin Data,Michael Page,Sin Data
2026-09-27,Trabajoscom,Valencia,Valencia,Ingeniero Delineante EPLAN,30.000 € - 35.000 €,Sin Data,Indefinido,Jornada Completa,Sin Data,Michael Page,Sin Data
2026-09-27,Trabajoscom,Madrid,Madrid,Frigorista / Fontanero - Obras Retail (h/m/d),30.000 € - 35.000 €,Sin Data,Indefinido,Jornada Completa,Sin Data,Michael Page,Sin Data
2026-09-27,Trabajoscom,Barcelona,Barcelona,Senior Payroll Secialist - TEMP (maternity cover),40.000 € - 41.000 €,Sin Data,Indefinido,Jornada Completa,Sin Data,Michael Page,Sin Data
2026-09-27,Trabajoscom, Sevilla, Sevilla,KAM Canal Distribución Horeca - Zona Sur,25.000 € - 26.000 €,Sin Data,Indefinido,Jornada Completa,Sin Data,Michael Page,Sin Data
2026-09-27,Trabajoscom,Palencia,Palencia,Técnico de Ecommerce y Webmarketing - inglés alto,26.000 € - 30.800 €,Sin Data,Indefinido,Jornada Completa,Sin Data,Michael Page,Sin Data
2026-09-27,Trabajoscom,Madrid,Madrid,Técnico Comercial Encofrados,45.000 €,Sin Data,Indefinido,Jornada Completa,Sin Data,Michael Page,Sin Data
2026-09-27,Trabajoscom,Valencia,Valencia,Consultor/a Selección 360º - División Finanzas,22.500 € - 25.000 €,Sin Data,Indefinido,Jornada Completa,Sin Data,Michael Page,Sin Data
2026-09-27,Trabajoscom,Barcelona,Barcelona,Senior Data Protection Advisor,40.000 € - 45.000 €,Sin Data,Indefinido,Jornada Completa,Sin Data,Michael Page,Sin Data
2026-09-27,Trabajoscom,Barcelona,Barcelona,Contable (Multinacional retail lujo) - Temporal Barcelona,30.000 € - 33.000 €,Sin Data,De duracion determinada,Jornada Completa,Sin Data,Michael Page,Sin Data
2026-09-27,Trabajoscom,Zaragoza,Zaragoza,Responsable de producción sector químico,43.000 € - 45.000 €,Sin Data,Indefinido,Jornada Completa,Sin Data,Michael Page,Sin Data
2026-09-27,Trabajoscom,Las Palmas,Las Palmas De Gran Canaria,Director Económico Financiero,40.000 € - 43.000 €,Sin Data,Indefinido,Jornada Completa,Sin Data,Michael Page,Sin Data
2026-09-27,Trabajoscom, Gipuzkoa, Gipuzkoa,Gestor/a de Punto de Venta - Canal Horeca,23.000 € - 25.000 €,Sin Data,Indefinido,Jornada Completa,Sin Data,Michael Page,Sin Data
2026-09-27,Trabajoscom,Zaragoza,Zaragoza,Responsable de Siniestros | Correduría de Seguros | Zaragoza,30.000 € - 35.000 €,Sin Data,Indefinido,Jornada Completa,Sin Data,Michael Page,Sin Data
2026-09-27,Trabajoscom,Valencia,Valencia,Delegado Comercial - Levante Sur (Almacenes de Construcción),28.000 € - 32.000 €,Sin Data,Indefinido,Jornada Completa,Sin Data,Michael Page,Sin Data
2026-09-27,Trabajoscom,Granada,Granada,Jefe de Unidad,35.000 € - 45.000 €,Sin Data,Indefinido,Jornada Completa,Sin Data,Michael Page,Sin Data
2026-09-27,Trabajoscom,Barcelona,Barcelona,Abogado Especializado Derecho Laboral,35.000 € - 45.000 €,Sin Data,Indefinido,Jornada Completa,Sin Data,Michael Page,Sin Data
2026-09-27,Trabajoscom,Barcelona,Rubi,Delineante Proyectista - Estructuras Metálicas y Cerrajería,34.000 € - 36.000 €,Sin Data,Indefinido,Jornada Completa,Sin Data,Michael Page,Sin Data
2026-09-27,Trabajoscom,Barcelona,Barcelona,PRL - Barcelona,40.000 € - 45.000 €,Sin Data,Indefinido,Jornada Completa,Sin Data,Michael Page,Sin Data
2026-09-27,Trabajoscom,Madrid,Madrid,Especialista de Mejora Continua y Explotación IT,35.000 € - 42.000 €,Sin Data,Indefinido,Jornada Completa,Sin Data,Michael Page,Sin Data
2026-09-27,Trabajoscom,Zaragoza,Zaragoza,Oficial de 1ª (mantenimiento mecánico a turnos),30.000 € - 35.000 €,Sin Data,Indefinido,Jornada Completa,Sin Data,Michael Page,Sin Data
2026-09-27,Trabajoscom,Madrid,Madrid,Jefe/a de Obra Civil - Urbanizaciones,40.000 € - 45.000 €,Sin Data,Indefinido,Jornada Completa,Sin Data,Michael Page,Sin Data
2026-09-27,Trabajoscom,Madrid,Madrid,Data & AI Engineer,30.000 € - 40.000 €,Sin Data,Indefinido,Jornada Completa,Sin Data,Michael Page,Sin Data
2026-09-27,Trabajoscom,Granada,Granada,Técnico mantenimiento industrial,21.600 € - 26.400 €,Sin Data,Indefinido,Jornada Completa,Sin Data,Michael Page,Sin Data
2026-09-27,Trabajoscom,Barcelona,Barcelona,Técnico/a de laboratorio de síntesis orgánica.,27.000 € - 33.000 €,Sin Data,Indefinido,Jornada Completa,Sin Data,Michael Page,Sin Data
2026-09-27,Trabajoscom,Zaragoza,Zaragoza,Contable Senior,32.000 € - 34.000 €,Sin Data,Indefinido,Jornada Completa,Sin Data,Michael Page,Sin Data
2026-09-27,Trabajoscom,Madrid,Madrid,Asesor/a Comercial Telefónico,23.000 €,Sin Data,Indefinido,Jornada Completa,Sin Data,Michael Page,Sin Data
2026-09-27,Trabajoscom,Barcelona,Barcelona,Accounts Payables - Retail,28.000 € - 29.000 €,Sin Data,Indefinido,Jornada Completa,Sin Data,Michael Page,Sin Data
2026-09-27,Trabajoscom,Madrid,Madrid,Técnico contable de proveedores con dominio en Business Central,28.000 € - 30.000 €,Sin Data,Indefinido,Jornada Completa,Sin Data,Michael Page,Sin Data
2026-09-27,Trabajoscom,Barcelona,Barcelona,Area Manager - Sector Químico,40.000 €,Sin Data,Indefinido,Jornada Completa,Sin Data,Michael Page,Sin Data
2026-09-27,Trabajoscom,Barcelona,Barcelona,Analista Programador IBM i (AS/400) - Multinacional aseguradora,34.000 € - 36.000 €,Sin Data,Indefinido,Jornada Completa,Sin Data,Michael Page,Sin Data
2026-09-27,Trabajoscom,Madrid,Madrid,Coordinador Soporte CPD - Tech Solutions,30.000 € - 35.000 €,Sin Data,Indefinido,Jornada Completa,Sin Data,Michael Page,Sin Data
2026-09-27,Trabajoscom,Madrid,Madrid,Asesor Contable con A3,25.000 € - 30.000 €,Sin Data,Indefinido,Jornada Completa,Sin Data,Michael Page,Sin Data
2026-09-27,Trabajoscom,Madrid,Madrid,Project Manager de montaje,30.000 € - 32.000 €,Sin Data,Indefinido,Jornada Completa,Sin Data,Michael Page,Sin Data
2026-09-27,Trabajoscom,Valencia,Valencia,TECNICO COMERCIAL - PACKAGING CARTON,31.500 € - 40.000 €,Sin Data,Indefinido,Jornada Completa,Sin Data,Michael Page,Sin Data
2026-09-27,Trabajoscom,Barcelona,Barcelona,Electromecánico/a Industrial - Vallés Oriental,30.000 € - 40.000 €,Sin Data,Indefinido,Jornada Completa,Sin Data,Michael Page,Sin Data
2026-09-27,Trabajoscom,Zaragoza,Zaragoza,Programador/a industrial (PLC),32.000 € - 35.000 €,Sin Data,Indefinido,Jornada Completa,Sin Data,Michael Page,Sin Data
2026-09-27,Trabajoscom,Madrid,Madrid,Técnico Generalista senior de RRHH,40.000 €,Sin Data,Indefinido,Jornada Completa,Sin Data,Michael Page,Sin Data
2026-09-27,Trabajoscom,Madrid,Madrid,Controller Financiero,34.000 € - 35.000 €,Sin Data,Indefinido,Jornada Completa,Sin Data,Michael Page,Sin Data
2026-09-27,Trabajoscom,Madrid,Madrid,Office Manager con Inglés (Madrid),30.000 € - 40.000 €,Sin Data,Indefinido,Jornada Completa,Sin Data,Michael Page,Sin Data
2026-09-27,Trabajoscom,Valencia,Valencia,Técnico/a de Moldes,26.000 € - 28.000 €,Sin Data,Indefinido,Jornada Completa,Sin Data,Michael Page,Sin Data
2026-09-27,Trabajoscom,Valencia,Valencia,Ingeniero Delineante EPLAN,30.000 € - 35.000 €,Sin Data,Indefinido,Jornada Completa,Sin Data,Michael Page,Sin Data
2026-09-27,Trabajoscom,Madrid,Madrid,Frigorista / Fontanero - Obras Retail (h/m/d),30.000 € - 35.000 €,Sin Data,Indefinido,Jornada Completa,Sin Data,Michael Page,Sin Data
2026-09-27,Trabajoscom,Barcelona,Barcelona,Senior Payroll Secialist - TEMP (maternity cover),40.000 € - 41.000 €,Sin Data,Indefinido,Jornada Completa,Sin Data,Michael Page,Sin Data
2026-09-27,Trabajoscom, Sevilla, Sevilla,KAM Canal Distribución Horeca - Zona Sur,25.000 € - 26.000 €,Sin Data,Indefinido,Jornada Completa,Sin Data,Michael Page,Sin Data
2026-09-27,Trabajoscom,Palencia,Palencia,Técnico de Ecommerce y Webmarketing - inglés alto,26.000 € - 30.800 €,Sin Data,Indefinido,Jornada Completa,Sin Data,Michael Page,Sin Data
2026-09-27,Trabajoscom,Madrid,Madrid,Técnico Comercial Encofrados,45.000 €,Sin Data,Indefinido,Jornada Completa,Sin Data,Michael Page,Sin Data
2026-09-27,Trabajoscom,Valencia,Valencia,Consultor/a Selección 360º - División Finanzas,22.500 € - 25.000 €,Sin Data,Indefinido,Jornada Completa,Sin Data,Michael Page,Sin Data
2026-09-27,Trabajoscom,Barcelona,Barcelona,Senior Data Protection Advisor,40.000 € - 45.000 €,Sin Data,Indefinido,Jornada Completa,Sin Data,Michael Page,Sin Data
2026-09-27,Trabajoscom,Barcelona,Barcelona,Contable (Multinacional retail lujo) - Temporal Barcelona,30.000 € - 33.000 €,Sin Data,De duracion determinada,Jornada Completa,Sin Data,Michael Page,Sin Data
2026-09-27,Trabajoscom,Zaragoza,Zaragoza,Responsable de producción sector químico,43.000 € - 45.000 €,Sin Data,Indefinido,Jornada Completa,Sin Data,Michael Page,Sin Data
2026-09-27,Trabajoscom, Gipuzkoa, Gipuzkoa,Gestor/a de Punto de Venta - Canal Horeca,23.000 € - 25.000 €,Sin Data,Indefinido,Jornada Completa,Sin Data,Michael Page,Sin Data
2026-09-27,Trabajoscom,Zaragoza,Zaragoza,Responsable de Siniestros | Correduría de Seguros | Zaragoza,30.000 € - 35.000 €,Sin Data,Indefinido,Jornada Completa,Sin Data,Michael Page,Sin Data
2026-09-27,Trabajoscom,Valencia,Valencia,Delegado Comercial - Levante Sur (Almacenes de Construcción),28.000 € - 32.000 €,Sin Data,Indefinido,Jornada Completa,Sin Data,Michael Page,Sin Data
2026-09-27,Trabajoscom,Granada,Granada,Jefe de Unidad,35.000 € - 45.000 €,Sin Data,Indefinido,Jornada Completa,Sin Data,Michael Page,Sin Data
2026-09-27,Trabajoscom,Barcelona,Barcelona,Abogado Especializado Derecho Laboral,35.000 € - 45.000 €,Sin Data,Indefinido,Jornada Completa,Sin Data,Michael Page,Sin Data
2026-09-27,Trabajoscom,Barcelona,Rubi,Delineante Proyectista - Estructuras Metálicas y Cerrajería,34.000 € - 36.000 €,Sin Data,Indefinido,Jornada Completa,Sin Data,Michael Page,Sin Data
2026-09-27,Trabajoscom,Barcelona,Barcelona,PRL - Barcelona,40.000 € - 45.000 €,Sin Data,Indefinido,Jornada Completa,Sin Data,Michael Page,Sin Data
2026-09-27,Trabajoscom,Madrid,Madrid,Especialista de Mejora Continua y Explotación IT,35.000 € - 42.000 €,Sin Data,Indefinido,Jornada Completa,Sin Data,Michael Page,Sin Data
2026-09-27,Trabajoscom,Zaragoza,Zaragoza,Oficial de 1ª (mantenimiento mecánico a turnos),30.000 € - 35.000 €,Sin Data,Indefinido,Jornada Completa,Sin Data,Michael Page,Sin Data
2026-09-27,Trabajoscom,Madrid,Madrid,Jefe/a de Obra Civil - Urbanizaciones,40.000 € - 45.000 €,Sin Data,Indefinido,Jornada Completa,Sin Data,Michael Page,Sin Data
2026-09-27,Trabajoscom,Madrid,Madrid,Data & AI Engineer,30.000 € - 40.000 €,Sin Data,Indefinido,Jornada Completa,Sin Data,Michael Page,Sin Data
2026-09-27,Trabajoscom,Granada,Granada,Técnico mantenimiento industrial,21.600 € - 26.400 €,Sin Data,Indefinido,Jornada Completa,Sin Data,Michael Page,Sin Data
2026-09-27,Trabajoscom,Barcelona,Barcelona,Técnico/a de laboratorio de síntesis orgánica.,27.000 € - 33.000 €,Sin Data,Indefinido,Jornada Completa,Sin Data,Michael Page,Sin Data
2026-09-27,Trabajoscom,Zaragoza,Zaragoza,Contable Senior,32.000 € - 34.000 €,Sin Data,Indefinido,Jornada Completa,Sin Data,Michael Page,Sin Data
2026-09-27,Trabajoscom,Madrid,Madrid,Asesor/a Comercial Telefónico,23.000 €,Sin Data,Indefinido,Jornada Completa,Sin Data,Michael Page,Sin Data
2026-09-27,Trabajoscom,Barcelona,Barcelona,Accounts Payables - Retail,28.000 € - 29.000 €,Sin Data,Indefinido,Jornada Completa,Sin Data,Michael Page,Sin Data
2026-09-27,Trabajoscom,Madrid,Madrid,Técnico contable de proveedores con dominio en Business Central,28.000 € - 30.000 €,Sin Data,Indefinido,Jornada Completa,Sin Data,Michael Page,Sin Data
2026-09-27,Trabajoscom,Barcelona,Barcelona,Area Manager - Sector Químico,40.000 €,Sin Data,Indefinido,Jornada Completa,Sin Data,Michael Page,Sin Data
2026-09-27,Trabajoscom,Barcelona,Barcelona,Analista Programador IBM i (AS/400) - Multinacional aseguradora,34.000 € - 36.000 €,Sin Data,Indefinido,Jornada Completa,Sin Data,Michael Page,Sin Data
2026-09-27,Trabajoscom,Madrid,Madrid,Coordinador Soporte CPD - Tech Solutions,30.000 € - 35.000 €,Sin Data,Indefinido,Jornada Completa,Sin Data,Michael Page,Sin Data
2026-09-27,Trabajoscom,Madrid,Madrid,Asesor Contable con A3,25.000 € - 30.000 €,Sin Data,Indefinido,Jornada Completa,Sin Data,Michael Page,Sin Data
2026-09-27,Trabajoscom,Madrid,Madrid,Project Manager de montaje,30.000 € - 32.000 €,Sin Data,Indefinido,Jornada Completa,Sin Data,Michael Page,Sin Data
2026-09-27,Trabajoscom,Valencia,Valencia,TECNICO COMERCIAL - PACKAGING CARTON,31.500 € - 40.000 €,Sin Data,Indefinido,Jornada Completa,Sin Data,Michael Page,Sin Data
2026-09-27,Trabajoscom,Barcelona,Barcelona,Electromecánico/a Industrial - Vallés Oriental,30.000 € - 40.000 €,Sin Data,Indefinido,Jornada Completa,Sin Data,Michael Page,Sin Data
2026-09-27,Trabajoscom,Zaragoza,Zaragoza,Programador/a industrial (PLC),32.000 € - 35.000 €,Sin Data,Indefinido,Jornada Completa,Sin Data,Michael Page,Sin Data
2026-09-27,Trabajoscom,Madrid,Madrid,Técnico Generalista senior de RRHH,40.000 €,Sin Data,Indefinido,Jornada Completa,Sin Data,Michael Page,Sin Data
2026-09-27,Trabajoscom,Madrid,Madrid,Controller Financiero,34.000 € - 35.000 €,Sin Data,Indefinido,Jornada Completa,Sin Data,Michael Page,Sin Data
2026-09-27,Trabajoscom,Madrid,Madrid,Office Manager con Inglés (Madrid),30.000 € - 40.000 €,Sin Data,Indefinido,Jornada Completa,Sin Data,Michael Page,Sin Data
2026-09-27,Trabajoscom,Valencia,Valencia,Técnico/a de Moldes,26.000 € - 28.000 €,Sin Data,Indefinido,Jornada Completa,Sin Data,Michael Page,Sin Data
2026-09-27,Trabajoscom,Valencia,Valencia,Ingeniero Delineante EPLAN,30.000 € - 35.000 €,Sin Data,Indefinido,Jornada Completa,Sin Data,Michael Page,Sin Data
2026-09-27,Trabajoscom,Madrid,Madrid,Frigorista / Fontanero - Obras Retail (h/m/d),30.000 € - 35.000 €,Sin Data,Indefinido,Jornada Completa,Sin Data,Michael Page,Sin Data
2026-09-27,Trabajoscom,Barcelona,Barcelona,Senior Payroll Secialist - TEMP (maternity cover),40.000 € - 41.000 €,Sin Data,Indefinido,Jornada Completa,Sin Data,Michael Page,Sin Data
2026-09-27,Trabajoscom, Sevilla, Sevilla,KAM Canal Distribución Horeca - Zona Sur,25.000 € - 26.000 €,Sin Data,Indefinido,Jornada Completa,Sin Data,Michael Page,Sin Data
2026-09-27,Trabajoscom,Palencia,Palencia,Técnico de Ecommerce y Webmarketing - inglés alto,26.000 € - 30.800 €,Sin Data,Indefinido,Jornada Completa,Sin Data,Michael Page,Sin Data
2026-09-27,Trabajoscom,Madrid,Madrid,Técnico Comercial Encofrados,45.000 €,Sin Data,Indefinido,Jornada Completa,Sin Data,Michael Page,Sin Data
2026-09-27,Trabajoscom,Valencia,Valencia,Consultor/a Selección 360º - División Finanzas,22.500 € - 25.000 €,Sin Data,Indefinido,Jornada Completa,Sin Data,Michael Page,Sin Data
2026-09-27,Trabajoscom,Barcelona,Barcelona,Senior Data Protection Advisor,40.000 € - 45.000 €,Sin Data,Indefinido,Jornada Completa,Sin Data,Michael Page,Sin Data
2026-09-27,Trabajoscom,Barcelona,Barcelona,Contable (Multinacional retail lujo) - Temporal Barcelona,30.000 € - 33.000 €,Sin Data,De duracion determinada,Jornada Completa,Sin Data,Michael Page,Sin Data
2026-09-27,Trabajoscom,Zaragoza,Zaragoza,Responsable de producción sector químico,43.000 € - 45.000 €,Sin Data,Indefinido,Jornada Completa,Sin Data,Michael Page,Sin Data
2026-09-27,Trabajoscom,Valencia,Valencia,Administrativo/a de ventas,28.000 € - 32.000 €,Sin Data,Indefinido,Jornada Completa,Sin Data,Michael Page,Sin Data
