Fecha,Plataforma,Provincia,Localidad,Oferta_Empleo,Salario,Modalidad,Tipo_Contrato,Tipo_Jornada,Experiencia,Empresa,Requisitos
2026-09-02,Trabajoscom, Sevilla, Sevilla,Gobernante/a - Camarero/a de pisos,Sin Data,Sin Data,Indefinido,Jornada Completa,Sin Data,Iman Temporing,Sin Data
2026-09-02,Trabajoscom,Barcelona,Viladecans,TRABAJADOR/A FAMILIAR - SAD VILADECANS,1.025 € - 1.196 €,Sin Data,A tiempo parcial,Jornada Intensiva,Sin Data,Accent Social,Sin Data
2026-09-02,Trabajoscom,Cantabria,Todo Cantabria,Auxiliar de Apoyo Equipo Asistencial Centro Residencial DomusVi Liencres,Sin Data,Sin Data,De duracion determinada,Jornada Completa,Sin Data,DomusVi,Sin Data
2026-09-02,Trabajoscom,Barcelona,Parets Del Valles,Jardinera/o.  Parets del Vallès,22.500 €,Sin Data,De duracion determinada,Jornada Completa,Sin Data,Talher,Sin Data
2026-09-02,Trabajoscom,Madrid,Madrid,Copy BackOffice Bancario (Resolución Fraude)_ Fin de Semana Tardes,8.000 €,Sin Data,De duracion determinada,Media Jornada,Sin Data,Temps,Sin Data
2026-09-02,Trabajoscom,Valencia,Torrent,Mecánico de automóviles con experiencia,1.600 € - 2.000 €,Sin Data,Indefinido,Jornada Completa,Sin Data,Autos JM,Sin Data
2026-09-02,Trabajoscom,Valencia,Murcia,MOZO/A DE ALMACÉN TURNO NOCTURNO,Sin Data,Sin Data,Indefinido,Jornada Indiferente,Sin Data,RAS Interim,Sin Data
2026-09-02,Trabajoscom,Madrid,Madrid,MONITOR/A ACTIVIDADES EXTRAESCOLARES CURSO 2026-27.  ZONA COMUNIDAD DE MADRID,10 € - 12 €,Sin Data,Fijo discontinuo,Trabajo Por Horas,Sin Data,Grupo Educativo,Sin Data
2026-09-02,Trabajoscom,Madrid,Madrid,MONITORES/AS TARDES DEL COLE SEPTIEMBRE 2026.  ZONA MADRID CAPITAL Y ALREDEDORES,195 € - 390 €,Sin Data,Fijo discontinuo,Trabajo Por Horas,Sin Data,Grupo Educativo,Sin Data
2026-09-02,Trabajoscom,Huesca,Almudévar,Operario/a de Control Numérico - Turno de Tarde,Sin Data,Sin Data,Indefinido,Jornada Completa,Sin Data,Grupo Adecco,Sin Data
2026-09-02,Trabajoscom,Alicante,Alicante/alacant,Adjunto/a de Tienda en Alicante,Sin Data,Sin Data,Indefinido,Jornada Indiferente,Sin Data,Grupo DIA,Sin Data
2026-09-02,Trabajoscom,Valencia,Puig,Operario/a días sueltos Envasado sector Bebidas Zona El Puig,Sin Data,Sin Data,De duracion determinada,Media Jornada,Sin Data,Grupo Adecco,Sin Data
2026-09-02,Trabajoscom,Madrid,Todo Madrid,Especialista en Atención al Cliente y Posventa con Francés o Italiano – Madrid,Sin Data,Sin Data,Indefinido,Jornada Completa,Sin Data,IFIT Health et Fitness,Sin Data
2026-09-02,Trabajoscom,Barcelona,Sant Cugat Del Valles,Auxiliar de jardinería.  Sant Cugat del Vallès,1.250 €,Sin Data,De duracion determinada,Jornada Completa,Sin Data,Talher,Sin Data
2026-09-02,Trabajoscom,Barcelona,Sabadell,OPERARIO/A CONFECCIÓN PLÁSTICO,Sin Data,Sin Data,Indefinido,Jornada Indiferente,Sin Data,RAS Interim,Sin Data
2026-09-02,Trabajoscom,Barcelona,Sabadell,MOZO/A DE ALMACÉN POLINYA,Sin Data,Sin Data,Indefinido,Jornada Indiferente,Sin Data,RAS Interim,Sin Data
2026-09-02,Trabajoscom,Barcelona,Sabadell,MOZO/A DE ALMACÉN POLINYA,Sin Data,Sin Data,Indefinido,Jornada Indiferente,Sin Data,RAS Interim,Sin Data
2026-09-02,Trabajoscom,Bizkaia,Arakaldo,Operario/a Gruista AMURRIO,Sin Data,Sin Data,Indefinido,Jornada Completa,Sin Data,Grupo Adecco,Sin Data
2026-09-02,Trabajoscom,Barcelona,Sabadell,JEFE/A DE PROYECTOS,Sin Data,Sin Data,Indefinido,Jornada Indiferente,Sin Data,RAS Interim,Sin Data
2026-09-02,Trabajoscom,Valencia,Alzira,VENDEDOR/A DE ELECTRODOMÉSTICOS,Sin Data,Sin Data,Indefinido,Jornada Indiferente,Sin Data,RAS Interim,Sin Data
2026-09-02,Trabajoscom,Barcelona,Granollers,OPERARIO/A PRODUCCION - TURNO AMERICANO,Sin Data,Sin Data,Indefinido,Jornada Indiferente,Sin Data,RAS Interim,Sin Data
2026-09-02,Trabajoscom,Barcelona,Sabadell,OPERARIO/A MONTAJE,Sin Data,Sin Data,Indefinido,Jornada Indiferente,Sin Data,RAS Interim,Sin Data
2026-09-02,Trabajoscom,Málaga,Velez Malaga,Técnico electrónica y mecánica,20.000 € - 30.000 €,Sin Data,Indefinido,Jornada Completa,Sin Data,Empresa de Recreativos,Sin Data
2026-09-02,Trabajoscom,Toledo,Illescas,PICKERS/PACKERS FIN DE SEMANA,Sin Data,Sin Data,De duracion determinada,Media Jornada,Sin Data,Temps,Sin Data
2026-09-02,Trabajoscom,Barcelona,Barberà Del Vallès,OPERARIO/A DE CORTE,16 €,Sin Data,De duracion determinada,Jornada Completa,Sin Data,Temps,Sin Data
2026-09-02,Trabajoscom,Castellón,Benicarlo,Maestra/o de primaria,Sin Data,Sin Data,Indefinido,Media Jornada,Sin Data,Centre D'Estudis Aula Oberta,Sin Data
2026-09-02,Trabajoscom,León,Todo León,Rotulista,1.200 € - 1.500 €,Sin Data,Indefinido,Jornada Completa,Sin Data,Vinilica Producciones,Sin Data
2026-09-02,Trabajoscom,Sevilla,Sevilla,ENTRENADOR PERSONAL,800 € - 1.400 €,Sin Data,A tiempo parcial,Jornada Indiferente,Sin Data,Top Training Studio,Sin Data
2026-09-02,Trabajoscom,Zaragoza,La Puebla De Alfinden,Camarero/a en la Puebla de Alfinden- 32 h/semanales,Sin Data,Sin Data,De duracion determinada,Media Jornada,Sin Data,Grupo Adecco,Sin Data
2026-09-02,Trabajoscom,Barcelona,Barcelona,DIPLOMADO ENFERMERIA DEL TRABAJO,Sin Data,Sin Data,Indefinido,Jornada Completa,Sin Data,Vimelab,Sin Data
2026-09-02,Trabajoscom,Valencia,Torrent,ELECTROMECANICO O TECNICO EN MANTENIMIENTO MAQUINARIA,1.400 € - 1.600 €,Sin Data,Indefinido,Jornada Completa,Sin Data,Marzo Automocion,Sin Data
2026-09-02,Trabajoscom,Girona,Girona,Cocinero/a de Colectividades en Girona - Jornada Completa con Incorporación Inmediata,1.500 € - 1.550 €,Sin Data,De duracion determinada,Jornada Completa,Sin Data,RESTAURACION COLECTIVA,Sin Data
2026-09-02,Trabajoscom,Barcelona,Barcelona,COCINERO PARA BARCELONA,1.800 € - 1.900 €,Sin Data,De duracion determinada,Jornada Completa,Sin Data,Boris 45,Sin Data
2026-09-02,Trabajoscom,Navarra,Berriozar,Carretillero/a Automoción,Sin Data,Sin Data,De duracion determinada,Jornada Completa,Sin Data,Grupo Adecco,Sin Data
2026-09-02,Trabajoscom,Barcelona,Barcelona,Recepcionista-Auxiliar Administrativo,Sin Data,Sin Data,A tiempo parcial,Media Jornada,Sin Data,Audiovisuales Tecnorent,Sin Data
2026-09-02,Trabajoscom,Barcelona,Sabadell,COCINERO PARA SABADELL,1.800 € - 1.900 €,Sin Data,De duracion determinada,Jornada Completa,Sin Data,Boris 45,Sin Data
2026-09-02,Trabajoscom,Málaga,Malaga,Agente de Retención con Francés - Call Center,1.500 € - 6.000 €,Sin Data,Indefinido,Jornada Completa,Sin Data,SRJ Innovations,Sin Data
2026-09-02,Trabajoscom,Jaén,La Carolina,Ingeniero/a Eléctrico/a – Estandarización y Automatización  Industrial,Sin Data,Sin Data,Indefinido,Jornada Intensiva,Sin Data,EIIT - A Controlar company,Sin Data
2026-09-02,Trabajoscom,Gipuzkoa,Todo Gipuzkoa,INGENIERO/A MANTENIMIENTO MECANICO,Sin Data,Sin Data,Indefinido,Jornada Completa,Sin Data,AdegiLan,Sin Data
2026-09-02,Trabajoscom,Gipuzkoa,Todo Gipuzkoa,"Director/a de Tecnología, Producto y Soluciones Industriales",72.000 € - 90.000 €,Sin Data,Indefinido,Jornada Indiferente,Sin Data,AdegiLan,Sin Data
2026-09-02,Trabajoscom,Gipuzkoa,Todo Gipuzkoa,Técnico/a de producto // Encargado/a general,Sin Data,Sin Data,Indefinido,Jornada Indiferente,Sin Data,AdegiLan,Sin Data
2026-09-02,Trabajoscom,Gipuzkoa,Todo Gipuzkoa,Técnico/a Mantenimiento Industrial,Sin Data,Sin Data,Indefinido,Jornada Completa,Sin Data,AdegiLan,Sin Data
2026-09-02,Trabajoscom,Gipuzkoa,Todo Gipuzkoa,"INGENIERO/A, INGENIERO/A QUIMICO/A  PARA PRODUCCION",Sin Data,Sin Data,De duracion determinada,Jornada Indiferente,Sin Data,AdegiLan,Sin Data
2026-09-02,Trabajoscom,Gipuzkoa,Todo Gipuzkoa,Tecnico/a de Metrologia,Sin Data,Sin Data,Indefinido,Jornada Completa,Sin Data,AdegiLan,Sin Data
2026-09-02,Trabajoscom,Lleida,Igualada,ADJUNTO/A A DIRECCIÓN FINANCIERA Y RRHH,Sin Data,Sin Data,Indefinido,Jornada Indiferente,Sin Data,RAS Interim - Recruiting,Sin Data
2026-09-02,Trabajoscom,Lleida,Igualada,CONDUCTOR/A CAMIÓN-CISTERNA Y TRÁILER CON ADR,Sin Data,Sin Data,Indefinido,Jornada Indiferente,Sin Data,RAS Interim - Recruiting,Sin Data
2026-09-02,Trabajoscom,Barcelona,Igualada,CONDUCTOR/A CAMIÓN-CISTERNA Y TRÁILER CON ADR,Sin Data,Sin Data,Indefinido,Jornada Indiferente,Sin Data,RAS Interim - Recruiting,Sin Data
2026-09-02,Trabajoscom,Huesca,Huesca,Comercial Sector Industrial - Internacional,Sin Data,Sin Data,Indefinido,Jornada Completa,Sin Data,Grupo Adecco,Sin Data
2026-09-02,Trabajoscom,Barcelona,Barcelona,Customer Service and Technical Support in German,Sin Data,Sin Data,De duracion determinada,Jornada Completa,Sin Data,Grupo Adecco,Sin Data
2026-09-02,Trabajoscom,Salamanca,Salamanca,Asesor/a Contable y Fiscal Salamanca,Sin Data,Sin Data,Indefinido,Jornada Completa,Sin Data,Grupo Adecco,Sin Data
2026-09-02,Trabajoscom,Tarragona,Igualada,TÉCNICO/A DE ESTUDIOS,Sin Data,Sin Data,Indefinido,Jornada Indiferente,Sin Data,RAS Interim - Recruiting,Sin Data
2026-09-02,Trabajoscom,Barcelona,Granollers,MOZO DE ALMACÉN CON CARNÉ DE CARRETILLA-GRANOLLERS,Sin Data,Sin Data,De duracion determinada,Jornada Completa,Sin Data,Temps,Sin Data
2026-09-02,Trabajoscom,Barcelona,El Prat De Llobregat,Técnico/a Mantenimiento Cintas Transportadoras,Sin Data,Sin Data,Indefinido,Media Jornada,Sin Data,Grupo Adecco,Sin Data
2026-09-02,Trabajoscom,Ourense,Ourense,Especialista en ventas - Ourense,Sin Data,Sin Data,Indefinido,Jornada Completa,Sin Data,Grupo Adecco,Sin Data
2026-09-02,Trabajoscom,Pontevedra,Pontevedra,Especialista en ventas - Pontevedra,Sin Data,Sin Data,Indefinido,Jornada Completa,Sin Data,Grupo Adecco,Sin Data
2026-09-02,Trabajoscom,A Coruña,A Coruña,Especialista en ventas - A Coruña,Sin Data,Sin Data,Indefinido,Jornada Completa,Sin Data,Grupo Adecco,Sin Data
2026-09-02,Trabajoscom,Sevilla,El Real De La Jara,Especialista en ventas - Sevilla,Sin Data,Sin Data,Indefinido,Jornada Completa,Sin Data,Grupo Adecco,Sin Data
2026-09-02,Trabajoscom,Burgos,Burgos,Electromecánico/a - Verallia Burgos,Sin Data,Sin Data,De duracion determinada,Media Jornada,Sin Data,Grupo Adecco,Sin Data
2026-09-02,Trabajoscom,Zaragoza,Zaragoza,Operario/a de montaje de electrodomésticos (Personal de EXTRAS),Sin Data,Sin Data,De duracion determinada,Jornada Completa,Sin Data,Grupo Adecco,Sin Data
2026-09-02,Trabajoscom,Madrid,Las Rozas De Madrid,Agente de atención al cliente de servicios jurídicos x sustitución - zona Las Rozas,17.000 € - 23.000 €,Sin Data,De duracion determinada,Jornada Completa,Sin Data,Temps,Sin Data
2026-09-02,Trabajoscom,Zaragoza,Zaragoza,REPARTIDOR/A DE PAQUETERÍA,Sin Data,Sin Data,De duracion determinada,Jornada Completa,Sin Data,Temps,Sin Data
2026-09-02,Trabajoscom,Barcelona,Martorell,PROJECT MANAGER,Sin Data,Sin Data,Indefinido,Jornada Indiferente,Sin Data,RAS Interim - Recruiting,Sin Data
2026-09-02,Trabajoscom,Madrid,Todo Madrid,Instalador de Teleasistencia - DomusVi TAD Madrid,Sin Data,Sin Data,De duracion determinada,Jornada Completa,Sin Data,DomusVi,Sin Data
2026-09-02,Trabajoscom,Madrid,El Escorial,Fisioterapeuta Centro de Día DomusVi El Escorial,Sin Data,Sin Data,Indefinido,Media Jornada,Sin Data,DomusVi,Sin Data
2026-09-02,Trabajoscom,Madrid,Arroyomolinos,ILUNION.  PREPARADOR DE PEDIDOS EN PLANTA INDUSTRIAL CON DISCAPACIDAD.  ARROYOMOLINOS,18.500 € - 20.000 €,Sin Data,De duracion determinada,Jornada Completa,Sin Data,Ilunion,Sin Data
2026-09-02,Trabajoscom,Baleares,Todo Baleares,Terapeuta Ocupacional - Centro de Día DomusVi Alcúdia,Sin Data,Sin Data,Indefinido,Media Jornada,Sin Data,DomusVi,Sin Data
2026-09-02,Trabajoscom,Cádiz,El Puerto De Santa María,"Cocinero/a  Foster´s Hollywood Puerto de Santa María, Cádiz [AGFHC]",1 €,Sin Data,Indefinido,Jornada Indiferente,Sin Data,Foster's Hollywood,Sin Data
2026-09-02,Trabajoscom,Castellón,Castellón De La Plana/castelló De La Plana,"Cocinero/a  Foster´s Hollywood Ciudad del Transporte, Castellón [AGFHC]",1 €,Sin Data,Indefinido,Jornada Indiferente,Sin Data,Foster's Hollywood,Sin Data
2026-09-02,Trabajoscom,Madrid,Meco,MOZOS/AS DE ALMACÉN - HUB,12 €,Sin Data,De duracion determinada,Jornada Completa,Sin Data,Grupo Noa's,Sin Data
2026-09-02,Trabajoscom,Valencia,Carlet,OPERARIO/A DE PICKING CON CARNET CARRETILLAS,Sin Data,Sin Data,Indefinido,Jornada Completa,Sin Data,Temps,Sin Data
2026-09-02,Trabajoscom,Barcelona,Sant Joan Despí,CAMARERO/A DE PISOS,1.500 € - 2.000 €,Sin Data,De duracion determinada,Media Jornada,Sin Data,Temps,Sin Data
2026-09-02,Trabajoscom,Las Palmas,Las Palmas De Gran Canaria,Técnico /a instrumentista - Las Palmas (indefinido/a),Sin Data,Sin Data,Indefinido,Jornada Completa,Sin Data,Temps,Sin Data
2026-09-02,Trabajoscom,Alicante,Finestrat,"Cocinero/a  Foster´s Hollywood Jornada Parcial Finestrat, Alicante [AGFHC]",1 €,Sin Data,Indefinido,Jornada Indiferente,Sin Data,Foster's Hollywood,Sin Data
2026-09-02,Trabajoscom,Valencia,Sollana,PALETIZADOR/A,Sin Data,Sin Data,De duracion determinada,Jornada Completa,Sin Data,Temps,Sin Data
2026-09-02,Trabajoscom,Valencia,Sollana,Ojeadores/as y línea de tratamiento para empresa de cítricos,Sin Data,Sin Data,De duracion determinada,Jornada Completa,Sin Data,Temps,Sin Data
2026-09-02,Trabajoscom,Valencia,Sollana,Ojeadores/as y línea de tratamiento para empresa de cítricos,Sin Data,Sin Data,De duracion determinada,Jornada Completa,Sin Data,Temps,Sin Data
2026-09-02,Trabajoscom,Guadalajara,Guadalajara,TECNICO DE REPARACION- PRODUCTOS DE CONSUMO,Sin Data,Sin Data,De duracion determinada,Jornada Completa,Sin Data,Temps,Sin Data
2026-09-02,Trabajoscom,Madrid,Griñón,Carretilleros/as frontal - 3 turnos rotativos- zona Griñón,19.000 €,Sin Data,De duracion determinada,Jornada Completa,Sin Data,Temps,Sin Data
2026-09-02,Trabajoscom,Barcelona,Martorell,COORDINADOR VERIFICADOR,Sin Data,Sin Data,Indefinido,Jornada Completa,Sin Data,Temps,Sin Data
2026-09-02,Trabajoscom, Sevilla, Sevilla,Mozo/a carga y descarga - Alcalá de Guadaíra,Sin Data,Sin Data,Indefinido,Jornada Completa,Sin Data,Crit Interim España ETT,Sin Data
2026-09-02,Trabajoscom, Madrid, Madrid,Comercial Hunter Sector de la Construcción,25.000 € - 32.000 €,Sin Data,Indefinido,Jornada Completa,Sin Data,Crit Interim España ETT,Sin Data
2026-09-02,Trabajoscom, Barcelona, Barcelona,Mozo/a campaña Verano Pallejà,Sin Data,Sin Data,De duracion determinada,Jornada Completa,Sin Data,Crit Interim España ETT,Sin Data
2026-09-02,Trabajoscom, Sevilla, Sevilla,Ingeniero/a con experiencia en Visual Basic.NET,Sin Data,Sin Data,Indefinido,Jornada Completa,Sin Data,Crit Interim España ETT,Sin Data
2026-09-02,Trabajoscom, Cádiz, Cádiz,SOLDADOR/A - AYUDA AL TRASLADO+CONTRATO INDEFINIDO,Sin Data,Sin Data,Indefinido,Jornada Completa,Sin Data,Iman Temporing,Sin Data
2026-09-02,Trabajoscom, Barcelona, Barcelona,Maquinista de rebobinadora y cortadora,Sin Data,Sin Data,De duracion determinada,Jornada Completa,Sin Data,Crit Interim España ETT,Sin Data
2026-09-02,Trabajoscom, Lleida, Lleida,Operario/a cárnico/a,Sin Data,Sin Data,Indefinido,Jornada Completa,Sin Data,Iman Temporing,Sin Data
2026-09-02,Trabajoscom, Valencia, Valencia,Ayudante Operador/a Puente Grúa,Sin Data,Sin Data,De duracion determinada,Jornada Completa,Sin Data,Crit Interim España ETT,Sin Data
2026-09-02,Trabajoscom, León, León,Repartidor/a León,Sin Data,Sin Data,De duracion determinada,Jornada Completa,Sin Data,Iman Temporing,Sin Data
2026-09-02,Trabajoscom, Araba, Araba,PINTOR/A- CONTRATO INDEFINIDO,Sin Data,Sin Data,Indefinido,Jornada Completa,Sin Data,Iman Temporing,Sin Data
2026-09-02,Trabajoscom, Madrid, Madrid,Operario/a Carretillero/a Frontal Daganzo,Sin Data,Sin Data,De duracion determinada,Jornada Completa,Sin Data,Crit Interim España ETT,Sin Data
2026-09-02,Trabajoscom, Murcia, Murcia,Mozo/a Almacén,Sin Data,Sin Data,De duracion determinada,Jornada Completa,Sin Data,Crit Interim España ETT,Sin Data
2026-09-02,Trabajoscom, Navarra, Navarra,Jefe/a de Equipo - Sector Industrial,Sin Data,Sin Data,De duracion determinada,Jornada Completa,Sin Data,Iman Temporing,Sin Data
2026-09-02,Trabajoscom, Córdoba, Córdoba,Operario-a envasado aceite,17.000 € - 18.000 €,Sin Data,De duracion determinada,Jornada Completa,Sin Data,Crit Interim España ETT,Sin Data
2026-09-02,Trabajoscom, Lleida, Lleida,Técnico/a de Soporte XR,Sin Data,Sin Data,Indefinido,Jornada Completa,Sin Data,Crit Interim España ETT,Sin Data
2026-09-02,Trabajoscom, Araba, Araba,Repartidores/as coche -Incorporación 10 septiembre,Sin Data,Sin Data,De duracion determinada,Jornada Completa,Sin Data,Crit Interim España ETT,Sin Data
2026-09-02,Trabajoscom, Barcelona, Barcelona,Administrativo/a de Producción,Sin Data,Sin Data,Indefinido,Jornada Completa,Sin Data,Iman Temporing,Sin Data
2026-09-02,Trabajoscom, Barcelona, Barcelona,Administrativo/a Logística con Carretilla,Sin Data,Sin Data,Indefinido,Jornada Completa,Sin Data,Crit Interim España ETT,Sin Data
2026-09-02,Trabajoscom, Zaragoza, Zaragoza,Operario/a de producción,Sin Data,Sin Data,Indefinido,Jornada Completa,Sin Data,Iman Temporing,Sin Data
2026-09-02,Trabajoscom, Barcelona, Barcelona,CAMARERO/A DE BARRA,12 € - 13 €,Sin Data,De duracion determinada,Jornada Completa,Sin Data,Iman Temporing,Sin Data
2026-09-02,Trabajoscom, Córdoba, Córdoba,Montador/a estructuras metálicas,22.000 € - 24.000 €,Sin Data,Indefinido,Jornada Completa,Sin Data,Crit Interim España ETT,Sin Data
2026-09-02,Trabajoscom, Barcelona, Barcelona,Auxiliar administrativo/a departamento de calidad,Sin Data,Sin Data,De duracion determinada,Jornada Completa,Sin Data,Iman Temporing,Sin Data
2026-09-02,Trabajoscom, Tarragona, Tarragona,Técnico/a de cromatografía líquida HPLC,Sin Data,Sin Data,De duracion determinada,Jornada Completa,Sin Data,Iman Temporing,Sin Data
2026-09-02,Trabajoscom, A Coruña, A Coruña,Personal de Limpieza - Centro Residencial DomusVi,Sin Data,Sin Data,De duracion determinada,Jornada Completa,Sin Data,DomusVi,Sin Data
2026-09-02,Trabajoscom, Madrid, Madrid,Pulidor/a de Metales con Radial,Sin Data,Sin Data,De duracion determinada,Jornada Completa,Sin Data,Crit Interim España ETT,Sin Data
2026-09-02,Trabajoscom, Lleida, Lleida,Operario/a,Sin Data,Sin Data,De duracion determinada,Jornada Completa,Sin Data,Iman Temporing,Sin Data
2026-09-02,Trabajoscom, Valencia, Valencia,Operario/a de producción.,19.200 € - 20.400 €,Sin Data,De duracion determinada,Jornada Completa,Sin Data,Iman Temporing,Sin Data
2026-09-02,Trabajoscom, Tarragona, Tarragona,Operario/a de envasado sector farmacéutico,Sin Data,Sin Data,De duracion determinada,Jornada Completa,Sin Data,Iman Temporing,Sin Data
2026-09-02,Trabajoscom, Baleares, Baleares,Recepcionista Centro Residencial DomusVi Santanyí,Sin Data,Sin Data,Indefinido,Jornada Indiferente,Sin Data,DomusVi,Sin Data
2026-09-02,Trabajoscom, Almería, Almería,Mozo cámara frigorífica (H/M),Sin Data,Sin Data,De duracion determinada,Jornada Completa,Sin Data,Crit Interim España ETT,Sin Data
2026-09-02,Trabajoscom, Castellón, Castellón,Carretillero/a ( Nules),Sin Data,Sin Data,Autonomo,Jornada Completa,Sin Data,Iman Temporing,Sin Data
2026-09-02,Trabajoscom, Asturias, Asturias,Instalador/a de alarmas y CCTV - Asturias,Sin Data,Sin Data,Indefinido,Jornada Completa,Sin Data,Crit Interim España ETT,Sin Data
2026-09-02,Trabajoscom, S.C. Tenerife, S.C. Tenerife,"Personal de hostelería (Breña Baja, La Palma)",19.000 € - 20.000 €,Sin Data,Indefinido,Jornada Completa,Sin Data,Pacto,Sin Data
2026-09-02,Trabajoscom, Salamanca, Salamanca,Técnico/a PRL (Recurso Preventivo) en Babilafuente,28.000 € - 30.000 €,Sin Data,Indefinido,Jornada Completa,Sin Data,Iman Global Consulting,Sin Data
2026-09-02,Trabajoscom, Bizkaia, Bizkaia,Operario/a (Sección Acabado -Chorro de Agua),Sin Data,Sin Data,Indefinido,Jornada Completa,Sin Data,Iman Temporing,Sin Data
2026-09-02,Trabajoscom, Jaén, Jaén,Personal Oficina Técnica Jaén H/M,Sin Data,Sin Data,Indefinido,Jornada Completa,Sin Data,Crit Interim España ETT,Sin Data
2026-09-02,Trabajoscom, Toledo, Toledo,Gerocultor/a - Auxiliar de enfermería Centro Residencial DomusVi Parque Gavilanes,Sin Data,Sin Data,De duracion determinada,Jornada Indiferente,Sin Data,DomusVi,Sin Data
2026-09-02,Trabajoscom, Bizkaia, Bizkaia,Jefe/a de Turno,Sin Data,Sin Data,Indefinido,Jornada Completa,Sin Data,Iman Temporing,Sin Data
2026-09-02,Trabajoscom, Madrid, Madrid,Ayudante cocina en fábrica (turnos rotativos),Sin Data,Sin Data,De duracion determinada,Jornada Completa,Sin Data,Crit Interim España ETT,Sin Data
2026-09-02,Trabajoscom, Valencia, Valencia,Ayudante Operador/a Puente Grúa,Sin Data,Sin Data,De duracion determinada,Jornada Completa,Sin Data,Crit Interim España ETT,Sin Data
2026-09-02,Trabajoscom, Araba, Araba,PINTOR/A- CONTRATO INDEFINIDO,Sin Data,Sin Data,Indefinido,Jornada Completa,Sin Data,Iman Temporing,Sin Data
2026-09-02,Trabajoscom, Madrid, Madrid,Operario/a Carretillero/a Frontal Daganzo,Sin Data,Sin Data,De duracion determinada,Jornada Completa,Sin Data,Crit Interim España ETT,Sin Data
2026-09-02,Trabajoscom, León, León,Repartidor/a León,Sin Data,Sin Data,De duracion determinada,Jornada Completa,Sin Data,Iman Temporing,Sin Data
2026-09-02,Trabajoscom, Tarragona, Tarragona,Operario/a Polivalente Plásticos,Sin Data,Sin Data,De duracion determinada,Jornada Completa,Sin Data,Iman Temporing,Sin Data
2026-09-02,Trabajoscom, Zaragoza, Zaragoza,Técnico/a de mantenimiento junior,Sin Data,Sin Data,De duracion determinada,Jornada Completa,Sin Data,Iman Temporing,Sin Data
2026-09-02,Trabajoscom, Madrid, Madrid,Mozo/a de Almacén,Sin Data,Sin Data,De duracion determinada,Jornada Completa,Sin Data,Crit Interim España ETT,Sin Data
2026-09-02,Trabajoscom, Barcelona, Barcelona,Operarios/as Producción - Polvos (Sector Farma),Sin Data,Sin Data,De duracion determinada,Jornada Completa,Sin Data,Iman Temporing,Sin Data
2026-09-02,Trabajoscom, Jaén, Jaén,Cuidador/a con Experiencia en Personas Mayores,Sin Data,Sin Data,A tiempo parcial,Jornada Completa,Sin Data,Crit Interim España ETT,Sin Data
2026-09-02,Trabajoscom, Girona, Girona,Revisador/a - Massanes,Sin Data,Sin Data,Indefinido,Jornada Completa,Sin Data,Pacto,Sin Data
2026-09-02,Trabajoscom, Salamanca, Salamanca,Técnico/a PRL (Recurso Preventivo) en Babilafuente,28.000 € - 30.000 €,Sin Data,Indefinido,Jornada Completa,Sin Data,Iman Global Consulting,Sin Data
2026-09-02,Trabajoscom, S.C. Tenerife, S.C. Tenerife,"Personal de hostelería (Breña Baja, La Palma)",19.000 € - 20.000 €,Sin Data,Indefinido,Jornada Completa,Sin Data,Pacto,Sin Data
2026-09-02,Trabajoscom, Lleida, Lleida,Electricista,Sin Data,Sin Data,Indefinido,Jornada Completa,Sin Data,Iman Temporing,Sin Data
2026-09-02,Trabajoscom, Madrid, Madrid,Operario/a Producción. Sector Metal.,23.000 € - 25.000 €,Sin Data,De duracion determinada,Jornada Completa,Sin Data,Iman Temporing,Sin Data
2026-09-02,Trabajoscom, Barcelona, Barcelona,Webmaster / Gestor/a de Contenidos Digitales,Sin Data,Sin Data,De duracion determinada,Jornada Completa,Sin Data,Crit Interim España ETT,Sin Data
2026-09-02,Trabajoscom, Barcelona, Barcelona,Resposanble de producción,50.000 € - 60.000 €,Sin Data,Indefinido,Jornada Completa,Sin Data,Iman Temporing,Sin Data
2026-09-02,Trabajoscom, Madrid, Madrid,Gerocultor/a - Auxiliar de enfermería Centro Residencial DomusVi Rosario,Sin Data,Sin Data,De duracion determinada,Jornada Indiferente,Sin Data,DomusVi,Sin Data
2026-09-02,Trabajoscom, Castellón, Castellón,Instalador/a,Sin Data,Sin Data,De duracion determinada,Jornada Completa,Sin Data,Iman Temporing,Sin Data
2026-09-02,Trabajoscom, Murcia, Murcia,Cerrajero/a,18.000 € - 24.000 €,Sin Data,Indefinido,Jornada Completa,Sin Data,Iman Temporing,Sin Data
2026-09-02,Trabajoscom, Murcia, Murcia,Carpintero/a metálico,18.000 € - 24.000 €,Sin Data,Indefinido,Jornada Completa,Sin Data,Iman Temporing,Sin Data
2026-09-02,Trabajoscom, Málaga, Málaga,Conductor/a Repartidor/a Málaga,Sin Data,Sin Data,De duracion determinada,Jornada Completa,Sin Data,Iman Temporing,Sin Data
2026-09-02,Trabajoscom, Murcia, Murcia,Maquinista de envasadora (H/M)- JAVALI NUEVO,Sin Data,Sin Data,Indefinido,Jornada Completa,Sin Data,Crit Interim España ETT,Sin Data
2026-09-02,Trabajoscom, Madrid, Madrid,Administrativo/a Contable - Importaciones,Sin Data,Sin Data,Indefinido,Jornada Completa,Sin Data,Crit Interim España ETT,Sin Data
2026-09-02,Trabajoscom, Valencia, Valencia,Operario/a de Montaje Electrónico – THT y Soldadura,Sin Data,Sin Data,De duracion determinada,Jornada Completa,Sin Data,Iman Temporing,Sin Data
2026-09-02,Trabajoscom, Murcia, Murcia,Operario/a producción (Horno/Freidora)- JAVALI NUEVO,Sin Data,Sin Data,Indefinido,Jornada Completa,Sin Data,Crit Interim España ETT,Sin Data
2026-09-02,Trabajoscom, Barcelona, Barcelona,Vigilantes Seguridad en Manresa - Organismo Salud,Sin Data,Sin Data,Indefinido,Jornada Completa,Sin Data,Iman Seguridad,Sin Data
2026-09-02,Trabajoscom, Murcia, Murcia,Técnico/a de Reparación de Equipos Informáticos,21.000 € - 23.000 €,Sin Data,Indefinido,Jornada Completa,Sin Data,Iman Temporing,Sin Data
2026-09-02,Trabajoscom, Barcelona, Barcelona,Dependiente/a de Panadería y Obrador,Sin Data,Sin Data,Indefinido,Jornada Completa,Sin Data,Crit Interim España ETT,Sin Data
2026-09-02,Trabajoscom, Bizkaia, Bizkaia,Operario/a Manipulador/a Industrial 2 turnos,22.000 €,Sin Data,De duracion determinada,Jornada Completa,Sin Data,Iman Temporing,Sin Data
2026-09-02,Trabajoscom, Barcelona, Barcelona,Operario/a extrusor/a turno tarde,Sin Data,Sin Data,Indefinido,Jornada Completa,Sin Data,Iman Temporing,Sin Data
2026-09-02,Trabajoscom, Cádiz, Cádiz,Comercial productos cárnicos Jerez-Bahía de Cádiz,1.800 €,Sin Data,Indefinido,Jornada Completa,Sin Data,Crit Interim España ETT,Sin Data
2026-09-02,Trabajoscom, Cantabria, Cantabria,Conductor/a con Carnet C + E más CAP,Sin Data,Sin Data,De duracion determinada,Jornada Completa,Sin Data,Crit Interim España ETT,Sin Data
2026-09-02,Trabajoscom, Murcia, Murcia,Maquinista de producción-sección líquidos,Sin Data,Sin Data,Indefinido,Jornada Completa,Sin Data,Crit Interim España ETT,Sin Data
2026-09-02,Trabajoscom, Alicante, Alicante,Gerocultor/a - Auxiliar de enfermería Centro Residencial DomusVi El Campello,Sin Data,Sin Data,Indefinido,Jornada Indiferente,Sin Data,DomusVi,Sin Data
2026-09-02,Trabajoscom, León, León,Director/a Centro Residencial DomusVi Virgen del Camino,Sin Data,Sin Data,De duracion determinada,Jornada Completa,Sin Data,DomusVi,Sin Data
2026-09-02,Trabajoscom, Bizkaia, Bizkaia,Carretillero/a Frontal y Retráctil,24.200 €,Sin Data,De duracion determinada,Jornada Completa,Sin Data,Iman Temporing,Sin Data
2026-09-02,Trabajoscom, Navarra, Navarra,Operario/a de línea de producción (Congelados),17.000 € - 19.000 €,Sin Data,De duracion determinada,Jornada Completa,Sin Data,Iman Temporing,Sin Data
2026-09-02,Trabajoscom, Murcia, Murcia,Maquinista de producción-sección líquidos,Sin Data,Sin Data,Indefinido,Jornada Completa,Sin Data,Crit Interim España ETT,Sin Data
2026-09-02,Trabajoscom, Madrid, Madrid,COMERCIAL (Transporte Internacional) en Madrid,24.000 € - 30.000 €,Sin Data,Indefinido,Jornada Completa,Sin Data,Iman Global Consulting,Sin Data
2026-09-02,Trabajoscom,Burgos,Burgos,MOZO/A DE ALMACÉN MEDIA JORNADA,Sin Data,Sin Data,Indefinido,Jornada Indiferente,Sin Data,RAS Interim,Sin Data
2026-09-02,Trabajoscom,Almería,Almeria,MOZO/A DE ALMACÉN CON CARRETILLA,Sin Data,Sin Data,Indefinido,Jornada Indiferente,Sin Data,RAS Interim,Sin Data
2026-09-02,Trabajoscom, Barcelona, Barcelona,Soldadores/as MIG - Les Franqueses del Vallès,28.031 €,Sin Data,De duracion determinada,Jornada Completa,Sin Data,Pacto,Sin Data
2026-09-02,Trabajoscom, Barcelona, Barcelona,Carretillero/a Retráctil (Sustitución),Sin Data,Sin Data,De duracion determinada,Jornada Completa,Sin Data,Iman Temporing,Sin Data
2026-09-02,Trabajoscom, Madrid, Madrid,Operario/a rotativas Días Sueltos,Sin Data,Sin Data,De duracion determinada,Jornada Completa,Sin Data,Crit Interim España ETT,Sin Data
2026-09-02,Trabajoscom, Granada, Granada,Electromecánico/a,Sin Data,Sin Data,De duracion determinada,Jornada Completa,Sin Data,Crit Interim España ETT,Sin Data
2026-09-02,Trabajoscom, Barcelona, Barcelona,Operarios/a Empaquetado temporal,Sin Data,Sin Data,Indefinido,Jornada Completa,Sin Data,Crit Interim España ETT,Sin Data
2026-09-02,Trabajoscom, Málaga, Málaga,Gerocultor/a - Auxiliar de enfermería Centro Residencial DomusVi Sierra de las Nieves,Sin Data,Sin Data,Indefinido,Media Jornada,Sin Data,DomusVi,Sin Data
2026-09-02,Trabajoscom, Huelva, Huelva,Contable Fiscal (H/M) Lepe,Sin Data,Sin Data,Indefinido,Jornada Completa,Sin Data,Crit Interim España ETT,Sin Data
2026-09-02,Trabajoscom, Murcia, Murcia,Conductor C+E+ ADR (H/M),Sin Data,Sin Data,Indefinido,Jornada Completa,Sin Data,Crit Interim España ETT,Sin Data
2026-09-02,Trabajoscom, Barcelona, Barcelona,Operario/a de Producción,Sin Data,Sin Data,De duracion determinada,Jornada Completa,Sin Data,Crit Interim España ETT,Sin Data
2026-09-02,Trabajoscom, Navarra, Navarra,Operario/a de mecanizado,27.000 € - 27.800 €,Sin Data,De duracion determinada,Jornada Completa,Sin Data,Iman Temporing,Sin Data
2026-09-02,Trabajoscom, Barcelona, Barcelona,Operari/a Cardona torns rotatius,19.719 € - 21.000 €,Sin Data,De duracion determinada,Jornada Completa,Sin Data,Iman Temporing,Sin Data
2026-09-02,Trabajoscom, Barcelona, Barcelona,Recepcionista,15.600 € - 16.800 €,Sin Data,De duracion determinada,Media Jornada,Sin Data,Crit Interim España ETT,Sin Data
2026-09-02,Trabajoscom,Guadalajara,Marchamalo,OPERARIOS/AS DE PRODUCCIÓN,Sin Data,Sin Data,De duracion determinada,Jornada Indiferente,Sin Data,RAS Interim,Sin Data
2026-09-02,Trabajoscom,Guadalajara,Marchamalo,CONDUCTOR/A  DE CAMIÓN C,Sin Data,Sin Data,Indefinido,Jornada Indiferente,Sin Data,RAS Interim,Sin Data
2026-09-02,Trabajoscom, Madrid, Madrid,MANIPULADOR/A,Sin Data,Sin Data,Indefinido,Jornada Indiferente,Sin Data,RAS Interim,Sin Data
2026-09-02,Trabajoscom, Madrid, Madrid,TROQUELADOR/A DE CARTÓN,Sin Data,Sin Data,Indefinido,Jornada Indiferente,Sin Data,RAS Interim,Sin Data
2026-09-02,Trabajoscom, Barcelona, Barcelona,Control de accesos (CON CERTIFICADO +33% Discapacidad o IPT) Vehículo / Corbera,Sin Data,Sin Data,Indefinido,Jornada Indiferente,Sin Data,Diswork,Sin Data
2026-09-02,Trabajoscom, Murcia, Murcia,Técnico/a de Recursos humanos,20.000 € - 23.000 €,Sin Data,Indefinido,Jornada Completa,Sin Data,Iman Temporing,Sin Data
2026-09-02,Trabajoscom,Madrid,Alalpardo,GRABADOR/A DE DATOS,Sin Data,Sin Data,Indefinido,Jornada Indiferente,Sin Data,RAS Interim,Sin Data
2026-09-02,Trabajoscom, Barcelona, Barcelona,Chofer carnet C+E,15 € - 16 €,Sin Data,De duracion determinada,Jornada Completa,Sin Data,Iman Temporing,Sin Data
2026-09-02,Trabajoscom, Madrid, Madrid,Técnico/a contable,Sin Data,Sin Data,Indefinido,Jornada Completa,Sin Data,Crit Interim España ETT,Sin Data
2026-09-02,Trabajoscom, Bizkaia, Bizkaia,Operario/a fábrica. Experiencia en construcción,Sin Data,Sin Data,De duracion determinada,Jornada Completa,Sin Data,Iman Temporing,Sin Data
2026-09-02,Trabajoscom, Granada, Granada,Conductor/a de Trailer C+E+CAP LOJA,24.000 € - 26.000 €,Sin Data,Indefinido,Jornada Completa,Sin Data,Crit Interim España ETT,Sin Data
2026-09-02,Trabajoscom, Toledo, Toledo,Ayudante técnico/a de calidad - Los Yébenes,Sin Data,Sin Data,De duracion determinada,Jornada Completa,Sin Data,Iman Temporing,Sin Data
2026-09-02,Trabajoscom,Madrid,Torrejon De Ardoz,OPERARIO/A PRODUCCIÓN,Sin Data,Sin Data,Indefinido,Jornada Indiferente,Sin Data,RAS Interim,Sin Data
2026-09-02,Trabajoscom,Madrid,Coslada,MOZO/A ALMACÉN ESPECIALISTA,Sin Data,Sin Data,Indefinido,Jornada Indiferente,Sin Data,RAS Interim,Sin Data
2026-09-02,Trabajoscom,Madrid,Daganzo De Arriba,AUXILIAR ADMINISTRATIVO/A,Sin Data,Sin Data,Indefinido,Jornada Indiferente,Sin Data,RAS Interim,Sin Data
2026-09-02,Trabajoscom,Madrid,Mejorada Del Campo,"OFICIALES 1ª, 2ª Y 3ª",Sin Data,Sin Data,Indefinido,Jornada Indiferente,Sin Data,RAS Interim,Sin Data
2026-09-02,Trabajoscom,Madrid,Madrid,REPARTIDOR/A CAMIÓN,Sin Data,Sin Data,Indefinido,Jornada Indiferente,Sin Data,RAS Interim,Sin Data
2026-09-02,Trabajoscom,Valencia,Valencia,OPERARIO/A VERIFICADOR/A DE MUEBLES,Sin Data,Sin Data,De duracion determinada,Jornada Indiferente,Sin Data,RAS Interim,Sin Data
2026-09-02,Trabajoscom,Guadalajara,Marchamalo,TÉCNICO/A EN INSTALACIONES FRIGORÍFICAS Y DE CLIMATIZACIÓN,Sin Data,Sin Data,De duracion determinada,Jornada Indiferente,Sin Data,RAS Interim,Sin Data
2026-09-02,Trabajoscom,Alicante,Alicante,MOZO/ A DE ALMACÉN CARRETILLERO/A EN FRIO,Sin Data,Sin Data,De duracion determinada,Jornada Indiferente,Sin Data,RAS Interim,Sin Data
2026-09-02,Trabajoscom,Madrid,Madrid,TÉCNICO/A EN INSTALACIONES ELÉCTRICAS,Sin Data,Sin Data,De duracion determinada,Jornada Indiferente,Sin Data,RAS Interim,Sin Data
2026-09-02,Trabajoscom,Madrid,Alcobendas,MANIPULADOR/A,Sin Data,Sin Data,Indefinido,Jornada Indiferente,Sin Data,RAS Interim,Sin Data
2026-09-02,Trabajoscom,Guadalajara,Guadalajara,MOZO/A ALMACÉN CON NOCIONES OFIMÁTICAS,Sin Data,Sin Data,Indefinido,Jornada Indiferente,Sin Data,RAS Interim,Sin Data
2026-09-02,Trabajoscom,Barcelona,Mataro,OPERARIO/A MAQUINISTA,Sin Data,Sin Data,Indefinido,Jornada Indiferente,Sin Data,RAS Interim,Sin Data
2026-09-02,Trabajoscom,Madrid,Madrid,TÉCNICO/A EN INSTALACIONES ELÉCTRICAS,Sin Data,Sin Data,De duracion determinada,Jornada Indiferente,Sin Data,RAS Interim,Sin Data
2026-09-02,Trabajoscom,Madrid,Alcala De Henares,MANIPULADOR/A,Sin Data,Sin Data,Indefinido,Jornada Indiferente,Sin Data,RAS Interim,Sin Data
2026-09-02,Trabajoscom,Madrid,Alcobendas,MANIPULADOR/A,Sin Data,Sin Data,Indefinido,Jornada Indiferente,Sin Data,RAS Interim,Sin Data
2026-09-02,Trabajoscom,Guadalajara,Yunquera De Henares,OPERARIO/A LOGÍSTICA,Sin Data,Sin Data,Indefinido,Jornada Indiferente,Sin Data,RAS Interim,Sin Data
2026-09-02,Trabajoscom,Barcelona,Mataro,OPERARIO INDUSTRIAL,Sin Data,Sin Data,Indefinido,Jornada Indiferente,Sin Data,RAS Interim,Sin Data
2026-09-02,Trabajoscom,Barcelona,Mataro,OPERARIO/A MAQUINISTA INDUSTRIAL,Sin Data,Sin Data,Indefinido,Jornada Indiferente,Sin Data,RAS Interim,Sin Data
2026-09-02,Trabajoscom,Valencia,Benifaio,ENCAJADOR/A HORTOFRUTÍCOLA,Sin Data,Sin Data,Indefinido,Jornada Indiferente,Sin Data,RAS Interim,Sin Data
2026-09-02,Trabajoscom,Sevilla,Sevilla,INVENTARISTA,Sin Data,Sin Data,Indefinido,Jornada Indiferente,Sin Data,RAS Interim,Sin Data
2026-09-02,Trabajoscom,Murcia,Murcia,MOZO/A DE ALMACÉN MEDIA JORNADA,Sin Data,Sin Data,Indefinido,Jornada Indiferente,Sin Data,RAS Interim,Sin Data
2026-09-02,Trabajoscom,Barcelona,Mataro,MANIPULADOR/A PICKING,Sin Data,Sin Data,Indefinido,Jornada Indiferente,Sin Data,RAS Interim,Sin Data
2026-09-02,Trabajoscom,Madrid,Alcala De Henares,GRABADOR/A DATOS,Sin Data,Sin Data,Indefinido,Jornada Indiferente,Sin Data,RAS Interim,Sin Data
2026-09-02,Trabajoscom,Bizkaia,Gandia,AYUDANTE DE CAMARERO/A,Sin Data,Sin Data,De duracion determinada,Jornada Indiferente,Sin Data,RAS Interim,Sin Data
2026-09-02,Trabajoscom,Valencia,Paterna,MOZO/A DE ALMACÉN,Sin Data,Sin Data,De duracion determinada,Jornada Indiferente,Sin Data,RAS Interim,Sin Data
2026-09-02,Trabajoscom,Burgos,Burgos,MOZO/A DE ALMACÉN 20 HORAS,Sin Data,Sin Data,A tiempo parcial,Jornada Indiferente,Sin Data,RAS Interim,Sin Data
2026-09-02,Trabajoscom,Guadalajara,Cabanillas Del Campo,LIMPIADOR/A CON CERTIFICADO DE DISCAPACIDAD,Sin Data,Sin Data,Indefinido,Jornada Indiferente,Sin Data,RAS Interim,Sin Data
2026-09-02,Trabajoscom,Alicante,Alicante,INVENTARISTA,Sin Data,Sin Data,De duracion determinada,Jornada Indiferente,Sin Data,RAS Interim,Sin Data
2026-09-02,Trabajoscom,Alicante,Alicante,MOZO/A DE ALMACÉN Y CARRETILLERO/A RETRÁCTIL.,Sin Data,Sin Data,De duracion determinada,Jornada Indiferente,Sin Data,RAS Interim,Sin Data
2026-09-02,Trabajoscom,Madrid,San Fernando De Henares,GESTOR/A TRÁFICO,Sin Data,Sin Data,Indefinido,Jornada Indiferente,Sin Data,RAS Interim,Sin Data
2026-09-02,Trabajoscom,Albacete,Albacete,ENCAJADOR/A DE FRUTA Y MOZO/A CARRETILLERO/A,Sin Data,Sin Data,De duracion determinada,Jornada Indiferente,Sin Data,RAS Interim,Sin Data
2026-09-02,Trabajoscom,Valencia,Paiporta,DELINEANTE ADMINISTRATIVO/A,Sin Data,Sin Data,De duracion determinada,Jornada Indiferente,Sin Data,RAS Interim,Sin Data
2026-09-02,Trabajoscom,Barcelona,Mataro,MOZO/A DE EXPEDICIONES,Sin Data,Sin Data,Indefinido,Jornada Indiferente,Sin Data,RAS Interim,Sin Data
2026-09-02,Trabajoscom,Barcelona,Badalona,MAQUINISTA,Sin Data,Sin Data,Indefinido,Jornada Indiferente,Sin Data,RAS Interim,Sin Data
2026-09-02,Trabajoscom,Barcelona,Vilassar De Dalt,OPERARIO/A ELECTRÓNICA,Sin Data,Sin Data,Indefinido,Jornada Indiferente,Sin Data,RAS Interim,Sin Data
2026-09-02,Trabajoscom,Madrid,Alcala De Henares,OPERARIO/A ALUMINIO,Sin Data,Sin Data,Indefinido,Jornada Indiferente,Sin Data,RAS Interim,Sin Data
2026-09-02,Trabajoscom,Madrid,San Fernando De Henares,MOZO/A ALMACÉN,Sin Data,Sin Data,Indefinido,Jornada Indiferente,Sin Data,RAS Interim,Sin Data
2026-09-02,Trabajoscom,Bizkaia,Gandia,AYUDANTE/A DE  CAMARERO/A,Sin Data,Sin Data,De duracion determinada,Jornada Indiferente,Sin Data,RAS Interim,Sin Data
2026-09-02,Trabajoscom,Bizkaia,Gandia,AYUDANTE/A DE COCINA - FRIEGAPLATOS,Sin Data,Sin Data,De duracion determinada,Jornada Indiferente,Sin Data,RAS Interim,Sin Data
2026-09-02,Trabajoscom,Barcelona,Mataro,OPERARIO/A PRODUCCIÓN,Sin Data,Sin Data,Indefinido,Jornada Indiferente,Sin Data,RAS Interim,Sin Data
2026-09-02,Trabajoscom,Valencia,Carlet,CARRETILLERO/A CON CERTIFICADO DE DISCAPACIDAD,Sin Data,Sin Data,Indefinido,Jornada Indiferente,Sin Data,RAS Interim,Sin Data
2026-09-02,Trabajoscom,Valencia,Alaquas,AYUDANTE/A DE COCINA Y FRIEGAPLATOS.,Sin Data,Sin Data,De duracion determinada,Jornada Indiferente,Sin Data,RAS Interim,Sin Data
2026-09-02,Trabajoscom,Barcelona,Dosrius,OPERARIO/A QUÍMICO,Sin Data,Sin Data,Indefinido,Jornada Indiferente,Sin Data,RAS Interim,Sin Data
2026-09-02,Trabajoscom,Valencia,Paterna,MOZO/A DE ALMACÉN CARRETILLERO/A,Sin Data,Sin Data,De duracion determinada,Jornada Indiferente,Sin Data,RAS Interim,Sin Data
2026-09-02,Trabajoscom,Valencia,Riba-Roja De Turia,MOZO/A DE ALMACÉN,Sin Data,Sin Data,De duracion determinada,Jornada Indiferente,Sin Data,RAS Interim,Sin Data
2026-09-02,Trabajoscom,Barcelona,Mataro,OPERARIO/A MONTAJE CABLEADO,Sin Data,Sin Data,Indefinido,Jornada Indiferente,Sin Data,RAS Interim,Sin Data
2026-09-02,Trabajoscom,Barcelona,Piera,OPERARIO/A PIERA,Sin Data,Sin Data,Indefinido,Jornada Indiferente,Sin Data,RAS Interim,Sin Data
2026-09-02,Trabajoscom,Barcelona,Mataro,OPERARIO/A PLEGADOR/A,Sin Data,Sin Data,Indefinido,Jornada Indiferente,Sin Data,RAS Interim,Sin Data
2026-09-02,Trabajoscom,Valencia,Valencia,JEFE/A DE SALA Y JEFE/A DE COCINA,Sin Data,Sin Data,De duracion determinada,Jornada Indiferente,Sin Data,RAS Interim,Sin Data
2026-09-02,Trabajoscom,Tarragona,Valls,OPERARIO/A LOGISTICO POLIFUNCIONAL,Sin Data,Sin Data,Indefinido,Jornada Indiferente,Sin Data,RAS Interim,Sin Data
2026-09-02,Trabajoscom,Valencia,Valencia,AYUDANTE/A DE COCINA - FRIEGAPLATOS,Sin Data,Sin Data,De duracion determinada,Jornada Indiferente,Sin Data,RAS Interim,Sin Data
2026-09-02,Trabajoscom,Valencia,Valencia,ELÉCTRICO/A OFICIAL DE 1ª,Sin Data,Sin Data,Indefinido,Jornada Indiferente,Sin Data,RAS Interim,Sin Data
2026-09-02,Trabajoscom,Barcelona,Barcelona,TÉCNICO/A DE MANTENIMIENTO,Sin Data,Sin Data,Indefinido,Jornada Indiferente,Sin Data,RAS Interim - Recruiting,Sin Data
2026-09-02,Trabajoscom,Valencia,Valencia,AYUDANTE/A DE COCINA - FRIEGAPLATOS,Sin Data,Sin Data,De duracion determinada,Jornada Indiferente,Sin Data,RAS Interim,Sin Data
2026-09-02,Trabajoscom,Burgos,Burgos,MOZO/A DE ALMACÉN/CARRETILLERO/A,Sin Data,Sin Data,Indefinido,Jornada Indiferente,Sin Data,RAS Interim,Sin Data
2026-09-02,Trabajoscom,A Coruña,Santiago De Compostela,MOZO/A / OPERARIO/A SAT CON APOYO ADMINISTRATIVO,Sin Data,Sin Data,Indefinido,Jornada Indiferente,Sin Data,RAS Interim,Sin Data
2026-09-02,Trabajoscom,Valencia,Paterna,MOZO/A DE ALMACÉN,Sin Data,Sin Data,De duracion determinada,Jornada Indiferente,Sin Data,RAS Interim,Sin Data
2026-09-02,Trabajoscom,Valencia,Valencia,TÉCNICO/A DE MANTENIMIENTO POLIVALENTE,Sin Data,Sin Data,Indefinido,Jornada Indiferente,Sin Data,RAS Interim,Sin Data
2026-09-02,Trabajoscom,Valencia,Valencia,ELÉCTRICO/A,Sin Data,Sin Data,Indefinido,Jornada Indiferente,Sin Data,RAS Interim,Sin Data
2026-09-02,Trabajoscom,Murcia,Murcia,OFICIAL DE PRIMERA ELECTROMECÁNICO/A,Sin Data,Sin Data,Indefinido,Jornada Indiferente,Sin Data,RAS Interim,Sin Data
2026-09-02,Trabajoscom,Valencia,Benifaio,AUXILIAR DE PRODUCCIÓN,Sin Data,Sin Data,Indefinido,Jornada Indiferente,Sin Data,RAS Interim,Sin Data
2026-09-02,Trabajoscom,Murcia,Murcia,JEFE/A DE OBRA,Sin Data,Sin Data,Indefinido,Jornada Indiferente,Sin Data,RAS Interim,Sin Data
2026-09-02,Trabajoscom,Córdoba,Cordoba,GRABADOR/A DE DATOS,Sin Data,Sin Data,Indefinido,Jornada Indiferente,Sin Data,RAS Interim,Sin Data
2026-09-02,Trabajoscom,Madrid,Paracuellos De Jarama,ELECTROMECÁNICO/A MANTENIMIENTO,Sin Data,Sin Data,Indefinido,Jornada Indiferente,Sin Data,RAS Interim,Sin Data
2026-09-02,Trabajoscom,Barcelona,Mataro,OPERARIO/A MONTAJE,Sin Data,Sin Data,Indefinido,Jornada Indiferente,Sin Data,RAS Interim,Sin Data
2026-09-02,Trabajoscom,Lleida,Castellar De La Ribera,CARRETILLERO/A SECTOR HORTOFRUTÍCOLA,Sin Data,Sin Data,Indefinido,Jornada Indiferente,Sin Data,RAS Interim,Sin Data
2026-09-02,Trabajoscom,Madrid,Mejorada Del Campo,OFICIAL 1º Y 2º SOLDADOR/A,Sin Data,Sin Data,Indefinido,Jornada Indiferente,Sin Data,RAS Interim,Sin Data
2026-09-02,Trabajoscom,Lleida,Castellar De La Ribera,ENCAJADOR/A DE CITRICOS CON EXPERIENCIA,Sin Data,Sin Data,Indefinido,Jornada Indiferente,Sin Data,RAS Interim,Sin Data
2026-09-02,Trabajoscom,Barcelona,Mataro,OPERARIO/A INSTALACIONES ELECTRÓNICA,Sin Data,Sin Data,Indefinido,Jornada Indiferente,Sin Data,RAS Interim,Sin Data
2026-09-02,Trabajoscom,Guadalajara,Alovera,MANIPULADOR/A,Sin Data,Sin Data,Indefinido,Jornada Indiferente,Sin Data,RAS Interim,Sin Data
2026-09-02,Trabajoscom,Valencia,Riba-Roja De Turia,AUXILIAR ADMINISTRATIVO/A,Sin Data,Sin Data,De duracion determinada,Jornada Indiferente,Sin Data,RAS Interim,Sin Data
2026-09-02,Trabajoscom,Valencia,Alaquas,AYUDANTE/A DE COCINA Y FRIEGAPLATOS.,Sin Data,Sin Data,De duracion determinada,Jornada Indiferente,Sin Data,RAS Interim,Sin Data
2026-09-02,Trabajoscom,Albacete,Albacete,MOZO/A CARRETILLERO/A Y ENCAJADOR/A HORTOFRUTICOLA,Sin Data,Sin Data,De duracion determinada,Jornada Indiferente,Sin Data,RAS Interim,Sin Data
2026-09-02,Trabajoscom,A Coruña,Santiago De Compostela,MOZO/A Y CARRETILLERO/A,Sin Data,Sin Data,Indefinido,Jornada Indiferente,Sin Data,RAS Interim,Sin Data
2026-09-02,Trabajoscom,Valencia,Paterna,AUXILIAR ADMINISTRATIVO/A CONTABLE,Sin Data,Sin Data,De duracion determinada,Jornada Indiferente,Sin Data,RAS Interim,Sin Data
2026-09-02,Trabajoscom,Valencia,Valencia,ELÉCTRICO/A OFICIAL DE 1ª,Sin Data,Sin Data,Indefinido,Jornada Indiferente,Sin Data,RAS Interim,Sin Data
2026-09-02,Trabajoscom,Teruel,Las Planas De Castellote,ELECTRICISTA INDUSTRIAL,Sin Data,Sin Data,De duracion determinada,Jornada Indiferente,Sin Data,RAS Interim,Sin Data
2026-09-02,Trabajoscom,Madrid,San Agustin Del Guadalix,TÉCNICO/A ELECTROMECÁNICO/A,Sin Data,Sin Data,Indefinido,Jornada Indiferente,Sin Data,RAS Interim,Sin Data
2026-09-02,Trabajoscom,Barcelona,Mataro,MOZO/A DE ALMACÉN,Sin Data,Sin Data,Indefinido,Jornada Indiferente,Sin Data,RAS Interim,Sin Data
2026-09-02,Trabajoscom,Madrid,San Fernando De Henares,MOZO/A DE ALMACEN- SAN FERNANDO DE HENARES,Sin Data,Sin Data,A tiempo parcial,Jornada Indiferente,Sin Data,RAS Interim,Sin Data
2026-09-02,Trabajoscom,Valencia,Riba-Roja De Turia,MOZO/A DE ALMACÉN Y CARRETILLERO/A.,Sin Data,Sin Data,De duracion determinada,Jornada Indiferente,Sin Data,RAS Interim,Sin Data
2026-09-02,Trabajoscom,Valencia,Valencia,TÉCNICO/A DE MANTENIMIENTO INDUSTRIAL,Sin Data,Sin Data,Indefinido,Jornada Indiferente,Sin Data,RAS Interim,Sin Data
2026-09-02,Trabajoscom,Valencia,Paterna,MOZO/A CARRETILLERO RECTRACTIL,Sin Data,Sin Data,Indefinido,Jornada Indiferente,Sin Data,RAS Interim,Sin Data
2026-09-02,Trabajoscom,Valencia,Valencia,AYUDANTE/A DE COCINA - FRIEGAPLATOS,Sin Data,Sin Data,De duracion determinada,Jornada Indiferente,Sin Data,RAS Interim,Sin Data
2026-09-02,Trabajoscom,Guadalajara,San Andres Del Rey,ENCUESTADOR/A,Sin Data,Sin Data,Indefinido,Jornada Indiferente,Sin Data,RAS Interim,Sin Data
2026-09-02,Trabajoscom,Valencia,Valencia,TÉCNICO/A DE ELECTRICIDAD,Sin Data,Sin Data,Indefinido,Jornada Indiferente,Sin Data,RAS Interim,Sin Data
2026-09-02,Trabajoscom,Valencia,Paterna,CARPINTERO/A,Sin Data,Sin Data,Indefinido,Jornada Indiferente,Sin Data,RAS Interim,Sin Data
2026-09-02,Trabajoscom,Barcelona,Vilafranca Del Penedes,ADMINISTRATIVO/A DE TRAFICO CON INGLÉS,Sin Data,Sin Data,Indefinido,Jornada Indiferente,Sin Data,RAS Interim,Sin Data
2026-09-02,Trabajoscom,Teruel,Las Planas De Castellote,SOLDADOR/A DE ALUMINIO,Sin Data,Sin Data,Indefinido,Jornada Indiferente,Sin Data,RAS Interim,Sin Data
2026-09-02,Trabajoscom,Madrid,San Fernando De Henares,MOZO/A ALMACÉN SAN FERNANDO DE HENARES,Sin Data,Sin Data,A tiempo parcial,Jornada Indiferente,Sin Data,RAS Interim,Sin Data
2026-09-02,Trabajoscom,Alicante,Denia,ELECTRICISTA,Sin Data,Sin Data,Indefinido,Jornada Indiferente,Sin Data,RAS Interim,Sin Data
2026-09-02,Trabajoscom,Tarragona,Tarragona,TORNERO/A CNC - FANUC,Sin Data,Sin Data,Indefinido,Jornada Indiferente,Sin Data,RAS Interim,Sin Data
2026-09-02,Trabajoscom,Teruel,Las Planas De Castellote,SOLDADOR/A DE ALUMINIO,Sin Data,Sin Data,Indefinido,Jornada Indiferente,Sin Data,RAS Interim,Sin Data
2026-09-02,Trabajoscom,Barcelona,Gava,TELEOPERADORES/AS ATENCIÓN AL CLIENTE,Sin Data,Sin Data,Indefinido,Jornada Indiferente,Sin Data,RAS Interim,Sin Data
2026-09-02,Trabajoscom,Valencia,Paiporta,OPERARIO/A DE PRODUCCION,Sin Data,Sin Data,Indefinido,Jornada Indiferente,Sin Data,RAS Interim,Sin Data
2026-09-02,Trabajoscom,Madrid,Ribatejada,GRABADOR/A DE DATOS,Sin Data,Sin Data,Indefinido,Jornada Indiferente,Sin Data,RAS Interim,Sin Data
2026-09-02,Trabajoscom,Tarragona,Tarragona,TORNERO/A CNC - FANUC,Sin Data,Sin Data,Indefinido,Jornada Indiferente,Sin Data,RAS Interim,Sin Data
2026-09-02,Trabajoscom,Valencia,Meliana,AYUDANTE/A CAMARERO/A,Sin Data,Sin Data,De duracion determinada,Jornada Indiferente,Sin Data,RAS Interim,Sin Data
2026-09-02,Trabajoscom,Valencia,Paterna,ELECTRICISTA INDUSTRIAL,Sin Data,Sin Data,De duracion determinada,Jornada Indiferente,Sin Data,RAS Interim,Sin Data
2026-09-02,Trabajoscom,Guadalajara,Yunquera De Henares,TECNICO/A DE MANTENIMIENTO,Sin Data,Sin Data,Indefinido,Jornada Indiferente,Sin Data,RAS Interim,Sin Data
2026-09-02,Trabajoscom,Valencia,Alzira,ADMINITRATIVO/A CONTABLE,Sin Data,Sin Data,Indefinido,Jornada Indiferente,Sin Data,RAS Interim,Sin Data
2026-09-02,Trabajoscom,Valencia,Paterna,OPERARIO/A DE PINTURA A PISTOLA EN CABINA,Sin Data,Sin Data,Indefinido,Jornada Indiferente,Sin Data,RAS Interim,Sin Data
2026-09-02,Trabajoscom,Valencia,Valencia,CHOFER REPARTIDOR/A,Sin Data,Sin Data,Indefinido,Jornada Indiferente,Sin Data,RAS Interim,Sin Data
2026-09-02,Trabajoscom,Valencia,Carcaixent,ENCAJADOR/A SECTOR HORTOFRUTÍCOLA,Sin Data,Sin Data,De duracion determinada,Jornada Indiferente,Sin Data,RAS Interim,Sin Data
2026-09-02,Trabajoscom,Valencia,Meliana,AYUDANTE/A DE COCINA - FRIEGAPLATOS,Sin Data,Sin Data,De duracion determinada,Jornada Indiferente,Sin Data,RAS Interim,Sin Data
2026-09-02,Trabajoscom,Valencia,Meliana,AYUDANTE/A CAMARERO/A,Sin Data,Sin Data,De duracion determinada,Jornada Indiferente,Sin Data,RAS Interim,Sin Data
2026-09-02,Trabajoscom,A Coruña,Santiago De Compostela,MOZO/A DE ALMACEN,Sin Data,Sin Data,Indefinido,Jornada Indiferente,Sin Data,RAS Interim,Sin Data
2026-09-02,Trabajoscom,Tarragona,Reus,ALMACENISTA,Sin Data,Sin Data,Indefinido,Jornada Indiferente,Sin Data,RAS Interim,Sin Data
2026-09-02,Trabajoscom,Valencia,Paterna,CARPINTERO/A,Sin Data,Sin Data,Indefinido,Jornada Indiferente,Sin Data,RAS Interim,Sin Data
2026-09-02,Trabajoscom,Valencia,Alaquas,AYUDANTE/A DE COCINA Y FRIEGAPLATOS.,Sin Data,Sin Data,De duracion determinada,Jornada Indiferente,Sin Data,RAS Interim,Sin Data
2026-09-02,Trabajoscom,Valencia,Meliana,AYUDANTE/A DE COCINA - FRIEGAPLATOS,Sin Data,Sin Data,De duracion determinada,Jornada Indiferente,Sin Data,RAS Interim,Sin Data
2026-09-02,Trabajoscom,Burgos,Burgos,MOZO/A DE ALMACÉN/CARRETILLERO/A,Sin Data,Sin Data,Indefinido,Jornada Indiferente,Sin Data,RAS Interim,Sin Data
2026-09-02,Trabajoscom,Valencia,Almussafes,OPERARIO/A DE LIMPIEZA CON CERTIFICADO DE DISCAPACIDAD,Sin Data,Sin Data,Indefinido,Jornada Indiferente,Sin Data,RAS Interim,Sin Data
2026-09-02,Trabajoscom,Valencia,Alaquas,Copy of AYUDANTE/A DE COCINA Y FRIEGAPLATOS.,Sin Data,Sin Data,De duracion determinada,Jornada Indiferente,Sin Data,RAS Interim,Sin Data
2026-09-02,Trabajoscom,Almería,Almeria,MOZO/A PUENTE GRUA,Sin Data,Sin Data,De duracion determinada,Jornada Indiferente,Sin Data,RAS Interim,Sin Data
2026-09-02,Trabajoscom,Valencia,Almussafes,OPERARIO/A DE LIMPIEZA CON CERTIFICADO DE DISCAPACIDAD,Sin Data,Sin Data,Indefinido,Jornada Indiferente,Sin Data,RAS Interim,Sin Data
2026-09-02,Trabajoscom,Valencia,Paterna,MOZO/A DE ALMACÉN CARRETILLERO/A,Sin Data,Sin Data,De duracion determinada,Jornada Indiferente,Sin Data,RAS Interim,Sin Data
2026-09-02,Trabajoscom,Guadalajara,Alovera,CONDUCTORES/AS,Sin Data,Sin Data,Indefinido,Jornada Indiferente,Sin Data,RAS Interim,Sin Data
2026-09-02,Trabajoscom,Girona,Hostalric,AYUDANTE/A DE MAQUINISTA,Sin Data,Sin Data,Indefinido,Jornada Indiferente,Sin Data,RAS Interim,Sin Data
2026-09-02,Trabajoscom,Girona,Santa Coloma De Farners,OPERARIO/A VERIFICADOR/A,Sin Data,Sin Data,Indefinido,Jornada Indiferente,Sin Data,RAS Interim,Sin Data
2026-09-02,Trabajoscom,Barcelona,Tordera,OPERARIO/A DE PRODUCCIÓN,Sin Data,Sin Data,Indefinido,Jornada Indiferente,Sin Data,RAS Interim,Sin Data
2026-09-02,Trabajoscom,Girona,Santa Coloma De Farners,OPERARIO/A TEXTIL,Sin Data,Sin Data,Indefinido,Jornada Indiferente,Sin Data,RAS Interim,Sin Data
2026-09-02,Trabajoscom,Burgos,Burgos,MOZO/A DE ALMACÉN/CARRETILLERO/A,Sin Data,Sin Data,Indefinido,Jornada Indiferente,Sin Data,RAS Interim,Sin Data
2026-09-02,Trabajoscom,Murcia,Murcia,MOZO/A DE ALMACÉN TURNO NOCTURNO,Sin Data,Sin Data,Indefinido,Jornada Indiferente,Sin Data,RAS Interim,Sin Data
2026-09-02,Trabajoscom,Barcelona,Sabadell,REPARTIDOR/A,Sin Data,Sin Data,Indefinido,Jornada Indiferente,Sin Data,RAS Interim,Sin Data
2026-09-02,Trabajoscom,Girona,Lloret De Mar,PERSONAL PARA HOTEL,Sin Data,Sin Data,Indefinido,Jornada Indiferente,Sin Data,RAS Interim,Sin Data
2026-09-02,Trabajoscom,Barcelona,Mataro,MANIPULADOR/A,Sin Data,Sin Data,Indefinido,Jornada Indiferente,Sin Data,RAS Interim,Sin Data
2026-09-02,Trabajoscom,Ávila,Villaverde,OPERARIO/A LINEA PRODUCCION SMD/THT,Sin Data,Sin Data,Indefinido,Jornada Indiferente,Sin Data,RAS Interim,Sin Data
2026-09-02,Trabajoscom,Baleares,Port D'alcudia,TÉCNICO/A DE REFRIGERACIÓN PARA VEHÍCULOS,Sin Data,Sin Data,Indefinido,Jornada Indiferente,Sin Data,RAS Interim,Sin Data
2026-09-02,Trabajoscom,Girona,Maçanet De La Selva,MANIPULADOR/A TURNO DE NOCHE,Sin Data,Sin Data,Indefinido,Jornada Indiferente,Sin Data,RAS Interim,Sin Data
2026-09-02,Trabajoscom,Lleida,Castellbo,ENCARGADO/A DE OBRA,Sin Data,Sin Data,Indefinido,Jornada Indiferente,Sin Data,RAS Interim,Sin Data
2026-09-02,Trabajoscom,Valencia,Villanueva De Castellon,TECNICO/A MANTENIMIENTO,Sin Data,Sin Data,Indefinido,Jornada Indiferente,Sin Data,RAS Interim,Sin Data
2026-09-02,Trabajoscom,Girona,Vidreres,OPERARIO/A EN LÍNEA DE PRODUCCIÓN,Sin Data,Sin Data,Indefinido,Jornada Indiferente,Sin Data,RAS Interim,Sin Data
2026-09-02,Trabajoscom,Valencia,Carcaixent,TÉCNICO/A DE CALIDAD SECTOR HORTOFRUTÍCOLA,Sin Data,Sin Data,De duracion determinada,Jornada Indiferente,Sin Data,RAS Interim,Sin Data
2026-09-02,Trabajoscom,Barcelona,Mataro,AUXILIAR DE LABORATORIO PARA SECTOR QUÍMICO,Sin Data,Sin Data,Indefinido,Jornada Indiferente,Sin Data,RAS Interim,Sin Data
2026-09-02,Trabajoscom,Barcelona,Mataro,OPERARIO/A PRODUCCIÓN,Sin Data,Sin Data,Indefinido,Jornada Indiferente,Sin Data,RAS Interim,Sin Data
2026-09-02,Trabajoscom,Girona,Riudellots De La Selva,OPERARIO/A CÁRNICO,Sin Data,Sin Data,Indefinido,Jornada Indiferente,Sin Data,RAS Interim,Sin Data
2026-09-02,Trabajoscom,Málaga,Antequera,MOZO/A DE ALMACÉN CON TRANSPALETA,Sin Data,Sin Data,Indefinido,Jornada Indiferente,Sin Data,RAS Interim,Sin Data
2026-09-02,Trabajoscom,Teruel,Las Planas De Castellote,MOZO DE ALMACÉN CON CARRETILLA RETRÁCTIL,Sin Data,Sin Data,Indefinido,Jornada Indiferente,Sin Data,RAS Interim,Sin Data
2026-09-02,Trabajoscom,Málaga,Antequera,ADMINISTRATIVO/A LOGÍSTICO,Sin Data,Sin Data,Indefinido,Jornada Indiferente,Sin Data,RAS Interim,Sin Data
2026-09-02,Trabajoscom,Barcelona,Piera,ELECTROMECANICOS/AS,Sin Data,Sin Data,Indefinido,Jornada Indiferente,Sin Data,RAS Interim,Sin Data
2026-09-02,Trabajoscom,Barcelona,El Prat De Llobregat,OPERARIO/A DE IMPRESIÓN DE HUECOGRABADO,Sin Data,Sin Data,Indefinido,Jornada Indiferente,Sin Data,RAS Interim,Sin Data
2026-09-02,Trabajoscom,Castellón,Vilafames,ELECTROMECÁNICO/A,Sin Data,Sin Data,Indefinido,Jornada Indiferente,Sin Data,RAS Interim,Sin Data
2026-09-02,Trabajoscom,Valencia,Meliana,AYUDANTE/A CAMARERO/A,Sin Data,Sin Data,De duracion determinada,Jornada Indiferente,Sin Data,RAS Interim,Sin Data
2026-09-02,Trabajoscom,Toledo,Valmojado,PALETIZADOR/A,Sin Data,Sin Data,Indefinido,Jornada Indiferente,Sin Data,RAS Interim,Sin Data
2026-09-02,Trabajoscom,Guadalajara,Guadalajara,ADMINISTRATIVO/A ATENCIÓN AL CLIENTE,Sin Data,Sin Data,Indefinido,Jornada Indiferente,Sin Data,RAS Interim,Sin Data
2026-09-02,Trabajoscom,Barcelona,Mataro,VERIFICADOR/A DE CALIDAD,Sin Data,Sin Data,Indefinido,Jornada Indiferente,Sin Data,RAS Interim,Sin Data
2026-09-02,Trabajoscom,Girona,Maçanet De La Selva,ENCARRETADOR/A PARA EMPRESA DE AUTOMOCIÓN,Sin Data,Sin Data,Indefinido,Jornada Indiferente,Sin Data,RAS Interim,Sin Data
2026-09-02,Trabajoscom,Barcelona,Mataro,AUXILIAR ADMINISTRATIVO/A,Sin Data,Sin Data,Indefinido,Jornada Indiferente,Sin Data,RAS Interim,Sin Data
2026-09-02,Trabajoscom,Madrid,Madrid,PROMOTOR/A DE VENTAS COSMÉTICA,Sin Data,Sin Data,Indefinido,Jornada Indiferente,Sin Data,RAS Interim,Sin Data
2026-09-02,Trabajoscom,Asturias,Corbera,OPERARIO/APRODUCCIÓN SECTOR ALIMENTARIO,Sin Data,Sin Data,Indefinido,Jornada Indiferente,Sin Data,RAS Interim,Sin Data
2026-09-02,Trabajoscom,Lleida,Castellar De La Ribera,CARRETILLERO/A SECTOR HORTOFRUTÍCOLA,Sin Data,Sin Data,Indefinido,Jornada Indiferente,Sin Data,RAS Interim,Sin Data
2026-09-02,Trabajoscom,Girona,Santa Coloma De Farners,OPERARIO/A DE PRODUCCIÓN EN ALTURA,Sin Data,Sin Data,Indefinido,Jornada Indiferente,Sin Data,RAS Interim,Sin Data
2026-09-02,Trabajoscom,Albacete,Albacete,MOZO/A CARRETILLERO/A Y ENCAJADOR/A HORTOFRUTICOLA,Sin Data,Sin Data,De duracion determinada,Jornada Indiferente,Sin Data,RAS Interim,Sin Data
2026-09-02,Trabajoscom,Barcelona,Mataro,OPERARIO/A DE PRENSA,Sin Data,Sin Data,Indefinido,Jornada Indiferente,Sin Data,RAS Interim,Sin Data
2026-09-02,Trabajoscom,Barcelona,Mataro,OPERARIO/A INYECCIÓN,Sin Data,Sin Data,Indefinido,Jornada Indiferente,Sin Data,RAS Interim,Sin Data
2026-09-02,Trabajoscom,Girona,Santa Coloma De Farners,OPERARIO/A CÁRNICO,Sin Data,Sin Data,Indefinido,Jornada Indiferente,Sin Data,RAS Interim,Sin Data
2026-09-02,Trabajoscom,Tarragona,Valls,MOZO/A ALMACÉN,Sin Data,Sin Data,Indefinido,Jornada Indiferente,Sin Data,RAS Interim,Sin Data
2026-09-02,Trabajoscom,Valencia,Buñol,OPERARIO/A TRITURADOR/A,Sin Data,Sin Data,De duracion determinada,Jornada Indiferente,Sin Data,RAS Interim,Sin Data
2026-09-02,Trabajoscom,Valencia,Quart De Poblet,ADMINISTRATIVO/A A TIEMPO PARCIAL,Sin Data,Sin Data,De duracion determinada,Jornada Indiferente,Sin Data,RAS Interim,Sin Data
2026-09-02,Trabajoscom,Girona,Santa Coloma De Farners,REPARTIDOR/A CON CARNET C,Sin Data,Sin Data,Indefinido,Jornada Indiferente,Sin Data,RAS Interim,Sin Data
2026-09-02,Trabajoscom,Madrid,Madrid,OPERARIO/A DE CALIDAD,Sin Data,Sin Data,Indefinido,Jornada Indiferente,Sin Data,RAS Interim,Sin Data
2026-09-02,Trabajoscom,Valencia,Meliana,AYUDANTE/A CAMARERO/A EXTRA FINES DE SEMANA,Sin Data,Sin Data,De duracion determinada,Jornada Indiferente,Sin Data,RAS Interim,Sin Data
2026-09-02,Trabajoscom,Barcelona,Mataro,Copy of MANIPULADOR/A,Sin Data,Sin Data,Indefinido,Jornada Indiferente,Sin Data,RAS Interim,Sin Data
2026-09-02,Trabajoscom,Toledo,Illescas,"Mad Este  Hot Dog /Reponedor/a  Alameda de Osuna, Hortaleza (Madrid)",Sin Data,Sin Data,Indefinido,Jornada Indiferente,Sin Data,Grupo DIA,Sin Data
2026-09-02,Trabajoscom,Sevilla,Dos Hermanas,Reponedor/a ZONA TRIANA,Sin Data,Sin Data,Indefinido,Jornada Indiferente,Sin Data,Grupo DIA,Sin Data
2026-09-02,Trabajoscom,Madrid,Madrid,GESTOR/A COMERCIAL DE CUENTAS JUNIOR,Sin Data,Sin Data,Indefinido,Jornada Indiferente,Sin Data,RAS Interim,Sin Data
2026-09-02,Trabajoscom,Madrid,Madrid,PERIODISTA ESPECIALISTA EN COMUNICACIÓN DIGITAL,Sin Data,Sin Data,Indefinido,Jornada Indiferente,Sin Data,RAS Interim,Sin Data
2026-09-02,Trabajoscom,Valencia,Meliana,FRIEGAPLATOS EXTRA FINES DE SEMANA,Sin Data,Sin Data,De duracion determinada,Jornada Indiferente,Sin Data,RAS Interim,Sin Data
2026-09-02,Trabajoscom,Barcelona,Mataro,OPERARIO/A ELECTRÓNICA,Sin Data,Sin Data,Indefinido,Jornada Indiferente,Sin Data,RAS Interim,Sin Data
2026-09-02,Trabajoscom,Valencia,Paterna,MOZO/A / OPERARIO/A SAT,Sin Data,Sin Data,Indefinido,Jornada Indiferente,Sin Data,RAS Interim,Sin Data
2026-09-02,Trabajoscom,Girona,Hostalric,AUXILIAR ADMINSITRATIVO/A CONTABLE | SUBSTITUCIÓN,Sin Data,Sin Data,Indefinido,Jornada Indiferente,Sin Data,RAS Interim,Sin Data
2026-09-02,Trabajoscom,Madrid,Madrid,AUXILIAR ADMINISTRATIVO/A,Sin Data,Sin Data,Indefinido,Jornada Indiferente,Sin Data,RAS Interim,Sin Data
2026-09-02,Trabajoscom,Guadalajara,Guadalajara,CARRETILLERO/A,Sin Data,Sin Data,Indefinido,Jornada Indiferente,Sin Data,RAS Interim,Sin Data
2026-09-02,Trabajoscom,Barcelona,Vic,OPERARI/ÀRIA FILATURA,Sin Data,Sin Data,Indefinido,Jornada Indiferente,Sin Data,RAS Interim,Sin Data
2026-09-02,Trabajoscom,Valencia,Paterna,MOZO/A / OPERARIO/A SAT,Sin Data,Sin Data,Indefinido,Jornada Indiferente,Sin Data,RAS Interim,Sin Data
2026-09-02,Trabajoscom,Madrid,San Agustin Del Guadalix,AUXILIAR ADMINISTRATIVA/O,Sin Data,Sin Data,Indefinido,Jornada Indiferente,Sin Data,RAS Interim,Sin Data
2026-09-02,Trabajoscom,Toledo,Illescas,OPERARIO/A ALMACEN - PREPARADOR/A PEDIDOS ILLESCAS 24H TARDES VIERNES+SABADOS +DOMINGOS,Sin Data,Sin Data,Indefinido,Jornada Indiferente,Sin Data,Grupo DIA,Sin Data
2026-09-02,Trabajoscom,Teruel,Las Planas De Castellote,CARRETILLERO/A,Sin Data,Sin Data,Indefinido,Jornada Indiferente,Sin Data,RAS Interim,Sin Data
2026-09-02,Trabajoscom,Girona,Santa Coloma De Farners,OPERARIO/A INDUSTRIAL SECTOR CONSTRUCCIÓN,Sin Data,Sin Data,Indefinido,Jornada Indiferente,Sin Data,RAS Interim,Sin Data
2026-09-02,Trabajoscom,Valencia,Riba-Roja De Turia,CARRETILLERO/A FRONTAL Y RETRÁCTIL,Sin Data,Sin Data,Indefinido,Jornada Indiferente,Sin Data,RAS Interim,Sin Data
2026-09-02,Trabajoscom,Girona,Maçanet De La Selva,ROTULISTA EN EMPRESA DE CONSTRUCCIÓN,Sin Data,Sin Data,Indefinido,Jornada Indiferente,Sin Data,RAS Interim,Sin Data
2026-09-02,Trabajoscom,Barcelona,Dosrius,COMERCIAL,Sin Data,Sin Data,Indefinido,Jornada Indiferente,Sin Data,RAS Interim,Sin Data
2026-09-02,Trabajoscom,Toledo,Toledo,Responsable de Turno– Centro de Clasificación,Sin Data,Sin Data,Indefinido,Jornada Indiferente,Sin Data,RAS Interim,Sin Data
2026-09-02,Trabajoscom,Valladolid,Valladolid,Cajero/a Reponedor/a Herrera de Pisuerga 20 horas semanales,Sin Data,Sin Data,Indefinido,Jornada Indiferente,Sin Data,Grupo DIA,Sin Data
2026-09-02,Trabajoscom,Ávila,Avila,TELEOPERADOR/A BILINGÜE en CASTELLANO y CATALÁN,Sin Data,Sin Data,Indefinido,Jornada Indiferente,Sin Data,RAS Interim,Sin Data
2026-09-02,Trabajoscom,Ávila,Avila,TELEOPERADOR/A BILINGÜE en CASTELLANO y EUSKERA,Sin Data,Sin Data,Indefinido,Jornada Indiferente,Sin Data,RAS Interim,Sin Data
2026-09-02,Trabajoscom,Tarragona,Reus,AUXILIAR CROMATOGRAFÍA LÍQUIDOS,Sin Data,Sin Data,Indefinido,Jornada Indiferente,Sin Data,RAS Interim,Sin Data
2026-09-02,Trabajoscom,Sevilla,Dos Hermanas,Cajero/a Reponedor/a Alcalá de Guadaira,Sin Data,Sin Data,Indefinido,Jornada Indiferente,Sin Data,Grupo DIA,Sin Data
2026-09-02,Trabajoscom,Madrid,San Fernando De Henares,PLEGADOR/A,Sin Data,Sin Data,Indefinido,Jornada Indiferente,Sin Data,RAS Interim,Sin Data
2026-09-02,Trabajoscom,Madrid,Ciempozuelos,OPERARIO/A DE PRODUCCIÓN,Sin Data,Sin Data,Indefinido,Jornada Indiferente,Sin Data,RAS Interim,Sin Data
2026-09-02,Trabajoscom,A Coruña,Santiago De Compostela,MOZO/A Y CARRETILLERO/A,Sin Data,Sin Data,Indefinido,Jornada Indiferente,Sin Data,RAS Interim,Sin Data
2026-09-02,Trabajoscom,Sevilla,Dos Hermanas,Cajero/a Reponedor/a Espartinas,Sin Data,Sin Data,Indefinido,Jornada Indiferente,Sin Data,Grupo DIA,Sin Data
2026-09-02,Trabajoscom,Madrid,San Agustin Del Guadalix,MANIPULADOR/A -SAN AGUSTIN DEL GUADALIX,Sin Data,Sin Data,Indefinido,Jornada Indiferente,Sin Data,RAS Interim,Sin Data
2026-09-02,Trabajoscom,Girona,Hostalric,TÉCNICO/A LABORATORIO,Sin Data,Sin Data,Indefinido,Jornada Indiferente,Sin Data,RAS Interim,Sin Data
2026-09-02,Trabajoscom,Madrid,Madrid,AUXILIAR - ATENCIÓN AL PÚBLICO EN MUSEO,Sin Data,Sin Data,Indefinido,Jornada Indiferente,Sin Data,RAS Interim,Sin Data
2026-09-02,Trabajoscom,Madrid,Getafe,PUESTO VACANTE (SINGULAR MASCULINO/FEMENINO SIN ARTÍCULOS),Sin Data,Sin Data,Indefinido,Jornada Indiferente,Sin Data,RAS Interim,Sin Data
2026-09-02,Trabajoscom,Valencia,Alzira,CARRETILLERO/A,Sin Data,Sin Data,Indefinido,Jornada Indiferente,Sin Data,RAS Interim,Sin Data
2026-09-02,Trabajoscom, Valencia, Valencia,Mozo/a de almacén con carnet de carretilla-Carlet,18.000 € - 19.000 €,Sin Data,De duracion determinada,Jornada Completa,Sin Data,Iman Temporing,Sin Data
2026-09-02,Trabajoscom, Barcelona, Barcelona,Control de accesos (DISCAPACIDAD +33% o IPT) con coche ABRERA,Sin Data,Sin Data,Indefinido,Jornada Indiferente,Sin Data,Diswork,Sin Data
2026-09-02,Trabajoscom, Zaragoza, Zaragoza,Carretillero/a,Sin Data,Sin Data,De duracion determinada,Jornada Completa,Sin Data,Iman Temporing,Sin Data
2026-09-02,Trabajoscom,Valencia,Algemesi,AYUDANTE DE PINTURA (SECTOR METAL),Sin Data,Sin Data,Indefinido,Jornada Indiferente,Sin Data,RAS Interim,Sin Data
2026-09-02,Trabajoscom, Barcelona, Barcelona,Personal de limpieza (+33% DISCAPACIDAD o IPT) MONTCADA/ noche,Sin Data,Sin Data,Indefinido,Jornada Indiferente,Sin Data,Diswork,Sin Data
2026-09-02,Trabajoscom, Toledo, Toledo,"Vigilante de seguridad Talavera de la Reina,Toledo",Sin Data,Sin Data,Indefinido,Jornada Completa,Sin Data,Iman Seguridad,Sin Data
2026-09-02,Trabajoscom, Barcelona, Barcelona,Operario/a de Envasado,Sin Data,Sin Data,De duracion determinada,Jornada Completa,Sin Data,Iman Temporing,Sin Data
2026-09-02,Trabajoscom, Barcelona, Barcelona,OPERARIO/A DE MONTAJE Y SOLDADURA DE ROBOTS,27.000 € - 30.000 €,Sin Data,De duracion determinada,Jornada Completa,Sin Data,Iman Temporing,Sin Data
2026-09-02,Trabajoscom, Lleida, Lleida,Soldador/a,Sin Data,Sin Data,De duracion determinada,Jornada Completa,Sin Data,Iman Temporing,Sin Data
2026-09-02,Trabajoscom, Barcelona, Barcelona,Vigilante de Seguridad en Organismo Salud( Plus 327€),Sin Data,Sin Data,Indefinido,Jornada Completa,Sin Data,Iman Seguridad,Sin Data
2026-09-02,Trabajoscom,Barcelona,El Masnou,MOZO/A ALMACÉN,Sin Data,Sin Data,Indefinido,Jornada Indiferente,Sin Data,RAS Interim,Sin Data
2026-09-02,Trabajoscom, Salamanca, Salamanca,Almacenero/a agrícola,Sin Data,Sin Data,De duracion determinada,Jornada Completa,Sin Data,Iman Global Consulting,Sin Data
2026-09-02,Trabajoscom,Sevilla,Dos Hermanas,Cajero/a Reponedor/a CHIPIONA 24 horas,Sin Data,Sin Data,Indefinido,Jornada Indiferente,Sin Data,Grupo DIA,Sin Data
2026-09-02,Trabajoscom, Barcelona, Barcelona,Administrativo PRL Junior,Sin Data,Sin Data,De duracion determinada,Jornada Completa,Sin Data,Iman Temporing,Sin Data
2026-09-02,Trabajoscom,Valladolid,Valladolid,Responsable deÁrea  - Cross docking -Cigales,Sin Data,Sin Data,Indefinido,Jornada Indiferente,Sin Data,Grupo DIA,Sin Data
2026-09-02,Trabajoscom,Barcelona,Terrassa,OPERARIO/A DE MONTAJE,Sin Data,Sin Data,Indefinido,Jornada Indiferente,Sin Data,RAS Interim,Sin Data
2026-09-02,Trabajoscom,Tarragona,El Pla De Santa Maria,OPERARIO/A DE FÁBRICA SECTOR INDUSTRIAL,Sin Data,Sin Data,Indefinido,Jornada Indiferente,Sin Data,RAS Interim,Sin Data
2026-09-02,Trabajoscom,Valencia,Almussafes,MOZO/A DE ALMACÉN CARRETILLERO/A FRONTAL,Sin Data,Sin Data,De duracion determinada,Jornada Indiferente,Sin Data,RAS Interim,Sin Data
2026-09-02,Trabajoscom,Barcelona,Mataro,MOZO/A REPARTIDOR/A,Sin Data,Sin Data,Indefinido,Jornada Indiferente,Sin Data,RAS Interim,Sin Data
2026-09-02,Trabajoscom,Barcelona,Teia,LIMPIADOR/A,Sin Data,Sin Data,Indefinido,Jornada Indiferente,Sin Data,RAS Interim,Sin Data
2026-09-02,Trabajoscom,Madrid,Alcala De Henares,MANIPULADOR/A PRODUCTOS FRÍOS,Sin Data,Sin Data,Indefinido,Jornada Indiferente,Sin Data,RAS Interim,Sin Data
2026-09-02,Trabajoscom,Toledo,Illescas,Cajero/a Reponedor/a Mondejar (Guadalajara),Sin Data,Sin Data,Indefinido,Jornada Indiferente,Sin Data,Grupo DIA,Sin Data
2026-09-02,Trabajoscom,Valencia,Valencia,PROGRAMADOR/A CAD/CAM,Sin Data,Sin Data,Indefinido,Jornada Indiferente,Sin Data,RAS Interim - Recruiting,Sin Data
2026-09-02,Trabajoscom,Sevilla,Dos Hermanas,Cajero/a Reponedor/a VILLANUEVA DEL RIO Y MINAS,Sin Data,Sin Data,Indefinido,Jornada Indiferente,Sin Data,Grupo DIA,Sin Data
2026-09-02,Trabajoscom,Sevilla,Dos Hermanas,Cajero/a Reponedor/a SEVILLA ZONA TRIANA,Sin Data,Sin Data,Indefinido,Jornada Indiferente,Sin Data,Grupo DIA,Sin Data
2026-09-02,Trabajoscom,Sevilla,Dos Hermanas,Cajero/a Reponedor/a DOS HERMANAS,Sin Data,Sin Data,Indefinido,Jornada Indiferente,Sin Data,Grupo DIA,Sin Data
2026-09-02,Trabajoscom,Barcelona,Rubi,OPERARIO/A DE PRODUCCIÓN,Sin Data,Sin Data,Indefinido,Jornada Indiferente,Sin Data,RAS Interim,Sin Data
2026-09-02,Trabajoscom,Barcelona,Sant Boi De Llobregat,OPERARIO/A INYECCIÓN PLÁSTICO,Sin Data,Sin Data,Indefinido,Jornada Indiferente,Sin Data,RAS Interim,Sin Data
2026-09-02,Trabajoscom,Toledo,Cedillo Del Condado,OPERARIO/A DE PRODUCCIÓN,Sin Data,Sin Data,Indefinido,Jornada Indiferente,Sin Data,RAS Interim,Sin Data
2026-09-02,Trabajoscom,Tarragona,Les Borges Del Camp,OPERARIO/A MANTENIMIENTO,Sin Data,Sin Data,Indefinido,Jornada Indiferente,Sin Data,RAS Interim,Sin Data
2026-09-02,Trabajoscom,Barcelona,Sant Celoni,CREDIT & COLLECTIONS ANALYST,Sin Data,Sin Data,Indefinido,Jornada Indiferente,Sin Data,RAS Interim - Recruiting,Sin Data
2026-09-02,Trabajoscom,Sevilla,Dos Hermanas,Cajero/a Reponedor/a SEVILLA ZONA NERVION,Sin Data,Sin Data,Indefinido,Jornada Indiferente,Sin Data,Grupo DIA,Sin Data
2026-09-02,Trabajoscom,Barcelona,Sant Celoni,OPERARIO/A QUÍMICO/A,Sin Data,Sin Data,Indefinido,Jornada Indiferente,Sin Data,RAS Interim,Sin Data
2026-09-02,Trabajoscom,Barcelona,Mataro,SOLDADOR/A,Sin Data,Sin Data,Indefinido,Jornada Indiferente,Sin Data,RAS Interim,Sin Data
2026-09-02,Trabajoscom,Madrid,Coslada,REPARTIDOR/A ZONA COSLADA,Sin Data,Sin Data,Indefinido,Jornada Indiferente,Sin Data,RAS Interim,Sin Data
2026-09-02,Trabajoscom,A Coruña,Santiago De Compostela,MOZO/A Y CARRETILLERO/A,Sin Data,Sin Data,Indefinido,Jornada Indiferente,Sin Data,RAS Interim,Sin Data
2026-09-02,Trabajoscom,Tarragona,Reus,OPERARIO/A DE PRODUCCION,Sin Data,Sin Data,De duracion determinada,Jornada Indiferente,Sin Data,RAS Interim,Sin Data
2026-09-02,Trabajoscom,Barcelona,El Masnou,CREADOR/A DE CONTENIDO,Sin Data,Sin Data,A tiempo parcial,Jornada Indiferente,Sin Data,RAS Interim,Sin Data
2026-09-02,Trabajoscom,Barcelona,Lliça De Vall,OPERARIO/A DE MANIPULACION,Sin Data,Sin Data,Indefinido,Jornada Indiferente,Sin Data,RAS Interim,Sin Data
2026-09-02,Trabajoscom,Barcelona,Terrassa,MOZOS/AS DESCARGAS,Sin Data,Sin Data,Indefinido,Jornada Indiferente,Sin Data,RAS Interim,Sin Data
2026-09-02,Trabajoscom,Tarragona,Valls,MOZO/A DE ALMACEN,Sin Data,Sin Data,Indefinido,Jornada Indiferente,Sin Data,RAS Interim,Sin Data
2026-09-02,Trabajoscom,Barcelona,Mataro,ADMINISTRATIVO/A - SECRETARIO/A JURÍDICO,Sin Data,Sin Data,Indefinido,Jornada Indiferente,Sin Data,RAS Interim,Sin Data
2026-09-02,Trabajoscom,Tarragona,Reus,OPERARIO/A PRODUCCIÓN,Sin Data,Sin Data,Indefinido,Jornada Indiferente,Sin Data,RAS Interim,Sin Data
2026-09-02,Trabajoscom,Alicante,Torrevieja,REPARTIDOR/A PAQUETERÍA AUTÓNOMO/A CON FURGONETA,Sin Data,Sin Data,Indefinido,Jornada Indiferente,Sin Data,RAS Interim,Sin Data
2026-09-02,Trabajoscom,Sevilla,Dos Hermanas,Cajero/a Reponedor/a LA ALGABA,Sin Data,Sin Data,Indefinido,Jornada Indiferente,Sin Data,Grupo DIA,Sin Data
2026-09-02,Trabajoscom,Madrid,Madrid,Administrativo/a,Sin Data,Sin Data,Indefinido,Jornada Indiferente,Sin Data,RAS Interim,Sin Data
2026-09-02,Trabajoscom,Girona,Girona,MOZO/A REPARTIDOR/A,Sin Data,Sin Data,Indefinido,Jornada Indiferente,Sin Data,RAS Interim,Sin Data
2026-09-02,Trabajoscom,Valencia,Paiporta,OPERARIO/A DE PRODUCCION,Sin Data,Sin Data,Indefinido,Jornada Indiferente,Sin Data,RAS Interim,Sin Data
2026-09-02,Trabajoscom,Madrid,San Fernando De Henares,SUPERVISOR/A,Sin Data,Sin Data,Indefinido,Jornada Indiferente,Sin Data,RAS Interim,Sin Data
2026-09-02,Trabajoscom,Madrid,Villaviciosa De Odon,TELEOPERADOR/A VENTA SEGUROS SALUD,Sin Data,Sin Data,Indefinido,Jornada Indiferente,Sin Data,RAS Interim,Sin Data
2026-09-02,Trabajoscom,Barcelona,Santa Perpetua De Mogoda,OPERARIOS/AS,Sin Data,Sin Data,Indefinido,Jornada Indiferente,Sin Data,RAS Interim,Sin Data
2026-09-02,Trabajoscom,Barcelona,Mataro,OPERARIO/A DE FABRICACIÓN,Sin Data,Sin Data,Indefinido,Jornada Indiferente,Sin Data,RAS Interim,Sin Data
2026-09-02,Trabajoscom,Zaragoza,Zaragoza,JEFE/A DE ZONA DELEGACIÓN ZARAGOZA,Sin Data,Sin Data,Indefinido,Jornada Indiferente,Sin Data,Grupo DIA,Sin Data
2026-09-02,Trabajoscom,Barcelona,Olost,OPERARI/ÀRIA PRODUCCIÓ PREFABRICATS FORMIGÓ,Sin Data,Sin Data,Indefinido,Jornada Indiferente,Sin Data,RAS Interim,Sin Data
2026-09-02,Trabajoscom,Barcelona,Tordera,CARRETILLEROS/AS,Sin Data,Sin Data,Indefinido,Jornada Indiferente,Sin Data,RAS Interim,Sin Data
2026-09-02,Trabajoscom,Palencia,Castrejon De La Peña,TECNICO/A DE TRATAMIENTOS TÉRMICOS,Sin Data,Sin Data,Indefinido,Jornada Indiferente,Sin Data,RAS Interim - Recruiting,Sin Data
2026-09-02,Trabajoscom,Barcelona,Caldes De Montbui,CHÓFER C + CAP,Sin Data,Sin Data,Indefinido,Jornada Indiferente,Sin Data,RAS Interim,Sin Data
2026-09-02,Trabajoscom,Madrid,Madrid,PINTOR/A DE VEHICULOS - OFICIAL DE 1ª,Sin Data,Sin Data,Indefinido,Jornada Indiferente,Sin Data,RAS Interim - Recruiting,Sin Data
2026-09-02,Trabajoscom,Girona,Tossa De Mar,CAMARERO/A DE PISOS TOSSA DE MAR,Sin Data,Sin Data,Indefinido,Jornada Indiferente,Sin Data,RAS Interim,Sin Data
2026-09-02,Trabajoscom,Madrid,Madrid,"TÉCNICO/A DE REGULATORY AFFAIRS, CALIDAD Y MEDIO AMBIENTE",Sin Data,Sin Data,Indefinido,Jornada Indiferente,Sin Data,RAS Interim - Recruiting,Sin Data
2026-09-02,Trabajoscom,Madrid,San Fernando De Henares,ADMINISTRATIVO/A DEPARTAMENTO DE CREDITO,Sin Data,Sin Data,Indefinido,Jornada Indiferente,Sin Data,RAS Interim,Sin Data
2026-09-02,Trabajoscom,Guadalajara,Guadalajara,CONDUCTOR/A TRÁILER (C+E),Sin Data,Sin Data,Indefinido,Jornada Indiferente,Sin Data,RAS Interim - Recruiting,Sin Data
2026-09-02,Trabajoscom,Alicante,Alicante,MOZO/A DE ALMACÉN Y CARRETILLERO/A 25/30H,Sin Data,Sin Data,De duracion determinada,Jornada Indiferente,Sin Data,RAS Interim,Sin Data
2026-09-02,Trabajoscom,Barcelona,Barbera Del Valles,OPERARIO/A DE MONTAJE,Sin Data,Sin Data,Indefinido,Jornada Indiferente,Sin Data,RAS Interim,Sin Data
2026-09-02,Trabajoscom,Barcelona,Mataro,MANIPULADOR/A,Sin Data,Sin Data,Indefinido,Jornada Indiferente,Sin Data,RAS Interim,Sin Data
2026-09-02,Trabajoscom,Valladolid,Valladolid,Administrativo/a- Dpto. Administración- Centro Logístico de León,Sin Data,Sin Data,Indefinido,Jornada Indiferente,Sin Data,Grupo DIA,Sin Data
2026-09-02,Trabajoscom,Pontevedra,Pontevedra,MOZO/A DE ALMACÉN,Sin Data,Sin Data,Indefinido,Jornada Indiferente,Sin Data,RAS Interim,Sin Data
2026-09-02,Trabajoscom,Barcelona,Terrassa,MOZO/A ALMACEN,Sin Data,Sin Data,Indefinido,Jornada Indiferente,Sin Data,RAS Interim,Sin Data
2026-09-02,Trabajoscom,Barcelona,Terrassa,CARRETILLERO/A TRILATERAL,Sin Data,Sin Data,Indefinido,Jornada Indiferente,Sin Data,RAS Interim,Sin Data
2026-09-02,Trabajoscom,Barcelona,Barcelona,Copy of AUXILIAR ADMINISTRATIVO/A TARDES,Sin Data,Sin Data,Indefinido,Jornada Indiferente,Sin Data,RAS Interim,Sin Data
2026-09-02,Trabajoscom,Madrid,Madrid,CARRETILLERO/A RETRÁCTIL,Sin Data,Sin Data,Indefinido,Jornada Indiferente,Sin Data,RAS Interim,Sin Data
2026-09-02,Trabajoscom,Madrid,Las Rozas De Madrid,⚖️ Asesor/a Jurídico/a,Sin Data,Sin Data,Indefinido,Jornada Indiferente,Sin Data,Grupo DIA,Sin Data
2026-09-02,Trabajoscom,Barcelona,Sabadell,ADMINISTRATIVO/A DE BACK OFFICE COMERCIAL CON ALEMÁN O INGLÉS,Sin Data,Sin Data,Indefinido,Jornada Indiferente,Sin Data,RAS Interim - Recruiting,Sin Data
2026-09-02,Trabajoscom,Barcelona,Mataro,ADMINISTRATIVO/A DE PRODUCCIÓN,Sin Data,Sin Data,Indefinido,Jornada Indiferente,Sin Data,RAS Interim,Sin Data
2026-09-02,Trabajoscom,Barcelona,Parets Del Valles,OPERARIOS/AS DE MONTAJE,Sin Data,Sin Data,Indefinido,Jornada Indiferente,Sin Data,RAS Interim,Sin Data
2026-09-02,Trabajoscom,Tarragona,Reus,CARRETILLERO/A,Sin Data,Sin Data,Indefinido,Jornada Indiferente,Sin Data,RAS Interim,Sin Data
2026-09-02,Trabajoscom,Madrid,San Fernando De Henares,GESTOR/A DE PROVEEDORES - SECTOR LOGÍSTICO,Sin Data,Sin Data,Indefinido,Jornada Indiferente,Sin Data,RAS Interim,Sin Data
2026-09-02,Trabajoscom,Barcelona,Barcelona,RESPONSABLE FINANCIERO/A,Sin Data,Sin Data,Indefinido,Jornada Indiferente,Sin Data,RAS Interim - Recruiting,Sin Data
2026-09-02,Trabajoscom, Lleida, Lleida,Terapeuta Ocupacional Centro Residencial DomusVi Lleida,Sin Data,Sin Data,Indefinido,Jornada Completa,Sin Data,DomusVi,Sin Data
2026-09-02,Trabajoscom, Valencia, Valencia,Oficial de Primera Troquelista,Sin Data,Sin Data,Indefinido,Jornada Completa,Sin Data,Iman Global Consulting,Sin Data
2026-09-02,Trabajoscom, Navarra, Navarra,Soldador/a,Sin Data,Sin Data,Indefinido,Jornada Completa,Sin Data,Pacto,Sin Data
2026-09-02,Trabajoscom, Málaga, Málaga,Limpiador/a días sueltos,Sin Data,Sin Data,De duracion determinada,Media Jornada,Sin Data,Iman Temporing,Sin Data
2026-09-02,Trabajoscom, Barcelona, Barcelona,Enfermero/a - DUE Centro Residencial DomusVi Regina,Sin Data,Sin Data,Indefinido,Jornada Indiferente,Sin Data,DomusVi,Sin Data
2026-09-02,Trabajoscom,Madrid,San Fernando De Henares,GESTOR/A DE FLOTAS,Sin Data,Sin Data,Indefinido,Jornada Indiferente,Sin Data,RAS Interim,Sin Data
2026-09-02,Trabajoscom, Murcia, Murcia,Carretillero/a de fabrica de producción (Cervi),Sin Data,Sin Data,Indefinido,Jornada Completa,Sin Data,Iman Temporing,Sin Data
2026-09-02,Trabajoscom,Barcelona,Tordera,DEPENDIENTE/A,Sin Data,Sin Data,Indefinido,Jornada Indiferente,Sin Data,RAS Interim,Sin Data
2026-09-02,Trabajoscom, Madrid, Madrid,Consultor/a de RRHH Inhouse | Torrejón de Ardoz,Sin Data,Sin Data,Indefinido,Jornada Completa,Sin Data,Iman Temporing,Sin Data
2026-09-02,Trabajoscom, Teruel, Teruel,Mecánico/a Automoción,Sin Data,Sin Data,De duracion determinada,Jornada Completa,Sin Data,Iman Temporing,Sin Data
2026-09-02,Trabajoscom, Bizkaia, Bizkaia,Operario/a de Fundición,Sin Data,Sin Data,De duracion determinada,Jornada Completa,Sin Data,Iman Temporing,Sin Data
2026-09-02,Trabajoscom, Barcelona, Barcelona,Carretoner/a amb SAP,Sin Data,Sin Data,Indefinido,Jornada Completa,Sin Data,Iman Temporing,Sin Data
2026-09-02,Trabajoscom, Barcelona, Barcelona,Gruistas con formación de GRADO MEDIO,Sin Data,Sin Data,De duracion determinada,Jornada Completa,Sin Data,Iman Temporing,Sin Data
2026-09-02,Trabajoscom, Barcelona, Barcelona,Carretilleros/as con formación GRADO MEDIO,Sin Data,Sin Data,De duracion determinada,Jornada Completa,Sin Data,Iman Temporing,Sin Data
2026-09-02,Trabajoscom,Barcelona,Cornella De Llobregat,DEPENDIENTE/A FERRETERIA,Sin Data,Sin Data,Indefinido,Jornada Indiferente,Sin Data,RAS Interim,Sin Data
2026-09-02,Trabajoscom,Barcelona,Santa Perpetua De Mogoda,MOZO/A DE ALMACÉN,Sin Data,Sin Data,Indefinido,Jornada Indiferente,Sin Data,RAS Interim,Sin Data
2026-09-02,Trabajoscom,Barcelona,Calaf,OPERARIO/A MONTADOR AUTOMOCIÓN,Sin Data,Sin Data,Indefinido,Sin Data,Sin Data,RAS Interim,Sin Data
2026-09-02,Trabajoscom,Barcelona,Sabadell,AUXILIAR ADMINISTRATIVO/A,Sin Data,Sin Data,Indefinido,Sin Data,Sin Data,RAS Interim,Sin Data
2026-09-02,Trabajoscom,Barcelona,Sabadell,OPERARIO/A DE MONTAJE,Sin Data,Sin Data,Indefinido,Sin Data,Sin Data,RAS Interim,Sin Data
2026-09-02,Trabajoscom,Barcelona,Sabadell,COMERCIAL B2B - SECTOR INDUSTRIAL (CATALUNYA),Sin Data,Sin Data,Indefinido,Jornada Indiferente,Sin Data,RAS Interim - Recruiting,Sin Data
2026-09-02,Trabajoscom,Sevilla,Dos Hermanas,Cajero/a Reponedor/a PALOMARES DEL RIO,Sin Data,Sin Data,Indefinido,Sin Data,Sin Data,Grupo DIA,Sin Data
2026-09-02,Trabajoscom,Toledo,Illescas,Responsable Técnico de obras ( Dpto. Inmuebles),Sin Data,Sin Data,Indefinido,Sin Data,Sin Data,Grupo DIA,Sin Data
2026-09-02,Trabajoscom,Tarragona,Reus,CARRETILLERO/A REUS,Sin Data,Sin Data,Indefinido,Sin Data,Sin Data,RAS Interim,Sin Data
2026-09-02,Trabajoscom,Tarragona,Reus,RESPONSABLE DE INGENIERÍA DE PLANTA,Sin Data,Sin Data,Indefinido,Sin Data,Sin Data,RAS Interim - Recruiting,Sin Data
2026-09-02,Trabajoscom,Barcelona,Cerdanyola Del Valles,MANIPULADORES/AS,Sin Data,Sin Data,Indefinido,Sin Data,Sin Data,RAS Interim,Sin Data
2026-09-02,Trabajoscom,Barcelona,Polinya,SOLDADOR/A MIG/MAG,Sin Data,Sin Data,Indefinido,Sin Data,Sin Data,RAS Interim,Sin Data
2026-09-02,Trabajoscom,Málaga,Antequera,Cajero/a Reponedor/a El Ejido (Almería),Sin Data,Sin Data,Indefinido,Sin Data,Sin Data,Grupo DIA,Sin Data
2026-09-02,Trabajoscom,Barcelona,Sabadell,CONSERJE SABADELL,Sin Data,Sin Data,Indefinido,Sin Data,Sin Data,RAS Interim,Sin Data
2026-09-02,Trabajoscom,Valencia,Valencia,MONTADOR/A ELECTRICO,Sin Data,Sin Data,Indefinido,Sin Data,Sin Data,RAS Interim,Sin Data
2026-09-02,Trabajoscom,Málaga,Malaga,ADMINISTRATIVO/A DE TRAFICO / LOGISTICA PORTUARIA CON CERTIFICADO DE DISCAPACIDAD,Sin Data,Sin Data,Indefinido,Sin Data,Sin Data,RAS Interim,Sin Data
2026-09-02,Trabajoscom,Barcelona,Mataro,OPERARIO/A DE PRODUCCIÓN,Sin Data,Sin Data,Indefinido,Sin Data,Sin Data,RAS Interim,Sin Data
2026-09-02,Trabajoscom,Madrid,Madrid,REPARTIDOR/A EN FURGONETA,Sin Data,Sin Data,Indefinido,Sin Data,Sin Data,RAS Interim,Sin Data
2026-09-02,Trabajoscom,Barcelona,Gava,MANIPULADOR/A COSMÉTICA NOCHE,Sin Data,Sin Data,Indefinido,Sin Data,Sin Data,RAS Interim,Sin Data
2026-09-02,Trabajoscom,Barcelona,Tordera,LIMPIADOR/A INDUSTRIAL,Sin Data,Sin Data,Indefinido,Sin Data,Sin Data,RAS Interim,Sin Data
2026-09-02,Trabajoscom,Barcelona,Sant Boi De Llobregat,SUPERVISOR/A ALMACÉN,Sin Data,Sin Data,Indefinido,Sin Data,Sin Data,RAS Interim,Sin Data
2026-09-02,Trabajoscom,Córdoba,Marbella,Dependiente/a con carretilla,Sin Data,Sin Data,Indefinido,Sin Data,Sin Data,RAS Interim,Sin Data
2026-09-02,Trabajoscom,Sevilla,Dos Hermanas,Cajero/a Reponedor/a Bonares (Huelva),Sin Data,Sin Data,Indefinido,Sin Data,Sin Data,Grupo DIA,Sin Data
2026-09-02,Trabajoscom,Barcelona,Granollers,TÉCNICO/A DE MECANIZADO CNC,Sin Data,Sin Data,Indefinido,Sin Data,Sin Data,RAS Interim,Sin Data
2026-09-02,Trabajoscom,Madrid,Getafe,OPERARIOS/AS PESCADEROS/AS,Sin Data,Sin Data,Indefinido,Sin Data,Sin Data,RAS Interim,Sin Data
2026-09-02,Trabajoscom,Barcelona,Igualada,OPERARIO/A CARRETILLA,Sin Data,Sin Data,Indefinido,Sin Data,Sin Data,RAS Interim,Sin Data
2026-09-02,Trabajoscom,Barcelona,Sabadell,MANIPULADOR/A EMPRESA AUTOMOCIÓN,Sin Data,Sin Data,Indefinido,Sin Data,Sin Data,RAS Interim,Sin Data
2026-09-02,Trabajoscom,Barcelona,Granollers,OPERARIO/ DE PICKING,Sin Data,Sin Data,Indefinido,Sin Data,Sin Data,RAS Interim,Sin Data
2026-09-02,Trabajoscom,Valladolid,Valladolid,ASTURIAS Cajero/a Reponedor/a Salas,Sin Data,Sin Data,Indefinido,Sin Data,Sin Data,Grupo DIA,Sin Data
2026-09-02,Trabajoscom,Madrid,Madrid,SOLDADOR/A MIG,Sin Data,Sin Data,Indefinido,Sin Data,Sin Data,RAS Interim,Sin Data
2026-09-02,Trabajoscom,Barcelona,Sabadell,CARRETILLERO/A FRONTAL,Sin Data,Sin Data,Indefinido,Sin Data,Sin Data,RAS Interim,Sin Data
2026-09-02,Trabajoscom,Lleida,Molle,Copy of AUXILIAR ADMINISTRATIVO/A,Sin Data,Sin Data,Indefinido,Sin Data,Sin Data,RAS Interim,Sin Data
2026-09-02,Trabajoscom,Girona,Breda,CARRETILLERO/A,Sin Data,Sin Data,Indefinido,Sin Data,Sin Data,RAS Interim,Sin Data
2026-09-02,Trabajoscom,Albacete,Albacete,Copy of MOZO/A DE ALMACÉN,Sin Data,Sin Data,Indefinido,Sin Data,Sin Data,RAS Interim,Sin Data
2026-09-02,Trabajoscom,Valladolid,Valladolid,Administrativos/as Supply Chain- Centro Logístico de León,Sin Data,Sin Data,Indefinido,Sin Data,Sin Data,Grupo DIA,Sin Data
2026-09-02,Trabajoscom,Barcelona,Vilafranca Del Penedes,MOZOS/AS VILAFRANCA DEL PENEDES,Sin Data,Sin Data,Indefinido,Sin Data,Sin Data,RAS Interim,Sin Data
2026-09-02,Trabajoscom, Valencia, Valencia,BOLSA DE EMPLEO - GRUPO RAS,Sin Data,Sin Data,Indefinido,Sin Data,Sin Data,RAS Interim,Sin Data
2026-09-02,Trabajoscom,Madrid,San Fernando De Henares,REPARTIDOR/A EN FURGONETA,Sin Data,Sin Data,Indefinido,Sin Data,Sin Data,RAS Interim,Sin Data
2026-09-02,Trabajoscom,Barcelona,Mataro,RESPONSABLE DE MANTENIMIENTO,Sin Data,Sin Data,Indefinido,Sin Data,Sin Data,RAS Interim - Recruiting,Sin Data
2026-09-02,Trabajoscom,Zaragoza,Zaragoza,OPERARIO U OPERARIA DE CALIDAD,Sin Data,Sin Data,Indefinido,Sin Data,Sin Data,RAS Interim,Sin Data
2026-09-02,Trabajoscom,Madrid,Madrid,REPARTIDOR/A ZONA SAN FERNANDO DE HENARES,Sin Data,Sin Data,Indefinido,Sin Data,Sin Data,RAS Interim,Sin Data
2026-09-02,Trabajoscom,Girona,Girona,OPERARIO/A DE PRODUCCIÓN INDÚSTRIA CÁRNICA,Sin Data,Sin Data,Indefinido,Sin Data,Sin Data,RAS Interim,Sin Data
2026-09-02,Trabajoscom,Barcelona,Sabadell,JEFE/A DE ZONA EN BARCELONA YÁREA METROPOLITANA,Sin Data,Sin Data,Indefinido,Sin Data,Sin Data,Grupo DIA,Sin Data
2026-09-02,Trabajoscom,Barcelona,Cerdanyola Del Valles,OPERARIO/A DE PESADO,Sin Data,Sin Data,Indefinido,Sin Data,Sin Data,RAS Interim,Sin Data
2026-09-02,Trabajoscom,Zaragoza,Zaragoza,Operario/a de desmontaje sin experiencia,Sin Data,Sin Data,Indefinido,Sin Data,Sin Data,RAS Interim,Sin Data
2026-09-02,Trabajoscom,Zaragoza,Zaragoza,Cajero/a Reponedor/a FRANQUICIA  MORA DE RUBIELOS (TERUEL),Sin Data,Sin Data,Indefinido,Sin Data,Sin Data,Grupo DIA,Sin Data
2026-09-02,Trabajoscom,Valladolid,Valladolid,Cajero/a-Reponedor/a- Peñafiel- 40 horas semanales - Incorporación inmediata,Sin Data,Sin Data,Indefinido,Sin Data,Sin Data,Grupo DIA,Sin Data
2026-09-02,Trabajoscom,Barcelona,Vilafranca Del Penedes,OPERARIO/A DE PRODUCCIÓN,Sin Data,Sin Data,Indefinido,Sin Data,Sin Data,RAS Interim,Sin Data
2026-09-02,Trabajoscom, Valencia, Valencia,ELECTRICISTA INDUSTRIAL (EN SAGUNTO CON DESPLAZAMIENTOS NACIONALES),Sin Data,Sin Data,Indefinido,Sin Data,Sin Data,RAS Interim,Sin Data
2026-09-02,Trabajoscom,Barcelona,Vic,MOSSO/A MAGATZEM POLIVALENT,Sin Data,Sin Data,Indefinido,Sin Data,Sin Data,RAS Interim,Sin Data
2026-09-02,Trabajoscom,Toledo,Illescas,Carnicero/a Hortaleza,Sin Data,Sin Data,Indefinido,Sin Data,Sin Data,Grupo DIA,Sin Data
2026-09-02,Trabajoscom,Madrid,Getafe,CARRETILLERO/A,Sin Data,Sin Data,Indefinido,Sin Data,Sin Data,RAS Interim,Sin Data
2026-09-02,Trabajoscom, Sevilla, Sevilla,Ingeniero/a con experiencia en Visual Basic.NET,Sin Data,Sin Data,Indefinido,Jornada Completa,Sin Data,Crit Interim España ETT,Sin Data
2026-09-02,Trabajoscom, Sevilla, Sevilla,Mozo/a carga y descarga - Alcalá de Guadaíra,Sin Data,Sin Data,Indefinido,Jornada Completa,Sin Data,Crit Interim España ETT,Sin Data
2026-09-02,Trabajoscom, Córdoba, Córdoba,Operario-a envasado aceite,17.000 € - 18.000 €,Sin Data,De duracion determinada,Jornada Completa,Sin Data,Crit Interim España ETT,Sin Data
2026-09-02,Trabajoscom, Navarra, Navarra,Jefe/a de Equipo - Sector Industrial,Sin Data,Sin Data,De duracion determinada,Jornada Completa,Sin Data,Iman Temporing,Sin Data
2026-09-02,Trabajoscom, Murcia, Murcia,Mozo/a Almacén,Sin Data,Sin Data,De duracion determinada,Jornada Completa,Sin Data,Crit Interim España ETT,Sin Data
2026-09-02,Trabajoscom, Lleida, Lleida,Técnico/a de Soporte XR,Sin Data,Sin Data,Indefinido,Jornada Completa,Sin Data,Crit Interim España ETT,Sin Data
2026-09-02,Trabajoscom, Barcelona, Barcelona,Administrativo/a de Producción,Sin Data,Sin Data,Indefinido,Jornada Completa,Sin Data,Iman Temporing,Sin Data
2026-09-02,Trabajoscom, Córdoba, Córdoba,Montador/a estructuras metálicas,22.000 € - 24.000 €,Sin Data,Indefinido,Jornada Completa,Sin Data,Crit Interim España ETT,Sin Data
2026-09-02,Trabajoscom, Zaragoza, Zaragoza,Operario/a de producción,Sin Data,Sin Data,Indefinido,Jornada Completa,Sin Data,Iman Temporing,Sin Data
2026-09-02,Trabajoscom, Asturias, Asturias,Instalador/a de alarmas y CCTV - Asturias,Sin Data,Sin Data,Indefinido,Jornada Completa,Sin Data,Crit Interim España ETT,Sin Data
2026-09-02,Trabajoscom, Barcelona, Barcelona,Administrativo/a Logística con Carretilla,Sin Data,Sin Data,Indefinido,Jornada Completa,Sin Data,Crit Interim España ETT,Sin Data
2026-09-02,Trabajoscom, Barcelona, Barcelona,Auxiliar administrativo/a departamento de calidad,Sin Data,Sin Data,De duracion determinada,Jornada Completa,Sin Data,Iman Temporing,Sin Data
2026-09-02,Trabajoscom, Barcelona, Barcelona,CAMARERO/A DE BARRA,12 € - 13 €,Sin Data,De duracion determinada,Jornada Completa,Sin Data,Iman Temporing,Sin Data
2026-09-02,Trabajoscom, Tarragona, Tarragona,Técnico/a de cromatografía líquida HPLC,Sin Data,Sin Data,De duracion determinada,Jornada Completa,Sin Data,Iman Temporing,Sin Data
2026-09-02,Trabajoscom, A Coruña, A Coruña,Personal de Limpieza - Centro Residencial DomusVi,Sin Data,Sin Data,De duracion determinada,Jornada Completa,Sin Data,DomusVi,Sin Data
2026-09-02,Trabajoscom, Madrid, Madrid,Pulidor/a de Metales con Radial,Sin Data,Sin Data,De duracion determinada,Jornada Completa,Sin Data,Crit Interim España ETT,Sin Data
2026-09-02,Trabajoscom, Castellón, Castellón,Carretillero/a ( Nules),Sin Data,Sin Data,Autonomo,Jornada Completa,Sin Data,Iman Temporing,Sin Data
2026-09-02,Trabajoscom, Madrid, Madrid,Comercial Hunter Sector de la Construcción,25.000 € - 32.000 €,Sin Data,Indefinido,Jornada Completa,Sin Data,Crit Interim España ETT,Sin Data
2026-09-02,Trabajoscom, Barcelona, Barcelona,Mozo/a campaña Verano Pallejà,Sin Data,Sin Data,De duracion determinada,Jornada Completa,Sin Data,Crit Interim España ETT,Sin Data
2026-09-02,Trabajoscom, Lleida, Lleida,Operario/a,Sin Data,Sin Data,De duracion determinada,Jornada Completa,Sin Data,Iman Temporing,Sin Data
2026-09-02,Trabajoscom, Tarragona, Tarragona,Operario/a de envasado sector farmacéutico,Sin Data,Sin Data,De duracion determinada,Jornada Completa,Sin Data,Iman Temporing,Sin Data
2026-09-02,Trabajoscom, Valencia, Valencia,Operario/a de producción.,19.200 € - 20.400 €,Sin Data,De duracion determinada,Jornada Completa,Sin Data,Iman Temporing,Sin Data
2026-09-02,Trabajoscom, Baleares, Baleares,Recepcionista Centro Residencial DomusVi Santanyí,Sin Data,Sin Data,Indefinido,Jornada Indiferente,Sin Data,DomusVi,Sin Data
2026-09-02,Trabajoscom, Araba, Araba,Repartidores/as coche -Incorporación 10 septiembre,Sin Data,Sin Data,De duracion determinada,Jornada Completa,Sin Data,Crit Interim España ETT,Sin Data
2026-09-02,Trabajoscom, Barcelona, Barcelona,Maquinista de rebobinadora y cortadora,Sin Data,Sin Data,De duracion determinada,Jornada Completa,Sin Data,Crit Interim España ETT,Sin Data
2026-09-02,Trabajoscom, Lleida, Lleida,Operario/a cárnico/a,Sin Data,Sin Data,Indefinido,Jornada Completa,Sin Data,Iman Temporing,Sin Data
2026-09-02,Trabajoscom, Valencia, Valencia,Ayudante Operador/a Puente Grúa,Sin Data,Sin Data,De duracion determinada,Jornada Completa,Sin Data,Crit Interim España ETT,Sin Data
2026-09-02,Trabajoscom, Madrid, Madrid,Operario/a Carretillero/a Frontal Daganzo,Sin Data,Sin Data,De duracion determinada,Jornada Completa,Sin Data,Crit Interim España ETT,Sin Data
2026-09-02,Trabajoscom, León, León,Repartidor/a León,Sin Data,Sin Data,De duracion determinada,Jornada Completa,Sin Data,Iman Temporing,Sin Data
2026-09-02,Trabajoscom, Araba, Araba,PINTOR/A- CONTRATO INDEFINIDO,Sin Data,Sin Data,Indefinido,Jornada Completa,Sin Data,Iman Temporing,Sin Data
2026-09-02,Trabajoscom, Jaén, Jaén,Personal Oficina Técnica Jaén H/M,Sin Data,Sin Data,Indefinido,Jornada Completa,Sin Data,Crit Interim España ETT,Sin Data
2026-09-02,Trabajoscom, Madrid, Madrid,Ayudante cocina en fábrica (turnos rotativos),Sin Data,Sin Data,De duracion determinada,Jornada Completa,Sin Data,Crit Interim España ETT,Sin Data
2026-09-02,Trabajoscom, Madrid, Madrid,Operarios/as producción Camarma de Esteruelas,Sin Data,Sin Data,De duracion determinada,Jornada Completa,Sin Data,Crit Interim España ETT,Sin Data
2026-09-02,Trabajoscom, Bizkaia, Bizkaia,Operario/a Manipulador/a Industrial 2 turnos,22.000 €,Sin Data,De duracion determinada,Jornada Completa,Sin Data,Iman Temporing,Sin Data
2026-09-02,Trabajoscom, Cantabria, Cantabria,Conductor/a con Carnet C + E más CAP,Sin Data,Sin Data,De duracion determinada,Jornada Completa,Sin Data,Crit Interim España ETT,Sin Data
2026-09-02,Trabajoscom, Murcia, Murcia,Maquinista de envasadora (H/M)- JAVALI NUEVO,Sin Data,Sin Data,Indefinido,Jornada Completa,Sin Data,Crit Interim España ETT,Sin Data
2026-09-02,Trabajoscom, Murcia, Murcia,Operario/a producción (Horno/Freidora)- JAVALI NUEVO,Sin Data,Sin Data,Indefinido,Jornada Completa,Sin Data,Crit Interim España ETT,Sin Data
2026-09-02,Trabajoscom, Murcia, Murcia,Carpintero/a metálico,18.000 € - 24.000 €,Sin Data,Indefinido,Jornada Completa,Sin Data,Iman Temporing,Sin Data
2026-09-02,Trabajoscom, Málaga, Málaga,Conductor/a Repartidor/a Málaga,Sin Data,Sin Data,De duracion determinada,Jornada Completa,Sin Data,Iman Temporing,Sin Data
2026-09-02,Trabajoscom, Murcia, Murcia,Cerrajero/a,18.000 € - 24.000 €,Sin Data,Indefinido,Jornada Completa,Sin Data,Iman Temporing,Sin Data
2026-09-02,Trabajoscom, Valencia, Valencia,Operario/a de Montaje Electrónico – THT y Soldadura,Sin Data,Sin Data,De duracion determinada,Jornada Completa,Sin Data,Iman Temporing,Sin Data
2026-09-02,Trabajoscom, Barcelona, Barcelona,Dependiente/a de Panadería y Obrador,Sin Data,Sin Data,Indefinido,Jornada Completa,Sin Data,Crit Interim España ETT,Sin Data
2026-09-02,Trabajoscom, Barcelona, Barcelona,Vigilantes Seguridad en Manresa - Organismo Salud,Sin Data,Sin Data,Indefinido,Jornada Completa,Sin Data,Iman Seguridad,Sin Data
2026-09-02,Trabajoscom, Murcia, Murcia,Técnico/a de Reparación de Equipos Informáticos,21.000 € - 23.000 €,Sin Data,Indefinido,Jornada Completa,Sin Data,Iman Temporing,Sin Data
2026-09-02,Trabajoscom, Murcia, Murcia,Maquinista de producción-sección líquidos,Sin Data,Sin Data,Indefinido,Jornada Completa,Sin Data,Crit Interim España ETT,Sin Data
2026-09-02,Trabajoscom, Barcelona, Barcelona,Operario/a extrusor/a turno tarde,Sin Data,Sin Data,Indefinido,Jornada Completa,Sin Data,Iman Temporing,Sin Data
2026-09-02,Trabajoscom, Cádiz, Cádiz,Comercial productos cárnicos Jerez-Bahía de Cádiz,1.800 €,Sin Data,Indefinido,Jornada Completa,Sin Data,Crit Interim España ETT,Sin Data
2026-09-02,Trabajoscom, Madrid, Madrid,Administrativo/a Contable - Importaciones,Sin Data,Sin Data,Indefinido,Jornada Completa,Sin Data,Crit Interim España ETT,Sin Data
2026-09-02,Trabajoscom, Madrid, Madrid,Operario/a rotativas Días Sueltos,Sin Data,Sin Data,De duracion determinada,Jornada Completa,Sin Data,Crit Interim España ETT,Sin Data
2026-09-02,Trabajoscom, Barcelona, Barcelona,Operarios/a Empaquetado temporal,Sin Data,Sin Data,Indefinido,Jornada Completa,Sin Data,Crit Interim España ETT,Sin Data
2026-09-02,Trabajoscom, Barcelona, Barcelona,Soldadores/as MIG - Les Franqueses del Vallès,28.031 €,Sin Data,De duracion determinada,Jornada Completa,Sin Data,Pacto,Sin Data
2026-09-02,Trabajoscom, Granada, Granada,Electromecánico/a,Sin Data,Sin Data,De duracion determinada,Jornada Completa,Sin Data,Crit Interim España ETT,Sin Data
2026-09-02,Trabajoscom, Barcelona, Barcelona,Carretillero/a Retráctil (Sustitución),Sin Data,Sin Data,De duracion determinada,Jornada Completa,Sin Data,Iman Temporing,Sin Data
2026-09-02,Trabajoscom, Madrid, Madrid,COMERCIAL (Transporte Internacional) en Madrid,24.000 € - 30.000 €,Sin Data,Indefinido,Jornada Completa,Sin Data,Iman Global Consulting,Sin Data
2026-09-02,Trabajoscom, Madrid, Madrid,Electricista (H/M),Sin Data,Sin Data,De duracion determinada,Jornada Completa,Sin Data,Crit Interim España ETT,Sin Data
2026-09-02,Trabajoscom, Navarra, Navarra,Operario/a de línea de producción (Congelados),17.000 € - 19.000 €,Sin Data,De duracion determinada,Jornada Completa,Sin Data,Iman Temporing,Sin Data
2026-09-02,Trabajoscom, Málaga, Málaga,Gerocultor/a - Auxiliar de enfermería Centro Residencial DomusVi Sierra de las Nieves,Sin Data,Sin Data,Indefinido,Media Jornada,Sin Data,DomusVi,Sin Data
2026-09-02,Trabajoscom, Alicante, Alicante,Gerocultor/a - Auxiliar de enfermería Centro Residencial DomusVi El Campello,Sin Data,Sin Data,Indefinido,Jornada Indiferente,Sin Data,DomusVi,Sin Data
2026-09-02,Trabajoscom, León, León,Director/a Centro Residencial DomusVi Virgen del Camino,Sin Data,Sin Data,De duracion determinada,Jornada Completa,Sin Data,DomusVi,Sin Data
2026-09-02,Trabajoscom, Barcelona, Barcelona,Recepcionista,15.600 € - 16.800 €,Sin Data,De duracion determinada,Media Jornada,Sin Data,Crit Interim España ETT,Sin Data
2026-09-02,Trabajoscom, Huelva, Huelva,Contable Fiscal (H/M) Lepe,Sin Data,Sin Data,Indefinido,Jornada Completa,Sin Data,Crit Interim España ETT,Sin Data
2026-09-02,Trabajoscom, Bizkaia, Bizkaia,Carretillero/a Frontal y Retráctil,24.200 €,Sin Data,De duracion determinada,Jornada Completa,Sin Data,Iman Temporing,Sin Data
2026-09-02,Trabajoscom, Murcia, Murcia,Conductor C+E+ ADR (H/M),Sin Data,Sin Data,Indefinido,Jornada Completa,Sin Data,Crit Interim España ETT,Sin Data
2026-09-02,Trabajoscom, Barcelona, Barcelona,Operario/a de Producción,Sin Data,Sin Data,De duracion determinada,Jornada Completa,Sin Data,Crit Interim España ETT,Sin Data
2026-09-02,Trabajoscom, Barcelona, Barcelona,Operari/a Cardona torns rotatius,19.719 € - 21.000 €,Sin Data,De duracion determinada,Jornada Completa,Sin Data,Iman Temporing,Sin Data
2026-09-02,Trabajoscom, Navarra, Navarra,Operario/a de mecanizado,27.000 € - 27.800 €,Sin Data,De duracion determinada,Jornada Completa,Sin Data,Iman Temporing,Sin Data
2026-09-02,Trabajoscom, Barcelona, Barcelona,Chofer carnet C+E,15 € - 16 €,Sin Data,De duracion determinada,Jornada Completa,Sin Data,Iman Temporing,Sin Data
2026-09-02,Trabajoscom, Madrid, Madrid,Técnico/a contable,Sin Data,Sin Data,Indefinido,Jornada Completa,Sin Data,Crit Interim España ETT,Sin Data
2026-09-02,Trabajoscom, Barcelona, Barcelona,Control de accesos (CON CERTIFICADO +33% Discapacidad o IPT) Vehículo / Corbera,Sin Data,Sin Data,Indefinido,Jornada Indiferente,Sin Data,Diswork,Sin Data
2026-09-02,Trabajoscom, Murcia, Murcia,Técnico/a de Recursos humanos,20.000 € - 23.000 €,Sin Data,Indefinido,Jornada Completa,Sin Data,Iman Temporing,Sin Data
2026-09-02,Trabajoscom,Guadalajara,Marchamalo,OPERARIOS/AS DE PRODUCCIÓN,Sin Data,Sin Data,De duracion determinada,Jornada Indiferente,Sin Data,RAS Interim,Sin Data
2026-09-02,Trabajoscom,Madrid,Alalpardo,GRABADOR/A DE DATOS,Sin Data,Sin Data,Indefinido,Jornada Indiferente,Sin Data,RAS Interim,Sin Data
2026-09-02,Trabajoscom,Madrid,Madrid,REPARTIDOR/A CAMIÓN,Sin Data,Sin Data,Indefinido,Jornada Indiferente,Sin Data,RAS Interim,Sin Data
2026-09-02,Trabajoscom,Zaragoza,Zaragoza,Oficial de mantenimiento Centro Residencial DomusVi Zalfonada,Sin Data,Sin Data,Indefinido,Jornada Completa,Sin Data,DomusVi,Sin Data
2026-09-02,Trabajoscom,Valencia,Benimodo,MOZO/A CON TRASPALETA ELÉCTRICA,Sin Data,Sin Data,Indefinido,Jornada Indiferente,Sin Data,RAS Interim,Sin Data
2026-09-02,Trabajoscom,Valencia,Murcia,CHOFER REPARTIDOR/A,Sin Data,Sin Data,Indefinido,Jornada Indiferente,Sin Data,RAS Interim,Sin Data
2026-09-02,Trabajoscom,Valencia,Alicante,OFICIAL 1ª MANTENIMIENTO EN INSTALACIONES TÉRMICAS,Sin Data,Sin Data,Indefinido,Jornada Indiferente,Sin Data,RAS Interim,Sin Data
2026-09-02,Trabajoscom,Zaragoza,Villanueva De Gallego,Ingeniero/a de Operaciones y Mantenimiento de Data Center Perfil Junior,Sin Data,Sin Data,Indefinido,Media Jornada,Sin Data,Grupo Adecco,Sin Data
2026-09-02,Trabajoscom,Cáceres,Todo Cáceres,Comercial – Indefinido y Coche de Empresa,Sin Data,Sin Data,Indefinido,Jornada Completa,Sin Data,Empresa de Selección,Sin Data
2026-09-02,Trabajoscom,Barcelona,Terrassa,ABASTECEDOR/A DE MAQUINARIA,Sin Data,Sin Data,Indefinido,Jornada Indiferente,Sin Data,RAS Interim,Sin Data
2026-09-02,Trabajoscom,Barcelona,Sant Boi De Llobregat,COSEDOR/A,Sin Data,Sin Data,Indefinido,Jornada Indiferente,Sin Data,RAS Interim,Sin Data
2026-09-02,Trabajoscom,Tarragona,Santa Oliva,08343 - Mecánico/a,Sin Data,Sin Data,Indefinido,Jornada Completa,Sin Data,Grupo Adecco,Sin Data
2026-09-02,Trabajoscom,Girona,Breda,CARRETILLERO/A,Sin Data,Sin Data,Indefinido,Jornada Indiferente,Sin Data,RAS Interim,Sin Data
2026-09-02,Trabajoscom,Barcelona,Sabadell,OPERARIO/A EXTRUSIÓN PLÁSTICO,Sin Data,Sin Data,Indefinido,Jornada Indiferente,Sin Data,RAS Interim,Sin Data
2026-09-02,Trabajoscom,Zaragoza,Villanueva De Gallego,Ingeniero/a de Operaciones y Mantenimiento de Data Center Perfil Junior,Sin Data,Sin Data,Indefinido,Media Jornada,Sin Data,Grupo Adecco,Sin Data
2026-09-02,Trabajoscom,Barcelona,Badalona,Instalador/a de Vinilo Proyectos Ferroviarios (Ámbito Nacional),Sin Data,Sin Data,Indefinido,Jornada Completa,Sin Data,Grupo Adecco,Sin Data
2026-09-02,Trabajoscom,Madrid,Madrid,Técnico en área de vehículos de transporte colectivo (M2 y M3),25 €,Sin Data,Indefinido,Media Jornada,Sin Data,Fundación General de la Universidad Politécnica de Madrid,Sin Data
2026-09-02,Trabajoscom,Barcelona,Barcelona,Auxiliar Laboratorio de control de calidad (Temporal),Sin Data,Sin Data,De duracion determinada,Jornada Completa,Sin Data,Grupo Adecco,Sin Data
2026-09-02,Trabajoscom,Alicante,Benimarfull,Operarios/as producción,Sin Data,Sin Data,Indefinido,Jornada Completa,Sin Data,Grupo Adecco,Sin Data
2026-09-02,Trabajoscom,Barcelona,Sabadell,MANIPULADOR/A,Sin Data,Sin Data,Indefinido,Jornada Indiferente,Sin Data,RAS Interim,Sin Data
2026-09-02,Trabajoscom,Barcelona,Sabadell,MANIPULADOR/A,Sin Data,Sin Data,Indefinido,Jornada Indiferente,Sin Data,RAS Interim,Sin Data
2026-09-02,Trabajoscom,Barcelona,Sabadell,MANIPULADOR/A ALIMENTACION,Sin Data,Sin Data,Indefinido,Jornada Indiferente,Sin Data,RAS Interim,Sin Data
2026-09-02,Trabajoscom,Barcelona,Sabadell,MANIPULADOR/A ALIMENTACION,Sin Data,Sin Data,Indefinido,Jornada Indiferente,Sin Data,RAS Interim,Sin Data
2026-09-02,Trabajoscom,Barcelona,Sabadell,OPERARIO/A MONTAJE,Sin Data,Sin Data,Indefinido,Jornada Indiferente,Sin Data,RAS Interim,Sin Data
2026-09-02,Trabajoscom,Madrid,Madrid,MONITOR/A CHARLAS GESTIÓN EMOCIONAL EN IES,15 €,Sin Data,De duracion determinada,Trabajo Por Horas,Sin Data,Grupo Educativo,Sin Data
2026-09-02,Trabajoscom,Barcelona,Sabadell,OPERARIO/A DE MONTAJE,Sin Data,Sin Data,Indefinido,Jornada Indiferente,Sin Data,RAS Interim,Sin Data
2026-09-02,Trabajoscom,Valencia,Todo Valencia,"CAMAREROS/AS, LIMPIADORES/AS Y MOZOS/AS (DIAS Y EVENTOS SUELTOS)",Sin Data,Sin Data,Indefinido,Jornada Indiferente,Sin Data,RAS Interim,Sin Data
2026-09-02,Trabajoscom,Madrid,Rivas-Vaciamadrid,Profesor Pilates maquina,900 € - 1.100 €,Sin Data,Indefinido,Media Jornada,Sin Data,Lotero Ramirez,Sin Data
2026-09-02,Trabajoscom,Córdoba,Todo Córdoba,Fontanero,Sin Data,Sin Data,Fijo discontinuo,Jornada Completa,Sin Data,Empresa de Selección,Sin Data
2026-09-02,Trabajoscom,Barcelona,Entitat Oest D'abrera,Operario/a industrial en Abrera,Sin Data,Sin Data,De duracion determinada,Jornada Completa,Sin Data,Grupo Adecco,Sin Data
2026-09-02,Trabajoscom,Baleares,Palma De Mallorca,CONDUCTORES DE AUTOBOMBA Y HORMIGONERA - OFERTA DE EMPLEO EN MALLORCA,32.000 € - 60.000 €,Sin Data,Indefinido,Jornada Completa,Sin Data,OKV,Sin Data
2026-09-02,Trabajoscom,Asturias,Gijon,Buscamos Camarer@,Sin Data,Sin Data,De duracion determinada,Media Jornada,Sin Data,La Nueva y de Serin,Sin Data
2026-09-02,Trabajoscom,Tarragona,Valls,Formador/a Técnico/a de Climatización,Sin Data,Sin Data,Indefinido,Jornada Completa,Sin Data,Grupo Adecco,Sin Data
2026-09-02,Trabajoscom,Zaragoza,La Puebla De Alfinden,OPERARIO/A MONTAJE MAQUINARIA AGRICOLA,Sin Data,Sin Data,De duracion determinada,Jornada Completa,Sin Data,Grupo Adecco,Sin Data
2026-09-02,Trabajoscom,Barcelona,Barcelona,MEDICO DEL TRABAJO,Sin Data,Sin Data,Indefinido,Jornada Completa,Sin Data,Vimelab,Sin Data
2026-09-02,Trabajoscom,Barcelona,Barcelona,TECNICO SUPERIOR RIESGOS LABORALES,22.000 € - 300.000 €,Sin Data,Indefinido,Jornada Indiferente,Sin Data,Vimelab,Sin Data
2026-09-02,Trabajoscom,Bizkaia,Erandio,Mecánico/a - Erandio,22.000 € - 30.000 €,Sin Data,Indefinido,Jornada Completa,Sin Data,Blendio Car,Sin Data
2026-09-02,Trabajoscom,Barcelona,Vic,ASL Auxiliar de Servicios en Restauración Colectiva - Vic,1.400 €,Sin Data,De duracion determinada,Jornada Completa,Sin Data,Empresa Restauración Colectiva,Sin Data
2026-09-02,Trabajoscom,Barcelona,Todo Barcelona,Cocineros/as y Ayudantes de Cocina – Barcelona y Área Metropolitana,1.500 € - 1.600 €,Sin Data,De duracion determinada,Jornada Completa,Sin Data,BORIS 45,Sin Data
2026-09-02,Trabajoscom,Barcelona,Vic,Cocinero/a en Vic,1.800 € - 1.900 €,Sin Data,De duracion determinada,Jornada Completa,Sin Data,BORIS 45,Sin Data
2026-09-02,Trabajoscom, Málaga, Málaga,Manipulador/a mangos y aguacates Axarquía,9 € - 10 €,Sin Data,De duracion determinada,Jornada Completa,Sin Data,Grupo Adecco,Sin Data
2026-09-02,Trabajoscom,Madrid,San Fernando De Henares,Técnico/a de Electrónico/a - MADRID,Sin Data,Sin Data,De duracion determinada,Media Jornada,Sin Data,Grupo Adecco,Sin Data
2026-09-02,Trabajoscom,Gipuzkoa,Todo Gipuzkoa,Responsable Comercial de Formación B2C,Sin Data,Sin Data,Indefinido,Jornada Completa,Sin Data,AdegiLan,Sin Data
2026-09-02,Trabajoscom,Gipuzkoa,Todo Gipuzkoa,Técnico/a Mantenimiento,Sin Data,Sin Data,Indefinido,Jornada Completa,Sin Data,AdegiLan,Sin Data
2026-09-02,Trabajoscom,Bizkaia,Todo Bizkaia,Técnico/Técnica en Sistemas Informáticos y de Redes,Sin Data,Sin Data,De duracion determinada,Jornada Completa,Sin Data,AdegiLan,Sin Data
2026-09-02,Trabajoscom,Gipuzkoa,Todo Gipuzkoa,Responsable Fabricación Proyecto/Project Manufacturing Manager,42.000 € - 54.000 €,Sin Data,Indefinido,Jornada Completa,Sin Data,AdegiLan,Sin Data
2026-09-02,Trabajoscom,Gipuzkoa,Todo Gipuzkoa,Electrónico/a,Sin Data,Sin Data,Indefinido,Jornada Completa,Sin Data,AdegiLan,Sin Data
2026-09-02,Trabajoscom,Gipuzkoa,Todo Gipuzkoa,Aux administrativo/a contable  (sust. baja maternidad),Sin Data,Sin Data,De duracion determinada,Jornada Completa,Sin Data,AdegiLan,Sin Data
2026-09-02,Trabajoscom,Bizkaia,Todo Bizkaia,Analista de Datos,Sin Data,Sin Data,De duracion determinada,Jornada Completa,Sin Data,AdegiLan,Sin Data
2026-09-02,Trabajoscom,Barcelona,Barcelona,"Customer Specialist with Dutch, Spanish and English",Sin Data,Sin Data,De duracion determinada,Jornada Completa,Sin Data,Grupo Adecco,Sin Data
2026-09-02,Trabajoscom,Sevilla,Sevilla,PROMOTOR/A COMERCIAL,Sin Data,Sin Data,De duracion determinada,Media Jornada,Sin Data,Grupo Adecco,Sin Data
2026-09-02,Trabajoscom,Barcelona,Igualada,ADJUNTO/A A DIRECCIÓN FINANCIERA Y RRHH,Sin Data,Sin Data,Indefinido,Jornada Indiferente,Sin Data,RAS Interim - Recruiting,Sin Data
2026-09-02,Trabajoscom,Barcelona,Igualada,CONDUCTOR/A CAMIÓN-CISTERNA Y TRÁILER CON ADR,Sin Data,Sin Data,Indefinido,Jornada Indiferente,Sin Data,RAS Interim - Recruiting,Sin Data
2026-09-02,Trabajoscom,Gipuzkoa,Todo Gipuzkoa,CALDERERO/A,Sin Data,Sin Data,Indefinido,Jornada Completa,Sin Data,AdegiLan,Sin Data
2026-09-02,Trabajoscom,Gipuzkoa,Todo Gipuzkoa,Operario/a de mecanizado,Sin Data,Sin Data,De duracion determinada,Jornada Completa,Sin Data,AdegiLan,Sin Data
2026-09-02,Trabajoscom,Valencia,Picassent,Repartidor/a,17.000 € - 18.000 €,Sin Data,De duracion determinada,Jornada Completa,Sin Data,Temps,Sin Data
2026-09-02,Trabajoscom,Valencia,Valencia,Agente Telefónico,Sin Data,Sin Data,De duracion determinada,Jornada Completa,Sin Data,Grupo Adecco,Sin Data
2026-09-02,Trabajoscom,Barcelona,Granollers,TÉCNICO/A DE INYECCIÓN DE PLÁSTICO,Sin Data,Sin Data,Indefinido,Jornada Indiferente,Sin Data,RAS Interim - Recruiting,Sin Data
2026-09-02,Trabajoscom,Cádiz,Jerez De La Frontera,Especialista en ventas - Cádiz,Sin Data,Sin Data,Indefinido,Jornada Completa,Sin Data,Grupo Adecco,Sin Data
2026-09-02,Trabajoscom,Granada,Cenes De La Vega,Especialista en ventas - Granada,Sin Data,Sin Data,Indefinido,Jornada Completa,Sin Data,Grupo Adecco,Sin Data
2026-09-02,Trabajoscom,Barcelona,Granollers,ASSISTANT STORE MANAGER,Sin Data,Sin Data,Indefinido,Jornada Indiferente,Sin Data,RAS Interim - Recruiting,Sin Data
2026-09-02,Trabajoscom,Barcelona,Terrassa,CONTABLE - SECTOR INDUSTRIAL,Sin Data,Sin Data,Indefinido,Jornada Indiferente,Sin Data,RAS Interim - Recruiting,Sin Data
2026-09-02,Trabajoscom,Zaragoza,Zaragoza,Encargado/a de turno- Dispatcher,Sin Data,Sin Data,De duracion determinada,Media Jornada,Sin Data,Grupo Adecco,Sin Data
2026-09-02,Trabajoscom,Madrid,Madrid,Auxiliar Administrativo/a Telefónico (Media Jornada),18.000 € - 19.000 €,Sin Data,De duracion determinada,Media Jornada,Sin Data,Temps,Sin Data
2026-09-02,Trabajoscom,Barcelona,Gavà,Mozo/a de almacén,18.000 €,Sin Data,De duracion determinada,Jornada Completa,Sin Data,Temps,Sin Data
2026-09-02,Trabajoscom,Barcelona,Barcelona,TELEOPERADOR/A COMERCIAL - SAN CUGAT DEL VALLÈS,Sin Data,Sin Data,De duracion determinada,Jornada Indiferente,Sin Data,Temps,Sin Data
2026-09-02,Trabajoscom,Valencia,Alcàsser,OPERARIOS/AS DE PRODUCCIÓN DE CORTE,20.000 € - 21.000 €,Sin Data,De duracion determinada,Jornada Completa,Sin Data,Temps,Sin Data
2026-09-02,Trabajoscom,Madrid,Campo Real,Manipulador/a de vehículos y lavacoches,Sin Data,Sin Data,De duracion determinada,Jornada Completa,Sin Data,Temps,Sin Data
2026-09-02,Trabajoscom,Barcelona,Sant Cugat Del Vallès,TEAM LEADER ALMACÉN - (TURNOS ROTATIVOS),22.000 €,Sin Data,Indefinido,Jornada Completa,Sin Data,Temps,Sin Data
2026-09-02,Trabajoscom,Murcia,Alhama De Murcia,Conductor de Tráiler - Indefinido,2.400 € - 2.600 €,Sin Data,Indefinido,Jornada Completa,Sin Data,ELLTRUCK,Sin Data
2026-09-02,Trabajoscom,Madrid,Arganda,ILUNION.  OPERARIO DE PRODUCCION (H/M/D) CON DISCAPACIDAD.  ARGANDA DEL REY,17.000 € - 18.000 €,Sin Data,De duracion determinada,Jornada Completa,Sin Data,Ilunion,Sin Data
2026-09-02,Trabajoscom,Madrid,Meco,MOZOS/AS DE REVISION LABORATORIO,17.185 €,Sin Data,De duracion determinada,Jornada Completa,Sin Data,Grupo Noa's,Sin Data
2026-09-02,Trabajoscom, Lleida, Lleida,PROFESIONAL LIMPIEZA PARA LLEIDA -ID 72308-,867 €,Sin Data,Indefinido,Media Jornada,Sin Data,Multiserveis Ndavant,Sin Data
2026-09-02,Trabajoscom,Valencia,Sollana,FLEJADOR/A,Sin Data,Sin Data,De duracion determinada,Jornada Completa,Sin Data,Temps,Sin Data
2026-09-02,Trabajoscom,Barcelona,Cerdanyola Del Valles,PROFESIONAL LIMPIEZA EN TRATAMIENTOS DE SUELOS -ID 72328-,729 €,Sin Data,De duracion determinada,Media Jornada,Sin Data,Multiserveis Ndavant,Sin Data
2026-09-02,Trabajoscom,Cantabria,Polanco,REPARTIDOR/A DE PAQUETERÍA,Sin Data,Sin Data,De duracion determinada,Jornada Completa,Sin Data,Temps,Sin Data
2026-09-02,Trabajoscom,Madrid,Madrid,TECNICO/A DE REPARACION EN MECO: PRODUCTOS DE GAMA BLANCA,Sin Data,Sin Data,De duracion determinada,Jornada Completa,Sin Data,Temps,Sin Data
2026-09-02,Trabajoscom,Barcelona,Rubí,REPARTIDOR/A EN RUBÍ (ZONA VALLÈS OCCIDENTAL),Sin Data,Sin Data,De duracion determinada,Jornada Completa,Sin Data,Temps,Sin Data
2026-09-02,Trabajoscom,Cádiz,La Linea De La Concepcion,Fontaneros Gibraltar,Sin Data,Sin Data,Fijo discontinuo,Jornada Completa,Sin Data,Franmar Work Solution,Sin Data
2026-09-02,Trabajoscom,Madrid,Todo Madrid,Oficial de Teleasistencia - DomusVi TAD Madrid,Sin Data,Sin Data,De duracion determinada,Jornada Completa,Sin Data,DomusVi,Sin Data
2026-09-02,Trabajoscom,Madrid,Madrid,SALES ASSISTANT GETAFE (20H - 25H),Sin Data,Sin Data,A tiempo parcial,Jornada Indiferente,Sin Data,RAS Interim - Recruiting,Sin Data
2026-09-02,Trabajoscom,Barcelona,Mataro,OPERARIO/A ANALISTA,Sin Data,Sin Data,Indefinido,Jornada Indiferente,Sin Data,RAS Interim,Sin Data
2026-09-02,Trabajoscom,Guadalajara,Azuqueca De Henares,MONTADOR/A DE VENTANAS DE ALUMINIO,Sin Data,Sin Data,Indefinido,Jornada Indiferente,Sin Data,RAS Interim,Sin Data
2026-09-02,Trabajoscom,Valencia,Valencia,AYUDANTE/A DE COCINA - FRIEGAPLATOS - CAMARERO/A.,Sin Data,Sin Data,De duracion determinada,Jornada Indiferente,Sin Data,RAS Interim,Sin Data
2026-09-02,Trabajoscom,Valencia,Riba-Roja De Turia,MECÁNICO/A DE VEHÍCULOS DE FRÍO.,Sin Data,Sin Data,De duracion determinada,Jornada Indiferente,Sin Data,RAS Interim,Sin Data
2026-09-02,Trabajoscom,Girona,Blanes,DEPENDIENTE/A ALIMENTACIÓN,Sin Data,Sin Data,Indefinido,Jornada Indiferente,Sin Data,RAS Interim,Sin Data
2026-09-02,Trabajoscom,Barcelona,Mataro,OPERARIO/A PRODUCCIÓN,Sin Data,Sin Data,Indefinido,Jornada Indiferente,Sin Data,RAS Interim,Sin Data
2026-09-02,Trabajoscom,Valencia,Riba-Roja De Turia,ADMINISTRATIVO/A,Sin Data,Sin Data,De duracion determinada,Jornada Indiferente,Sin Data,RAS Interim,Sin Data
2026-09-02,Trabajoscom,Valencia,Alaquas,TÉCNICOS/AS DE RED,Sin Data,Sin Data,De duracion determinada,Jornada Indiferente,Sin Data,RAS Interim,Sin Data
2026-09-02,Trabajoscom,Girona,Torrent,MOZO/ A DE ALMACÉN DÍAS SUELTOS,Sin Data,Sin Data,De duracion determinada,Jornada Indiferente,Sin Data,RAS Interim,Sin Data
2026-09-02,Trabajoscom, Madrid, Madrid,OPERARIO/A PLANCHA SERIGRAFICA,Sin Data,Sin Data,Indefinido,Jornada Indiferente,Sin Data,RAS Interim,Sin Data
2026-09-02,Trabajoscom,Valencia,Alzira,Técnico/a de Compras (Cítrico),Sin Data,Sin Data,Indefinido,Jornada Indiferente,Sin Data,RAS Interim,Sin Data
2026-09-02,Trabajoscom,Valencia,Alzira,ELECTROMECÁNICO/A,Sin Data,Sin Data,Indefinido,Jornada Indiferente,Sin Data,RAS Interim,Sin Data
2026-09-02,Trabajoscom,Almería,Almeria,MOZO/A DE ALMACÉN,Sin Data,Sin Data,De duracion determinada,Jornada Indiferente,Sin Data,RAS Interim,Sin Data
2026-09-02,Trabajoscom,Bizkaia,Gandia,AYUDANTE/A DE COCINA - CAMARERO/A - FRIEGAPLATOS,Sin Data,Sin Data,De duracion determinada,Jornada Indiferente,Sin Data,RAS Interim,Sin Data
2026-09-02,Trabajoscom,Valencia,Riba-Roja De Turia,MOZO/A DE ALMACÉN CARRETILLERO/A,Sin Data,Sin Data,De duracion determinada,Jornada Indiferente,Sin Data,RAS Interim,Sin Data
2026-09-02,Trabajoscom,Valencia,Buñol,CARRETILLERO/A FRONTAL Y RETRÁCTIL,Sin Data,Sin Data,De duracion determinada,Jornada Indiferente,Sin Data,RAS Interim,Sin Data
2026-09-02,Trabajoscom,Barcelona,Mataro,MOZO/A DE ALMACÉN,Sin Data,Sin Data,Indefinido,Jornada Indiferente,Sin Data,RAS Interim,Sin Data
2026-09-02,Trabajoscom,Valencia,Valencia,AUXILIAR ADMINISTRATIVO/A,Sin Data,Sin Data,De duracion determinada,Jornada Indiferente,Sin Data,RAS Interim,Sin Data
2026-09-02,Trabajoscom,Madrid,Mejorada Del Campo,RESPONSABLE DE EQUIPO EN METALISTERÍA,Sin Data,Sin Data,Indefinido,Jornada Indiferente,Sin Data,RAS Interim,Sin Data
2026-09-02,Trabajoscom,Barcelona,Argentona,ADMINISTRATIVO/A CON ILLUSTRATOR,Sin Data,Sin Data,Indefinido,Jornada Indiferente,Sin Data,RAS Interim,Sin Data
2026-09-02,Trabajoscom,Barcelona,Vilassar De Mar,CARRETILLERO/A,Sin Data,Sin Data,Indefinido,Jornada Indiferente,Sin Data,RAS Interim,Sin Data
2026-09-02,Trabajoscom,Burgos,Burgos,MOZO/A DE ALMACÉN 20 HORAS,Sin Data,Sin Data,A tiempo parcial,Jornada Indiferente,Sin Data,RAS Interim,Sin Data
2026-09-02,Trabajoscom,Valencia,Picassent,ADMINISTRATIVO/A,Sin Data,Sin Data,De duracion determinada,Jornada Indiferente,Sin Data,RAS Interim,Sin Data
2026-09-02,Trabajoscom,Ourense,A Ibia,TÉCNICO/A DE HIGIENE Y CONTROL DE PLAGAS,Sin Data,Sin Data,De duracion determinada,Jornada Indiferente,Sin Data,RAS Interim,Sin Data
2026-09-02,Trabajoscom,Valencia,Carlet,CARRETILLERO/A CON CERTIFICADO DE DISCAPACIDAD,Sin Data,Sin Data,Indefinido,Jornada Indiferente,Sin Data,RAS Interim,Sin Data
2026-09-02,Trabajoscom,Madrid,San Fernando De Henares,TÉCNICO/A DE INSTALACIONES ELÉCTRICAS,Sin Data,Sin Data,Indefinido,Jornada Indiferente,Sin Data,RAS Interim,Sin Data
2026-09-02,Trabajoscom,Valencia,Valencia,AYUDANTE/A CAMARERO/A,Sin Data,Sin Data,De duracion determinada,Jornada Indiferente,Sin Data,RAS Interim,Sin Data
2026-09-02,Trabajoscom,Valencia,Alaquas,COCINERO/A,Sin Data,Sin Data,De duracion determinada,Jornada Indiferente,Sin Data,RAS Interim,Sin Data
2026-09-02,Trabajoscom,Burgos,Burgos,MOZO/A DE ALMACÉN 20 HORAS,Sin Data,Sin Data,A tiempo parcial,Jornada Indiferente,Sin Data,RAS Interim,Sin Data
2026-09-02,Trabajoscom,Valencia,Benimodo,Encajador/a de cítricos en Benimodo.,Sin Data,Sin Data,Indefinido,Jornada Indiferente,Sin Data,RAS Interim,Sin Data
2026-09-02,Trabajoscom,Barcelona,Vic,OPERARI/ÀRIA ALIMENTACIÓ,Sin Data,Sin Data,Indefinido,Jornada Indiferente,Sin Data,RAS Interim,Sin Data
2026-09-02,Trabajoscom,Valencia,Alzira,CARRETILLERO/A,Sin Data,Sin Data,Indefinido,Jornada Indiferente,Sin Data,RAS Interim,Sin Data
2026-09-02,Trabajoscom,Lleida,Castellar De La Ribera,AUXILIAR E PRODUCCIÓN,Sin Data,Sin Data,Indefinido,Jornada Indiferente,Sin Data,RAS Interim,Sin Data
2026-09-02,Trabajoscom,Barcelona,Mataro,ELECTROMECÁNICO INDUSTRIAL - SECTOR QUÍMICO,Sin Data,Sin Data,Indefinido,Jornada Indiferente,Sin Data,RAS Interim - Recruiting,Sin Data
2026-09-02,Trabajoscom,Barcelona,Mataro,OPERARIO/A AUTOMOCIÓN,Sin Data,Sin Data,Indefinido,Jornada Indiferente,Sin Data,RAS Interim,Sin Data
2026-09-02,Trabajoscom,Barcelona,Mataro,MOZO/A DE ALMACÉN,Sin Data,Sin Data,Indefinido,Jornada Indiferente,Sin Data,RAS Interim,Sin Data
2026-09-02,Trabajoscom,Barcelona,Vic,OPERARI/ÀRIA FILATURA 4t o 5è TORN,Sin Data,Sin Data,Indefinido,Jornada Indiferente,Sin Data,RAS Interim,Sin Data
2026-09-02,Trabajoscom,Valencia,Riba-Roja De Turia,ADMINISTRATIVO/A DE LOGÍSTICA Y TRANSPORTE,Sin Data,Sin Data,De duracion determinada,Jornada Indiferente,Sin Data,RAS Interim,Sin Data
2026-09-02,Trabajoscom,Murcia,Murcia,OFICIAL DE 1ª CLIMATIZADOR/A,Sin Data,Sin Data,Indefinido,Jornada Indiferente,Sin Data,RAS Interim,Sin Data
2026-09-02,Trabajoscom,Valencia,Alzira,TÉCNICO/A ELECTROMECÁNICO/A,Sin Data,Sin Data,Indefinido,Jornada Indiferente,Sin Data,RAS Interim,Sin Data
2026-09-02,Trabajoscom,Valencia,Riba-Roja De Turia,ADMINISTRATIVO/A DE TRÁFICO,Sin Data,Sin Data,De duracion determinada,Jornada Indiferente,Sin Data,RAS Interim,Sin Data
2026-09-02,Trabajoscom,Asturias,Alava,REPARTIDOR/A CON FURGONETA HIGIENE,Sin Data,Sin Data,Indefinido,Jornada Indiferente,Sin Data,RAS Interim,Sin Data
2026-09-02,Trabajoscom,Barcelona,Mataro,OPERARIO/A DE TALLER,Sin Data,Sin Data,Indefinido,Jornada Indiferente,Sin Data,RAS Interim,Sin Data
2026-09-02,Trabajoscom,Barcelona,Dosrius,OPERARIO/A QUÍMICO,Sin Data,Sin Data,Indefinido,Jornada Indiferente,Sin Data,RAS Interim,Sin Data
2026-09-02,Trabajoscom,Valencia,Valencia,AYUDANTE/A CAMARERO/A,Sin Data,Sin Data,De duracion determinada,Jornada Indiferente,Sin Data,RAS Interim,Sin Data
2026-09-02,Trabajoscom,Burgos,Burgos,MOZO/A DE ALMACÉN/CARRETILLERO/A,Sin Data,Sin Data,Indefinido,Jornada Indiferente,Sin Data,RAS Interim,Sin Data
2026-09-02,Trabajoscom,Valencia,Paterna,Copy of MOZO/A DE ALMACÉN CARRETILLERO/A,Sin Data,Sin Data,De duracion determinada,Jornada Indiferente,Sin Data,RAS Interim,Sin Data
2026-09-02,Trabajoscom,Madrid,Madrid,CATALOGADOR/A ACTIVOS,Sin Data,Sin Data,Indefinido,Jornada Indiferente,Sin Data,RAS Interim,Sin Data
2026-09-02,Trabajoscom,Bizkaia,Bilbao,MOZO/A ALMACEN ESPECIALISTA,Sin Data,Sin Data,Indefinido,Jornada Indiferente,Sin Data,RAS Interim,Sin Data
2026-09-02,Trabajoscom,Valencia,Paterna,MOZO/A CARRETILLERO RECTRACTIL,Sin Data,Sin Data,Indefinido,Jornada Indiferente,Sin Data,RAS Interim,Sin Data
2026-09-02,Trabajoscom,Murcia,Murcia,CHOFER REPARTIDOR/A,Sin Data,Sin Data,Indefinido,Jornada Indiferente,Sin Data,RAS Interim,Sin Data
2026-09-02,Trabajoscom,Valencia,Vallada,CONDUCTOR/A DE CAMIÓN,Sin Data,Sin Data,Indefinido,Jornada Indiferente,Sin Data,RAS Interim,Sin Data
2026-09-02,Trabajoscom,Valencia,Paterna,MOZO/A / OPERARIO/A SAT CON APOYO ADMINISTRATIVO,Sin Data,Sin Data,Indefinido,Jornada Indiferente,Sin Data,RAS Interim,Sin Data
2026-09-02,Trabajoscom,Valencia,Alzira,TÉCNICO/A DE MANTENIMIENTO POLIVALENTE,Sin Data,Sin Data,Indefinido,Jornada Indiferente,Sin Data,RAS Interim,Sin Data
2026-09-02,Trabajoscom,Madrid,San Sebastián De Los Reyes,AUXILIAR ADMINISTRATIVO/A SAN SEBASTIAN DE LOS REYES,Sin Data,Sin Data,Indefinido,Jornada Indiferente,Sin Data,RAS Interim,Sin Data
2026-09-02,Trabajoscom,Madrid,Alcala De Henares,INVENTARISTA - MOZO/A DE INVENTARIO,Sin Data,Sin Data,A tiempo parcial,Jornada Indiferente,Sin Data,RAS Interim,Sin Data
2026-09-02,Trabajoscom,Baleares,Port D'alcudia,CARRETILLERO/A CON TRANSPALETA ELÉCTRICA,Sin Data,Sin Data,Indefinido,Jornada Indiferente,Sin Data,RAS Interim,Sin Data
2026-09-02,Trabajoscom,Valencia,Xativa,PEÓN/A DE RECICLAJE,Sin Data,Sin Data,Indefinido,Jornada Indiferente,Sin Data,RAS Interim,Sin Data
2026-09-02,Trabajoscom,Madrid,Madrid,EJECUTIVO/A DE CUENTAS,Sin Data,Sin Data,Indefinido,Jornada Indiferente,Sin Data,RAS Interim,Sin Data
2026-09-02,Trabajoscom,Valencia,Riba-Roja De Turia,OPERARIO/A DE PRODUCCION,Sin Data,Sin Data,Indefinido,Jornada Indiferente,Sin Data,RAS Interim,Sin Data
2026-09-02,Trabajoscom,Valencia,Benimodo,MOZO/A CON TRASPALETA ELÉCTRICA,Sin Data,Sin Data,Indefinido,Jornada Indiferente,Sin Data,RAS Interim,Sin Data
2026-09-02,Trabajoscom,Valencia,Valencia,AYUDANTE/A CAMARERO/A,Sin Data,Sin Data,De duracion determinada,Jornada Indiferente,Sin Data,RAS Interim,Sin Data
2026-09-02,Trabajoscom,Valencia,Paterna,AUXILIAR ADMINISTRATIVO/A,Sin Data,Sin Data,De duracion determinada,Jornada Indiferente,Sin Data,RAS Interim,Sin Data
2026-09-02,Trabajoscom,Valencia,Paterna,MOZO/A / OPERARIO/A SAT CON APOYO ADMINISTRATIVO,Sin Data,Sin Data,Indefinido,Jornada Indiferente,Sin Data,RAS Interim,Sin Data
2026-09-02,Trabajoscom,Madrid,Madrid,REPARTIDOR/A CARNET B PAQUETERÍA,Sin Data,Sin Data,Indefinido,Jornada Indiferente,Sin Data,RAS Interim,Sin Data
2026-09-02,Trabajoscom,Valencia,Massalaves,MOZO/A DE ALMACEN,Sin Data,Sin Data,Indefinido,Jornada Indiferente,Sin Data,RAS Interim,Sin Data
2026-09-02,Trabajoscom,Barcelona,Avinyo,OPERARI/ÀRIA GANIVET,Sin Data,Sin Data,Indefinido,Jornada Indiferente,Sin Data,RAS Interim,Sin Data
2026-09-02,Trabajoscom,Valencia,Paterna,OPERARIO/A DE PINTURA A PISTOLA EN CABINA,Sin Data,Sin Data,Indefinido,Jornada Indiferente,Sin Data,RAS Interim,Sin Data
2026-09-02,Trabajoscom,Teruel,Las Planas De Castellote,CARRETILLERO/A,Sin Data,Sin Data,Indefinido,Jornada Indiferente,Sin Data,RAS Interim,Sin Data
2026-09-02,Trabajoscom,Lleida,Castellar De La Ribera,ENCAJADOR/A SECTOR HORTOFRUTÍCOLA,Sin Data,Sin Data,De duracion determinada,Jornada Indiferente,Sin Data,RAS Interim,Sin Data
2026-09-02,Trabajoscom,Madrid,Getafe,TÉCNICO/A DE PRODUCCIÓN SMD (ELECTRÓNICA),Sin Data,Sin Data,Indefinido,Jornada Indiferente,Sin Data,RAS Interim,Sin Data
2026-09-02,Trabajoscom,Madrid,Getafe,TÉCNICO/A DE EQUIPOS ELECTRÓNICOS,Sin Data,Sin Data,Indefinido,Jornada Indiferente,Sin Data,RAS Interim,Sin Data
2026-09-02,Trabajoscom,Valencia,Alginet,MOZO/A DE ALMACÉN HORTOFRUTÍCOLA,Sin Data,Sin Data,Indefinido,Jornada Indiferente,Sin Data,RAS Interim,Sin Data
2026-09-02,Trabajoscom,Madrid,Getafe,TÉCNICO/A DE CALIDAD EN SECTOR ELECTRÓNICO.,Sin Data,Sin Data,Indefinido,Jornada Indiferente,Sin Data,RAS Interim,Sin Data
2026-09-02,Trabajoscom,Valencia,Valencia,FRIGORISTA,Sin Data,Sin Data,Indefinido,Jornada Indiferente,Sin Data,RAS Interim,Sin Data
2026-09-02,Trabajoscom,Madrid,Alcorcon,INVENTARISTA- MOZO/A DE INVENTARIO (ALCORCÓN),Sin Data,Sin Data,A tiempo parcial,Jornada Indiferente,Sin Data,RAS Interim,Sin Data
2026-09-02,Trabajoscom,Valencia,Alzira,TÉCNICO/A INFORMÁTICO/A (ENTORNO INDUSTRIAL),Sin Data,Sin Data,Indefinido,Jornada Indiferente,Sin Data,RAS Interim,Sin Data
2026-09-02,Trabajoscom,Valencia,Valencia,Copy of ELECTROMECÁNICO/A Y/O FRIGORISTA,Sin Data,Sin Data,Indefinido,Jornada Indiferente,Sin Data,RAS Interim,Sin Data
2026-09-02,Trabajoscom,Valencia,Valencia,ELECTROMECÁNICO/A Y/O FRIGORISTA,Sin Data,Sin Data,Indefinido,Jornada Indiferente,Sin Data,RAS Interim,Sin Data
2026-09-02,Trabajoscom,Valencia,Riba-Roja De Turia,OPERARIO/A DE PRODUCCION,Sin Data,Sin Data,Indefinido,Jornada Indiferente,Sin Data,RAS Interim,Sin Data
2026-09-02,Trabajoscom,Barcelona,Mataro,MOZO/A ALMACÉN,Sin Data,Sin Data,Indefinido,Jornada Indiferente,Sin Data,RAS Interim,Sin Data
2026-09-02,Trabajoscom,Albacete,Albacete,Copy of MOZO/A CARRETILLERO/A Y ENCAJADOR/A HORTOFRUTICOLA,Sin Data,Sin Data,De duracion determinada,Jornada Indiferente,Sin Data,RAS Interim,Sin Data
2026-09-02,Trabajoscom,Albacete,Albacete,MOZO/A CARRETILLERO/A,Sin Data,Sin Data,De duracion determinada,Jornada Indiferente,Sin Data,RAS Interim,Sin Data
2026-09-02,Trabajoscom,Castellón,Vilafames,ELECTROMECÁNICO/A,Sin Data,Sin Data,Indefinido,Jornada Indiferente,Sin Data,RAS Interim,Sin Data
2026-09-02,Trabajoscom,Almería,Almeria,MOZO/A DE ALMACÉN,Sin Data,Sin Data,De duracion determinada,Jornada Indiferente,Sin Data,RAS Interim,Sin Data
2026-09-02,Trabajoscom,Girona,Breda,MOZO/A ALIMENTACIÓN,Sin Data,Sin Data,Indefinido,Jornada Indiferente,Sin Data,RAS Interim,Sin Data
2026-09-02,Trabajoscom,Girona,Hostalric,MANIPULADOR/A,Sin Data,Sin Data,Indefinido,Jornada Indiferente,Sin Data,RAS Interim,Sin Data
2026-09-02,Trabajoscom,Jaén,Ribera Alta,TÉCNICO/A DE MANTENIMIENTO (LÍNEAS DE PRODUCCIÓN),Sin Data,Sin Data,Indefinido,Jornada Indiferente,Sin Data,RAS Interim,Sin Data
2026-09-02,Trabajoscom,Madrid,Arganda Del Rey,FRESADOR/A CNC,Sin Data,Sin Data,Indefinido,Jornada Indiferente,Sin Data,RAS Interim,Sin Data
2026-09-02,Trabajoscom,Girona,Santa Coloma De Farners,PEÓN/A ESTRUCTURAS DE HORMIGÓN,Sin Data,Sin Data,Indefinido,Jornada Indiferente,Sin Data,RAS Interim,Sin Data
2026-09-02,Trabajoscom,Ávila,Avila,TELEOPERADOR/A BILINGÜE en CATALÁN Y CASTELLANO,Sin Data,Sin Data,Indefinido,Jornada Indiferente,Sin Data,RAS Interim,Sin Data
2026-09-02,Trabajoscom,Ávila,Avila,TELEOPERADOR/A BILINGÜE en CASTELLANO y EUSKERA,Sin Data,Sin Data,Indefinido,Jornada Indiferente,Sin Data,RAS Interim,Sin Data
2026-09-02,Trabajoscom,Málaga,Antequera,MOZO/A DE ALMACÉN,Sin Data,Sin Data,Indefinido,Jornada Indiferente,Sin Data,RAS Interim,Sin Data
2026-09-02,Trabajoscom,Valencia,Paterna,MOZO/A / OPERARIO/A SAT CON APOYO ADMINISTRATIVO,Sin Data,Sin Data,Indefinido,Jornada Indiferente,Sin Data,RAS Interim,Sin Data
2026-09-02,Trabajoscom,Girona,Girona,OPERARIO/A PRODUCCIÓN PISTONES,Sin Data,Sin Data,Indefinido,Jornada Indiferente,Sin Data,RAS Interim,Sin Data
2026-09-02,Trabajoscom,Guadalajara,Marchamalo,ELECTRICISTA,Sin Data,Sin Data,Indefinido,Jornada Indiferente,Sin Data,RAS Interim,Sin Data
2026-09-02,Trabajoscom,Lugo,Todo Lugo,Gerocultor/a - Auxiliar de enfermería Centro Residencial DomusVi Chantada,Sin Data,Sin Data,De duracion determinada,Jornada Completa,Sin Data,DomusVi,Sin Data
2026-09-02,Trabajoscom,Valencia,Valencia,CARRETILLERO/A RETRÁCTIL EN FRÍO,Sin Data,Sin Data,De duracion determinada,Jornada Indiferente,Sin Data,RAS Interim,Sin Data
2026-09-02,Trabajoscom,Barcelona,Sant Boi De Llobregat,OPERARIO/A ARTES GRAFICAS POST-IMPRESIÓN,Sin Data,Sin Data,Indefinido,Jornada Indiferente,Sin Data,RAS Interim,Sin Data
2026-09-02,Trabajoscom,Valencia,Paterna,TÉCNICO/A DE MANTENIMIENTO,Sin Data,Sin Data,Indefinido,Jornada Indiferente,Sin Data,RAS Interim,Sin Data
2026-09-02,Trabajoscom,Tarragona,Santa Coloma De Queralt,ELECTROMECÁNICO/A,Sin Data,Sin Data,Indefinido,Jornada Indiferente,Sin Data,RAS Interim,Sin Data
2026-09-02,Trabajoscom,Girona,Riudarenes,MOZO/A DE ALMACÉN,Sin Data,Sin Data,Indefinido,Jornada Indiferente,Sin Data,RAS Interim,Sin Data
2026-09-02,Trabajoscom,Guadalajara,Marchamalo,TÉCNICO/A DE MONTAJE MECÁNICO,Sin Data,Sin Data,Indefinido,Jornada Indiferente,Sin Data,RAS Interim,Sin Data
2026-09-02,Trabajoscom,Madrid,Valdemoro,CONDUCTOR/A TIPO C,Sin Data,Sin Data,Indefinido,Jornada Indiferente,Sin Data,RAS Interim,Sin Data
2026-09-02,Trabajoscom,Girona,Riudellots De La Selva,TÈCNIC/A DE CONTROL DE QUALITAT,Sin Data,Sin Data,Indefinido,Jornada Indiferente,Sin Data,RAS Interim,Sin Data
2026-09-02,Trabajoscom,Girona,Santa Coloma De Farners,OPERARIOS/AS CÁRNICA,Sin Data,Sin Data,Indefinido,Jornada Indiferente,Sin Data,RAS Interim,Sin Data
2026-09-02,Trabajoscom,Girona,Girona,OPERARIO/A TEXTIL,Sin Data,Sin Data,Indefinido,Jornada Indiferente,Sin Data,RAS Interim,Sin Data
2026-09-02,Trabajoscom,Barcelona,Mataro,OPERARIO/A REFORMA,Sin Data,Sin Data,Indefinido,Jornada Indiferente,Sin Data,RAS Interim,Sin Data
2026-09-02,Trabajoscom,Barcelona,Pineda De Mar,FRIEGAPLATOS,Sin Data,Sin Data,De duracion determinada,Jornada Indiferente,Sin Data,RAS Interim,Sin Data
2026-09-02,Trabajoscom,Valencia,Valencia,ELECTROMECÁNICO/A Y/O FRIGORISTA,Sin Data,Sin Data,Indefinido,Jornada Indiferente,Sin Data,RAS Interim,Sin Data
2026-09-02,Trabajoscom,Barcelona,Subirats,AYUDANTES DE MAQUINISTA,Sin Data,Sin Data,Indefinido,Jornada Indiferente,Sin Data,RAS Interim,Sin Data
2026-09-02,Trabajoscom,Valencia,Meliana,AYUDANTE/A CAMARERO/A EXTRA FINES DE SEMANA,Sin Data,Sin Data,De duracion determinada,Jornada Indiferente,Sin Data,RAS Interim,Sin Data
2026-09-02,Trabajoscom,Burgos,Burgos,MOZO/A DE ALMACÉN/CARRETILLERO/A,Sin Data,Sin Data,Indefinido,Jornada Indiferente,Sin Data,RAS Interim,Sin Data
2026-09-02,Trabajoscom,Barcelona,Olost,AJUDANT D´IMPRESSIÓ,Sin Data,Sin Data,Indefinido,Jornada Indiferente,Sin Data,RAS Interim,Sin Data
2026-09-02,Trabajoscom,Barcelona,Mataro,ENVASADOR/A,Sin Data,Sin Data,Indefinido,Jornada Indiferente,Sin Data,RAS Interim,Sin Data
2026-09-02,Trabajoscom,Barcelona,Mataro,AUXILIAR DE ALMACÉN,Sin Data,Sin Data,Indefinido,Jornada Indiferente,Sin Data,RAS Interim,Sin Data
2026-09-02,Trabajoscom,Girona,Lloret De Mar,JEFE/A DE COCINA,Sin Data,Sin Data,Indefinido,Jornada Indiferente,Sin Data,RAS Interim,Sin Data
2026-09-02,Trabajoscom,Girona,Santa Coloma De Farners,DEPENDIENTE EN TIENDA DE CONSTRUCCIÓN,Sin Data,Sin Data,Indefinido,Jornada Indiferente,Sin Data,RAS Interim,Sin Data
2026-09-02,Trabajoscom,Madrid,Madrid,TECNICO/A CALIDAD SMD,Sin Data,Sin Data,Indefinido,Jornada Indiferente,Sin Data,RAS Interim,Sin Data
2026-09-02,Trabajoscom,Toledo,Valmojado,Comercial Canal Restauración,Sin Data,Sin Data,Indefinido,Jornada Indiferente,Sin Data,RAS Interim,Sin Data
2026-09-02,Trabajoscom,Valencia,Valencia,OFICIAL CLIMATIZADOR/A/FRIGORISTA,Sin Data,Sin Data,Indefinido,Jornada Indiferente,Sin Data,RAS Interim,Sin Data
2026-09-02,Trabajoscom,Valencia,Valencia,TÉCNICO/A DE MANTENIMIENTO INDUSTRIAL,Sin Data,Sin Data,Indefinido,Jornada Indiferente,Sin Data,RAS Interim,Sin Data
2026-09-02,Trabajoscom,Alicante,Calp,MOZO/A DE ALMACEN,Sin Data,Sin Data,Indefinido,Jornada Indiferente,Sin Data,RAS Interim,Sin Data
2026-09-02,Trabajoscom,Valencia,Meliana,FRIEGAPLATOS EXTRA FINES DE SEMANA,Sin Data,Sin Data,De duracion determinada,Jornada Indiferente,Sin Data,RAS Interim,Sin Data
2026-09-02,Trabajoscom,Bizkaia,Gandia,MOZO/A DE ALMACEN,Sin Data,Sin Data,Indefinido,Jornada Indiferente,Sin Data,RAS Interim,Sin Data
2026-09-02,Trabajoscom,Girona,Cassa De La Selva,OPERARIO/A DE PRODUCCIÓN,Sin Data,Sin Data,Indefinido,Jornada Indiferente,Sin Data,RAS Interim,Sin Data
2026-09-02,Trabajoscom,Madrid,Algete,SOLDADOR/A,Sin Data,Sin Data,Indefinido,Jornada Indiferente,Sin Data,RAS Interim,Sin Data
2026-09-02,Trabajoscom,Girona,Girona,INCORPORACIÓN INMEDIATA | OPERARIO/A  MANIPULACIÓN,Sin Data,Sin Data,Indefinido,Jornada Indiferente,Sin Data,RAS Interim,Sin Data
2026-09-02,Trabajoscom,Girona,Blanes,AYUDANTES/AS DE COCINA,Sin Data,Sin Data,Indefinido,Jornada Indiferente,Sin Data,RAS Interim,Sin Data
2026-09-02,Trabajoscom,Guadalajara,Cabanillas Del Campo,RESPONSABLE DE PRL,Sin Data,Sin Data,Indefinido,Jornada Indiferente,Sin Data,RAS Interim,Sin Data
2026-09-02,Trabajoscom,Barcelona,El Prat De Llobregat,TELEOPERADORES/AS - VENTA CRUZADA,Sin Data,Sin Data,Indefinido,Jornada Indiferente,Sin Data,RAS Interim,Sin Data
2026-09-02,Trabajoscom,Albacete,Albacete,ENCAJADOR/A HORTOFRUTICOLA,Sin Data,Sin Data,De duracion determinada,Jornada Indiferente,Sin Data,RAS Interim,Sin Data
2026-09-02,Trabajoscom,Barcelona,Vic,SOLDADOR/A,Sin Data,Sin Data,Indefinido,Jornada Indiferente,Sin Data,RAS Interim,Sin Data
2026-09-02,Trabajoscom,Valencia,Paterna,CARRETILLERO/A FRONTAL Y RETRÁCTIL,Sin Data,Sin Data,Indefinido,Jornada Indiferente,Sin Data,RAS Interim,Sin Data
2026-09-02,Trabajoscom,Girona,Girona,TECHNICAL SOLUTIONS ENGINEER,Sin Data,Sin Data,Indefinido,Jornada Indiferente,Sin Data,RAS Interim - Recruiting,Sin Data
2026-09-02,Trabajoscom,Toledo,Toledo,Carretillero/a– Centro de Clasificación (Industria Alimentaria),Sin Data,Sin Data,Indefinido,Jornada Indiferente,Sin Data,RAS Interim,Sin Data
2026-09-02,Trabajoscom,Valencia,Alzira,ADMINISTRATIVO/A LOGÍSTICA,Sin Data,Sin Data,Indefinido,Jornada Indiferente,Sin Data,RAS Interim,Sin Data
2026-09-02,Trabajoscom,Valencia,Paterna,FONTANERO/A CON TUBERÍA PPR,Sin Data,Sin Data,Indefinido,Jornada Indiferente,Sin Data,RAS Interim,Sin Data
2026-09-02,Trabajoscom,Barcelona,Mataro,MAQUINISTA,Sin Data,Sin Data,Indefinido,Jornada Indiferente,Sin Data,RAS Interim,Sin Data
2026-09-02,Trabajoscom,Madrid,Madrid,TÉCNICO/A EN INFORMÁTICA,Sin Data,Sin Data,Indefinido,Jornada Indiferente,Sin Data,RAS Interim,Sin Data
2026-09-02,Trabajoscom,Sevilla,Dos Hermanas,Cajero/a Reponedor/a SEVILLA(ZONA TORREBLANCA),Sin Data,Sin Data,Indefinido,Jornada Indiferente,Sin Data,Grupo DIA,Sin Data
2026-09-02,Trabajoscom,Ávila,Avila,TELEOPERADOR/A BILINGÜE en PORTUGUES y CASTELLANO,Sin Data,Sin Data,Indefinido,Jornada Indiferente,Sin Data,RAS Interim,Sin Data
2026-09-02,Trabajoscom,Tarragona,Tarragona,MECÁNICO MAQUINARIA INDUSTRIAL,Sin Data,Sin Data,Indefinido,Jornada Indiferente,Sin Data,RAS Interim,Sin Data
2026-09-02,Trabajoscom,Girona,Breda,MAQUINISTA - SECTOR CERÁMICO,Sin Data,Sin Data,Indefinido,Jornada Indiferente,Sin Data,RAS Interim,Sin Data
2026-09-02,Trabajoscom,Barcelona,Molins De Rei,CARRETILLERO/A FRONTAL,Sin Data,Sin Data,Indefinido,Jornada Indiferente,Sin Data,RAS Interim,Sin Data
2026-09-02,Trabajoscom,Valencia,Paterna,Copy of CAMARERO/A,Sin Data,Sin Data,De duracion determinada,Jornada Indiferente,Sin Data,RAS Interim,Sin Data
2026-09-02,Trabajoscom,Valencia,Chiva,CHÓFER DE CAMIÓN C+E Y MOZO/A DE ALMACEN CARRETILLERO/A,Sin Data,Sin Data,Indefinido,Jornada Indiferente,Sin Data,RAS Interim,Sin Data
2026-09-02,Trabajoscom,Barcelona,Barcelona,AUXILIAR ADMINISTRATIVO/A LOGÍSTICA,Sin Data,Sin Data,Indefinido,Jornada Indiferente,Sin Data,RAS Interim,Sin Data
2026-09-02,Trabajoscom,Barcelona,Granollers,CUSTOMER SERVICE CON ALEMÁN NATIVO,Sin Data,Sin Data,Indefinido,Jornada Indiferente,Sin Data,RAS Interim - Recruiting,Sin Data
2026-09-02,Trabajoscom,Ávila,Avila,TELEOPERADOR/A MADRID CENTRO,Sin Data,Sin Data,Indefinido,Jornada Indiferente,Sin Data,RAS Interim,Sin Data
2026-09-02,Trabajoscom,Girona,Hostalric,OPERARIO/A DE EXTRUSIÓN,Sin Data,Sin Data,Indefinido,Jornada Indiferente,Sin Data,RAS Interim,Sin Data
2026-09-02,Trabajoscom,Córdoba,Cordoba,AUXILIAR - ATENCIÓN AL PÚBLICO EN MUSEO,Sin Data,Sin Data,De duracion determinada,Jornada Indiferente,Sin Data,RAS Interim,Sin Data
2026-09-02,Trabajoscom,Zaragoza,Zaragoza,Operario/a de Montaje Industrial– Posibilidad de Incorporación a Plantilla,Sin Data,Sin Data,Indefinido,Jornada Indiferente,Sin Data,RAS Interim,Sin Data
2026-09-02,Trabajoscom,Girona,Girona,MOZO/A CARRETILLERO/A,Sin Data,Sin Data,De duracion determinada,Jornada Indiferente,Sin Data,RAS Interim,Sin Data
2026-09-02,Trabajoscom,Guadalajara,Yunquera De Henares,TÉCNICO/A DE MANTENIMIENTO,Sin Data,Sin Data,Indefinido,Jornada Indiferente,Sin Data,RAS Interim,Sin Data
2026-09-02,Trabajoscom, Baleares, Baleares,MONTADORES / MOZO DE ALMACEN,Sin Data,Sin Data,Indefinido,Jornada Completa,Sin Data,Pacto,Sin Data
2026-09-02,Trabajoscom,Valencia,Alzira,OPERARIO/A DE ALMACÉN CON ELECTRICIDAD,Sin Data,Sin Data,Indefinido,Jornada Indiferente,Sin Data,RAS Interim,Sin Data
2026-09-02,Trabajoscom,Sevilla,Dos Hermanas,Cajero/a Reponedor/a Conil de la Frontera,Sin Data,Sin Data,Indefinido,Jornada Indiferente,Sin Data,Grupo DIA,Sin Data
2026-09-02,Trabajoscom, Lleida, Lleida,OPERARIO/A DE MAQUINA LASER,Sin Data,Sin Data,Indefinido,Jornada Completa,Sin Data,Iman Temporing,Sin Data
2026-09-02,Trabajoscom,Barcelona,Abrera,CARRETILLEROS/AS-OPERARIOS/AS AUTOMOCIÓN,Sin Data,Sin Data,Indefinido,Jornada Indiferente,Sin Data,RAS Interim,Sin Data
2026-09-02,Trabajoscom,Madrid,Madrid,Plegador/a de Metal,Sin Data,Sin Data,Indefinido,Jornada Indiferente,Sin Data,RAS Interim,Sin Data
2026-09-02,Trabajoscom,Valencia,Guadassuar,MOZO/A ALMACÉN,Sin Data,Sin Data,Indefinido,Jornada Indiferente,Sin Data,RAS Interim,Sin Data
2026-09-02,Trabajoscom,Valencia,Meliana,CAMARERO/A,Sin Data,Sin Data,De duracion determinada,Jornada Indiferente,Sin Data,RAS Interim,Sin Data
2026-09-02,Trabajoscom, Madrid, Madrid,Conductor/a de furgoneta. (Valdemoro),Sin Data,Sin Data,De duracion determinada,Jornada Completa,Sin Data,Iman Temporing,Sin Data
2026-09-02,Trabajoscom,Barcelona,Rubi,CARRETILLEROS/AS,Sin Data,Sin Data,Indefinido,Jornada Indiferente,Sin Data,RAS Interim,Sin Data
2026-09-02,Trabajoscom,Guadalajara,Yunquera De Henares,ADMINISTRATIVO/A CON SAP E INGLÉS,Sin Data,Sin Data,Indefinido,Jornada Indiferente,Sin Data,RAS Interim,Sin Data
2026-09-02,Trabajoscom,Barcelona,El Prat De Llobregat,ADMINISTRATIVO/A LOGÍSTICA Y FACTURACIÓN,Sin Data,Sin Data,Indefinido,Jornada Indiferente,Sin Data,RAS Interim,Sin Data
2026-09-02,Trabajoscom,Toledo,Illescas,OPERARIO/A DE PRODUCCIÓN,Sin Data,Sin Data,Indefinido,Jornada Indiferente,Sin Data,RAS Interim,Sin Data
2026-09-02,Trabajoscom,Sevilla,Sevilla,Cajero/a Reponedor/a SEVILLA ZONA MACARENA 30H,Sin Data,Sin Data,Indefinido,Jornada Indiferente,Sin Data,Grupo DIA,Sin Data
2026-09-02,Trabajoscom,Huelva,Huelva,JEFE/A DE TRÁFICO DE 1ª,Sin Data,Sin Data,Indefinido,Jornada Indiferente,Sin Data,RAS Interim,Sin Data
2026-09-02,Trabajoscom,Madrid,Alcala De Henares,IMPRESOR/A OFFSET,Sin Data,Sin Data,Indefinido,Jornada Indiferente,Sin Data,RAS Interim,Sin Data
2026-09-02,Trabajoscom,Valencia,Alzira,MOZO/A SECTOR METAL,Sin Data,Sin Data,Indefinido,Jornada Indiferente,Sin Data,RAS Interim,Sin Data
2026-09-02,Trabajoscom,Girona,Maçanet De La Selva,REPARTIDOR/A,Sin Data,Sin Data,Indefinido,Jornada Indiferente,Sin Data,RAS Interim,Sin Data
2026-09-02,Trabajoscom,Sevilla,Dos Hermanas,Cajero/a Reponedor/a Zona Triana - Los Remedios,Sin Data,Sin Data,Indefinido,Jornada Indiferente,Sin Data,Grupo DIA,Sin Data
2026-09-02,Trabajoscom,Madrid,Madrid,ELECTROMECÁNICO/A DE VEHÍCULOS,Sin Data,Sin Data,Indefinido,Jornada Indiferente,Sin Data,RAS Interim - Recruiting,Sin Data
2026-09-02,Trabajoscom,Madrid,Valdemoro,OPERARIO/A DE MONTAJE,Sin Data,Sin Data,De duracion determinada,Jornada Indiferente,Sin Data,RAS Interim,Sin Data
2026-09-02,Trabajoscom,Madrid,Alcala De Henares,OFICIAL DE IMPRESIÓN OFFSET – HEIDELBERG,Sin Data,Sin Data,Indefinido,Jornada Indiferente,Sin Data,RAS Interim - Recruiting,Sin Data
2026-09-02,Trabajoscom,Barcelona,Santa Perpetua De Mogoda,OPERARIO/A  CÁRNICO/A,Sin Data,Sin Data,Indefinido,Jornada Indiferente,Sin Data,RAS Interim,Sin Data
2026-09-02,Trabajoscom,Barcelona,Igualada,ADJUNTO/A A DIRECCIÓN FINANCIERA Y RRHH,Sin Data,Sin Data,Indefinido,Jornada Indiferente,Sin Data,RAS Interim - Recruiting,Sin Data
2026-09-02,Trabajoscom,Guadalajara,Humanes De Mohernando,OPERARIO/A ENVASADO,Sin Data,Sin Data,Indefinido,Jornada Indiferente,Sin Data,RAS Interim,Sin Data
2026-09-02,Trabajoscom,Madrid,Torrejon De Ardoz,OFICIAL DE IMPRESIÓN Y PLEGADO,Sin Data,Sin Data,Indefinido,Jornada Indiferente,Sin Data,RAS Interim,Sin Data
2026-09-02,Trabajoscom,Barcelona,Sant Boi De Llobregat,MOZO/A CARRETILLERO/A,Sin Data,Sin Data,Indefinido,Jornada Indiferente,Sin Data,RAS Interim,Sin Data
2026-09-02,Trabajoscom,Barcelona,Sant Fost De Campsentelles,OPERARIOS/AS CORTE CNC,Sin Data,Sin Data,Indefinido,Jornada Indiferente,Sin Data,RAS Interim,Sin Data
2026-09-02,Trabajoscom,Valencia,Chiva,CHÓFER DE CAMIÓN C+E+ADR Y MOZO/A DE ALMACEN CARRETILLERO/A,Sin Data,Sin Data,Indefinido,Jornada Indiferente,Sin Data,RAS Interim,Sin Data
2026-09-02,Trabajoscom,Alicante,Alicante,MOZO/A DE ALMACÉN Y CARRETILLERO/A 25/30H,Sin Data,Sin Data,De duracion determinada,Jornada Indiferente,Sin Data,RAS Interim,Sin Data
2026-09-02,Trabajoscom,Barcelona,Malgrat De Mar,CAMARERO/A PISOS,Sin Data,Sin Data,Indefinido,Jornada Indiferente,Sin Data,RAS Interim,Sin Data
2026-09-02,Trabajoscom,Madrid,Torrejon De Ardoz,OFICIAL DE CORTE GUILLOTINA,Sin Data,Sin Data,Indefinido,Jornada Indiferente,Sin Data,RAS Interim,Sin Data
2026-09-02,Trabajoscom,Sevilla,Dos Hermanas,Cajero/a Reponedor/a Rota,Sin Data,Sin Data,Indefinido,Jornada Indiferente,Sin Data,Grupo DIA,Sin Data
2026-09-02,Trabajoscom,Barcelona,Castellar Del Valles,OPERARIO/A DE MAQUINARIA,Sin Data,Sin Data,Indefinido,Jornada Indiferente,Sin Data,RAS Interim,Sin Data
2026-09-02,Trabajoscom,Barcelona,Avinyo,CARRETONER/A RETRÀCTIL,Sin Data,Sin Data,Indefinido,Jornada Indiferente,Sin Data,RAS Interim,Sin Data
2026-09-02,Trabajoscom,Murcia,Murcia,TÉCNICO/A DE PRODUCCIÓN,Sin Data,Sin Data,Indefinido,Jornada Indiferente,Sin Data,RAS Interim,Sin Data
2026-09-02,Trabajoscom,Madrid,San Agustin Del Guadalix,OPERARIOS/AS LOGÍSTICOS/AS - NORTE DE MADRID,Sin Data,Sin Data,Indefinido,Jornada Indiferente,Sin Data,RAS Interim,Sin Data
2026-09-02,Trabajoscom,Tarragona,Reus,MECÁNICO/A TORNERO/A,Sin Data,Sin Data,Indefinido,Jornada Indiferente,Sin Data,RAS Interim,Sin Data
2026-09-02,Trabajoscom,Tarragona,Reus,VERIFICADOR/A DE CALIDAD - SECTOR METAL,Sin Data,Sin Data,Indefinido,Jornada Indiferente,Sin Data,RAS Interim,Sin Data
2026-09-02,Trabajoscom,Alicante,Campo Alto,CARRETILLERO/A RETRÁCTIL,Sin Data,Sin Data,Indefinido,Jornada Indiferente,Sin Data,RAS Interim,Sin Data
2026-09-02,Trabajoscom,Asturias,Ania,MOZO/A ALMACEN - CARRETILLERO/A,Sin Data,Sin Data,Indefinido,Jornada Indiferente,Sin Data,RAS Interim,Sin Data
2026-09-02,Trabajoscom,Barcelona,Barbera Del Valles,AUXILIAR DE TALLER ARTES GRÁFICAS,Sin Data,Sin Data,Indefinido,Jornada Indiferente,Sin Data,RAS Interim,Sin Data
2026-09-02,Trabajoscom,Barcelona,Rubi,PICKERS EN TURNO CENTRAL O TURNO NOCHE,Sin Data,Sin Data,Indefinido,Jornada Indiferente,Sin Data,RAS Interim,Sin Data
2026-09-02,Trabajoscom,Sevilla,Dos Hermanas,Cajero/a Reponedor/a DOS HERMANAS 30H,Sin Data,Sin Data,Indefinido,Jornada Indiferente,Sin Data,Grupo DIA,Sin Data
2026-09-02,Trabajoscom,Girona,Santa Coloma De Farners,REPARTIDOR/A | MOZO/A DE ALMACÉN,Sin Data,Sin Data,Indefinido,Jornada Indiferente,Sin Data,RAS Interim,Sin Data
2026-09-02,Trabajoscom,Barcelona,La Garriga,OPERARIOS/AS DE PRODUCCIÓN,Sin Data,Sin Data,Indefinido,Jornada Indiferente,Sin Data,RAS Interim,Sin Data
2026-09-02,Trabajoscom,Barcelona,Caldes De Montbui,MOZO/A ALMACÉN,Sin Data,Sin Data,Indefinido,Jornada Indiferente,Sin Data,RAS Interim,Sin Data
2026-09-02,Trabajoscom,Barcelona,Mataro,FRESADOR/A,Sin Data,Sin Data,Indefinido,Jornada Indiferente,Sin Data,RAS Interim,Sin Data
2026-09-02,Trabajoscom,Girona,Girona,OPERARIOS/AS MANIPULACIÓN ACABADOS,Sin Data,Sin Data,Indefinido,Jornada Indiferente,Sin Data,RAS Interim,Sin Data
2026-09-02,Trabajoscom,Tarragona,L' Arboç,SOLDADOR/A,Sin Data,Sin Data,Indefinido,Jornada Indiferente,Sin Data,RAS Interim,Sin Data
2026-09-02,Trabajoscom,Barcelona,Granollers,CARRETILLERO/A FRONTAL Y RETRACTIL,Sin Data,Sin Data,Indefinido,Jornada Indiferente,Sin Data,RAS Interim,Sin Data
2026-09-02,Trabajoscom,Asturias,San Sebastian,SALES ASSISTANT SAN SEBASTIAN - 15H,Sin Data,Sin Data,Indefinido,Jornada Indiferente,Sin Data,RAS Interim - Recruiting,Sin Data
2026-09-02,Trabajoscom,Girona,Girona,MOSSO/A DE MAGATZEM,Sin Data,Sin Data,Indefinido,Jornada Indiferente,Sin Data,RAS Interim,Sin Data
2026-09-02,Trabajoscom,Barcelona,Sant Sadurni D'anoia,TÉCNICO/A REGULATORY AFFAIRS HEALTHCARE,Sin Data,Sin Data,Indefinido,Jornada Indiferente,Sin Data,RAS Interim - Recruiting,Sin Data
2026-09-02,Trabajoscom,Valencia,Paterna,MOZO/A DE ALMACÉN CARRETILLERO/A FRONTAL CON PINZAS Y RETRACTIL,Sin Data,Sin Data,Indefinido,Jornada Indiferente,Sin Data,RAS Interim,Sin Data
2026-09-02,Trabajoscom,Barcelona,L' Ametlla Del Valles,OPERADORES/AS DE MONTAJE,Sin Data,Sin Data,Indefinido,Jornada Indiferente,Sin Data,RAS Interim,Sin Data
2026-09-02,Trabajoscom,Barcelona,Granollers,CARRETILLERO/A,Sin Data,Sin Data,Indefinido,Jornada Indiferente,Sin Data,RAS Interim,Sin Data
2026-09-02,Trabajoscom,Madrid,Alcala De Henares,REPARTIDOR/A DE CERVEZA - CARNÉ B,Sin Data,Sin Data,Indefinido,Jornada Indiferente,Sin Data,RAS Interim,Sin Data
2026-09-02,Trabajoscom,Valencia,Paterna,Copy of FONTANERO/A CON TUBERÍA PPR,Sin Data,Sin Data,Indefinido,Jornada Indiferente,Sin Data,RAS Interim,Sin Data
2026-09-02,Trabajoscom,Barcelona,Santa Perpetua De Mogoda,ADMINISTRATIVOS/AS CONTABLES,Sin Data,Sin Data,Indefinido,Jornada Indiferente,Sin Data,RAS Interim,Sin Data
2026-09-02,Trabajoscom,Girona,Hostalric,OPERARIO/A CARPINTERO/A,Sin Data,Sin Data,Indefinido,Jornada Indiferente,Sin Data,RAS Interim,Sin Data
2026-09-02,Trabajoscom,Barcelona,Sant Esteve Sesrovires,OPERARIO/A MANTENIMIENTO (4TO TURNO),Sin Data,Sin Data,Indefinido,Jornada Indiferente,Sin Data,RAS Interim,Sin Data
2026-09-02,Trabajoscom,Barcelona,Mataro,REPARTIDOR/A,Sin Data,Sin Data,Indefinido,Jornada Indiferente,Sin Data,RAS Interim,Sin Data
2026-09-02,Trabajoscom,Barcelona,Mataro,MOZO/A REPARTIDOR/A,Sin Data,Sin Data,Indefinido,Jornada Indiferente,Sin Data,RAS Interim,Sin Data
2026-09-02,Trabajoscom,Madrid,Madrid,REPARTIDORES/AS DE FURGONETA,Sin Data,Sin Data,De duracion determinada,Jornada Indiferente,Sin Data,RAS Interim,Sin Data
2026-09-02,Trabajoscom,Valencia,Paterna,MOZO/A DE ALMACÉN,Sin Data,Sin Data,Indefinido,Jornada Indiferente,Sin Data,RAS Interim,Sin Data
2026-09-02,Trabajoscom,Barcelona,Gava,MANIPULADOR/A COSMÉTICA,Sin Data,Sin Data,Indefinido,Jornada Indiferente,Sin Data,RAS Interim,Sin Data
2026-09-02,Trabajoscom,Barcelona,Sabadell,MANIPULADOR/A SABADELL,Sin Data,Sin Data,Indefinido,Jornada Indiferente,Sin Data,RAS Interim,Sin Data
2026-09-02,Trabajoscom,Sevilla,Dos Hermanas,Inventarista zona Sevilla y Huelva,Sin Data,Sin Data,Indefinido,Jornada Indiferente,Sin Data,Grupo DIA,Sin Data
2026-09-02,Trabajoscom,Zaragoza,Zuera,Operario u operaria de automoción para campaña de verano en Zuera,Sin Data,Sin Data,Indefinido,Jornada Indiferente,Sin Data,RAS Interim,Sin Data
2026-09-02,Trabajoscom,Barcelona,Sant Quirze De Besora,OPERARI/ÀRIA PRODUCCIÓ METALL M//T//N,Sin Data,Sin Data,Indefinido,Jornada Indiferente,Sin Data,RAS Interim,Sin Data
2026-09-02,Trabajoscom,Valencia,Alzira,Copy of ENCAJADOR/A SECTOR HORTOFRUTÍCOLA,Sin Data,Sin Data,De duracion determinada,Jornada Indiferente,Sin Data,RAS Interim,Sin Data
2026-09-02,Trabajoscom,Alicante,Alicante,CHÓFER B,Sin Data,Sin Data,Indefinido,Jornada Indiferente,Sin Data,RAS Interim,Sin Data
2026-09-02,Trabajoscom,Barcelona,Sabadell,MOZO/A CARGA/DESCARGA,Sin Data,Sin Data,Indefinido,Jornada Indiferente,Sin Data,RAS Interim,Sin Data
2026-09-02,Trabajoscom,Barcelona,Mataro,OPERARIO/A TALLER,Sin Data,Sin Data,Indefinido,Jornada Indiferente,Sin Data,RAS Interim,Sin Data
2026-09-02,Trabajoscom,Málaga,Malaga,ADMINISTRATIVO/A DE TRAFICO / LOGISTICA PORTUARIA CON CERTIFICADO DE DISCAPACIDAD,Sin Data,Sin Data,Indefinido,Jornada Indiferente,Sin Data,RAS Interim,Sin Data
2026-09-02,Trabajoscom,Madrid,Alcala De Henares,MANIPULADOR/A,Sin Data,Sin Data,Indefinido,Jornada Indiferente,Sin Data,RAS Interim,Sin Data
2026-09-02,Trabajoscom,Zaragoza,Zaragoza,Mozo o moza de almacén especialista,Sin Data,Sin Data,Indefinido,Jornada Indiferente,Sin Data,RAS Interim,Sin Data
2026-09-02,Trabajoscom,Tarragona,Vila-Seca,MOZO/A ALMACEN,Sin Data,Sin Data,Indefinido,Jornada Indiferente,Sin Data,RAS Interim,Sin Data
2026-09-02,Trabajoscom,Badajoz,Merida,Jefe/a de Zona para Extremadura,Sin Data,Sin Data,Indefinido,Jornada Indiferente,Sin Data,Grupo DIA,Sin Data
2026-09-02,Trabajoscom,Tarragona,Constanti,OPERARIO/A LAVANDERIA,Sin Data,Sin Data,Indefinido,Jornada Indiferente,Sin Data,RAS Interim,Sin Data
2026-09-02,Trabajoscom,Zaragoza,Zuera,OPERARIO/A DE MANTENIMIENTO,Sin Data,Sin Data,Indefinido,Jornada Indiferente,Sin Data,RAS Interim,Sin Data
2026-09-02,Trabajoscom,Barcelona,Vilassar De Dalt,ADMINISTRATIVO/A COMERCIAL,Sin Data,Sin Data,Indefinido,Jornada Indiferente,Sin Data,RAS Interim,Sin Data
2026-09-02,Trabajoscom,Barcelona,La Torre De Claramunt,CARRETILLERO/A CON RECOGE PEDIDOS,Sin Data,Sin Data,Indefinido,Jornada Indiferente,Sin Data,RAS Interim,Sin Data
2026-09-02,Trabajoscom,Zaragoza,Zaragoza,Operario/a de Desmontaje sin experiencia,Sin Data,Sin Data,Indefinido,Jornada Indiferente,Sin Data,RAS Interim,Sin Data
2026-09-02,Trabajoscom,Toledo,Illescas,OPERARIO/A PRODUCCIÓN,Sin Data,Sin Data,De duracion determinada,Jornada Indiferente,Sin Data,RAS Interim,Sin Data
2026-09-02,Trabajoscom,Madrid,Madrid,MECÁNICO/A DE VEHICULOS,Sin Data,Sin Data,Indefinido,Jornada Indiferente,Sin Data,RAS Interim - Recruiting,Sin Data
2026-09-02,Trabajoscom,Barcelona,Santa Margarida I Els Monjos,MOZO/A DE ALMACÉN PARA CAMPAÑAS,Sin Data,Sin Data,Indefinido,Jornada Indiferente,Sin Data,RAS Interim,Sin Data
2026-09-02,Trabajoscom,A Coruña,Santiago De Compostela,MOZO/A Y CARRETILLERO/A,Sin Data,Sin Data,Indefinido,Jornada Indiferente,Sin Data,RAS Interim,Sin Data
2026-09-02,Trabajoscom,Barcelona,Sentmenat,OPERARIO/A DE PRODUCCIÓN,Sin Data,Sin Data,Indefinido,Jornada Indiferente,Sin Data,RAS Interim,Sin Data
2026-09-02,Trabajoscom,Valladolid,Valladolid,Administrativo/a de RRHH - Centro Logístico de León,Sin Data,Sin Data,Indefinido,Jornada Indiferente,Sin Data,Grupo DIA,Sin Data
2026-09-02,Trabajoscom,Barcelona,Viladecavalls,MOZO/A DE ALMACÉN,Sin Data,Sin Data,Indefinido,Jornada Indiferente,Sin Data,RAS Interim,Sin Data
2026-09-02,Trabajoscom,Alicante,Alicante,ADMINISTRATIVO/A LOGISTICA,Sin Data,Sin Data,De duracion determinada,Jornada Indiferente,Sin Data,RAS Interim,Sin Data
2026-09-02,Trabajoscom,Sevilla,Dos Hermanas,Carnicero/a Palos de la Frontera,Sin Data,Sin Data,Indefinido,Jornada Indiferente,Sin Data,Grupo DIA,Sin Data
2026-09-02,Trabajoscom,Girona,Maçanet De La Selva,MAQUINISTA DE PRODUCCIÓN INDUSTRIAL,Sin Data,Sin Data,Indefinido,Jornada Indiferente,Sin Data,RAS Interim,Sin Data
2026-09-02,Trabajoscom,Guadalajara,Guadalajara,CONDUCTOR/A DE TRAILER,Sin Data,Sin Data,Indefinido,Jornada Indiferente,Sin Data,RAS Interim,Sin Data
2026-09-02,Trabajoscom,Madrid,Madrid,PLEGADOR/A METAL,Sin Data,Sin Data,Indefinido,Jornada Indiferente,Sin Data,RAS Interim,Sin Data
2026-09-02,Trabajoscom,Barcelona,Dosrius,OPERARIO/A ALMACÉN,Sin Data,Sin Data,Indefinido,Jornada Indiferente,Sin Data,RAS Interim,Sin Data
2026-09-02,Trabajoscom, Jaén, Jaén,Diseñador/a Gráfico/a especializado en impresión de gran formato,Sin Data,Sin Data,De duracion determinada,Jornada Completa,Sin Data,Iman Temporing,Sin Data
2026-09-02,Trabajoscom,Burgos,Miranda De Ebro,Personal de Inventarios Bilbao,Sin Data,Sin Data,Indefinido,Jornada Indiferente,Sin Data,Grupo DIA,Sin Data
2026-09-02,Trabajoscom,Barcelona,Granollers,OPERARIOS/AS LOGÍSTICA,Sin Data,Sin Data,Indefinido,Jornada Indiferente,Sin Data,RAS Interim,Sin Data
2026-09-02,Trabajoscom,Barcelona,Sant Celoni,MANIPULADOR/A,Sin Data,Sin Data,Indefinido,Jornada Indiferente,Sin Data,RAS Interim,Sin Data
2026-09-02,Trabajoscom,Girona,Maçanet De La Selva,CUSTOMER SERVICE EXPORT,Sin Data,Sin Data,Indefinido,Jornada Indiferente,Sin Data,RAS Interim,Sin Data
2026-09-02,Trabajoscom,Barcelona,Sant Joan Despi,Manipulador/a alimentos,Sin Data,Sin Data,Indefinido,Jornada Indiferente,Sin Data,RAS Interim,Sin Data
2026-09-02,Trabajoscom,Barcelona,Sant Joan Despi,OPERARIO/A LOGÍSTICO,Sin Data,Sin Data,Indefinido,Jornada Indiferente,Sin Data,RAS Interim,Sin Data
2026-09-02,Trabajoscom,Madrid,Madrid,DEPENDIENTE/A TIENDA DE MODA - MADRID CENTRO,Sin Data,Sin Data,A tiempo parcial,Jornada Indiferente,Sin Data,RAS Interim,Sin Data
2026-09-02,Trabajoscom, Lleida, Lleida,Enfermero/a - DUE Centro Residencial DomusVi La Salita (Andorra),Sin Data,Sin Data,Indefinido,Jornada Completa,Sin Data,DomusVi,Sin Data
2026-09-02,Trabajoscom,Sevilla,Dos Hermanas,Mozo/a carretillero/a,Sin Data,Sin Data,Indefinido,Jornada Indiferente,Sin Data,RAS Interim,Sin Data
2026-09-02,Trabajoscom,Barcelona,Sant Sadurni D'anoia,OPERARIO/A CARRETILLERO/A,Sin Data,Sin Data,Indefinido,Jornada Indiferente,Sin Data,RAS Interim,Sin Data
2026-09-02,Trabajoscom, Barcelona, Barcelona,Operarios/as de producción con CFGM o CFGS,Sin Data,Sin Data,De duracion determinada,Jornada Completa,Sin Data,Iman Temporing,Sin Data
2026-09-02,Trabajoscom,Barcelona,Terrassa,Copy of OPERARIO/A SOLDADURA DE COMPONENTES ELECTRÓNICOS CNC,Sin Data,Sin Data,Indefinido,Jornada Indiferente,Sin Data,RAS Interim,Sin Data
2026-09-02,Trabajoscom,Madrid,Arganda Del Rey,MOZO/A - CARRETILLERO/A - ARGANDA DEL REY,Sin Data,Sin Data,Indefinido,Jornada Indiferente,Sin Data,RAS Interim,Sin Data
2026-09-02,Trabajoscom,Barcelona,Mataro,OPERARIO/A DE PRODUCCIÓN JUNIOR (FP INDUSTRIAL),Sin Data,Sin Data,Indefinido,Jornada Indiferente,Sin Data,RAS Interim,Sin Data
2026-09-02,Trabajoscom, Cáceres, Cáceres,Limpiador/a Malpartida (Cáceres) Agosto,Sin Data,Sin Data,De duracion determinada,Jornada Completa,Sin Data,Iman Cleaning,Sin Data
2026-09-02,Trabajoscom,Barcelona,Vic,OPERARI/ÀRIA ESTANY (ONA),Sin Data,Sin Data,Indefinido,Sin Data,Sin Data,RAS Interim,Sin Data
2026-09-02,Trabajoscom,Barcelona,Esparreguera,MOZO/A ALMACÉN (CARNET CARRETILLAS) - ESPARREGUERA LOGISTICA,Sin Data,Sin Data,Indefinido,Sin Data,Sin Data,RAS Interim,Sin Data
2026-09-02,Trabajoscom,Barcelona,Igualada,REPARTIDOR/A,Sin Data,Sin Data,Indefinido,Sin Data,Sin Data,RAS Interim,Sin Data
2026-09-02,Trabajoscom,Barcelona,Sabadell,MOZO/A CON CARRETILLA RETRÁCTIL,Sin Data,Sin Data,Indefinido,Sin Data,Sin Data,RAS Interim,Sin Data
2026-09-02,Trabajoscom,Barcelona,Olerdola,ADMINISTRATIVO/A COMERCIAL,Sin Data,Sin Data,Indefinido,Sin Data,Sin Data,RAS Interim,Sin Data
2026-09-02,Trabajoscom,Barcelona,Sabadell,MOZO/A DE ALMACÉN CON CARRETILLA RETRÁCTIL,Sin Data,Sin Data,Indefinido,Sin Data,Sin Data,RAS Interim,Sin Data
2026-09-02,Trabajoscom,Tarragona,Valls,ADMINISTRATIVO/A COMERCIAL BACKOFFICE,Sin Data,Sin Data,Indefinido,Sin Data,Sin Data,RAS Interim,Sin Data
2026-09-02,Trabajoscom,Barcelona,Castellbisbal,ENVASADOR/A,Sin Data,Sin Data,Indefinido,Sin Data,Sin Data,RAS Interim,Sin Data
2026-09-02,Trabajoscom,Barcelona,Mataro,OPERARIO/A MAQUINISTA,Sin Data,Sin Data,Indefinido,Sin Data,Sin Data,RAS Interim,Sin Data
2026-09-02,Trabajoscom,Barcelona,Sabadell,PREPARADOR/A DE PEDIDOS,Sin Data,Sin Data,Indefinido,Sin Data,Sin Data,RAS Interim,Sin Data
2026-09-02,Trabajoscom,Barcelona,L' Hospitalet De Llobregat,OPERARIO/A LOGÍSTICO,Sin Data,Sin Data,Indefinido,Sin Data,Sin Data,RAS Interim,Sin Data
2026-09-02,Trabajoscom,Barcelona,L' Ametlla Del Valles,ADMINISTRATIVO/A CONTABLE,Sin Data,Sin Data,Indefinido,Sin Data,Sin Data,RAS Interim,Sin Data
2026-09-02,Trabajoscom,Sevilla,Dos Hermanas,Cajero/a Reponedor/a CAMAS,Sin Data,Sin Data,Indefinido,Sin Data,Sin Data,Grupo DIA,Sin Data
2026-09-02,Trabajoscom,Barcelona,Rubi,MOZO DE ALMACEN-CARRETILLA 4TO TURNO,Sin Data,Sin Data,Indefinido,Sin Data,Sin Data,RAS Interim,Sin Data
2026-09-02,Trabajoscom,Barcelona,Igualada,TÉCNICO/A DE ESTUDIOS,Sin Data,Sin Data,Indefinido,Jornada Indiferente,Sin Data,RAS Interim - Recruiting,Sin Data
2026-09-02,Trabajoscom,Barcelona,Argentona,MANIPULADOR/A,Sin Data,Sin Data,Indefinido,Sin Data,Sin Data,RAS Interim,Sin Data
2026-09-02,Trabajoscom,Barcelona,Granollers,MANIPULADOR/A SECTOR QUIMICO,Sin Data,Sin Data,Indefinido,Sin Data,Sin Data,RAS Interim,Sin Data
2026-09-02,Trabajoscom,Barcelona,Granollers,OPERARIO/A,Sin Data,Sin Data,Indefinido,Sin Data,Sin Data,RAS Interim,Sin Data
2026-09-02,Trabajoscom,Barcelona,Granollers,MANIPULADOR/A DE TALLER,Sin Data,Sin Data,Indefinido,Sin Data,Sin Data,RAS Interim,Sin Data
2026-09-02,Trabajoscom,Barcelona,Granollers,OPERARIO/A TRIAJE,Sin Data,Sin Data,Indefinido,Sin Data,Sin Data,RAS Interim,Sin Data
2026-09-02,Trabajoscom,Girona,Girona,MOZO/A DE ALMACÉN RETRACTILERO/A,Sin Data,Sin Data,Indefinido,Sin Data,Sin Data,RAS Interim,Sin Data
2026-09-02,Trabajoscom,Barcelona,Granollers,MANIPULADOR/A TURNO TARDE FIJO,Sin Data,Sin Data,Indefinido,Sin Data,Sin Data,RAS Interim,Sin Data
2026-09-02,Trabajoscom,Barcelona,Granollers,MANIPULADORES/AS,Sin Data,Sin Data,Indefinido,Sin Data,Sin Data,RAS Interim,Sin Data
2026-09-02,Trabajoscom,Barcelona,Sant Boi De Llobregat,PUESTO VACANTE (SINGULAR MASCULINO/FEMENINO SIN ARTÍCULOS),Sin Data,Sin Data,Indefinido,Sin Data,Sin Data,RAS Interim,Sin Data
2026-09-02,Trabajoscom,Barcelona,Granollers,AJUSTADOR/A DE MOLDES DE INYECCIÓN,Sin Data,Sin Data,Indefinido,Jornada Indiferente,Sin Data,RAS Interim - Recruiting,Sin Data
2026-09-02,Trabajoscom,Barcelona,Granollers,TELEOPERADOR/A,Sin Data,Sin Data,Indefinido,Sin Data,Sin Data,RAS Interim,Sin Data
2026-09-02,Trabajoscom,Barcelona,Granollers,TÉCNICO/A DE MANTENIMIENTO INDUSTRIAL,Sin Data,Sin Data,Indefinido,Jornada Indiferente,Sin Data,RAS Interim - Recruiting,Sin Data
2026-09-02,Trabajoscom,Girona,Blanes,EMABALADORES/AS,Sin Data,Sin Data,Indefinido,Sin Data,Sin Data,RAS Interim,Sin Data
2026-09-02,Trabajoscom,Barcelona,Sabadell,OPERARIO/A EXTRUSIÓN PLÁSTICO,Sin Data,Sin Data,Indefinido,Sin Data,Sin Data,RAS Interim,Sin Data
2026-09-02,Trabajoscom,Barcelona,Vic,OPERARI/ÀRIA PINTURA,Sin Data,Sin Data,Indefinido,Sin Data,Sin Data,RAS Interim,Sin Data
2026-09-02,Trabajoscom,Guadalajara,Guadalajara,REPARTIDORE/AS,Sin Data,Sin Data,Indefinido,Sin Data,Sin Data,RAS Interim,Sin Data
2026-09-02,Trabajoscom,Burgos,Miranda De Ebro,Mozo/a Almacén Miranda de Ebro,Sin Data,Sin Data,Indefinido,Sin Data,Sin Data,Grupo DIA,Sin Data
2026-09-02,Trabajoscom,Barcelona,Igualada,CAMARERO/A,Sin Data,Sin Data,Indefinido,Sin Data,Sin Data,RAS Interim,Sin Data
2026-09-02,Trabajoscom,Barcelona,Sabadell,MECANICO/A INDUSTRIAL EN BARBERA DEL VALLLES,Sin Data,Sin Data,Indefinido,Sin Data,Sin Data,RAS Interim,Sin Data
2026-09-02,Trabajoscom,Barcelona,Caldes De Montbui,MANIPULADOR/A ALIMENTOS,Sin Data,Sin Data,Indefinido,Sin Data,Sin Data,RAS Interim,Sin Data
2026-09-02,Trabajoscom,Valencia,Alzira,VENDEDOR/A DE ELECTRODOMÉSTICOS,Sin Data,Sin Data,Indefinido,Sin Data,Sin Data,RAS Interim,Sin Data
2026-09-02,Trabajoscom,Madrid,Coslada,REPARTIDOR/A CARNÉ B PAQUETERÍA,Sin Data,Sin Data,Indefinido,Sin Data,Sin Data,RAS Interim,Sin Data
2026-09-02,Trabajoscom,Barcelona,Terrassa,RESPONSABLE DE CONTROLLING,Sin Data,Sin Data,Indefinido,Jornada Indiferente,Sin Data,RAS Interim - Recruiting,Sin Data
2026-09-02,Trabajoscom,Barcelona,Mataro,TÉCNICO/A DE PROCESOS,Sin Data,Sin Data,Indefinido,Jornada Indiferente,Sin Data,RAS Interim - Recruiting,Sin Data
2026-09-02,Trabajoscom,Barcelona,Igualada,BOTERO/A,Sin Data,Sin Data,Indefinido,Sin Data,Sin Data,RAS Interim,Sin Data
2026-09-02,Trabajoscom,Málaga,Antequera,CAJERO/A - REPONEDOR/A MÁLAGA CAPITAL,Sin Data,Sin Data,Indefinido,Sin Data,Sin Data,Grupo DIA,Sin Data
2026-09-02,Trabajoscom,Valladolid,Valladolid,Operario/a de Almacén - Centro Logístico de LEÓN,Sin Data,Sin Data,Indefinido,Sin Data,Sin Data,Grupo DIA,Sin Data
2026-09-02,Trabajoscom,Barcelona,Mollet Del Valles,CARRETILLEROS/AS,Sin Data,Sin Data,Indefinido,Sin Data,Sin Data,RAS Interim,Sin Data
2026-09-02,Trabajoscom,Barcelona,Mataro,MOZO/A DE ALMACÉN,Sin Data,Sin Data,Indefinido,Sin Data,Sin Data,RAS Interim,Sin Data
2026-09-02,Trabajoscom,Valencia,Puçol,OPERARIO/A PLEGADORA METAL,Sin Data,Sin Data,Indefinido,Sin Data,Sin Data,RAS Interim,Sin Data
2026-09-02,Trabajoscom,Málaga,Antequera,CAJERO/A - REPONEDOR/A MANILVA,Sin Data,Sin Data,Indefinido,Sin Data,Sin Data,Grupo DIA,Sin Data
2026-09-02,Trabajoscom,Málaga,Antequera,Cajero/a Reponedor/a - ZONAÉCIJA (SEVILLA),Sin Data,Sin Data,Indefinido,Sin Data,Sin Data,Grupo DIA,Sin Data
2026-09-02,Trabajoscom, Valencia, Valencia,"CAMAREROS/AS, LIMPIADORES/AS Y MOZOS/AS (DIAS Y EVENTOS SUELTOS)",Sin Data,Sin Data,Indefinido,Sin Data,Sin Data,RAS Interim,Sin Data
2026-09-02,Trabajoscom, Badajoz, Badajoz,Auxiliar fábrica - Campaña tomate - Santa Amalia,Sin Data,Sin Data,De duracion determinada,Jornada Completa,Sin Data,Crit Interim España ETT,Sin Data
2026-09-02,Trabajoscom, Valencia, Valencia,Administrativo/a Prevención de Riesgos Laborales,18.000 € - 21.600 €,Sin Data,De duracion determinada,Jornada Completa,Sin Data,Iman Temporing,Sin Data
2026-09-02,Trabajoscom, Lleida, Lleida,OPERARIO/A DE PREPARACIÓN DE SUPERFICIES,Sin Data,Sin Data,De duracion determinada,Jornada Completa,Sin Data,Iman Temporing,Sin Data
2026-09-02,Trabajoscom, León, León,Gerocultor/a - Auxiliar de enfermería Centro Residencial DomusVi Nuestra Señora del Camino,Sin Data,Sin Data,De duracion determinada,Jornada Indiferente,Sin Data,DomusVi,Sin Data
2026-09-02,Trabajoscom, Tarragona, Tarragona,Interprete Chino,17.000 € - 18.000 €,Sin Data,Indefinido,Jornada Completa,Sin Data,Iman Temporing,Sin Data
2026-09-02,Trabajoscom, Valencia, Valencia,Camarero/a de pisos,17.000 € - 18.000 €,Sin Data,De duracion determinada,Jornada Completa,Sin Data,Pacto,Sin Data
2026-09-02,Trabajoscom, Barcelona, Barcelona,Operador/a de Tráfico Administrativo,Sin Data,Sin Data,Indefinido,Jornada Completa,Sin Data,Iman Temporing,Sin Data
2026-09-02,Trabajoscom, Barcelona, Barcelona,Administrativo/a Contable,Sin Data,Sin Data,De duracion determinada,Jornada Completa,Sin Data,Crit Interim España ETT,Sin Data
2026-09-02,Trabajoscom, Córdoba, Córdoba,Soldador/a Mig/Mag,20.000 € - 22.000 €,Sin Data,De duracion determinada,Jornada Completa,Sin Data,Crit Interim España ETT,Sin Data
2026-09-02,Trabajoscom, Sevilla, Sevilla,Instalador/a de alarmas y CCTV - Sevilla,Sin Data,Sin Data,Indefinido,Jornada Completa,Sin Data,Crit Interim España ETT,Sin Data
2026-09-02,Trabajoscom, Córdoba, Córdoba,Conductor/a camión bañera y retroexcavadora,20.000 € - 24.000 €,Sin Data,Indefinido,Jornada Completa,Sin Data,Crit Interim España ETT,Sin Data
2026-09-02,Trabajoscom, Almería, Almería,Técnico/a mantenimiento electromecánico,Sin Data,Sin Data,De duracion determinada,Jornada Completa,Sin Data,Crit Interim España ETT,Sin Data
2026-09-02,Trabajoscom, Granada, Granada,Manipulador/a Fábrica de Alimentación,Sin Data,Sin Data,Indefinido,Jornada Completa,Sin Data,Crit Interim España ETT,Sin Data
2026-09-02,Trabajoscom, Valencia, Valencia,Auxiliar Administrativo/a,Sin Data,Sin Data,De duracion determinada,Media Jornada,Sin Data,Crit Interim España ETT,Sin Data
2026-09-02,Trabajoscom, Barcelona, Barcelona,Operario/a de Producción -Turno partido,Sin Data,Sin Data,De duracion determinada,Jornada Completa,Sin Data,Iman Temporing,Sin Data
2026-09-02,Trabajoscom, Bizkaia, Bizkaia,Almacenero/a mañanas con atención al cliente,20.000 €,Sin Data,De duracion determinada,Jornada Completa,Sin Data,Iman Temporing,Sin Data
2026-09-02,Trabajoscom, Barcelona, Barcelona,Operario/a montaje electrónico,27.716 €,Sin Data,De duracion determinada,Jornada Completa,Sin Data,Iman Temporing,Sin Data
2026-09-02,Trabajoscom, Palencia, Palencia,Operario/a industria química,Sin Data,Sin Data,De duracion determinada,Jornada Completa,Sin Data,Iman Temporing,Sin Data
2026-09-02,Trabajoscom, Valencia, Valencia,Encajado/a almacén de cítricos - Beniflá,Sin Data,Sin Data,De duracion determinada,Jornada Completa,Sin Data,Crit Interim España ETT,Sin Data
2026-09-02,Trabajoscom, Palencia, Palencia,Operario/a de calidad (Analista de laboratorio),Sin Data,Sin Data,De duracion determinada,Jornada Completa,Sin Data,Crit Interim España ETT,Sin Data
2026-09-02,Trabajoscom, Córdoba, Córdoba,Operario/a de limpieza,18.000 €,Sin Data,De duracion determinada,Jornada Completa,Sin Data,Crit Interim España ETT,Sin Data
2026-09-02,Trabajoscom, Barcelona, Barcelona,Operario / Manipuladora,21.000 € - 21.500 €,Sin Data,De duracion determinada,Jornada Completa,Sin Data,Iman Temporing,Sin Data
2026-09-02,Trabajoscom, Jaén, Jaén,Operario/a Mantenimiento Industrial,Sin Data,Sin Data,Indefinido,Jornada Completa,Sin Data,Crit Interim España ETT,Sin Data
2026-09-02,Trabajoscom, Córdoba, Córdoba,Auxiliar Administrativo/a RRHH,Sin Data,Sin Data,Indefinido,Jornada Completa,Sin Data,Crit Interim España ETT,Sin Data
2026-09-02,Trabajoscom, Murcia, Murcia,Conductor C+E+ ADR (H/M),Sin Data,Sin Data,Indefinido,Jornada Completa,Sin Data,Crit Interim España ETT,Sin Data
2026-09-02,Trabajoscom, Bizkaia, Bizkaia,Operario/a de Almacén - Amorebieta-Etxano,Sin Data,Sin Data,De duracion determinada,Jornada Completa,Sin Data,Crit Interim España ETT,Sin Data
2026-09-02,Trabajoscom, Madrid, Madrid,Operario/a con carretilla. Planta de reciclaje metal.,Sin Data,Sin Data,De duracion determinada,Jornada Completa,Sin Data,Iman Temporing,Sin Data
2026-09-02,Trabajoscom, Madrid, Madrid,Jefe/a de Obra (reforma de viviendas) en Madrid,35.000 € - 40.000 €,Sin Data,Indefinido,Jornada Completa,Sin Data,Iman Global Consulting,Sin Data
2026-09-02,Trabajoscom, Jaén, Jaén,Operario/a de Inyección,Sin Data,Sin Data,De duracion determinada,Jornada Completa,Sin Data,Crit Interim España ETT,Sin Data
2026-09-02,Trabajoscom, León, León,Operario/a de Secadero de Cereales,23.199 € - 23.200 €,Sin Data,De duracion determinada,Jornada Completa,Sin Data,Iman Temporing,Sin Data
2026-09-02,Trabajoscom, Alicante, Alicante,Enfermero/a - DUE Centro Residencial DomusVi Cocentaina,Sin Data,Sin Data,Indefinido,Jornada Indiferente,Sin Data,DomusVi,Sin Data
2026-09-02,Trabajoscom, Barcelona, Barcelona,Responsable de Control de Calidad,Sin Data,Sin Data,Indefinido,Jornada Completa,Sin Data,Crit Interim España ETT,Sin Data
2026-09-02,Trabajoscom, Jaén, Jaén,Técnico/a de Exportación con Inglés,Sin Data,Sin Data,Indefinido,Jornada Completa,Sin Data,Crit Interim España ETT,Sin Data
2026-09-02,Trabajoscom, Sevilla, Sevilla,"Peón Carpintería, Palets(H/M)",Sin Data,Sin Data,De duracion determinada,Jornada Completa,Sin Data,Crit Interim España ETT,Sin Data
2026-09-02,Trabajoscom, Valladolid, Valladolid,Mozo/a de Almacén (Incorporación inmediata),Sin Data,Sin Data,De duracion determinada,Jornada Completa,Sin Data,Iman Temporing,Sin Data
2026-09-02,Trabajoscom, Cantabria, Cantabria,Técnico/a Electrónico/a,Sin Data,Sin Data,De duracion determinada,Jornada Completa,Sin Data,Crit Interim España ETT,Sin Data
2026-09-02,Trabajoscom, Navarra, Navarra,Camarero/a - Pamplona,Sin Data,Sin Data,Indefinido,Jornada Completa,Sin Data,Pacto,Sin Data
2026-09-02,Trabajoscom, Barcelona, Barcelona,Operario/a producción metal,Sin Data,Sin Data,De duracion determinada,Jornada Completa,Sin Data,Iman Temporing,Sin Data
2026-09-02,Trabajoscom, Madrid, Madrid,Carretillero/a Frontal - Camarista para Fábrica,Sin Data,Sin Data,De duracion determinada,Jornada Completa,Sin Data,Crit Interim España ETT,Sin Data
2026-09-02,Trabajoscom, Bizkaia, Bizkaia,Preparador/a Pedidos Almacén. Turno Mañana y tarde,22.000 €,Sin Data,De duracion determinada,Jornada Completa,Sin Data,Iman Temporing,Sin Data
2026-09-02,Trabajoscom, Jaén, Jaén,"Operario/a de Almacén, Jornada Parcial",Sin Data,Sin Data,De duracion determinada,Media Jornada,Sin Data,Iman Temporing,Sin Data
2026-09-02,Trabajoscom, Barcelona, Barcelona,Chófer de camión C+E,Sin Data,Sin Data,De duracion determinada,Jornada Completa,Sin Data,Crit Interim España ETT,Sin Data
2026-09-02,Trabajoscom, Granada, Granada,Manipulador/a Fábrica de Alimentación,Sin Data,Sin Data,Indefinido,Jornada Completa,Sin Data,Crit Interim España ETT,Sin Data
2026-09-02,Trabajoscom, Barcelona, Barcelona,Operario/a de Producción -Turno partido,Sin Data,Sin Data,De duracion determinada,Jornada Completa,Sin Data,Iman Temporing,Sin Data
2026-09-02,Trabajoscom, Bizkaia, Bizkaia,Almacenero/a mañanas con atención al cliente,20.000 €,Sin Data,De duracion determinada,Jornada Completa,Sin Data,Iman Temporing,Sin Data
2026-09-02,Trabajoscom, Palencia, Palencia,Operario/a de calidad (Analista de laboratorio),Sin Data,Sin Data,De duracion determinada,Jornada Completa,Sin Data,Crit Interim España ETT,Sin Data
2026-09-02,Trabajoscom, Barcelona, Barcelona,Operario/a montaje electrónico,27.716 €,Sin Data,De duracion determinada,Jornada Completa,Sin Data,Iman Temporing,Sin Data
2026-09-02,Trabajoscom, Córdoba, Córdoba,Operario/a de limpieza,18.000 €,Sin Data,De duracion determinada,Jornada Completa,Sin Data,Crit Interim España ETT,Sin Data
2026-09-02,Trabajoscom, Jaén, Jaén,Operario/a Mantenimiento Industrial,Sin Data,Sin Data,Indefinido,Jornada Completa,Sin Data,Crit Interim España ETT,Sin Data
2026-09-02,Trabajoscom, Barcelona, Barcelona,Operario / Manipuladora,21.000 € - 21.500 €,Sin Data,De duracion determinada,Jornada Completa,Sin Data,Iman Temporing,Sin Data
2026-09-02,Trabajoscom, Madrid, Madrid,Operario/a con carretilla. Planta de reciclaje metal.,Sin Data,Sin Data,De duracion determinada,Jornada Completa,Sin Data,Iman Temporing,Sin Data
2026-09-02,Trabajoscom, Bizkaia, Bizkaia,Operario/a de Almacén - Amorebieta-Etxano,Sin Data,Sin Data,De duracion determinada,Jornada Completa,Sin Data,Crit Interim España ETT,Sin Data
2026-09-02,Trabajoscom, Córdoba, Córdoba,Auxiliar Administrativo/a RRHH,Sin Data,Sin Data,Indefinido,Jornada Completa,Sin Data,Crit Interim España ETT,Sin Data
2026-09-02,Trabajoscom, Córdoba, Córdoba,Mozo/a con carnet Carretilla Baena con experiencia,17.500 € - 18.500 €,Sin Data,De duracion determinada,Jornada Completa,Sin Data,Crit Interim España ETT,Sin Data
2026-09-02,Trabajoscom, Bizkaia, Bizkaia,Mozo/a de almacén (tu primer trabajo en logística),22.000 €,Sin Data,De duracion determinada,Jornada Completa,Sin Data,Iman Temporing,Sin Data
2026-09-02,Trabajoscom, Palencia, Palencia,Operario/a industria química,Sin Data,Sin Data,De duracion determinada,Jornada Completa,Sin Data,Iman Temporing,Sin Data
2026-09-02,Trabajoscom, Valencia, Valencia,Encajado/a almacén de cítricos - Beniflá,Sin Data,Sin Data,De duracion determinada,Jornada Completa,Sin Data,Crit Interim España ETT,Sin Data
2026-09-02,Trabajoscom, Madrid, Madrid,Jefe/a de Obra (reforma de viviendas) en Madrid,35.000 € - 40.000 €,Sin Data,Indefinido,Jornada Completa,Sin Data,Iman Global Consulting,Sin Data
2026-09-02,Trabajoscom, Murcia, Murcia,Conductor C+E+ ADR (H/M),Sin Data,Sin Data,Indefinido,Jornada Completa,Sin Data,Crit Interim España ETT,Sin Data
2026-09-02,Trabajoscom, Alicante, Alicante,Enfermero/a - DUE Centro Residencial DomusVi Cocentaina,Sin Data,Sin Data,Indefinido,Jornada Indiferente,Sin Data,DomusVi,Sin Data
2026-09-02,Trabajoscom, Jaén, Jaén,Operario/a de Inyección,Sin Data,Sin Data,De duracion determinada,Jornada Completa,Sin Data,Crit Interim España ETT,Sin Data
2026-09-02,Trabajoscom, León, León,Operario/a de Secadero de Cereales,23.199 € - 23.200 €,Sin Data,De duracion determinada,Jornada Completa,Sin Data,Iman Temporing,Sin Data
2026-09-02,Trabajoscom, Sevilla, Sevilla,"Peón Carpintería, Palets(H/M)",Sin Data,Sin Data,De duracion determinada,Jornada Completa,Sin Data,Crit Interim España ETT,Sin Data
2026-09-02,Trabajoscom, Barcelona, Barcelona,Responsable de Control de Calidad,Sin Data,Sin Data,Indefinido,Jornada Completa,Sin Data,Crit Interim España ETT,Sin Data
2026-09-02,Trabajoscom, Jaén, Jaén,Técnico/a de Exportación con Inglés,Sin Data,Sin Data,Indefinido,Jornada Completa,Sin Data,Crit Interim España ETT,Sin Data
2026-09-02,Trabajoscom, Valladolid, Valladolid,Mozo/a de Almacén (Incorporación inmediata),Sin Data,Sin Data,De duracion determinada,Jornada Completa,Sin Data,Iman Temporing,Sin Data
2026-09-02,Trabajoscom, Barcelona, Barcelona,Operario/a producción metal,Sin Data,Sin Data,De duracion determinada,Jornada Completa,Sin Data,Iman Temporing,Sin Data
2026-09-02,Trabajoscom, Navarra, Navarra,Camarero/a - Pamplona,Sin Data,Sin Data,Indefinido,Jornada Completa,Sin Data,Pacto,Sin Data
2026-09-02,Trabajoscom, Jaén, Jaén,"Operario/a de Almacén, Jornada Parcial",Sin Data,Sin Data,De duracion determinada,Media Jornada,Sin Data,Iman Temporing,Sin Data
2026-09-02,Trabajoscom, Madrid, Madrid,Carretillero/a Frontal - Camarista para Fábrica,Sin Data,Sin Data,De duracion determinada,Jornada Completa,Sin Data,Crit Interim España ETT,Sin Data
2026-09-02,Trabajoscom, Bizkaia, Bizkaia,Preparador/a Pedidos Almacén. Turno Mañana y tarde,22.000 €,Sin Data,De duracion determinada,Jornada Completa,Sin Data,Iman Temporing,Sin Data
2026-09-02,Trabajoscom, Cantabria, Cantabria,Técnico/a Electrónico/a,Sin Data,Sin Data,De duracion determinada,Jornada Completa,Sin Data,Crit Interim España ETT,Sin Data
2026-09-02,Trabajoscom, Bizkaia, Bizkaia,Operario/a de conservera,Sin Data,Sin Data,De duracion determinada,Jornada Completa,Sin Data,Iman Temporing,Sin Data
2026-09-02,Trabajoscom, Barcelona, Barcelona,Chófer de camión C+E,Sin Data,Sin Data,De duracion determinada,Jornada Completa,Sin Data,Crit Interim España ETT,Sin Data
2026-09-02,Trabajoscom, Madrid, Madrid,MOZOS/AS  DE ALMACEN TURNO PARCIAL MAÑANA,Sin Data,Sin Data,A tiempo parcial,Jornada Completa,Sin Data,Iman Temporing,Sin Data
2026-09-02,Trabajoscom, Sevilla, Sevilla,Soldador/a - Carpintería metálica,Sin Data,Sin Data,De duracion determinada,Jornada Completa,Sin Data,Crit Interim España ETT,Sin Data
2026-09-02,Trabajoscom, Valencia, Valencia,Carretillero/a retráctil,Sin Data,Sin Data,Indefinido,Jornada Completa,Sin Data,Crit Interim España ETT,Sin Data
2026-09-02,Trabajoscom, Barcelona, Barcelona,Mozo/a almacén para embalaje (Sector Automoción),Sin Data,Sin Data,De duracion determinada,Jornada Completa,Sin Data,Iman Temporing,Sin Data
2026-09-02,Trabajoscom, Tarragona, Tarragona,Operario/a Limpieza Industrial,18.000 € - 19.000 €,Sin Data,De duracion determinada,Jornada Completa,Sin Data,Iman Temporing,Sin Data
2026-09-02,Trabajoscom, Barcelona, Barcelona,Auxiliar administrativo departamento laboral,Sin Data,Sin Data,Indefinido,Jornada Completa,Sin Data,Crit Interim España ETT,Sin Data
2026-09-02,Trabajoscom, Valencia, Valencia,Preparador/a de pedidos con PDA,Sin Data,Sin Data,De duracion determinada,Jornada Completa,Sin Data,Iman Temporing,Sin Data
2026-09-02,Trabajoscom, Madrid, Madrid,Dependiente/a tienda mobiliario,Sin Data,Sin Data,Indefinido,Jornada Completa,Sin Data,Iman Temporing,Sin Data
2026-09-02,Trabajoscom, Barcelona, Barcelona,Operario / Manipuladora,21.000 € - 21.500 €,Sin Data,De duracion determinada,Jornada Completa,Sin Data,Iman Temporing,Sin Data
2026-09-02,Trabajoscom, Jaén, Jaén,Operario/a Mantenimiento Industrial,Sin Data,Sin Data,Indefinido,Jornada Completa,Sin Data,Crit Interim España ETT,Sin Data
2026-09-02,Trabajoscom, Córdoba, Córdoba,Auxiliar Administrativo/a RRHH,Sin Data,Sin Data,Indefinido,Jornada Completa,Sin Data,Crit Interim España ETT,Sin Data
2026-09-02,Trabajoscom, Murcia, Murcia,Conductor C+E+ ADR (H/M),Sin Data,Sin Data,Indefinido,Jornada Completa,Sin Data,Crit Interim España ETT,Sin Data
2026-09-02,Trabajoscom, Bizkaia, Bizkaia,Operario/a de Almacén - Amorebieta-Etxano,Sin Data,Sin Data,De duracion determinada,Jornada Completa,Sin Data,Crit Interim España ETT,Sin Data
2026-09-02,Trabajoscom, Madrid, Madrid,Operario/a con carretilla. Planta de reciclaje metal.,Sin Data,Sin Data,De duracion determinada,Jornada Completa,Sin Data,Iman Temporing,Sin Data
2026-09-02,Trabajoscom, Madrid, Madrid,Jefe/a de Obra (reforma de viviendas) en Madrid,35.000 € - 40.000 €,Sin Data,Indefinido,Jornada Completa,Sin Data,Iman Global Consulting,Sin Data
2026-09-02,Trabajoscom, Jaén, Jaén,Operario/a de Inyección,Sin Data,Sin Data,De duracion determinada,Jornada Completa,Sin Data,Crit Interim España ETT,Sin Data
2026-09-02,Trabajoscom, León, León,Operario/a de Secadero de Cereales,23.199 € - 23.200 €,Sin Data,De duracion determinada,Jornada Completa,Sin Data,Iman Temporing,Sin Data
2026-09-02,Trabajoscom, Alicante, Alicante,Enfermero/a - DUE Centro Residencial DomusVi Cocentaina,Sin Data,Sin Data,Indefinido,Jornada Indiferente,Sin Data,DomusVi,Sin Data
2026-09-02,Trabajoscom, Barcelona, Barcelona,Responsable de Control de Calidad,Sin Data,Sin Data,Indefinido,Jornada Completa,Sin Data,Crit Interim España ETT,Sin Data
2026-09-02,Trabajoscom, Jaén, Jaén,Técnico/a de Exportación con Inglés,Sin Data,Sin Data,Indefinido,Jornada Completa,Sin Data,Crit Interim España ETT,Sin Data
2026-09-02,Trabajoscom, Sevilla, Sevilla,"Peón Carpintería, Palets(H/M)",Sin Data,Sin Data,De duracion determinada,Jornada Completa,Sin Data,Crit Interim España ETT,Sin Data
2026-09-02,Trabajoscom, Valladolid, Valladolid,Mozo/a de Almacén (Incorporación inmediata),Sin Data,Sin Data,De duracion determinada,Jornada Completa,Sin Data,Iman Temporing,Sin Data
2026-09-02,Trabajoscom, Cantabria, Cantabria,Técnico/a Electrónico/a,Sin Data,Sin Data,De duracion determinada,Jornada Completa,Sin Data,Crit Interim España ETT,Sin Data
2026-09-02,Trabajoscom, Navarra, Navarra,Camarero/a - Pamplona,Sin Data,Sin Data,Indefinido,Jornada Completa,Sin Data,Pacto,Sin Data
2026-09-02,Trabajoscom, Barcelona, Barcelona,Operario/a producción metal,Sin Data,Sin Data,De duracion determinada,Jornada Completa,Sin Data,Iman Temporing,Sin Data
2026-09-02,Trabajoscom, Madrid, Madrid,Carretillero/a Frontal - Camarista para Fábrica,Sin Data,Sin Data,De duracion determinada,Jornada Completa,Sin Data,Crit Interim España ETT,Sin Data
2026-09-02,Trabajoscom, Bizkaia, Bizkaia,Preparador/a Pedidos Almacén. Turno Mañana y tarde,22.000 €,Sin Data,De duracion determinada,Jornada Completa,Sin Data,Iman Temporing,Sin Data
2026-09-02,Trabajoscom, Jaén, Jaén,"Operario/a de Almacén, Jornada Parcial",Sin Data,Sin Data,De duracion determinada,Media Jornada,Sin Data,Iman Temporing,Sin Data
2026-09-02,Trabajoscom, Barcelona, Barcelona,Chófer de camión C+E,Sin Data,Sin Data,De duracion determinada,Jornada Completa,Sin Data,Crit Interim España ETT,Sin Data
2026-09-02,Trabajoscom, Bizkaia, Bizkaia,Operario/a de conservera,Sin Data,Sin Data,De duracion determinada,Jornada Completa,Sin Data,Iman Temporing,Sin Data
2026-09-02,Trabajoscom, Madrid, Madrid,MOZOS/AS  DE ALMACEN TURNO PARCIAL MAÑANA,Sin Data,Sin Data,A tiempo parcial,Jornada Completa,Sin Data,Iman Temporing,Sin Data
2026-09-02,Trabajoscom, Madrid, Madrid,Host Sector Retail Lujo. Inglés Alto. Sustitución,Sin Data,Sin Data,Indefinido,Jornada Completa,Sin Data,Iman Temporing,Sin Data
2026-09-02,Trabajoscom, Barcelona, Barcelona,Mozo/a de almacén carretilla frontal,17.860 €,Sin Data,De duracion determinada,Jornada Completa,Sin Data,Iman Temporing,Sin Data
2026-09-02,Trabajoscom, Córdoba, Córdoba,Operario/a de planta de Orujo,20.000 € - 22.000 €,Sin Data,De duracion determinada,Jornada Completa,Sin Data,Crit Interim España ETT,Sin Data
2026-09-02,Trabajoscom, Zaragoza, Zaragoza,Operario/a de Lijado Sector metal,Sin Data,Sin Data,De duracion determinada,Jornada Completa,Sin Data,Crit Interim España ETT,Sin Data
2026-09-02,Trabajoscom, Huelva, Huelva,Prácticas Recursos Humanos,Sin Data,Sin Data,Formativo,Media Jornada,Sin Data,Crit Interim España ETT,Sin Data
2026-09-02,Trabajoscom, Murcia, Murcia,Ingeniero/a Eléctrico/a - Oficina Técnica,Sin Data,Sin Data,Indefinido,Jornada Completa,Sin Data,Crit Interim España ETT,Sin Data
2026-09-02,Trabajoscom, Granada, Granada,Mozo/a carretillero,Sin Data,Sin Data,Indefinido,Jornada Completa,Sin Data,Crit Interim España ETT,Sin Data
2026-09-02,Trabajoscom, Madrid, Madrid,Comercial de Escáneres Intraorales (Sector Dental),Sin Data,Sin Data,De duracion determinada,Jornada Completa,Sin Data,Crit Interim España ETT,Sin Data
2026-09-02,Trabajoscom, Sevilla, Sevilla,Soldador/a - Carpintería metálica,Sin Data,Sin Data,De duracion determinada,Jornada Completa,Sin Data,Crit Interim España ETT,Sin Data
2026-09-02,Trabajoscom, Barcelona, Barcelona,Mozo/a almacén para embalaje (Sector Automoción),Sin Data,Sin Data,De duracion determinada,Jornada Completa,Sin Data,Iman Temporing,Sin Data
2026-09-02,Trabajoscom, Tarragona, Tarragona,Operario/a Limpieza Industrial,18.000 € - 19.000 €,Sin Data,De duracion determinada,Jornada Completa,Sin Data,Iman Temporing,Sin Data
2026-09-02,Trabajoscom, Barcelona, Barcelona,Auxiliar administrativo departamento laboral,Sin Data,Sin Data,Indefinido,Jornada Completa,Sin Data,Crit Interim España ETT,Sin Data
2026-09-02,Trabajoscom, Valencia, Valencia,Carretillero/a retráctil,Sin Data,Sin Data,Indefinido,Jornada Completa,Sin Data,Crit Interim España ETT,Sin Data
2026-09-02,Trabajoscom, Valencia, Valencia,Preparador/a de pedidos con PDA,Sin Data,Sin Data,De duracion determinada,Jornada Completa,Sin Data,Iman Temporing,Sin Data
2026-09-02,Trabajoscom, Tarragona, Tarragona,AYUDANTE CAMARERO/A EVENTO TARRAGONA 12/09/2026,Sin Data,Sin Data,De duracion determinada,Jornada Indiferente,Sin Data,Iman Temporing,Sin Data
2026-09-02,Trabajoscom, Barcelona, Barcelona,Operario/a de Envasado,Sin Data,Sin Data,De duracion determinada,Jornada Completa,Sin Data,Iman Temporing,Sin Data
2026-09-02,Trabajoscom, Valladolid, Valladolid,Trabajador/a Social Centro Residencial DomusVi Arroyo,Sin Data,Sin Data,De duracion determinada,Jornada Indiferente,Sin Data,DomusVi,Sin Data
2026-09-02,Trabajoscom, Alicante, Alicante,Enfermero/a - DUE Centro Residencial DomusVi Cocentaina,Sin Data,Sin Data,Indefinido,Jornada Indiferente,Sin Data,DomusVi,Sin Data
2026-09-02,Trabajoscom, Jaén, Jaén,Operario/a de Inyección,Sin Data,Sin Data,De duracion determinada,Jornada Completa,Sin Data,Crit Interim España ETT,Sin Data
2026-09-02,Trabajoscom, León, León,Operario/a de Secadero de Cereales,23.199 € - 23.200 €,Sin Data,De duracion determinada,Jornada Completa,Sin Data,Iman Temporing,Sin Data
2026-09-02,Trabajoscom, Sevilla, Sevilla,"Peón Carpintería, Palets(H/M)",Sin Data,Sin Data,De duracion determinada,Jornada Completa,Sin Data,Crit Interim España ETT,Sin Data
2026-09-02,Trabajoscom, Barcelona, Barcelona,Responsable de Control de Calidad,Sin Data,Sin Data,Indefinido,Jornada Completa,Sin Data,Crit Interim España ETT,Sin Data
2026-09-02,Trabajoscom, Jaén, Jaén,Técnico/a de Exportación con Inglés,Sin Data,Sin Data,Indefinido,Jornada Completa,Sin Data,Crit Interim España ETT,Sin Data
2026-09-02,Trabajoscom, Valladolid, Valladolid,Mozo/a de Almacén (Incorporación inmediata),Sin Data,Sin Data,De duracion determinada,Jornada Completa,Sin Data,Iman Temporing,Sin Data
2026-09-02,Trabajoscom, Barcelona, Barcelona,Operario/a producción metal,Sin Data,Sin Data,De duracion determinada,Jornada Completa,Sin Data,Iman Temporing,Sin Data
2026-09-02,Trabajoscom, Navarra, Navarra,Camarero/a - Pamplona,Sin Data,Sin Data,Indefinido,Jornada Completa,Sin Data,Pacto,Sin Data
2026-09-02,Trabajoscom, Jaén, Jaén,"Operario/a de Almacén, Jornada Parcial",Sin Data,Sin Data,De duracion determinada,Media Jornada,Sin Data,Iman Temporing,Sin Data
2026-09-02,Trabajoscom, Madrid, Madrid,Carretillero/a Frontal - Camarista para Fábrica,Sin Data,Sin Data,De duracion determinada,Jornada Completa,Sin Data,Crit Interim España ETT,Sin Data
2026-09-02,Trabajoscom, Bizkaia, Bizkaia,Preparador/a Pedidos Almacén. Turno Mañana y tarde,22.000 €,Sin Data,De duracion determinada,Jornada Completa,Sin Data,Iman Temporing,Sin Data
2026-09-02,Trabajoscom, Cantabria, Cantabria,Técnico/a Electrónico/a,Sin Data,Sin Data,De duracion determinada,Jornada Completa,Sin Data,Crit Interim España ETT,Sin Data
2026-09-02,Trabajoscom, Bizkaia, Bizkaia,Operario/a de conservera,Sin Data,Sin Data,De duracion determinada,Jornada Completa,Sin Data,Iman Temporing,Sin Data
2026-09-02,Trabajoscom, Barcelona, Barcelona,Chófer de camión C+E,Sin Data,Sin Data,De duracion determinada,Jornada Completa,Sin Data,Crit Interim España ETT,Sin Data
2026-09-02,Trabajoscom, Madrid, Madrid,MOZOS/AS  DE ALMACEN TURNO PARCIAL MAÑANA,Sin Data,Sin Data,A tiempo parcial,Jornada Completa,Sin Data,Iman Temporing,Sin Data
2026-09-02,Trabajoscom, Sevilla, Sevilla,Soldador/a - Carpintería metálica,Sin Data,Sin Data,De duracion determinada,Jornada Completa,Sin Data,Crit Interim España ETT,Sin Data
2026-09-02,Trabajoscom, Valencia, Valencia,Carretillero/a retráctil,Sin Data,Sin Data,Indefinido,Jornada Completa,Sin Data,Crit Interim España ETT,Sin Data
2026-09-02,Trabajoscom, Barcelona, Barcelona,Mozo/a almacén para embalaje (Sector Automoción),Sin Data,Sin Data,De duracion determinada,Jornada Completa,Sin Data,Iman Temporing,Sin Data
2026-09-02,Trabajoscom, Tarragona, Tarragona,Operario/a Limpieza Industrial,18.000 € - 19.000 €,Sin Data,De duracion determinada,Jornada Completa,Sin Data,Iman Temporing,Sin Data
2026-09-02,Trabajoscom, Barcelona, Barcelona,Auxiliar administrativo departamento laboral,Sin Data,Sin Data,Indefinido,Jornada Completa,Sin Data,Crit Interim España ETT,Sin Data
2026-09-02,Trabajoscom, Valencia, Valencia,Preparador/a de pedidos con PDA,Sin Data,Sin Data,De duracion determinada,Jornada Completa,Sin Data,Iman Temporing,Sin Data
2026-09-02,Trabajoscom, Madrid, Madrid,Dependiente/a tienda mobiliario,Sin Data,Sin Data,Indefinido,Jornada Completa,Sin Data,Iman Temporing,Sin Data
2026-09-02,Trabajoscom, Barcelona, Barcelona,Vigilante de Seguridad VIC (Plus 162€/mes) - Tienda Alimentación Premium,Sin Data,Sin Data,Indefinido,Jornada Completa,Sin Data,Iman Seguridad,Sin Data
2026-09-02,Trabajoscom, Madrid, Madrid,Host Sector Retail Lujo. Inglés Alto. Sustitución,Sin Data,Sin Data,Indefinido,Jornada Completa,Sin Data,Iman Temporing,Sin Data
2026-09-02,Trabajoscom, Córdoba, Córdoba,Operario/a de plastico,21.000 € - 22.000 €,Sin Data,De duracion determinada,Jornada Completa,Sin Data,Crit Interim España ETT,Sin Data
2026-09-02,Trabajoscom, Barcelona, Barcelona,Mozo/a de almacén carretilla frontal,17.860 €,Sin Data,De duracion determinada,Jornada Completa,Sin Data,Iman Temporing,Sin Data
2026-09-02,Trabajoscom, Huelva, Huelva,Prácticas Recursos Humanos,Sin Data,Sin Data,Formativo,Media Jornada,Sin Data,Crit Interim España ETT,Sin Data
2026-09-02,Trabajoscom, Zaragoza, Zaragoza,Operario/a de Lijado Sector metal,Sin Data,Sin Data,De duracion determinada,Jornada Completa,Sin Data,Crit Interim España ETT,Sin Data
2026-09-02,Trabajoscom, Tarragona, Tarragona,AYUDANTE CAMARERO/A EVENTO TARRAGONA 12/09/2026,Sin Data,Sin Data,De duracion determinada,Jornada Indiferente,Sin Data,Iman Temporing,Sin Data
2026-09-02,Trabajoscom, Barcelona, Barcelona,Operario/a de Envasado,Sin Data,Sin Data,De duracion determinada,Jornada Completa,Sin Data,Iman Temporing,Sin Data
2026-09-02,Trabajoscom, Madrid, Madrid,Actuario/a No vida (incorporación directa),Sin Data,Sin Data,Indefinido,Jornada Completa,Sin Data,Pacto,Sin Data
2026-09-02,Trabajoscom, Barcelona, Barcelona,Administrativo/a con Francés - Zona Franca,20.000 € - 25.000 €,Sin Data,De duracion determinada,Jornada Completa,Sin Data,Crit Interim España ETT,Sin Data
2026-09-02,Trabajoscom, Sevilla, Sevilla,Palista (Lebrija),Sin Data,Sin Data,De duracion determinada,Jornada Completa,Sin Data,Iman Temporing,Sin Data
2026-09-02,Trabajoscom, Córdoba, Córdoba,Operario/a de planta de Orujo,20.000 € - 22.000 €,Sin Data,De duracion determinada,Jornada Completa,Sin Data,Crit Interim España ETT,Sin Data
2026-09-02,Trabajoscom, Barcelona, Barcelona,Psicólogo/a Centro Residencial DomusVi Vallès Nord,Sin Data,Sin Data,Indefinido,Jornada Completa,Sin Data,DomusVi,Sin Data
2026-09-02,Trabajoscom, Navarra, Navarra,Operario/a con carretilla,Sin Data,Sin Data,De duracion determinada,Jornada Completa,Sin Data,Iman Temporing,Sin Data
2026-09-02,Trabajoscom, Murcia, Murcia,Ingeniero/a Eléctrico/a - Oficina Técnica,Sin Data,Sin Data,Indefinido,Jornada Completa,Sin Data,Crit Interim España ETT,Sin Data
2026-09-02,Trabajoscom, Granada, Granada,Mozo/a carretillero,Sin Data,Sin Data,Indefinido,Jornada Completa,Sin Data,Crit Interim España ETT,Sin Data
2026-09-02,Trabajoscom, Valladolid, Valladolid,Trabajador/a Social Centro Residencial DomusVi Arroyo,Sin Data,Sin Data,De duracion determinada,Jornada Indiferente,Sin Data,DomusVi,Sin Data
