Fecha,Plataforma,Provincia,Localidad,Oferta_Empleo,Salario,Modalidad,Tipo_Contrato,Tipo_Jornada,Experiencia,Empresa,Requisitos
2026-08-13,Trabajoscom, Barcelona, Barcelona,Maquinista sector artes gráficas,20.624 €,Sin Data,De duracion determinada,Jornada Completa,Sin Data,Iman Temporing,Sin Data
2026-08-13,Trabajoscom, Barcelona, Barcelona,Auxiliar administrativo/a de Contabilidad,Sin Data,Sin Data,De duracion determinada,Jornada Completa,Sin Data,Iman Temporing,Sin Data
2026-08-13,Trabajoscom,Barcelona,Gurb,"Limpiador/a (L-V, 8:00-16:00).  Fábrica Gurb",17.700 €,Sin Data,De duracion determinada,Jornada Completa,Sin Data,Limpiezas Deyse,Sin Data
2026-08-13,Trabajoscom,A Coruña,Boiro - Boiro,OPERARIOS/AS DE INDUSTRIA: TURNOS FIJOS MAÑANA O TARDE,Sin Data,Sin Data,De duracion determinada,Media Jornada,Sin Data,Grupo Adecco,Sin Data
2026-08-13,Trabajoscom,Valencia,Paterna,Copy OPERARIOS/AS DE PRODUCCIÓN ALIMENTACIÓN,Sin Data,Sin Data,De duracion determinada,Media Jornada,Sin Data,Temps,Sin Data
2026-08-13,Trabajoscom,León,Villamañán,Oficiales mecánico/as de 1º de Maquinaria Pesada,Sin Data,Sin Data,Indefinido,Media Jornada,Sin Data,Grupo Adecco,Sin Data
2026-08-13,Trabajoscom,Barcelona,Todo Barcelona,Jefe de Obra - Siniestros Graves,35.000 € - 40.000 €,Sin Data,Indefinido,Jornada Completa,Sin Data,ReCasa,Sin Data
2026-08-13,Trabajoscom,A Coruña,Muros (San Pedro),OPERARIOS/AS DE FÁBRICA PARA MUROS,Sin Data,Sin Data,De duracion determinada,Media Jornada,Sin Data,Grupo Adecco,Sin Data
2026-08-13,Trabajoscom,Sevilla,Todo Sevilla,Jefe de Obra - Siniestros Graves,35.000 € - 40.000 €,Sin Data,Indefinido,Jornada Completa,Sin Data,ReCasa,Sin Data
2026-08-13,Trabajoscom,Córdoba,Lucena,REPARTIDOR/A DOMINOS PIZZA en LUCENA (fq) [AGDPR],1 €,Sin Data,Indefinido,Jornada Indiferente,Sin Data,Domino's Pizza,Sin Data
2026-08-13,Trabajoscom,Cádiz,Chiclana De La Frontera,Ayudantes Camarero/a dias sueltos,Sin Data,Sin Data,De duracion determinada,Media Jornada,Sin Data,Grupo Adecco,Sin Data
2026-08-13,Trabajoscom,Barcelona,Cornellà De Llobregat,Administrativo/a de Personal _ Dpto. RRHH ( Valorable Certificado Discapacidad),28.000 € - 30.000 €,Sin Data,Indefinido,Jornada Completa,Sin Data,Viterbit,Sin Data
2026-08-13,Trabajoscom,Madrid,Alcorcón,Técnico/a Instalador de Sistemas de Seguridad,Sin Data,Sin Data,Indefinido,Jornada Completa,Sin Data,Grupo Adecco,Sin Data
2026-08-13,Trabajoscom,Zaragoza,Zaragoza,OFICIAL DE MONTAJE INDUSTRIAL (MECÁNICO Y/O ELÉCTRICO),29.000 € - 30.000 €,Sin Data,Indefinido,Jornada Completa,Sin Data,Temps,Sin Data
2026-08-13,Trabajoscom,Córdoba,Cordoba,Fontanero/a,1.950 € - 2.100 €,Sin Data,Fijo discontinuo,Jornada Completa,Sin Data,Inselsur Instalaciones Industriales,Sin Data
2026-08-13,Trabajoscom,Madrid,Aranjuez,TÉCNICO/A MANTENIMIENTO BOROX,Sin Data,Sin Data,Indefinido,Jornada Completa,Sin Data,Grupo Adecco,Sin Data
2026-08-13,Trabajoscom,Gipuzkoa,Todo Gipuzkoa,"INGENIERO/A, INGENIERO/A QUIMICO/A  PARA PRODUCCION",Sin Data,Sin Data,De duracion determinada,Jornada Indiferente,Sin Data,AdegiLan,Sin Data
2026-08-13,Trabajoscom,Gipuzkoa,Todo Gipuzkoa,Auxiliar Administrativo,Sin Data,Sin Data,Indefinido,Jornada Completa,Sin Data,AdegiLan,Sin Data
2026-08-13,Trabajoscom,Gipuzkoa,Todo Gipuzkoa,INGENIERO/A MANTENIMIENTO MECANICO,Sin Data,Sin Data,Indefinido,Jornada Completa,Sin Data,AdegiLan,Sin Data
2026-08-13,Trabajoscom,Gipuzkoa,Todo Gipuzkoa,Técnico/a de producto // Encargado/a general,Sin Data,Sin Data,Indefinido,Jornada Indiferente,Sin Data,AdegiLan,Sin Data
2026-08-13,Trabajoscom,Gipuzkoa,Todo Gipuzkoa,"Director/a de Tecnología, Producto y Soluciones Industriales",72.000 € - 90.000 €,Sin Data,Indefinido,Jornada Indiferente,Sin Data,AdegiLan,Sin Data
2026-08-13,Trabajoscom,Madrid,Loeches,FRIGORISTA EN INDUSTRIA ALIMENTARIA,28.000 €,Sin Data,De duracion determinada,Jornada Completa,Sin Data,Grupo Noa's,Sin Data
2026-08-13,Trabajoscom,Barcelona,L'hospitalet De Llobregat,Electromecánico/a con Ciclo Formativo,Sin Data,Sin Data,De duracion determinada,Media Jornada,Sin Data,Grupo Adecco,Sin Data
2026-08-13,Trabajoscom,Las Palmas,Las Palmas De Gran Canaria,Cocinero en Lanzarote,Sin Data,Sin Data,Indefinido,Jornada Completa,Sin Data,Temps,Sin Data
2026-08-13,Trabajoscom,Cádiz,Todo Cádiz,Operario/a de Producción en Velder (FrieslandCampina) + Alojamiento Incluido,16 € - 17 €,Sin Data,Indefinido,Jornada Completa,Sin Data,OTTO Work Force,Sin Data
2026-08-13,Trabajoscom,Huelva,Todo Huelva,Operario/a de Producción en Velder (FrieslandCampina) + Alojamiento Incluido,16 € - 17 €,Sin Data,Indefinido,Jornada Completa,Sin Data,OTTO Work Force,Sin Data
2026-08-13,Trabajoscom,Gipuzkoa,Todo Gipuzkoa,Operario/a de Producción en Velder (FrieslandCampina) + Alojamiento Incluido,16 € - 17 €,Sin Data,Indefinido,Jornada Completa,Sin Data,OTTO Work Force,Sin Data
2026-08-13,Trabajoscom,Cuenca,Todo Cuenca,Operario/a de Producción en Velder (FrieslandCampina) + Alojamiento Incluido,16 € - 17 €,Sin Data,Indefinido,Jornada Completa,Sin Data,OTTO Work Force,Sin Data
2026-08-13,Trabajoscom,Huesca,Todo Huesca,Operario/a de Producción en Velder (FrieslandCampina) + Alojamiento Incluido,16 € - 17 €,Sin Data,Indefinido,Jornada Completa,Sin Data,OTTO Work Force,Sin Data
2026-08-13,Trabajoscom,Guadalajara,Todo Guadalajara,"Personal de Clasificación en DPD | 16,19 €/h brutos + Alojamiento Incluido",16 € - 17 €,Sin Data,Indefinido,Jornada Completa,Sin Data,OTTO Work Force,Sin Data
2026-08-13,Trabajoscom,Toledo,Todo Toledo,Operario/a de Producción en Velder (FrieslandCampina) + Alojamiento Incluido,16 € - 17 €,Sin Data,Indefinido,Jornada Completa,Sin Data,OTTO Work Force,Sin Data
2026-08-13,Trabajoscom,Teruel,Todo Teruel,Operario/a de Producción en Velder (FrieslandCampina) + Alojamiento Incluido,16 € - 17 €,Sin Data,Indefinido,Jornada Completa,Sin Data,OTTO Work Force,Sin Data
2026-08-13,Trabajoscom,Valencia,Todo Valencia,Operario/a de Producción en Velder (FrieslandCampina) + Alojamiento Incluido,16 € - 17 €,Sin Data,Indefinido,Jornada Completa,Sin Data,OTTO Work Force,Sin Data
2026-08-13,Trabajoscom,Cádiz,Todo Cádiz,"Personal de Clasificación en DPD | 16,19 €/h brutos + Alojamiento Incluido",16 € - 17 €,Sin Data,Indefinido,Jornada Completa,Sin Data,OTTO Work Force,Sin Data
2026-08-13,Trabajoscom,Cantabria,Todo Cantabria,"Personal de Clasificación en DPD | 16,19 €/h brutos + Alojamiento Incluido",16 € - 17 €,Sin Data,Indefinido,Jornada Completa,Sin Data,OTTO Work Force,Sin Data
2026-08-13,Trabajoscom,Ceuta,Todo Ceuta,"Personal de Clasificación en DPD | 16,19 €/h brutos + Alojamiento Incluido",16 € - 17 €,Sin Data,Indefinido,Jornada Completa,Sin Data,OTTO Work Force,Sin Data
2026-08-13,Trabajoscom,Huesca,Todo Huesca,"Personal de Clasificación en DPD | 16,19 €/h brutos + Alojamiento Incluido",16 € - 17 €,Sin Data,Indefinido,Jornada Completa,Sin Data,OTTO Work Force,Sin Data
2026-08-13,Trabajoscom,Cáceres,Todo Cáceres,Operario/a de Producción en Velder (FrieslandCampina) + Alojamiento Incluido,16 € - 17 €,Sin Data,Indefinido,Jornada Completa,Sin Data,OTTO Work Force,Sin Data
2026-08-13,Trabajoscom,Madrid,Todo Madrid,Operario/a de Producción en Velder (FrieslandCampina) + Alojamiento Incluido,16 € - 17 €,Sin Data,Indefinido,Jornada Completa,Sin Data,OTTO Work Force,Sin Data
2026-08-13,Trabajoscom,Tenerife,Todo Tenerife,Operario/a de Producción en Velder (FrieslandCampina) + Alojamiento Incluido,16 € - 17 €,Sin Data,Indefinido,Jornada Completa,Sin Data,OTTO Work Force,Sin Data
2026-08-13,Trabajoscom,León,Todo León,Operario/a de Producción en Velder (FrieslandCampina) + Alojamiento Incluido,16 € - 17 €,Sin Data,Indefinido,Jornada Completa,Sin Data,OTTO Work Force,Sin Data
2026-08-13,Trabajoscom,Murcia,Todo Murcia,Operario/a de Producción en Velder (FrieslandCampina) + Alojamiento Incluido,16 € - 17 €,Sin Data,Indefinido,Jornada Completa,Sin Data,OTTO Work Force,Sin Data
2026-08-13,Trabajoscom,Salamanca,Todo Salamanca,Operario/a de Producción en Velder (FrieslandCampina) + Alojamiento Incluido,16 € - 17 €,Sin Data,Indefinido,Jornada Completa,Sin Data,OTTO Work Force,Sin Data
2026-08-13,Trabajoscom,Sevilla,Todo Sevilla,Operario/a de Producción en Velder (FrieslandCampina) + Alojamiento Incluido,16 € - 17 €,Sin Data,Indefinido,Jornada Completa,Sin Data,OTTO Work Force,Sin Data
2026-08-13,Trabajoscom,Navarra,Todo Navarra,Operario/a de Producción en Velder (FrieslandCampina) + Alojamiento Incluido,16 € - 17 €,Sin Data,Indefinido,Jornada Completa,Sin Data,OTTO Work Force,Sin Data
2026-08-13,Trabajoscom,Segovia,Todo Segovia,Operario/a de Producción en Velder (FrieslandCampina) + Alojamiento Incluido,16 € - 17 €,Sin Data,Indefinido,Jornada Completa,Sin Data,OTTO Work Force,Sin Data
2026-08-13,Trabajoscom,Palmas,Todo Palmas,Operario/a de Producción en Velder (FrieslandCampina) + Alojamiento Incluido,16 € - 17 €,Sin Data,Indefinido,Jornada Completa,Sin Data,OTTO Work Force,Sin Data
2026-08-13,Trabajoscom,Granada,Todo Granada,Operario/a de Producción en Velder (FrieslandCampina) + Alojamiento Incluido,16 € - 17 €,Sin Data,Indefinido,Jornada Completa,Sin Data,OTTO Work Force,Sin Data
2026-08-13,Trabajoscom,Huelva,Todo Huelva,"Soldador/a TIG en Tanis | 28,35 €/h + Contrato Indefinido + Alojamiento",28 € - 29 €,Sin Data,Indefinido,Jornada Intensiva,Sin Data,OTTO Work Force,Sin Data
2026-08-13,Trabajoscom,Huesca,Todo Huesca,"Soldador/a TIG en Tanis | 28,35 €/h + Contrato Indefinido + Alojamiento",28 € - 29 €,Sin Data,Indefinido,Jornada Intensiva,Sin Data,OTTO Work Force,Sin Data
2026-08-13,Trabajoscom,Palmas,Todo Palmas,"Soldador/a TIG en Tanis | 28,35 €/h + Contrato Indefinido + Alojamiento",28 € - 29 €,Sin Data,Indefinido,Jornada Intensiva,Sin Data,OTTO Work Force,Sin Data
2026-08-13,Trabajoscom,Araba,Todo Araba,"Soldador/a TIG en Tanis | 28,35 €/h + Contrato Indefinido + Alojamiento",28 € - 29 €,Sin Data,Indefinido,Jornada Intensiva,Sin Data,OTTO Work Force,Sin Data
2026-08-13,Trabajoscom,Málaga,Todo Málaga,"Soldador/a TIG en Tanis | 28,35 €/h + Contrato Indefinido + Alojamiento",28 € - 29 €,Sin Data,Indefinido,Jornada Intensiva,Sin Data,OTTO Work Force,Sin Data
2026-08-13,Trabajoscom,Jaén,Todo Jaén,"Soldador/a TIG en Tanis | 28,35 €/h + Contrato Indefinido + Alojamiento",28 € - 29 €,Sin Data,Indefinido,Jornada Intensiva,Sin Data,OTTO Work Force,Sin Data
2026-08-13,Trabajoscom,Lugo,Todo Lugo,"Soldador/a TIG en Tanis | 28,35 €/h + Contrato Indefinido + Alojamiento",28 € - 29 €,Sin Data,Indefinido,Jornada Intensiva,Sin Data,OTTO Work Force,Sin Data
2026-08-13,Trabajoscom,Melilla,Todo Melilla,"Soldador/a TIG en Tanis | 28,35 €/h + Contrato Indefinido + Alojamiento",28 € - 29 €,Sin Data,Indefinido,Jornada Intensiva,Sin Data,OTTO Work Force,Sin Data
2026-08-13,Trabajoscom,Lleida,Todo Lleida,"Soldador/a TIG en Tanis | 28,35 €/h + Contrato Indefinido + Alojamiento",28 € - 29 €,Sin Data,Indefinido,Jornada Intensiva,Sin Data,OTTO Work Force,Sin Data
2026-08-13,Trabajoscom,Ourense,Todo Ourense,"Soldador/a TIG en Tanis | 28,35 €/h + Contrato Indefinido + Alojamiento",28 € - 29 €,Sin Data,Indefinido,Jornada Intensiva,Sin Data,OTTO Work Force,Sin Data
2026-08-13,Trabajoscom,Navarra,Todo Navarra,"Soldador/a TIG en Tanis | 28,35 €/h + Contrato Indefinido + Alojamiento",28 € - 29 €,Sin Data,Indefinido,Jornada Intensiva,Sin Data,OTTO Work Force,Sin Data
2026-08-13,Trabajoscom,Granada,Todo Granada,"Soldador/a TIG en Tanis | 28,35 €/h + Contrato Indefinido + Alojamiento",28 € - 29 €,Sin Data,Indefinido,Jornada Intensiva,Sin Data,OTTO Work Force,Sin Data
2026-08-13,Trabajoscom,Ceuta,Todo Ceuta,"Soldador/a TIG en Tanis | 28,35 €/h + Contrato Indefinido + Alojamiento",28 € - 29 €,Sin Data,Indefinido,Jornada Intensiva,Sin Data,OTTO Work Force,Sin Data
2026-08-13,Trabajoscom,Cádiz,Todo Cádiz,"Soldador/a TIG en Tanis | 28,35 €/h + Contrato Indefinido + Alojamiento",28 € - 29 €,Sin Data,Indefinido,Jornada Intensiva,Sin Data,OTTO Work Force,Sin Data
2026-08-13,Trabajoscom,Cantabria,Todo Cantabria,"Soldador/a TIG en Tanis | 28,35 €/h + Contrato Indefinido + Alojamiento",28 € - 29 €,Sin Data,Indefinido,Jornada Intensiva,Sin Data,OTTO Work Force,Sin Data
2026-08-13,Trabajoscom,Burgos,Todo Burgos,"Personal de Clasificación en DPD | 16,19 €/h brutos + Alojamiento Incluido",16 € - 17 €,Sin Data,Indefinido,Jornada Completa,Sin Data,OTTO Work Force,Sin Data
2026-08-13,Trabajoscom,Valladolid,Todo Valladolid,Operario/a de Producción en Velder (FrieslandCampina) + Alojamiento Incluido,16 € - 17 €,Sin Data,Indefinido,Jornada Completa,Sin Data,OTTO Work Force,Sin Data
2026-08-13,Trabajoscom,Huelva,Todo Huelva,Deshuesador/a de Vacuno en Goedegebuur con Alojamiento Incluido | Róterdam,18 € - 21 €,Sin Data,Indefinido,Jornada Intensiva,Sin Data,OTTO Work Force,Sin Data
2026-08-13,Trabajoscom,Palmas,Todo Palmas,"Personal de Clasificación en DPD | 16,19 €/h brutos + Alojamiento Incluido",16 € - 17 €,Sin Data,Indefinido,Jornada Completa,Sin Data,OTTO Work Force,Sin Data
2026-08-13,Trabajoscom,Castellón,Todo Castellón,Deshuesador/a de Vacuno en Goedegebuur con Alojamiento Incluido | Róterdam,18 € - 21 €,Sin Data,Indefinido,Jornada Intensiva,Sin Data,OTTO Work Force,Sin Data
2026-08-13,Trabajoscom,Cádiz,Todo Cádiz,Deshuesador/a de Vacuno en Goedegebuur con Alojamiento Incluido | Róterdam,18 € - 21 €,Sin Data,Indefinido,Jornada Intensiva,Sin Data,OTTO Work Force,Sin Data
2026-08-13,Trabajoscom,Cuenca,Todo Cuenca,Deshuesador/a de Vacuno en Goedegebuur con Alojamiento Incluido | Róterdam,18 € - 21 €,Sin Data,Indefinido,Jornada Intensiva,Sin Data,OTTO Work Force,Sin Data
2026-08-13,Trabajoscom,Araba,Todo Araba,Deshuesador/a de Vacuno en Goedegebuur con Alojamiento Incluido | Róterdam,18 € - 21 €,Sin Data,Indefinido,Jornada Intensiva,Sin Data,OTTO Work Force,Sin Data
2026-08-13,Trabajoscom,Cuenca,Todo Cuenca,"Soldador/a TIG en Tanis | 28,35 €/h + Contrato Indefinido + Alojamiento",28 € - 29 €,Sin Data,Indefinido,Jornada Intensiva,Sin Data,OTTO Work Force,Sin Data
2026-08-13,Trabajoscom,Palencia,Todo Palencia,"Soldador/a TIG en Tanis | 28,35 €/h + Contrato Indefinido + Alojamiento",28 € - 29 €,Sin Data,Indefinido,Jornada Intensiva,Sin Data,OTTO Work Force,Sin Data
2026-08-13,Trabajoscom,Madrid,Todo Madrid,ALBAÑIL OFICIAL 1º,23.050 € - 27.000 €,Sin Data,Indefinido,Jornada Completa,Sin Data,Comercializadora Mediterranea De Viviendas,Sin Data
2026-08-13,Trabajoscom,Valencia,Todo Valencia,ALBAÑIL OFICIAL 1º,23.050 € - 27.000 €,Sin Data,Indefinido,Jornada Completa,Sin Data,Comercializadora Mediterranea De Viviendas,Sin Data
2026-08-13,Trabajoscom,Badajoz,Todo Badajoz,"Piloto de Emirates Airline - Boeing 777, Airbus A380 y Airbus A350",7.650 € - 10.650 €,Sin Data,Indefinido,Jornada Completa,Sin Data,Emirates Airline,Sin Data
2026-08-13,Trabajoscom,Castellón,Castellon De La Plana/castello De La Pla,ENCOFRADOR,23.050 € - 27.000 €,Sin Data,Indefinido,Jornada Completa,Sin Data,Comercializadora Mediterranea De Viviendas,Sin Data
2026-08-13,Trabajoscom,Alicante,Todo Alicante,"Piloto de Emirates Airline - Boeing 777, Airbus A380 y Airbus A350",7.650 € - 10.650 €,Sin Data,Indefinido,Jornada Completa,Sin Data,Emirates Airline,Sin Data
2026-08-13,Trabajoscom,Bizkaia,Todo Bizkaia,"Piloto de Emirates Airline - Boeing 777, Airbus A380 y Airbus A350",7.650 € - 10.650 €,Sin Data,Indefinido,Jornada Completa,Sin Data,Emirates Airline,Sin Data
2026-08-13,Trabajoscom,Pontevedra,Todo Pontevedra,Deshuesador/a de Vacuno en Goedegebuur con Alojamiento Incluido | Róterdam,18 € - 21 €,Sin Data,Indefinido,Jornada Intensiva,Sin Data,OTTO Work Force,Sin Data
2026-08-13,Trabajoscom,Ourense,Todo Ourense,Deshuesador/a de Vacuno en Goedegebuur con Alojamiento Incluido | Róterdam,18 € - 21 €,Sin Data,Indefinido,Jornada Intensiva,Sin Data,OTTO Work Force,Sin Data
2026-08-13,Trabajoscom,Segovia,Todo Segovia,Deshuesador/a de Vacuno en Goedegebuur con Alojamiento Incluido | Róterdam,18 € - 21 €,Sin Data,Indefinido,Jornada Intensiva,Sin Data,OTTO Work Force,Sin Data
2026-08-13,Trabajoscom,Soria,Todo Soria,Deshuesador/a de Vacuno en Goedegebuur con Alojamiento Incluido | Róterdam,18 € - 21 €,Sin Data,Indefinido,Jornada Intensiva,Sin Data,OTTO Work Force,Sin Data
2026-08-13,Trabajoscom,Madrid,Todo Madrid,CARPINTERO DE MADERA- ALOJAMIENTO GRATIS,23.050 € - 27.000 €,Sin Data,Indefinido,Jornada Completa,Sin Data,Comercializadora Mediterranea De Viviendas,Sin Data
2026-08-13,Trabajoscom,Valencia,Todo Valencia,"Soldador/a TIG en Tanis | 28,35 €/h + Contrato Indefinido + Alojamiento",28 € - 29 €,Sin Data,Indefinido,Jornada Intensiva,Sin Data,OTTO Work Force,Sin Data
2026-08-13,Trabajoscom,Zamora,Todo Zamora,"Soldador/a TIG en Tanis | 28,35 €/h + Contrato Indefinido + Alojamiento",28 € - 29 €,Sin Data,Indefinido,Jornada Intensiva,Sin Data,OTTO Work Force,Sin Data
2026-08-13,Trabajoscom,Toledo,Todo Toledo,"Personal de Clasificación en DPD | 16,19 €/h brutos + Alojamiento Incluido",16 € - 17 €,Sin Data,Indefinido,Jornada Completa,Sin Data,OTTO Work Force,Sin Data
2026-08-13,Trabajoscom,Zaragoza,Todo Zaragoza,"Personal de Clasificación en DPD | 16,19 €/h brutos + Alojamiento Incluido",16 € - 17 €,Sin Data,Indefinido,Jornada Completa,Sin Data,OTTO Work Force,Sin Data
2026-08-13,Trabajoscom,Lleida,Todo Lleida,"Personal de Clasificación en DPD | 16,19 €/h brutos + Alojamiento Incluido",16 € - 17 €,Sin Data,Indefinido,Jornada Completa,Sin Data,OTTO Work Force,Sin Data
2026-08-13,Trabajoscom,Valladolid,Todo Valladolid,"Personal de Clasificación en DPD | 16,19 €/h brutos + Alojamiento Incluido",16 € - 17 €,Sin Data,Indefinido,Jornada Completa,Sin Data,OTTO Work Force,Sin Data
2026-08-13,Trabajoscom,Navarra,Todo Navarra,"Personal de Clasificación en DPD | 16,19 €/h brutos + Alojamiento Incluido",16 € - 17 €,Sin Data,Indefinido,Jornada Completa,Sin Data,OTTO Work Force,Sin Data
2026-08-13,Trabajoscom,Tarragona,Todo Tarragona,"Personal de Clasificación en DPD | 16,19 €/h brutos + Alojamiento Incluido",16 € - 17 €,Sin Data,Indefinido,Jornada Completa,Sin Data,OTTO Work Force,Sin Data
2026-08-13,Trabajoscom,Lugo,Todo Lugo,"Personal de Clasificación en DPD | 16,19 €/h brutos + Alojamiento Incluido",16 € - 17 €,Sin Data,Indefinido,Jornada Completa,Sin Data,OTTO Work Force,Sin Data
2026-08-13,Trabajoscom,Murcia,Todo Murcia,"Personal de Clasificación en DPD | 16,19 €/h brutos + Alojamiento Incluido",16 € - 17 €,Sin Data,Indefinido,Jornada Completa,Sin Data,OTTO Work Force,Sin Data
2026-08-13,Trabajoscom,Salamanca,Todo Salamanca,"Personal de Clasificación en DPD | 16,19 €/h brutos + Alojamiento Incluido",16 € - 17 €,Sin Data,Indefinido,Jornada Completa,Sin Data,OTTO Work Force,Sin Data
2026-08-13,Trabajoscom,Segovia,Todo Segovia,"Personal de Clasificación en DPD | 16,19 €/h brutos + Alojamiento Incluido",16 € - 17 €,Sin Data,Indefinido,Jornada Completa,Sin Data,OTTO Work Force,Sin Data
2026-08-13,Trabajoscom,Melilla,Todo Melilla,"Personal de Clasificación en DPD | 16,19 €/h brutos + Alojamiento Incluido",16 € - 17 €,Sin Data,Indefinido,Jornada Completa,Sin Data,OTTO Work Force,Sin Data
2026-08-13,Trabajoscom,Madrid,Loeches,Ayudante de impresión - artes gráficas,Sin Data,Sin Data,De duracion determinada,Jornada Completa,Sin Data,Temps,Sin Data
2026-08-13,Trabajoscom,Barcelona,Todo Barcelona,Deshuesador/a de Vacuno en Goedegebuur con Alojamiento Incluido | Róterdam,18 € - 21 €,Sin Data,Indefinido,Jornada Intensiva,Sin Data,OTTO Work Force,Sin Data
2026-08-13,Trabajoscom,Palmas,Todo Palmas,Deshuesador/a de Vacuno en Goedegebuur con Alojamiento Incluido | Róterdam,18 € - 21 €,Sin Data,Indefinido,Jornada Intensiva,Sin Data,OTTO Work Force,Sin Data
2026-08-13,Trabajoscom,Alicante,Todo Alicante,Deshuesador/a de Vacuno en Goedegebuur con Alojamiento Incluido | Róterdam,18 € - 21 €,Sin Data,Indefinido,Jornada Intensiva,Sin Data,OTTO Work Force,Sin Data
2026-08-13,Trabajoscom,Albacete,Todo Albacete,Operario/a de Producción en Velder (FrieslandCampina) + Alojamiento Incluido,16 € - 17 €,Sin Data,Indefinido,Jornada Completa,Sin Data,OTTO Work Force,Sin Data
2026-08-13,Trabajoscom,Lugo,Todo Lugo,Deshuesador/a de Vacuno en Goedegebuur con Alojamiento Incluido | Róterdam,18 € - 21 €,Sin Data,Indefinido,Jornada Intensiva,Sin Data,OTTO Work Force,Sin Data
2026-08-13,Trabajoscom,Tarragona,Todo Tarragona,Deshuesador/a de Vacuno en Goedegebuur con Alojamiento Incluido | Róterdam,18 € - 21 €,Sin Data,Indefinido,Jornada Intensiva,Sin Data,OTTO Work Force,Sin Data
2026-08-13,Trabajoscom,Badajoz,Todo Badajoz,Operario/a de Producción en Velder (FrieslandCampina) + Alojamiento Incluido,16 € - 17 €,Sin Data,Indefinido,Jornada Completa,Sin Data,OTTO Work Force,Sin Data
2026-08-13,Trabajoscom,Almería,Todo Almería,Operario/a de Producción en Velder (FrieslandCampina) + Alojamiento Incluido,16 € - 17 €,Sin Data,Indefinido,Jornada Completa,Sin Data,OTTO Work Force,Sin Data
2026-08-13,Trabajoscom,Navarra,Todo Navarra,Deshuesador/a de Vacuno en Goedegebuur con Alojamiento Incluido | Róterdam,18 € - 21 €,Sin Data,Indefinido,Jornada Intensiva,Sin Data,OTTO Work Force,Sin Data
2026-08-13,Trabajoscom,Madrid,Todo Madrid,Deshuesador/a de Vacuno en Goedegebuur con Alojamiento Incluido | Róterdam,18 € - 21 €,Sin Data,Indefinido,Jornada Intensiva,Sin Data,OTTO Work Force,Sin Data
2026-08-13,Trabajoscom,Cáceres,Todo Cáceres,"Piloto de Emirates Airline - Boeing 777, Airbus A380 y Airbus A350",7.650 € - 10.650 €,Sin Data,Indefinido,Jornada Completa,Sin Data,Emirates Airline,Sin Data
2026-08-13,Trabajoscom,Madrid,Madrid,FONTANERO OFICIAL 1º - ALOJAMIENTO GRATIS,30.000 € - 32.000 €,Sin Data,Indefinido,Jornada Completa,Sin Data,Comercializadora Mediterranea De Viviendas,Sin Data
2026-08-13,Trabajoscom,Guadalajara,Guadalajara,MOZO/A DE EMPAQUETADO/REVISION MERCANCIA,Sin Data,Sin Data,De duracion determinada,Jornada Completa,Sin Data,Temps,Sin Data
2026-08-13,Trabajoscom,Madrid,Torrejón De Ardoz,Administrativo Torrejón de Ardoz inglés B2,Sin Data,Sin Data,Indefinido,Jornada Completa,Sin Data,Temps,Sin Data
2026-08-13,Trabajoscom,Bizkaia,Bilbao,Operario/a de Mecanizado CNC (Centros Robotizados) - 3 Turnos,Sin Data,Sin Data,De duracion determinada,Jornada Completa,Sin Data,Temps,Sin Data
2026-08-13,Trabajoscom,Lleida,Todo Lleida,"Piloto de Emirates Airline - Boeing 777, Airbus A380 y Airbus A350",7.650 € - 10.650 €,Sin Data,Indefinido,Jornada Completa,Sin Data,Emirates Airline,Sin Data
2026-08-13,Trabajoscom,Cádiz,Todo Cádiz,"Piloto de Emirates Airline - Boeing 777, Airbus A380 y Airbus A350",7.650 € - 10.650 €,Sin Data,Indefinido,Jornada Completa,Sin Data,Emirates Airline,Sin Data
2026-08-13,Trabajoscom,Granada,Todo Granada,"Piloto de Emirates Airline - Boeing 777, Airbus A380 y Airbus A350",7.650 € - 10.650 €,Sin Data,Indefinido,Jornada Completa,Sin Data,Emirates Airline,Sin Data
2026-08-13,Trabajoscom,Palencia,Todo Palencia,"Piloto de Emirates Airline - Boeing 777, Airbus A380 y Airbus A350",7.650 € - 10.650 €,Sin Data,Indefinido,Jornada Completa,Sin Data,Emirates Airline,Sin Data
2026-08-13,Trabajoscom,Murcia,Todo Murcia,"Piloto de Emirates Airline - Boeing 777, Airbus A380 y Airbus A350",7.650 € - 10.650 €,Sin Data,Indefinido,Jornada Completa,Sin Data,Emirates Airline,Sin Data
2026-08-13,Trabajoscom,Navarra,Todo Navarra,"Piloto de Emirates Airline - Boeing 777, Airbus A380 y Airbus A350",7.650 € - 10.650 €,Sin Data,Indefinido,Jornada Completa,Sin Data,Emirates Airline,Sin Data
2026-08-13,Trabajoscom,Girona,Todo Girona,"Piloto de Emirates Airline - Boeing 777, Airbus A380 y Airbus A350",7.650 € - 10.650 €,Sin Data,Indefinido,Jornada Completa,Sin Data,Emirates Airline,Sin Data
2026-08-13,Trabajoscom,Segovia,Todo Segovia,"Piloto de Emirates Airline - Boeing 777, Airbus A380 y Airbus A350",7.650 € - 10.650 €,Sin Data,Indefinido,Jornada Completa,Sin Data,Emirates Airline,Sin Data
2026-08-13,Trabajoscom,Badajoz,Merida,Mozo/a Almacén para Mérida,Sin Data,Sin Data,Indefinido,Jornada Indiferente,Sin Data,Grupo DIA,Sin Data
2026-08-13,Trabajoscom,Cádiz,Ubrique,Cajero/a Reponedor/a Ubrique,Sin Data,Sin Data,Indefinido,Jornada Indiferente,Sin Data,Grupo DIA,Sin Data
2026-08-13,Trabajoscom, Huelva, Huelva,Clasificador/a mariscos,Sin Data,Sin Data,De duracion determinada,Media Jornada,Sin Data,Crit Interim España ETT,Sin Data
2026-08-13,Trabajoscom, Barcelona, Barcelona,Comercial- Sector Industrial (Cataluña) H/M,25.000 € - 27.000 €,Sin Data,Indefinido,Jornada Completa,Sin Data,Crit Interim España ETT,Sin Data
2026-08-13,Trabajoscom, Barcelona, Barcelona,Promotor/a Comercial,Sin Data,Sin Data,De duracion determinada,Jornada Completa,Sin Data,Iman Temporing,Sin Data
2026-08-13,Trabajoscom, Madrid, Madrid,Delineante industrial - (Madrid),Sin Data,Sin Data,Indefinido,Jornada Completa,Sin Data,Crit Interim España ETT,Sin Data
2026-08-13,Trabajoscom, Málaga, Málaga,Carretillero/a. Contrato temporal.,Sin Data,Sin Data,De duracion determinada,Jornada Completa,Sin Data,Crit Interim España ETT,Sin Data
2026-08-13,Trabajoscom, Córdoba, Córdoba,Operarios/as sector frío industrial,19.000 € - 23.000 €,Sin Data,De duracion determinada,Jornada Completa,Sin Data,Crit Interim España ETT,Sin Data
2026-08-13,Trabajoscom, Sevilla, Sevilla,Operario/a mecanizado-Los Palacios y Villafranca,Sin Data,Sin Data,De duracion determinada,Jornada Completa,Sin Data,Crit Interim España ETT,Sin Data
2026-08-13,Trabajoscom, Córdoba, Córdoba,Agente comercial distribuidora alimentación,20.000 € - 24.000 €,Sin Data,Indefinido,Jornada Completa,Sin Data,Crit Interim España ETT,Sin Data
2026-08-13,Trabajoscom, Huelva, Huelva,Gerocultor/a - Auxiliar de enfermería Centro Residencial DomusVi Monte Jara,Sin Data,Sin Data,De duracion determinada,Media Jornada,Sin Data,DomusVi,Sin Data
2026-08-13,Trabajoscom, Valencia, Valencia,Técnico/a de Mantenimiento Mecánico,Sin Data,Sin Data,Indefinido,Jornada Completa,Sin Data,Iman Temporing,Sin Data
2026-08-13,Trabajoscom, Cantabria, Cantabria,Electromecánico/a Industrial,Sin Data,Sin Data,Indefinido,Jornada Completa,Sin Data,Crit Interim España ETT,Sin Data
2026-08-13,Trabajoscom, Cantabria, Cantabria,Operarios/as Fabrica Alimentación,Sin Data,Sin Data,De duracion determinada,Jornada Completa,Sin Data,Iman Temporing,Sin Data
2026-08-13,Trabajoscom, Cantabria, Cantabria,Carretillero/a frontal y retráctil,Sin Data,Sin Data,De duracion determinada,Jornada Completa,Sin Data,Crit Interim España ETT,Sin Data
2026-08-13,Trabajoscom, Córdoba, Córdoba,Auxiliar Administrativo/a RRHH,Sin Data,Sin Data,Indefinido,Jornada Completa,Sin Data,Crit Interim España ETT,Sin Data
2026-08-13,Trabajoscom, Córdoba, Córdoba,Operarios/as de Plegadora,21.000 € - 22.500 €,Sin Data,De duracion determinada,Jornada Completa,Sin Data,Crit Interim España ETT,Sin Data
2026-08-13,Trabajoscom, Córdoba, Córdoba,Montador/a estructuras metálicas,22.000 € - 24.000 €,Sin Data,Indefinido,Jornada Completa,Sin Data,Crit Interim España ETT,Sin Data
2026-08-13,Trabajoscom, Madrid, Madrid,Administrativo/a de operaciones,Sin Data,Sin Data,Indefinido,Jornada Completa,Sin Data,Citius Outsourcing,Sin Data
2026-08-13,Trabajoscom, Málaga, Málaga,Mozo/a de almacén,Sin Data,Sin Data,De duracion determinada,Jornada Completa,Sin Data,Crit Interim España ETT,Sin Data
2026-08-13,Trabajoscom, Málaga, Málaga,Peón para Alimentación -PTA (H/M),16.000 € - 18.000 €,Sin Data,De duracion determinada,Jornada Completa,Sin Data,Crit Interim España ETT,Sin Data
2026-08-13,Trabajoscom, Barcelona, Barcelona,RECUBRIDOR/A INDUSTRIAL,Sin Data,Sin Data,De duracion determinada,Jornada Completa,Sin Data,Iman Temporing,Sin Data
2026-08-13,Trabajoscom, Barcelona, Barcelona,TECNICO/A DE Mantenimiento maquinaria industrial,28.000 €,Sin Data,De duracion determinada,Jornada Completa,Sin Data,Iman Temporing,Sin Data
2026-08-13,Trabajoscom, Madrid, Madrid,Asesor/a Fiscal.,Sin Data,Sin Data,Indefinido,Jornada Completa,Sin Data,Crit Interim España ETT,Sin Data
2026-08-13,Trabajoscom, Murcia, Murcia,Carretillero/a - Alguazas,Sin Data,Sin Data,De duracion determinada,Jornada Completa,Sin Data,Crit Interim España ETT,Sin Data
2026-08-13,Trabajoscom, Sevilla, Sevilla,Enfermero/a - DUE Centro Residencial DomusVi Santa Justa,Sin Data,Sin Data,De duracion determinada,Jornada Indiferente,Sin Data,DomusVi,Sin Data
2026-08-13,Trabajoscom, Madrid, Madrid,Administrativo/a de Taller de Vehículos - Campo Real,Sin Data,Sin Data,De duracion determinada,Jornada Completa,Sin Data,Crit Interim España ETT,Sin Data
2026-08-13,Trabajoscom, Zaragoza, Zaragoza,Operario/a Producción sector deportivo,Sin Data,Sin Data,De duracion determinada,Jornada Completa,Sin Data,Crit Interim España ETT,Sin Data
2026-08-13,Trabajoscom, Navarra, Navarra,Carretillero/a,18.000 € - 19.000 €,Sin Data,De duracion determinada,Jornada Completa,Sin Data,Iman Temporing,Sin Data
2026-08-13,Trabajoscom, Salamanca, Salamanca,REPARTIDORES/AS CON FURGONETA SALAMANCA,Sin Data,Sin Data,De duracion determinada,Jornada Completa,Sin Data,Iman Temporing,Sin Data
2026-08-13,Trabajoscom, Madrid, Madrid,Conductor/a de Tráiler C+E con CAP,Sin Data,Sin Data,De duracion determinada,Jornada Completa,Sin Data,Crit Interim España ETT,Sin Data
2026-08-13,Trabajoscom, Navarra, Navarra,Responsable de Mantenimiento (INC. Directa),Sin Data,Sin Data,Indefinido,Jornada Completa,Sin Data,Pacto,Sin Data
2026-08-13,Trabajoscom, Barcelona, Barcelona,Personal de almacén y montaje- Caldes de Montbui,18.225 €,Sin Data,De duracion determinada,Jornada Completa,Sin Data,Pacto,Sin Data
2026-08-13,Trabajoscom, Valencia, Valencia,Operario/a inyección Lliria,21.000 € - 24.000 €,Sin Data,De duracion determinada,Jornada Completa,Sin Data,Iman Temporing,Sin Data
2026-08-13,Trabajoscom, Navarra, Navarra,Gerocultor/a - Auxiliar de enfermería Centro Residencial DomusVi San Adrián,Sin Data,Sin Data,De duracion determinada,Jornada Completa,Sin Data,DomusVi,Sin Data
2026-08-13,Trabajoscom, Barcelona, Barcelona,Dependiente/a Carnicería,Sin Data,Sin Data,Indefinido,Media Jornada,Sin Data,Crit Interim España ETT,Sin Data
2026-08-13,Trabajoscom, Almería, Almería,Técnico/a de selección - RRHH,Sin Data,Sin Data,De duracion determinada,Jornada Completa,Sin Data,Iman Temporing,Sin Data
2026-08-13,Trabajoscom, Palencia, Palencia,Cajero/a reponedor/a supermercado,Sin Data,Sin Data,De duracion determinada,Media Jornada,Sin Data,Iman Temporing,Sin Data
2026-08-13,Trabajoscom, Ourense, Ourense,Repartidor/a paquetería a jornada parcial,17.094 €,Sin Data,De duracion determinada,Media Jornada,Sin Data,Iman Temporing,Sin Data
2026-08-13,Trabajoscom, Madrid, Madrid,Técnico/a de mantenimiento industrial,Sin Data,Sin Data,Indefinido,Jornada Completa,Sin Data,Crit Interim España ETT,Sin Data
2026-08-13,Trabajoscom, Granada, Granada,Mecánico/a de Automóviles,Sin Data,Sin Data,Indefinido,Jornada Completa,Sin Data,Crit Interim España ETT,Sin Data
2026-08-13,Trabajoscom, Sevilla, Sevilla,Tecnico/a RRHH Generalista,Sin Data,Sin Data,Indefinido,Jornada Completa,Sin Data,Iman Corporation,Sin Data
2026-08-13,Trabajoscom, Madrid, Madrid,Técnico/a de electrónica industrial,Sin Data,Sin Data,Indefinido,Jornada Completa,Sin Data,Crit Interim España ETT,Sin Data
2026-08-13,Trabajoscom, Córdoba, Córdoba,Operario/a envasado aceite con SAP,17.000 € - 18.000 €,Sin Data,De duracion determinada,Jornada Completa,Sin Data,Crit Interim España ETT,Sin Data
2026-08-13,Trabajoscom, Barcelona, Barcelona,Recepcionista Centro Residencial DomusVi Gràcia,Sin Data,Sin Data,Indefinido,Jornada Completa,Sin Data,DomusVi,Sin Data
2026-08-13,Trabajoscom, Ciudad Real, Ciudad Real,Supervisor/a de Planta,26.371 €,Sin Data,Indefinido,Jornada Completa,Sin Data,Iman Temporing,Sin Data
2026-08-13,Trabajoscom, Ourense, Ourense,Operarios/as Alimentación,Sin Data,Sin Data,De duracion determinada,Jornada Completa,Sin Data,Iman Temporing,Sin Data
2026-08-13,Trabajoscom, Córdoba, Córdoba,ELECTRICISTA EN PUENTE GENIIL (CÓRDOBA),Sin Data,Sin Data,Indefinido,Jornada Completa,Sin Data,Iman Temporing,Sin Data
2026-08-13,Trabajoscom, Jaén, Jaén,Gerocultor/a - Auxiliar de enfermería Centro Residencial DomusVi Condes de Corbull,Sin Data,Sin Data,De duracion determinada,Media Jornada,Sin Data,DomusVi,Sin Data
2026-08-13,Trabajoscom, Barcelona, Barcelona,Operario/a de mantenimiento,Sin Data,Sin Data,De duracion determinada,Jornada Completa,Sin Data,Iman Temporing,Sin Data
2026-08-13,Trabajoscom, Barcelona, Barcelona,Operario/a de Producción,Sin Data,Sin Data,Indefinido,Jornada Completa,Sin Data,Iman Temporing,Sin Data
2026-08-13,Trabajoscom, Córdoba, Córdoba,SOLDADOR/A INDUSTRIAL EN PUENTE GENIL (CÓRDOBA),Sin Data,Sin Data,Indefinido,Jornada Completa,Sin Data,Iman Temporing,Sin Data
2026-08-13,Trabajoscom, Madrid, Madrid,Jefe de Equipo de Almacén Madrid,Sin Data,Sin Data,Indefinido,Jornada Completa,Sin Data,Citius Solutions,Sin Data
2026-08-13,Trabajoscom, Barcelona, Barcelona,Limpiador/a de Zonas Comunes  Hotel 5* Hospitalet,Sin Data,Sin Data,Indefinido,Media Jornada,Sin Data,Royal Rooms,Sin Data
2026-08-13,Trabajoscom, Araba, Araba,MECÁNICO/A DE ACOPLES,Sin Data,Sin Data,Indefinido,Jornada Completa,Sin Data,Iman Temporing,Sin Data
2026-08-13,Trabajoscom, Sevilla, Sevilla,Cajero/a Supermercado (35H),Sin Data,Sin Data,De duracion determinada,Media Jornada,Sin Data,Iman Temporing,Sin Data
2026-08-13,Trabajoscom, Barcelona, Barcelona,Retractilero/a - Gualba,23.500 € - 24.500 €,Sin Data,De duracion determinada,Jornada Completa,Sin Data,Pacto,Sin Data
2026-08-13,Trabajoscom, Ourense, Ourense,Carretillero/a,Sin Data,Sin Data,De duracion determinada,Jornada Completa,Sin Data,Iman Temporing,Sin Data
2026-08-13,Trabajoscom, Araba, Araba,Conductor/a tipo C + CAP - Vitoria- Etxarri,Sin Data,Sin Data,Indefinido,Jornada Completa,Sin Data,Pacto,Sin Data
2026-08-13,Trabajoscom, Murcia, Murcia,Operario/a de montaje,18.000 € - 22.000 €,Sin Data,De duracion determinada,Jornada Completa,Sin Data,Iman Temporing,Sin Data
2026-08-13,Trabajoscom, Alicante, Alicante,Enfermero/a - DUE Centro Residencial DomusVi Elche Carrús,Sin Data,Sin Data,Indefinido,Media Jornada,Sin Data,DomusVi,Sin Data
2026-08-13,Trabajoscom, Navarra, Navarra,OPERARIO/A INCORPORACIÓN INMEDIATA 3T,Sin Data,Sin Data,De duracion determinada,Jornada Completa,Sin Data,Iman Temporing,Sin Data
2026-08-13,Trabajoscom, Barcelona, Barcelona,Administrativo/a logística,Sin Data,Sin Data,Indefinido,Jornada Completa,Sin Data,Iman Temporing,Sin Data
2026-08-13,Trabajoscom, Valladolid, Valladolid,Operario/a Alimentación,Sin Data,Sin Data,De duracion determinada,Jornada Completa,Sin Data,Iman Temporing,Sin Data
2026-08-13,Trabajoscom, Navarra, Navarra,Operario/a con experiencia en puente grua.,Sin Data,Sin Data,De duracion determinada,Jornada Completa,Sin Data,Iman Temporing,Sin Data
2026-08-13,Trabajoscom, Sevilla, Sevilla,Peón/a de Carpintería de Madera,Sin Data,Sin Data,De duracion determinada,Media Jornada,Sin Data,Iman Temporing,Sin Data
2026-08-13,Trabajoscom, Lleida, Lleida,Soldador/a de Hilo,Sin Data,Sin Data,Indefinido,Jornada Completa,Sin Data,Iman Temporing,Sin Data
2026-08-13,Trabajoscom, Valladolid, Valladolid,Ayudante de camarero/a o cocina,Sin Data,Sin Data,De duracion determinada,Media Jornada,Sin Data,Iman Temporing,Sin Data
2026-08-13,Trabajoscom, Barcelona, Barcelona,Vigilantes de seguridad con Plus de Bienvenida,Sin Data,Sin Data,Indefinido,Jornada Completa,Sin Data,Iman Seguridad,Sin Data
2026-08-13,Trabajoscom, Barcelona, Barcelona,Operio/a Palafolls,Sin Data,Sin Data,Indefinido,Jornada Completa,Sin Data,Pacto,Sin Data
2026-08-13,Trabajoscom, Murcia, Murcia,Técnico/a Contable,Sin Data,Sin Data,De duracion determinada,Jornada Completa,Sin Data,Iman Temporing,Sin Data
2026-08-13,Trabajoscom, Barcelona, Barcelona,Operario/a - Mozo/a de Almacén,Sin Data,Sin Data,De duracion determinada,Jornada Completa,Sin Data,Iman Temporing,Sin Data
2026-08-13,Trabajoscom, Valencia, Valencia,Operario/a de Producción,Sin Data,Sin Data,Indefinido,Jornada Completa,Sin Data,Iman Temporing,Sin Data
2026-08-13,Trabajoscom, Huesca, Huesca,ADMINISTRATIVO/A DE COMPRAS,Sin Data,Sin Data,Indefinido,Jornada Completa,Sin Data,Iman Temporing,Sin Data
2026-08-13,Trabajoscom, Jaén, Jaén,Mozo/a conductor/a-lavacoches(Rent a car)-LINARES,17.094 €,Sin Data,De duracion determinada,Jornada Completa,Sin Data,Citius Solutions,Sin Data
2026-08-13,Trabajoscom, Barcelona, Barcelona,Teleoperadores/as para ONG,Sin Data,Sin Data,Indefinido,Jornada Completa,Sin Data,Iman Temporing,Sin Data
2026-08-13,Trabajoscom, Barcelona, Barcelona,Mantenimiento Mecánico Industrial (INC. Directa),Sin Data,Sin Data,Indefinido,Jornada Indiferente,Sin Data,Pacto,Sin Data
2026-08-13,Trabajoscom, Madrid, Madrid,Preparador/a Pedidos,Sin Data,Sin Data,De duracion determinada,Jornada Completa,Sin Data,Iman Temporing,Sin Data
2026-08-13,Trabajoscom, Palencia, Palencia,Operario/a almacén de agricultura,20.000 € - 21.000 €,Sin Data,De duracion determinada,Jornada Completa,Sin Data,Iman Temporing,Sin Data
2026-08-13,Trabajoscom, Murcia, Murcia,Técnico/a Contable,Sin Data,Sin Data,De duracion determinada,Jornada Completa,Sin Data,Iman Temporing,Sin Data
2026-08-13,Trabajoscom, Barcelona, Barcelona,Teleoperadores/as para ONG,Sin Data,Sin Data,Indefinido,Jornada Completa,Sin Data,Iman Temporing,Sin Data
2026-08-13,Trabajoscom, Huesca, Huesca,ADMINISTRATIVO/A DE COMPRAS,Sin Data,Sin Data,Indefinido,Jornada Completa,Sin Data,Iman Temporing,Sin Data
2026-08-13,Trabajoscom, Jaén, Jaén,Mozo/a conductor/a-lavacoches(Rent a car)-LINARES,17.094 €,Sin Data,De duracion determinada,Jornada Completa,Sin Data,Citius Solutions,Sin Data
2026-08-13,Trabajoscom, Barcelona, Barcelona,Mantenimiento Mecánico Industrial (INC. Directa),Sin Data,Sin Data,Indefinido,Jornada Indiferente,Sin Data,Pacto,Sin Data
2026-08-13,Trabajoscom, Madrid, Madrid,TÉCNICO OFICIAL DE PRIMERA PCI Y SISTEMAS DE SEGURIDAD,Sin Data,Sin Data,Indefinido,Jornada Completa,Sin Data,Iman Seguridad,Sin Data
2026-08-13,Trabajoscom,Las Palmas,Puerto Del Rosario,Vigilante de seguridad aeropuerto de Fuerteventura,Sin Data,Sin Data,De duracion determinada,Jornada Completa,Sin Data,Ilunion,Sin Data
2026-08-13,Trabajoscom, Barcelona, Barcelona,PROFESIONAL LIMPIEZA CRISTALES BARBERÀ DEL VALLÈS -ID 56245-,608 €,Sin Data,De duracion determinada,Media Jornada,Sin Data,Multiserveis Ndavant,Sin Data
2026-08-13,Trabajoscom,Barcelona,Todo Barcelona,Agente Comercial B2B – Sector CBD / Retail,Sin Data,Sin Data,Autonomo,Freelance,Sin Data,Herbopure,Sin Data
2026-08-13,Trabajoscom,Málaga,Málaga,Consultor/a Selección Onsite RRHH Málaga,Sin Data,Sin Data,Indefinido,Jornada Completa,Sin Data,Grupo Adecco,Sin Data
2026-08-13,Trabajoscom,Valencia,Burjassot,Montador de toldos y persianas,Sin Data,Sin Data,Indefinido,Jornada Completa,Sin Data,Persytoldo,Sin Data
2026-08-13,Trabajoscom,León,León,PERSONAL SECTOR METAL Y MANEJO PUENTE GRUA,Sin Data,Sin Data,De duracion determinada,Jornada Intensiva,Sin Data,Grupo Adecco,Sin Data
2026-08-13,Trabajoscom,Madrid,Todo Madrid,Jefe de Obra - Siniestros Graves,35.000 € - 40.000 €,Sin Data,Indefinido,Jornada Completa,Sin Data,ReCasa,Sin Data
2026-08-13,Trabajoscom,Sevilla,Sevilla,Operario/a de Producción con conocimientos en Mantenimiento Industrial (Dos Hermanas...,Sin Data,Sin Data,De duracion determinada,Jornada Completa,Sin Data,Temps,Sin Data
2026-08-13,Trabajoscom,Barcelona,Castellbisbal,Auxiliar de Limpieza para cocina en Castellbisbal (Barcelona),Sin Data,Sin Data,Indefinido,Media Jornada,Sin Data,Temps,Sin Data
2026-08-13,Trabajoscom,Valencia,Catarroja,Operario/a de producción alimentación,17.000 €,Sin Data,De duracion determinada,Jornada Completa,Sin Data,Temps,Sin Data
2026-08-13,Trabajoscom,Valencia,Valencia,CAMARERO/A DE PISOS CON CERTIFICADO DE DISCAPACIDAD 33%,Sin Data,Sin Data,Indefinido,Jornada Completa,Sin Data,Temps,Sin Data
2026-08-13,Trabajoscom,Madrid,Madrid,Auxiliar Administrativo/a sector Artes Graficas,Sin Data,Sin Data,De duracion determinada,Jornada Completa,Sin Data,Temps,Sin Data
2026-08-13,Trabajoscom,Madrid,San Fernando De Henares,Mozo/a almacén,Sin Data,Sin Data,De duracion determinada,Jornada Completa,Sin Data,Temps,Sin Data
2026-08-13,Trabajoscom,Valencia,Silla,Servicio de limpieza en Silla ( Valencia),Sin Data,Sin Data,De duracion determinada,Trabajo Por Horas,Sin Data,Trigo y Martin Asociados,Sin Data
2026-08-13,Trabajoscom,Toledo,Quintanar De La Orden,Técnico/a de Automatización industrial,Sin Data,Sin Data,Indefinido,Jornada Completa,Sin Data,Grupo Adecco,Sin Data
2026-08-13,Trabajoscom,Toledo,Quintanar De La Orden,Técnico/a Eléctrico Avanzado,Sin Data,Sin Data,Indefinido,Jornada Completa,Sin Data,Grupo Adecco,Sin Data
2026-08-13,Trabajoscom,Gipuzkoa,Todo Gipuzkoa,Técnico/a de contabilidad,28.000 € - 32.000 €,Sin Data,Indefinido,Jornada Completa,Sin Data,AdegiLan,Sin Data
2026-08-13,Trabajoscom,Gipuzkoa,Todo Gipuzkoa,Responsable Fabricación Proyecto/Project Manufacturing Manager,42.000 € - 54.000 €,Sin Data,Indefinido,Jornada Completa,Sin Data,AdegiLan,Sin Data
2026-08-13,Trabajoscom,Gipuzkoa,Todo Gipuzkoa,Electrónico/a,Sin Data,Sin Data,Indefinido,Jornada Completa,Sin Data,AdegiLan,Sin Data
2026-08-13,Trabajoscom,Gipuzkoa,Todo Gipuzkoa,Técnico/a Mantenimiento,Sin Data,Sin Data,Indefinido,Jornada Completa,Sin Data,AdegiLan,Sin Data
2026-08-13,Trabajoscom,Gipuzkoa,Todo Gipuzkoa,Operario/a de mecanizado,Sin Data,Sin Data,De duracion determinada,Jornada Completa,Sin Data,AdegiLan,Sin Data
2026-08-13,Trabajoscom,Gipuzkoa,Todo Gipuzkoa,Técnico-a de Atención al Alumnado,Sin Data,Sin Data,Indefinido,Jornada Completa,Sin Data,AdegiLan,Sin Data
2026-08-13,Trabajoscom,Gipuzkoa,Todo Gipuzkoa,Responsable Comercial de Formación B2C,Sin Data,Sin Data,Indefinido,Jornada Completa,Sin Data,AdegiLan,Sin Data
2026-08-13,Trabajoscom,Madrid,Torrejón De Ardoz,STARBUCKS | CAMARERO/A  TORREJÓN DE ARDOZ APERTURA [AGSB],1 €,Sin Data,Indefinido,Jornada Indiferente,Sin Data,Starbucks,Sin Data
2026-08-13,Trabajoscom,Palencia,Palencia,Auxiliar de jardinería PALENCIA,Sin Data,Sin Data,De duracion determinada,Jornada Completa,Sin Data,Temps,Sin Data
2026-08-13,Trabajoscom,Barcelona,Sant Joan Despí,Administrativo/a gestor/a expedientes de entidades públicas,18.000 €,Sin Data,De duracion determinada,Jornada Indiferente,Sin Data,Temps,Sin Data
2026-08-13,Trabajoscom,Toledo,Illescas,Mozo/a de Almacén- turno de tarde | Picking - Packing,19.000 € - 21.000 €,Sin Data,De duracion determinada,Jornada Completa,Sin Data,Temps,Sin Data
2026-08-13,Trabajoscom,Alicante,Todo Alicante,Operario/a de Producción en Velder (FrieslandCampina) + Alojamiento Incluido,16 € - 17 €,Sin Data,Indefinido,Jornada Completa,Sin Data,OTTO Work Force,Sin Data
2026-08-13,Trabajoscom,Barcelona,Todo Barcelona,Operario/a de Producción en Velder (FrieslandCampina) + Alojamiento Incluido,16 € - 17 €,Sin Data,Indefinido,Jornada Completa,Sin Data,OTTO Work Force,Sin Data
2026-08-13,Trabajoscom,Asturias,Todo Asturias,Operario/a de Producción en Velder (FrieslandCampina) + Alojamiento Incluido,16 € - 17 €,Sin Data,Indefinido,Jornada Completa,Sin Data,OTTO Work Force,Sin Data
2026-08-13,Trabajoscom,Málaga,Todo Málaga,Deshuesador/a de Vacuno en Goedegebuur con Alojamiento Incluido | Róterdam,18 € - 21 €,Sin Data,Indefinido,Jornada Intensiva,Sin Data,OTTO Work Force,Sin Data
2026-08-13,Trabajoscom,Palencia,Todo Palencia,Deshuesador/a de Vacuno en Goedegebuur con Alojamiento Incluido | Róterdam,18 € - 21 €,Sin Data,Indefinido,Jornada Intensiva,Sin Data,OTTO Work Force,Sin Data
2026-08-13,Trabajoscom,Jaén,Todo Jaén,ENFOSCADORES/ENLUCIDO- ALOJAMIENTO GRATIS,27.000 € - 30.000 €,Sin Data,Indefinido,Jornada Completa,Sin Data,Comercializadora Mediterranea De Viviendas,Sin Data
2026-08-13,Trabajoscom,Lleida,Todo Lleida,Deshuesador/a de Vacuno en Goedegebuur con Alojamiento Incluido | Róterdam,18 € - 21 €,Sin Data,Indefinido,Jornada Intensiva,Sin Data,OTTO Work Force,Sin Data
2026-08-13,Trabajoscom,Murcia,Todo Murcia,Deshuesador/a de Vacuno en Goedegebuur con Alojamiento Incluido | Róterdam,18 € - 21 €,Sin Data,Indefinido,Jornada Intensiva,Sin Data,OTTO Work Force,Sin Data
2026-08-13,Trabajoscom,Salamanca,Todo Salamanca,Deshuesador/a de Vacuno en Goedegebuur con Alojamiento Incluido | Róterdam,18 € - 21 €,Sin Data,Indefinido,Jornada Intensiva,Sin Data,OTTO Work Force,Sin Data
2026-08-13,Trabajoscom,Teruel,Todo Teruel,"Soldador/a TIG en Tanis | 28,35 €/h + Contrato Indefinido + Alojamiento",28 € - 29 €,Sin Data,Indefinido,Jornada Intensiva,Sin Data,OTTO Work Force,Sin Data
2026-08-13,Trabajoscom,Jaén,Todo Jaén,"Personal de Clasificación en DPD | 16,19 €/h brutos + Alojamiento Incluido",16 € - 17 €,Sin Data,Indefinido,Jornada Completa,Sin Data,OTTO Work Force,Sin Data
2026-08-13,Trabajoscom,Barcelona,Todo Barcelona,"Personal de Clasificación en DPD | 16,19 €/h brutos + Alojamiento Incluido",16 € - 17 €,Sin Data,Indefinido,Jornada Completa,Sin Data,OTTO Work Force,Sin Data
2026-08-13,Trabajoscom,Badajoz,Todo Badajoz,"Personal de Clasificación en DPD | 16,19 €/h brutos + Alojamiento Incluido",16 € - 17 €,Sin Data,Indefinido,Jornada Completa,Sin Data,OTTO Work Force,Sin Data
2026-08-13,Trabajoscom,Bizkaia,Todo Bizkaia,"Personal de Clasificación en DPD | 16,19 €/h brutos + Alojamiento Incluido",16 € - 17 €,Sin Data,Indefinido,Jornada Completa,Sin Data,OTTO Work Force,Sin Data
2026-08-13,Trabajoscom,Burgos,Todo Burgos,Operario/a de Producción en Velder (FrieslandCampina) + Alojamiento Incluido,16 € - 17 €,Sin Data,Indefinido,Jornada Completa,Sin Data,OTTO Work Force,Sin Data
2026-08-13,Trabajoscom,Ávila,Todo Ávila,"Personal de Clasificación en DPD | 16,19 €/h brutos + Alojamiento Incluido",16 € - 17 €,Sin Data,Indefinido,Jornada Completa,Sin Data,OTTO Work Force,Sin Data
2026-08-13,Trabajoscom,Asturias,Todo Asturias,"Personal de Clasificación en DPD | 16,19 €/h brutos + Alojamiento Incluido",16 € - 17 €,Sin Data,Indefinido,Jornada Completa,Sin Data,OTTO Work Force,Sin Data
2026-08-13,Trabajoscom,Cantabria,Todo Cantabria,Deshuesador/a de Vacuno en Goedegebuur con Alojamiento Incluido | Róterdam,18 € - 21 €,Sin Data,Indefinido,Jornada Intensiva,Sin Data,OTTO Work Force,Sin Data
2026-08-13,Trabajoscom,Granada,Todo Granada,Deshuesador/a de Vacuno en Goedegebuur con Alojamiento Incluido | Róterdam,18 € - 21 €,Sin Data,Indefinido,Jornada Intensiva,Sin Data,OTTO Work Force,Sin Data
2026-08-13,Trabajoscom,Córdoba,Todo Córdoba,Deshuesador/a de Vacuno en Goedegebuur con Alojamiento Incluido | Róterdam,18 € - 21 €,Sin Data,Indefinido,Jornada Intensiva,Sin Data,OTTO Work Force,Sin Data
2026-08-13,Trabajoscom,Gipuzkoa,Todo Gipuzkoa,Deshuesador/a de Vacuno en Goedegebuur con Alojamiento Incluido | Róterdam,18 € - 21 €,Sin Data,Indefinido,Jornada Intensiva,Sin Data,OTTO Work Force,Sin Data
2026-08-13,Trabajoscom,Albacete,Todo Albacete,Deshuesador/a de Vacuno en Goedegebuur con Alojamiento Incluido | Róterdam,18 € - 21 €,Sin Data,Indefinido,Jornada Intensiva,Sin Data,OTTO Work Force,Sin Data
2026-08-13,Trabajoscom,Girona,Todo Girona,Operario/a de Producción en Velder (FrieslandCampina) + Alojamiento Incluido,16 € - 17 €,Sin Data,Indefinido,Jornada Completa,Sin Data,OTTO Work Force,Sin Data
2026-08-13,Trabajoscom,Córdoba,Todo Córdoba,Operario/a de Producción en Velder (FrieslandCampina) + Alojamiento Incluido,16 € - 17 €,Sin Data,Indefinido,Jornada Completa,Sin Data,OTTO Work Force,Sin Data
2026-08-13,Trabajoscom,Cantabria,Todo Cantabria,Operario/a de Producción en Velder (FrieslandCampina) + Alojamiento Incluido,16 € - 17 €,Sin Data,Indefinido,Jornada Completa,Sin Data,OTTO Work Force,Sin Data
2026-08-13,Trabajoscom,Real,Todo Real,Operario/a de Producción en Velder (FrieslandCampina) + Alojamiento Incluido,16 € - 17 €,Sin Data,Indefinido,Jornada Completa,Sin Data,OTTO Work Force,Sin Data
2026-08-13,Trabajoscom,Ceuta,Todo Ceuta,Operario/a de Producción en Velder (FrieslandCampina) + Alojamiento Incluido,16 € - 17 €,Sin Data,Indefinido,Jornada Completa,Sin Data,OTTO Work Force,Sin Data
2026-08-13,Trabajoscom,Castellón,Todo Castellón,"Personal de Clasificación en DPD | 16,19 €/h brutos + Alojamiento Incluido",16 € - 17 €,Sin Data,Indefinido,Jornada Completa,Sin Data,OTTO Work Force,Sin Data
2026-08-13,Trabajoscom,Córdoba,Todo Córdoba,"Personal de Clasificación en DPD | 16,19 €/h brutos + Alojamiento Incluido",16 € - 17 €,Sin Data,Indefinido,Jornada Completa,Sin Data,OTTO Work Force,Sin Data
2026-08-13,Trabajoscom,Tarragona,Todo Tarragona,Operario/a de Producción en Velder (FrieslandCampina) + Alojamiento Incluido,16 € - 17 €,Sin Data,Indefinido,Jornada Completa,Sin Data,OTTO Work Force,Sin Data
2026-08-13,Trabajoscom,Huelva,Todo Huelva,"Personal de Clasificación en DPD | 16,19 €/h brutos + Alojamiento Incluido",16 € - 17 €,Sin Data,Indefinido,Jornada Completa,Sin Data,OTTO Work Force,Sin Data
2026-08-13,Trabajoscom,Real,Todo Real,"Personal de Clasificación en DPD | 16,19 €/h brutos + Alojamiento Incluido",16 € - 17 €,Sin Data,Indefinido,Jornada Completa,Sin Data,OTTO Work Force,Sin Data
2026-08-13,Trabajoscom,Coruña,Todo Coruña,"Personal de Clasificación en DPD | 16,19 €/h brutos + Alojamiento Incluido",16 € - 17 €,Sin Data,Indefinido,Jornada Completa,Sin Data,OTTO Work Force,Sin Data
2026-08-13,Trabajoscom,Toledo,Todo Toledo,"Soldador/a TIG en Tanis | 28,35 €/h + Contrato Indefinido + Alojamiento",28 € - 29 €,Sin Data,Indefinido,Jornada Intensiva,Sin Data,OTTO Work Force,Sin Data
2026-08-13,Trabajoscom,Soria,Todo Soria,"Soldador/a TIG en Tanis | 28,35 €/h + Contrato Indefinido + Alojamiento",28 € - 29 €,Sin Data,Indefinido,Jornada Intensiva,Sin Data,OTTO Work Force,Sin Data
2026-08-13,Trabajoscom,Zaragoza,Todo Zaragoza,"Soldador/a TIG en Tanis | 28,35 €/h + Contrato Indefinido + Alojamiento",28 € - 29 €,Sin Data,Indefinido,Jornada Intensiva,Sin Data,OTTO Work Force,Sin Data
2026-08-13,Trabajoscom,Ávila,Todo Ávila,Deshuesador/a de Vacuno en Goedegebuur con Alojamiento Incluido | Róterdam,18 € - 21 €,Sin Data,Indefinido,Jornada Intensiva,Sin Data,OTTO Work Force,Sin Data
2026-08-13,Trabajoscom,Baleares,Todo Baleares,Deshuesador/a de Vacuno en Goedegebuur con Alojamiento Incluido | Róterdam,18 € - 21 €,Sin Data,Indefinido,Jornada Intensiva,Sin Data,OTTO Work Force,Sin Data
2026-08-13,Trabajoscom,Valencia,Todo Valencia,Deshuesador/a de Vacuno en Goedegebuur con Alojamiento Incluido | Róterdam,18 € - 21 €,Sin Data,Indefinido,Jornada Intensiva,Sin Data,OTTO Work Force,Sin Data
2026-08-13,Trabajoscom,Araba,Todo Araba,Operario/a de Producción en Velder (FrieslandCampina) + Alojamiento Incluido,16 € - 17 €,Sin Data,Indefinido,Jornada Completa,Sin Data,OTTO Work Force,Sin Data
2026-08-13,Trabajoscom,Ávila,Todo Ávila,Operario/a de Producción en Velder (FrieslandCampina) + Alojamiento Incluido,16 € - 17 €,Sin Data,Indefinido,Jornada Completa,Sin Data,OTTO Work Force,Sin Data
2026-08-13,Trabajoscom,Coruña,Todo Coruña,Operario/a de Producción en Velder (FrieslandCampina) + Alojamiento Incluido,16 € - 17 €,Sin Data,Indefinido,Jornada Completa,Sin Data,OTTO Work Force,Sin Data
2026-08-13,Trabajoscom,Melilla,Todo Melilla,Deshuesador/a de Vacuno en Goedegebuur con Alojamiento Incluido | Róterdam,18 € - 21 €,Sin Data,Indefinido,Jornada Intensiva,Sin Data,OTTO Work Force,Sin Data
2026-08-13,Trabajoscom,Baleares,Todo Baleares,Operario/a de Producción en Velder (FrieslandCampina) + Alojamiento Incluido,16 € - 17 €,Sin Data,Indefinido,Jornada Completa,Sin Data,OTTO Work Force,Sin Data
2026-08-13,Trabajoscom,Madrid,Alcalá De Henares,Técnico/a de Selección,Sin Data,Sin Data,Indefinido,Jornada Completa,Sin Data,Temps,Sin Data
2026-08-13,Trabajoscom,Madrid,Todo Madrid,"Personal de Clasificación en DPD | 16,19 €/h brutos + Alojamiento Incluido",16 € - 17 €,Sin Data,Indefinido,Jornada Completa,Sin Data,OTTO Work Force,Sin Data
2026-08-13,Trabajoscom,Lugo,Todo Lugo,Operario/a de Producción en Velder (FrieslandCampina) + Alojamiento Incluido,16 € - 17 €,Sin Data,Indefinido,Jornada Completa,Sin Data,OTTO Work Force,Sin Data
2026-08-13,Trabajoscom,Araba,Todo Araba,"Piloto de Emirates Airline - Boeing 777, Airbus A380 y Airbus A350",7.650 € - 10.650 €,Sin Data,Indefinido,Jornada Completa,Sin Data,Emirates Airline,Sin Data
2026-08-13,Trabajoscom,Ávila,Todo Ávila,"Piloto de Emirates Airline - Boeing 777, Airbus A380 y Airbus A350",7.650 € - 10.650 €,Sin Data,Indefinido,Jornada Completa,Sin Data,Emirates Airline,Sin Data
2026-08-13,Trabajoscom,Madrid,Todo Madrid,ALICATADORES/SOLADORES.  ALOJAMIENTO GRATIS,23.050 € - 27.000 €,Sin Data,Indefinido,Jornada Completa,Sin Data,Comercializadora Mediterranea De Viviendas,Sin Data
2026-08-13,Trabajoscom,Teruel,Todo Teruel,"Soldador/a TIG en Tanis | 28,35 €/h + Contrato Indefinido + Alojamiento",28 € - 29 €,Sin Data,Indefinido,Jornada Intensiva,Sin Data,OTTO Work Force,Sin Data
2026-08-13,Trabajoscom,Toledo,Todo Toledo,"Soldador/a TIG en Tanis | 28,35 €/h + Contrato Indefinido + Alojamiento",28 € - 29 €,Sin Data,Indefinido,Jornada Intensiva,Sin Data,OTTO Work Force,Sin Data
2026-08-13,Trabajoscom,Soria,Todo Soria,"Soldador/a TIG en Tanis | 28,35 €/h + Contrato Indefinido + Alojamiento",28 € - 29 €,Sin Data,Indefinido,Jornada Intensiva,Sin Data,OTTO Work Force,Sin Data
2026-08-13,Trabajoscom,Zaragoza,Todo Zaragoza,"Soldador/a TIG en Tanis | 28,35 €/h + Contrato Indefinido + Alojamiento",28 € - 29 €,Sin Data,Indefinido,Jornada Intensiva,Sin Data,OTTO Work Force,Sin Data
2026-08-13,Trabajoscom,Girona,Todo Girona,"Soldador/a TIG en Tanis | 28,35 €/h + Contrato Indefinido + Alojamiento",28 € - 29 €,Sin Data,Indefinido,Jornada Intensiva,Sin Data,OTTO Work Force,Sin Data
2026-08-13,Trabajoscom,Ávila,Todo Ávila,"Soldador/a TIG en Tanis | 28,35 €/h + Contrato Indefinido + Alojamiento",28 € - 29 €,Sin Data,Indefinido,Jornada Intensiva,Sin Data,OTTO Work Force,Sin Data
2026-08-13,Trabajoscom,Badajoz,Todo Badajoz,"Soldador/a TIG en Tanis | 28,35 €/h + Contrato Indefinido + Alojamiento",28 € - 29 €,Sin Data,Indefinido,Jornada Intensiva,Sin Data,OTTO Work Force,Sin Data
2026-08-13,Trabajoscom,Gipuzkoa,Todo Gipuzkoa,"Soldador/a TIG en Tanis | 28,35 €/h + Contrato Indefinido + Alojamiento",28 € - 29 €,Sin Data,Indefinido,Jornada Intensiva,Sin Data,OTTO Work Force,Sin Data
2026-08-13,Trabajoscom,Barcelona,Todo Barcelona,"Soldador/a TIG en Tanis | 28,35 €/h + Contrato Indefinido + Alojamiento",28 € - 29 €,Sin Data,Indefinido,Jornada Intensiva,Sin Data,OTTO Work Force,Sin Data
2026-08-13,Trabajoscom,Burgos,Todo Burgos,"Soldador/a TIG en Tanis | 28,35 €/h + Contrato Indefinido + Alojamiento",28 € - 29 €,Sin Data,Indefinido,Jornada Intensiva,Sin Data,OTTO Work Force,Sin Data
2026-08-13,Trabajoscom,Castellón,Todo Castellón,"Soldador/a TIG en Tanis | 28,35 €/h + Contrato Indefinido + Alojamiento",28 € - 29 €,Sin Data,Indefinido,Jornada Intensiva,Sin Data,OTTO Work Force,Sin Data
2026-08-13,Trabajoscom,Cáceres,Todo Cáceres,"Soldador/a TIG en Tanis | 28,35 €/h + Contrato Indefinido + Alojamiento",28 € - 29 €,Sin Data,Indefinido,Jornada Intensiva,Sin Data,OTTO Work Force,Sin Data
2026-08-13,Trabajoscom,Jaén,Todo Jaén,ALICATADORES/SOLADORES.  ALOJAMIENTO GRATIS,23.050 € - 27.000 €,Sin Data,Indefinido,Jornada Completa,Sin Data,Comercializadora Mediterranea De Viviendas,Sin Data
2026-08-13,Trabajoscom,Valencia,Alzira,Operarios (H/M/D) de paletizado CON DISCAPACIDAD (Alzira),17.000 € - 18.000 €,Sin Data,Discapacidad,Jornada Completa,Sin Data,Ilunion,Sin Data
2026-08-13,Trabajoscom,Valencia,Massalaves,Operarios (H/M/D) de empaquetado CON DISCAPACIDAD (Masalavés),17.000 € - 18.000 €,Sin Data,Discapacidad,Jornada Completa,Sin Data,Ilunion,Sin Data
2026-08-13,Trabajoscom,Valencia,Alzira,Carretilleros (H/M/D) Carlet_Alzira,18.000 € - 20.000 €,Sin Data,De duracion determinada,Media Jornada,Sin Data,Ilunion,Sin Data
2026-08-13,Trabajoscom,Valencia,Buñol,Personal de limpieza (H/M/D) con discapacidad (BUÑOL),16.000 € - 17.000 €,Sin Data,De duracion determinada,Jornada Completa,Sin Data,Ilunion,Sin Data
2026-08-13,Trabajoscom,Coruña,Todo Coruña,Deshuesador/a de Vacuno en Goedegebuur con Alojamiento Incluido | Róterdam,18 € - 21 €,Sin Data,Indefinido,Jornada Intensiva,Sin Data,OTTO Work Force,Sin Data
2026-08-13,Trabajoscom,Jaén,Todo Jaén,"Piloto de Emirates Airline - Boeing 777, Airbus A380 y Airbus A350",7.650 € - 10.650 €,Sin Data,Indefinido,Jornada Completa,Sin Data,Emirates Airline,Sin Data
2026-08-13,Trabajoscom,Castellón,Todo Castellón,"Piloto de Emirates Airline - Boeing 777, Airbus A380 y Airbus A350",7.650 € - 10.650 €,Sin Data,Indefinido,Jornada Completa,Sin Data,Emirates Airline,Sin Data
2026-08-13,Trabajoscom,Málaga,Todo Málaga,"Piloto de Emirates Airline - Boeing 777, Airbus A380 y Airbus A350",7.650 € - 10.650 €,Sin Data,Indefinido,Jornada Completa,Sin Data,Emirates Airline,Sin Data
2026-08-13,Trabajoscom,León,Todo León,"Piloto de Emirates Airline - Boeing 777, Airbus A380 y Airbus A350",7.650 € - 10.650 €,Sin Data,Indefinido,Jornada Completa,Sin Data,Emirates Airline,Sin Data
2026-08-13,Trabajoscom,Cuenca,Todo Cuenca,"Piloto de Emirates Airline - Boeing 777, Airbus A380 y Airbus A350",7.650 € - 10.650 €,Sin Data,Indefinido,Jornada Completa,Sin Data,Emirates Airline,Sin Data
2026-08-13,Trabajoscom,Huesca,Todo Huesca,"Piloto de Emirates Airline - Boeing 777, Airbus A380 y Airbus A350",7.650 € - 10.650 €,Sin Data,Indefinido,Jornada Completa,Sin Data,Emirates Airline,Sin Data
2026-08-13,Trabajoscom,Madrid,Todo Madrid,"Piloto de Emirates Airline - Boeing 777, Airbus A380 y Airbus A350",7.650 € - 10.650 €,Sin Data,Indefinido,Jornada Completa,Sin Data,Emirates Airline,Sin Data
2026-08-13,Trabajoscom,Madrid,Todo Madrid,"Personal de Clasificación en DPD | 16,19 €/h brutos + Alojamiento Incluido",16 € - 17 €,Sin Data,Indefinido,Jornada Completa,Sin Data,OTTO Work Force,Sin Data
2026-08-13,Trabajoscom,Málaga,Todo Málaga,"Personal de Clasificación en DPD | 16,19 €/h brutos + Alojamiento Incluido",16 € - 17 €,Sin Data,Indefinido,Jornada Completa,Sin Data,OTTO Work Force,Sin Data
2026-08-13,Trabajoscom,Almería,Todo Almería,"Soldador/a TIG en Tanis | 28,35 €/h + Contrato Indefinido + Alojamiento",28 € - 29 €,Sin Data,Indefinido,Jornada Intensiva,Sin Data,OTTO Work Force,Sin Data
2026-08-13,Trabajoscom,Tenerife,Todo Tenerife,"Personal de Clasificación en DPD | 16,19 €/h brutos + Alojamiento Incluido",16 € - 17 €,Sin Data,Indefinido,Jornada Completa,Sin Data,OTTO Work Force,Sin Data
2026-08-13,Trabajoscom,Guadalajara,Todo Guadalajara,"Soldador/a TIG en Tanis | 28,35 €/h + Contrato Indefinido + Alojamiento",28 € - 29 €,Sin Data,Indefinido,Jornada Intensiva,Sin Data,OTTO Work Force,Sin Data
2026-08-13,Trabajoscom,Madrid,Alcalá De Henares,Técnico/a de Selección,Sin Data,Sin Data,Indefinido,Jornada Completa,Sin Data,Temps,Sin Data
2026-08-13,Trabajoscom,Palencia,Palencia,PEÓN MONTAJE/ RADIAL,Sin Data,Sin Data,Indefinido,Jornada Completa,Sin Data,Iman Temporing,Sin Data
2026-08-13,Trabajoscom,Bizkaia,Bilbao,Administrativo/a de Contabilidad,Sin Data,Sin Data,De duracion determinada,Jornada Completa,Sin Data,Temps,Sin Data
2026-08-13,Trabajoscom,Córdoba,Todo Córdoba,"Piloto de Emirates Airline - Boeing 777, Airbus A380 y Airbus A350",7.650 € - 10.650 €,Sin Data,Indefinido,Jornada Completa,Sin Data,Emirates Airline,Sin Data
2026-08-13,Trabajoscom,Ceuta,Todo Ceuta,"Piloto de Emirates Airline - Boeing 777, Airbus A380 y Airbus A350",7.650 € - 10.650 €,Sin Data,Indefinido,Jornada Completa,Sin Data,Emirates Airline,Sin Data
2026-08-13,Trabajoscom,Pontevedra,Todo Pontevedra,"Piloto de Emirates Airline - Boeing 777, Airbus A380 y Airbus A350",7.650 € - 10.650 €,Sin Data,Indefinido,Jornada Completa,Sin Data,Emirates Airline,Sin Data
2026-08-13,Trabajoscom,Zamora,Todo Zamora,"Piloto de Emirates Airline - Boeing 777, Airbus A380 y Airbus A350",7.650 € - 10.650 €,Sin Data,Indefinido,Jornada Completa,Sin Data,Emirates Airline,Sin Data
2026-08-13,Trabajoscom,Valladolid,Todo Valladolid,"Piloto de Emirates Airline - Boeing 777, Airbus A380 y Airbus A350",7.650 € - 10.650 €,Sin Data,Indefinido,Jornada Completa,Sin Data,Emirates Airline,Sin Data
2026-08-13,Trabajoscom,Tenerife,Todo Tenerife,"Piloto de Emirates Airline - Boeing 777, Airbus A380 y Airbus A350",7.650 € - 10.650 €,Sin Data,Indefinido,Jornada Completa,Sin Data,Emirates Airline,Sin Data
2026-08-13,Trabajoscom,Toledo,Todo Toledo,"Piloto de Emirates Airline - Boeing 777, Airbus A380 y Airbus A350",7.650 € - 10.650 €,Sin Data,Indefinido,Jornada Completa,Sin Data,Emirates Airline,Sin Data
2026-08-13,Trabajoscom,Valencia,Todo Valencia,"Piloto de Emirates Airline - Boeing 777, Airbus A380 y Airbus A350",7.650 € - 10.650 €,Sin Data,Indefinido,Jornada Completa,Sin Data,Emirates Airline,Sin Data
2026-08-13,Trabajoscom,Burgos,Aranda De Duero,Cajero/a-Reponedor/a -Aranda de Duero- 24 horas semanales,Sin Data,Sin Data,Indefinido,Jornada Indiferente,Sin Data,Grupo DIA,Sin Data
2026-08-13,Trabajoscom, La Rioja, La Rioja,Electricista industrial,28.000 €,Sin Data,De duracion determinada,Jornada Completa,Sin Data,Iman Temporing,Sin Data
2026-08-13,Trabajoscom, Tarragona, Tarragona,Operario/a de producción,Sin Data,Sin Data,De duracion determinada,Jornada Completa,Sin Data,Iman Temporing,Sin Data
2026-08-13,Trabajoscom, Sevilla, Sevilla,Operario/a envasado encapsuladoras,18.000 € - 20.000 €,Sin Data,Indefinido,Jornada Completa,Sin Data,Crit Interim España ETT,Sin Data
2026-08-13,Trabajoscom, Barcelona, Barcelona,Un/a Carretillero/a frontal retráctil,Sin Data,Sin Data,Indefinido,Jornada Completa,Sin Data,Crit Interim España ETT,Sin Data
2026-08-13,Trabajoscom, Málaga, Málaga,Envasadores/as - Málaga,Sin Data,Sin Data,De duracion determinada,Jornada Completa,Sin Data,Crit Interim España ETT,Sin Data
2026-08-13,Trabajoscom, Guadalajara, Guadalajara,Consultor/a de RRHH Inhouse | Guadalajara,Sin Data,Sin Data,Indefinido,Jornada Completa,Sin Data,Iman Temporing,Sin Data
2026-08-13,Trabajoscom, Lleida, Lleida,PEÓN/A DE BODEGA,Sin Data,Sin Data,Indefinido,Jornada Completa,Sin Data,Iman Temporing,Sin Data
2026-08-13,Trabajoscom, Baleares, Baleares,Gerocultor/a - Auxiliar de enfermería Centro Residencial DomusVi Sa Riera,Sin Data,Sin Data,Indefinido,Jornada Indiferente,Sin Data,DomusVi,Sin Data
2026-08-13,Trabajoscom, Barcelona, Barcelona,Recepcionista - Sustitución por vacaciones,18.000 € - 19.999 €,Sin Data,De duracion determinada,Jornada Completa,Sin Data,Crit Interim España ETT,Sin Data
2026-08-13,Trabajoscom, Sevilla, Sevilla,Carretillero/a Retráctil (Polígono La Isla),Sin Data,Sin Data,De duracion determinada,Jornada Completa,Sin Data,Iman Temporing,Sin Data
2026-08-13,Trabajoscom, Málaga, Málaga,Envasadores/as en Axarquía,Sin Data,Sin Data,Indefinido,Jornada Completa,Sin Data,Crit Interim España ETT,Sin Data
2026-08-13,Trabajoscom, Barcelona, Barcelona,Gerocultor/a - Auxiliar de enfermería Centro Residencial DomusVi Can Buxeres,Sin Data,Sin Data,De duracion determinada,Jornada Completa,Sin Data,DomusVi,Sin Data
2026-08-13,Trabajoscom, Tarragona, Tarragona,Peón agrícola,17.000 € - 18.000 €,Sin Data,De duracion determinada,Jornada Completa,Sin Data,Iman Temporing,Sin Data
2026-08-13,Trabajoscom, Barcelona, Barcelona,Administrativo/a de Atención al Cliente,Sin Data,Sin Data,De duracion determinada,Jornada Completa,Sin Data,Crit Interim España ETT,Sin Data
2026-08-13,Trabajoscom, Lugo, Lugo,Operario/a para picking,19.400 € - 19.500 €,Sin Data,Indefinido,Jornada Completa,Sin Data,Iman Temporing,Sin Data
2026-08-13,Trabajoscom, Barcelona, Barcelona,Técnico/a Calidad alimentaria,Sin Data,Sin Data,De duracion determinada,Jornada Completa,Sin Data,Iman Temporing,Sin Data
2026-08-13,Trabajoscom, Guadalajara, Guadalajara,Gerocultor/a - Auxiliar de enfermería Centro Residencial DomusVi Princesa de Eboli,Sin Data,Sin Data,Indefinido,Jornada Indiferente,Sin Data,DomusVi,Sin Data
2026-08-13,Trabajoscom, Palencia, Palencia,Gerocultor/a - Auxiliar de enfermería Centro Residencial DomusVi Palencia,Sin Data,Sin Data,Indefinido,Jornada Indiferente,Sin Data,DomusVi,Sin Data
2026-08-13,Trabajoscom, Baleares, Baleares,CAMARERO/A DE PISOS - CIUTADELLA DE MENORCA,Sin Data,Sin Data,Indefinido,Jornada Indiferente,Sin Data,Citius Outsourcing,Sin Data
2026-08-13,Trabajoscom, Navarra, Navarra,OPERARIO/A MONTAJE/DESMONTAJE SECTOR AUTOMOCIÓN,Sin Data,Sin Data,De duracion determinada,Jornada Completa,Sin Data,Iman Temporing,Sin Data
2026-08-13,Trabajoscom, Madrid, Madrid,Técnico/a de Estudios - Reformas e Interiorismo,Sin Data,Sin Data,Indefinido,Jornada Completa,Sin Data,Iman Global Consulting,Sin Data
2026-08-13,Trabajoscom, Barcelona, Barcelona,Carretillero - Turno de TARDE,Sin Data,Sin Data,Indefinido,Jornada Completa,Sin Data,Iman Temporing,Sin Data
2026-08-13,Trabajoscom, Madrid, Madrid,Trabajador/a Social-DomusVi Servicio de Ayuda a Domicilio Arganda del Rey,Sin Data,Sin Data,De duracion determinada,Jornada Completa,Sin Data,DomusVi,Sin Data
2026-08-13,Trabajoscom, Zaragoza, Zaragoza,Gerente Patio de Subastas (maquinaria),Sin Data,Sin Data,Indefinido,Jornada Completa,Sin Data,Crit Interim España ETT,Sin Data
2026-08-13,Trabajoscom, Barcelona, Barcelona,Operario/a de Envasado,Sin Data,Sin Data,De duracion determinada,Jornada Completa,Sin Data,Iman Temporing,Sin Data
2026-08-13,Trabajoscom, Valencia, Valencia,Electricista,Sin Data,Sin Data,De duracion determinada,Jornada Completa,Sin Data,Iman Temporing,Sin Data
2026-08-13,Trabajoscom, Barcelona, Barcelona,Mozo/a almacén con carretilla en frío -20ºC,17.000 € - 18.000 €,Sin Data,De duracion determinada,Jornada Completa,Sin Data,Iman Temporing,Sin Data
2026-08-13,Trabajoscom, Barcelona, Barcelona,Técnico/a Mantenimiento-(Sector Farma) SUSTITUCIÓN,Sin Data,Sin Data,De duracion determinada,Jornada Completa,Sin Data,Iman Temporing,Sin Data
2026-08-13,Trabajoscom, Madrid, Madrid,Atención al Cliente con Francés,Sin Data,Sin Data,De duracion determinada,Jornada Completa,Sin Data,Iman Temporing,Sin Data
2026-08-13,Trabajoscom, Sevilla, Sevilla,Carretillero/a nivel experto/a,Sin Data,Sin Data,De duracion determinada,Jornada Completa,Sin Data,Crit Interim España ETT,Sin Data
2026-08-13,Trabajoscom, Teruel, Teruel,Dependiente/a frutería.,Sin Data,Sin Data,De duracion determinada,Jornada Completa,Sin Data,Iman Temporing,Sin Data
2026-08-13,Trabajoscom, Córdoba, Córdoba,Operario-a envasado aceite,17.000 € - 18.000 €,Sin Data,De duracion determinada,Jornada Completa,Sin Data,Crit Interim España ETT,Sin Data
2026-08-13,Trabajoscom, Málaga, Málaga,Conductor/a de Tráiler C + E Nacional - Málaga,Sin Data,Sin Data,Indefinido,Jornada Completa,Sin Data,Crit Interim España ETT,Sin Data
2026-08-13,Trabajoscom, Granada, Granada,Electromecánico/a,18.000 € - 22.000 €,Sin Data,Indefinido,Jornada Completa,Sin Data,Crit Interim España ETT,Sin Data
2026-08-13,Trabajoscom, Granada, Granada,Electromecánico/a o Mecánico/a industrial,22 € - 24 €,Sin Data,Indefinido,Jornada Completa,Sin Data,Crit Interim España ETT,Sin Data
2026-08-13,Trabajoscom, Madrid, Madrid,Mozo/a almacén con carretilla,Sin Data,Sin Data,De duracion determinada,Jornada Completa,Sin Data,Crit Interim España ETT,Sin Data
2026-08-13,Trabajoscom, Málaga, Málaga,Conductor/a de Tráiler C + E Nacional - Málaga,Sin Data,Sin Data,Indefinido,Jornada Completa,Sin Data,Crit Interim España ETT,Sin Data
2026-08-13,Trabajoscom, Granada, Granada,Electromecánico/a,18.000 € - 22.000 €,Sin Data,Indefinido,Jornada Completa,Sin Data,Crit Interim España ETT,Sin Data
2026-08-13,Trabajoscom, Granada, Granada,Electromecánico/a o Mecánico/a industrial,22 € - 24 €,Sin Data,Indefinido,Jornada Completa,Sin Data,Crit Interim España ETT,Sin Data
2026-08-13,Trabajoscom, Barcelona, Barcelona,Administrativo/a de Planificación,Sin Data,Sin Data,Indefinido,Jornada Completa,Sin Data,Crit Interim España ETT,Sin Data
2026-08-13,Trabajoscom, Murcia, Murcia,Operario/a de producción,Sin Data,Sin Data,De duracion determinada,Jornada Completa,Sin Data,Crit Interim España ETT,Sin Data
2026-08-13,Trabajoscom, Almería, Almería,Mecanico/a de Vehículos Industriales,Sin Data,Sin Data,De duracion determinada,Jornada Completa,Sin Data,Iman Temporing,Sin Data
2026-08-13,Trabajoscom, Guadalajara, Guadalajara,Manipulador/a sector alimentario (producción),1.699 €,Sin Data,Indefinido,Jornada Completa,Sin Data,Crit Interim España ETT,Sin Data
2026-08-13,Trabajoscom, Málaga, Málaga,Operarios/as limpieza industrial - Turno de Noche,Sin Data,Sin Data,De duracion determinada,Jornada Completa,Sin Data,Crit Interim España ETT,Sin Data
2026-08-13,Trabajoscom, Córdoba, Córdoba,Gerocultor/a - Auxiliar de enfermería Centro Residencial DomusVi Remedios,Sin Data,Sin Data,De duracion determinada,Jornada Indiferente,Sin Data,DomusVi,Sin Data
2026-08-13,Trabajoscom, Lleida, Lleida,Auxiliar de farmacia - Centro Residencial DomusVi Lleida,Sin Data,Sin Data,De duracion determinada,Media Jornada,Sin Data,DomusVi,Sin Data
2026-08-13,Trabajoscom, Madrid, Madrid,Operario/a de Campo,Sin Data,Sin Data,De duracion determinada,Jornada Completa,Sin Data,Crit Interim España ETT,Sin Data
2026-08-13,Trabajoscom, Córdoba, Córdoba,Operario/a de envasado/carretillero,19.000 € - 21.000 €,Sin Data,De duracion determinada,Jornada Completa,Sin Data,Crit Interim España ETT,Sin Data
2026-08-13,Trabajoscom, Madrid, Madrid,Conductor/a de Camión C,Sin Data,Sin Data,Indefinido,Jornada Completa,Sin Data,Crit Interim España ETT,Sin Data
2026-08-13,Trabajoscom, Madrid, Madrid,Azafato/a de Degustación - Madrid 12 Septiembre,Sin Data,Sin Data,De duracion determinada,Jornada Completa,Sin Data,Crit Interim España ETT,Sin Data
2026-08-13,Trabajoscom, Barcelona, Barcelona,Ayudante de cocina,Sin Data,Sin Data,Indefinido,Jornada Indiferente,Sin Data,Crit Interim España ETT,Sin Data
2026-08-13,Trabajoscom, Murcia, Murcia,Mozo de almacén (H/M),Sin Data,Sin Data,De duracion determinada,Jornada Completa,Sin Data,Crit Interim España ETT,Sin Data
2026-08-13,Trabajoscom, Barcelona, Barcelona,Personal de almacén - Parets del Vallès,17.094 €,Sin Data,De duracion determinada,Jornada Completa,Sin Data,Pacto,Sin Data
2026-08-13,Trabajoscom, Madrid, Madrid,Operario/a Serigrafía Cristal,Sin Data,Sin Data,De duracion determinada,Jornada Completa,Sin Data,Crit Interim España ETT,Sin Data
2026-08-13,Trabajoscom, Madrid, Madrid,Operario/a Producción Artes Gráficas,Sin Data,Sin Data,De duracion determinada,Jornada Completa,Sin Data,Crit Interim España ETT,Sin Data
2026-08-13,Trabajoscom, Bizkaia, Bizkaia,Chófer de camión y carretillero/a,Sin Data,Sin Data,De duracion determinada,Jornada Completa,Sin Data,Crit Interim España ETT,Sin Data
2026-08-13,Trabajoscom, Araba, Araba,SOLDADOR/A,Sin Data,Sin Data,Indefinido,Jornada Completa,Sin Data,Iman Temporing,Sin Data
2026-08-13,Trabajoscom, Barcelona, Barcelona,Operario/a montaje,23.000 € - 24.000 €,Sin Data,De duracion determinada,Jornada Completa,Sin Data,Iman Temporing,Sin Data
2026-08-13,Trabajoscom, Asturias, Asturias,Repartidor/a Paquetería 20h semana (18:30 a 22:30),16.000 € - 18.000 €,Sin Data,De duracion determinada,Jornada Completa,Sin Data,Iman Temporing,Sin Data
2026-08-13,Trabajoscom, Pontevedra, Pontevedra,Gerocultor/a - Auxiliar de enfermería Centro Residencial DomusVi Barreiro,Sin Data,Sin Data,De duracion determinada,Jornada Completa,Sin Data,DomusVi,Sin Data
2026-08-13,Trabajoscom, Valladolid, Valladolid,Cajero/a reponedor/a (varios centros),17.000 € - 18.000 €,Sin Data,De duracion determinada,Media Jornada,Sin Data,Iman Temporing,Sin Data
2026-08-13,Trabajoscom, Gipuzkoa, Gipuzkoa,Tornero CONVENCIONAL,Sin Data,Sin Data,De duracion determinada,Jornada Completa,Sin Data,Iman Temporing,Sin Data
2026-08-13,Trabajoscom, Girona, Girona,Dependiente/a Calella,Sin Data,Sin Data,De duracion determinada,Jornada Completa,Sin Data,Pacto,Sin Data
2026-08-13,Trabajoscom, Tarragona, Tarragona,Técnico/a de Mantenimiento Eléctrico/Electrónico,Sin Data,Sin Data,De duracion determinada,Jornada Completa,Sin Data,Iman Temporing,Sin Data
2026-08-13,Trabajoscom, Madrid, Madrid,Fisioterapeuta Centro Residencial DomusVi Madrid Sur,Sin Data,Sin Data,Indefinido,Media Jornada,Sin Data,DomusVi,Sin Data
2026-08-13,Trabajoscom, Zamora, Zamora,Cajero/a reponedor/a en supermercado,14.000 € - 15.000 €,Sin Data,De duracion determinada,Media Jornada,Sin Data,Iman Temporing,Sin Data
2026-08-13,Trabajoscom, Madrid, Madrid,Terapeuta Ocupacional Centro Residencial DomusVi Madrid Sur,Sin Data,Sin Data,Indefinido,Media Jornada,Sin Data,DomusVi,Sin Data
2026-08-13,Trabajoscom, A Coruña, A Coruña,Enfermero/a - DUE Centro Residencial DomusVi Vimianzo,Sin Data,Sin Data,Indefinido,Jornada Completa,Sin Data,DomusVi,Sin Data
2026-08-13,Trabajoscom, Barcelona, Barcelona,PINTOR/A INDUSTRIAL,27.000 € - 29.000 €,Sin Data,De duracion determinada,Jornada Completa,Sin Data,Iman Temporing,Sin Data
2026-08-13,Trabajoscom, Barcelona, Barcelona,Trabajador Familiar DomusVi SAD Palma Badalona,Sin Data,Sin Data,De duracion determinada,Jornada Completa,Sin Data,DomusVi,Sin Data
2026-08-13,Trabajoscom, Barcelona, Barcelona,Analista Laboratorio Microbiología (Farma),Sin Data,Sin Data,Indefinido,Jornada Completa,Sin Data,Iman Temporing,Sin Data
2026-08-13,Trabajoscom, Granada, Granada,Camarera/o de Pisos,Sin Data,Sin Data,De duracion determinada,Media Jornada,Sin Data,Consorcio Andaluz de Servicios Integrales,Sin Data
2026-08-13,Trabajoscom, Valencia, Valencia,Operario/a de Producción,Sin Data,Sin Data,De duracion determinada,Jornada Completa,Sin Data,Iman Temporing,Sin Data
2026-08-13,Trabajoscom, Barcelona, Barcelona,Moz@ almacén,Sin Data,Sin Data,De duracion determinada,Jornada Completa,Sin Data,Iman Temporing,Sin Data
2026-08-13,Trabajoscom, Pontevedra, Pontevedra,Operarios/as Conserva (Vilagarcía de Arousa),Sin Data,Sin Data,Indefinido,Jornada Completa,Sin Data,Iman Temporing,Sin Data
2026-08-13,Trabajoscom, Barcelona, Barcelona,Vigilante indefinido Vilanova i la Geltrú,Sin Data,Sin Data,Indefinido,Jornada Completa,Sin Data,Iman Seguridad,Sin Data
2026-08-13,Trabajoscom, Navarra, Navarra,Soldador/a,Sin Data,Sin Data,De duracion determinada,Jornada Completa,Sin Data,Iman Temporing,Sin Data
2026-08-13,Trabajoscom, Málaga, Málaga,Técnico/a de Calidad - Sector Electrónica,Sin Data,Sin Data,De duracion determinada,Jornada Completa,Sin Data,Iman Temporing,Sin Data
2026-08-13,Trabajoscom, Barcelona, Barcelona,Operario/a + Carnet carretillero/a,Sin Data,Sin Data,De duracion determinada,Jornada Completa,Sin Data,Iman Temporing,Sin Data
2026-08-13,Trabajoscom, Málaga, Málaga,Gerocultor/a - Auxiliar de enfermería Centro Residencial DomusVi Isdabe,Sin Data,Sin Data,De duracion determinada,Jornada Indiferente,Sin Data,DomusVi,Sin Data
2026-08-13,Trabajoscom, Barcelona, Barcelona,Operario/a Estériles (FARMA)- T. Tarde,28.812 €,Sin Data,De duracion determinada,Jornada Completa,Sin Data,Iman Temporing,Sin Data
2026-08-13,Trabajoscom, Murcia, Murcia,Auxiliar administrativo/a,17.000 € - 18.000 €,Sin Data,De duracion determinada,Jornada Completa,Sin Data,Iman Temporing,Sin Data
2026-08-13,Trabajoscom, Guadalajara, Guadalajara,Aux. Administrativo/a Logística,Sin Data,Sin Data,Indefinido,Jornada Completa,Sin Data,Iman Temporing,Sin Data
2026-08-13,Trabajoscom, Barcelona, Barcelona,OPERARIO/A DE PRODUCCIÓN,Sin Data,Sin Data,De duracion determinada,Jornada Completa,Sin Data,Iman Temporing,Sin Data
2026-08-13,Trabajoscom, Barcelona, Barcelona,Mecánico/a  industrial ( mantenimiento),28.000 € - 32.000 €,Sin Data,Indefinido,Jornada Completa,Sin Data,Iman Temporing,Sin Data
2026-08-13,Trabajoscom, Barcelona, Barcelona,Supervisor/a analista de laboratorio FQ (T-Tarde),Sin Data,Sin Data,De duracion determinada,Jornada Completa,Sin Data,Iman Temporing,Sin Data
2026-08-13,Trabajoscom, Barcelona, Barcelona,Responsable de taller,Sin Data,Sin Data,Indefinido,Jornada Completa,Sin Data,Iman Global Consulting,Sin Data
2026-08-13,Trabajoscom, Asturias, Asturias,COCINERO/A,Sin Data,Sin Data,De duracion determinada,Jornada Completa,Sin Data,Iman Temporing,Sin Data
2026-08-13,Trabajoscom,Palencia,Aguilar De Campoo,Consultor/a de Selección Onsite Aguilar del Campoo,Sin Data,Sin Data,Indefinido,Jornada Completa,Sin Data,Grupo Adecco,Sin Data
2026-08-13,Trabajoscom,Pontevedra,Cangas Do Morrazo,Ayudante de cocina y office,1.300 € - 1.500 €,Sin Data,Fijo discontinuo,Jornada Completa,Sin Data,Manolea,Sin Data
2026-08-13,Trabajoscom,Madrid,Meco,TELEOPERADOR/A TURNO PARTIDO,17.000 €,Sin Data,De duracion determinada,Jornada Completa,Sin Data,Grupo Noa's,Sin Data
2026-08-13,Trabajoscom,Pontevedra,Vilagarcia De Arousa,OPERARIO/A ALIMENTACIÓN,Sin Data,Sin Data,De duracion determinada,Media Jornada,Sin Data,Grupo Adecco,Sin Data
2026-08-13,Trabajoscom,Toledo,Borox,MOZO/A ALMACÉN POLIVALENTE SECTOR FARMA BOROX,Sin Data,Sin Data,De duracion determinada,Media Jornada,Sin Data,Grupo Adecco,Sin Data
2026-08-13,Trabajoscom,Zaragoza,Figueruelas,OPERARIOS/AS MONTAJE PUENTE GRUA,Sin Data,Sin Data,De duracion determinada,Jornada Completa,Sin Data,Grupo Adecco,Sin Data
2026-08-13,Trabajoscom,Toledo,Noblejas,Técnico/a mantenimiento eléctrico,Sin Data,Sin Data,Indefinido,Jornada Completa,Sin Data,Grupo Adecco,Sin Data
2026-08-13,Trabajoscom,Ciudad Real,Daimiel,Técnico/a de mantenimiento,Sin Data,Sin Data,Indefinido,Jornada Completa,Sin Data,Grupo Adecco,Sin Data
2026-08-13,Trabajoscom,Gipuzkoa,Todo Gipuzkoa,Gestor-a de Oficina de Estudiantes,Sin Data,Sin Data,Indefinido,Jornada Completa,Sin Data,AdegiLan,Sin Data
2026-08-13,Trabajoscom,Gipuzkoa,Todo Gipuzkoa,Operador/a de Producción,Sin Data,Sin Data,De duracion determinada,Jornada Completa,Sin Data,AdegiLan,Sin Data
2026-08-13,Trabajoscom,Gipuzkoa,Todo Gipuzkoa,Técnico/a Financiero,Sin Data,Sin Data,Indefinido,Jornada Completa,Sin Data,AdegiLan,Sin Data
2026-08-13,Trabajoscom,Gipuzkoa,Todo Gipuzkoa,Deception Junior Integrator,Sin Data,Sin Data,De duracion determinada,Jornada Completa,Sin Data,AdegiLan,Sin Data
2026-08-13,Trabajoscom,Baleares,Todo Baleares,"Personal de Clasificación en DPD | 16,19 €/h brutos + Alojamiento Incluido",16 € - 17 €,Sin Data,Indefinido,Jornada Completa,Sin Data,OTTO Work Force,Sin Data
2026-08-13,Trabajoscom,Real,Todo Real,Deshuesador/a de Vacuno en Goedegebuur con Alojamiento Incluido | Róterdam,18 € - 21 €,Sin Data,Indefinido,Jornada Intensiva,Sin Data,OTTO Work Force,Sin Data
2026-08-13,Trabajoscom,Cáceres,Todo Cáceres,Deshuesador/a de Vacuno en Goedegebuur con Alojamiento Incluido | Róterdam,18 € - 21 €,Sin Data,Indefinido,Jornada Intensiva,Sin Data,OTTO Work Force,Sin Data
2026-08-13,Trabajoscom,Girona,Todo Girona,Deshuesador/a de Vacuno en Goedegebuur con Alojamiento Incluido | Róterdam,18 € - 21 €,Sin Data,Indefinido,Jornada Intensiva,Sin Data,OTTO Work Force,Sin Data
2026-08-13,Trabajoscom,Ceuta,Todo Ceuta,Deshuesador/a de Vacuno en Goedegebuur con Alojamiento Incluido | Róterdam,18 € - 21 €,Sin Data,Indefinido,Jornada Intensiva,Sin Data,OTTO Work Force,Sin Data
2026-08-13,Trabajoscom,Burgos,Todo Burgos,Deshuesador/a de Vacuno en Goedegebuur con Alojamiento Incluido | Róterdam,18 € - 21 €,Sin Data,Indefinido,Jornada Intensiva,Sin Data,OTTO Work Force,Sin Data
2026-08-13,Trabajoscom,Huesca,Todo Huesca,Deshuesador/a de Vacuno en Goedegebuur con Alojamiento Incluido | Róterdam,18 € - 21 €,Sin Data,Indefinido,Jornada Intensiva,Sin Data,OTTO Work Force,Sin Data
2026-08-13,Trabajoscom,Bizkaia,Todo Bizkaia,Deshuesador/a de Vacuno en Goedegebuur con Alojamiento Incluido | Róterdam,18 € - 21 €,Sin Data,Indefinido,Jornada Intensiva,Sin Data,OTTO Work Force,Sin Data
2026-08-13,Trabajoscom,Guadalajara,Todo Guadalajara,Deshuesador/a de Vacuno en Goedegebuur con Alojamiento Incluido | Róterdam,18 € - 21 €,Sin Data,Indefinido,Jornada Intensiva,Sin Data,OTTO Work Force,Sin Data
2026-08-13,Trabajoscom,Guadalajara,Todo Guadalajara,Operario/a de Producción en Velder (FrieslandCampina) + Alojamiento Incluido,16 € - 17 €,Sin Data,Indefinido,Jornada Completa,Sin Data,OTTO Work Force,Sin Data
2026-08-13,Trabajoscom,Rioja,Todo Rioja,Operario/a de Producción en Velder (FrieslandCampina) + Alojamiento Incluido,16 € - 17 €,Sin Data,Indefinido,Jornada Completa,Sin Data,OTTO Work Force,Sin Data
2026-08-13,Trabajoscom,Gipuzkoa,Todo Gipuzkoa,"Personal de Clasificación en DPD | 16,19 €/h brutos + Alojamiento Incluido",16 € - 17 €,Sin Data,Indefinido,Jornada Completa,Sin Data,OTTO Work Force,Sin Data
2026-08-13,Trabajoscom,Cuenca,Todo Cuenca,"Personal de Clasificación en DPD | 16,19 €/h brutos + Alojamiento Incluido",16 € - 17 €,Sin Data,Indefinido,Jornada Completa,Sin Data,OTTO Work Force,Sin Data
2026-08-13,Trabajoscom,Girona,Todo Girona,"Personal de Clasificación en DPD | 16,19 €/h brutos + Alojamiento Incluido",16 € - 17 €,Sin Data,Indefinido,Jornada Completa,Sin Data,OTTO Work Force,Sin Data
2026-08-13,Trabajoscom,Almería,Todo Almería,"Personal de Clasificación en DPD | 16,19 €/h brutos + Alojamiento Incluido",16 € - 17 €,Sin Data,Indefinido,Jornada Completa,Sin Data,OTTO Work Force,Sin Data
2026-08-13,Trabajoscom,León,Todo León,"Personal de Clasificación en DPD | 16,19 €/h brutos + Alojamiento Incluido",16 € - 17 €,Sin Data,Indefinido,Jornada Completa,Sin Data,OTTO Work Force,Sin Data
2026-08-13,Trabajoscom,Valencia,Moncada,Técnico/a de Instalaciones zona Moncada,Sin Data,Sin Data,De duracion determinada,Jornada Completa,Sin Data,Grupo Adecco,Sin Data
2026-08-13,Trabajoscom,La Rioja,Alfaro,OPERARIO/A LOGISTICO,Sin Data,Sin Data,De duracion determinada,Jornada Completa,Sin Data,Temps,Sin Data
2026-08-13,Trabajoscom,Valencia,Todo Valencia,"Personal de Clasificación en DPD | 16,19 €/h brutos + Alojamiento Incluido",16 € - 17 €,Sin Data,Indefinido,Jornada Completa,Sin Data,OTTO Work Force,Sin Data
2026-08-13,Trabajoscom,Pontevedra,Todo Pontevedra,"Soldador/a TIG en Tanis | 28,35 €/h + Contrato Indefinido + Alojamiento",28 € - 29 €,Sin Data,Indefinido,Jornada Intensiva,Sin Data,OTTO Work Force,Sin Data
2026-08-13,Trabajoscom,Valencia,Xirivella,ENCARGADO/A SALA Y COCINA NUEVA APERTURA VIPS CENTRO COMERCIAL GRAN TURIA VALENCIA [AQGV],1 €,Sin Data,Indefinido,Jornada Completa,Sin Data,Vips,Sin Data
2026-08-13,Trabajoscom,Madrid,Todo Madrid,ENFOSCADORES/ENLUCIDO- ALOJAMIENTO GRATIS,27.000 € - 30.000 €,Sin Data,Indefinido,Jornada Completa,Sin Data,Comercializadora Mediterranea De Viviendas,Sin Data
2026-08-13,Trabajoscom,Sevilla,Todo Sevilla,"Soldador/a TIG en Tanis | 28,35 €/h + Contrato Indefinido + Alojamiento",28 € - 29 €,Sin Data,Indefinido,Jornada Intensiva,Sin Data,OTTO Work Force,Sin Data
2026-08-13,Trabajoscom,Salamanca,Todo Salamanca,"Soldador/a TIG en Tanis | 28,35 €/h + Contrato Indefinido + Alojamiento",28 € - 29 €,Sin Data,Indefinido,Jornada Intensiva,Sin Data,OTTO Work Force,Sin Data
2026-08-13,Trabajoscom,Tarragona,Todo Tarragona,"Soldador/a TIG en Tanis | 28,35 €/h + Contrato Indefinido + Alojamiento",28 € - 29 €,Sin Data,Indefinido,Jornada Intensiva,Sin Data,OTTO Work Force,Sin Data
2026-08-13,Trabajoscom,Valladolid,Todo Valladolid,"Soldador/a TIG en Tanis | 28,35 €/h + Contrato Indefinido + Alojamiento",28 € - 29 €,Sin Data,Indefinido,Jornada Intensiva,Sin Data,OTTO Work Force,Sin Data
2026-08-13,Trabajoscom,León,León,Personal de Mantenimiento para León,Sin Data,Sin Data,De duracion determinada,Media Jornada,Sin Data,Grupo Adecco,Sin Data
2026-08-13,Trabajoscom,Ceuta,Todo Ceuta,Deshuesador/a de Vacuno en Goedegebuur con Alojamiento Incluido | Róterdam,18 € - 21 €,Sin Data,Indefinido,Jornada Intensiva,Sin Data,OTTO Work Force,Sin Data
2026-08-13,Trabajoscom,Girona,Todo Girona,Deshuesador/a de Vacuno en Goedegebuur con Alojamiento Incluido | Róterdam,18 € - 21 €,Sin Data,Indefinido,Jornada Intensiva,Sin Data,OTTO Work Force,Sin Data
2026-08-13,Trabajoscom,Burgos,Todo Burgos,Deshuesador/a de Vacuno en Goedegebuur con Alojamiento Incluido | Róterdam,18 € - 21 €,Sin Data,Indefinido,Jornada Intensiva,Sin Data,OTTO Work Force,Sin Data
2026-08-13,Trabajoscom,Huesca,Todo Huesca,Deshuesador/a de Vacuno en Goedegebuur con Alojamiento Incluido | Róterdam,18 € - 21 €,Sin Data,Indefinido,Jornada Intensiva,Sin Data,OTTO Work Force,Sin Data
2026-08-13,Trabajoscom,Bizkaia,Todo Bizkaia,Deshuesador/a de Vacuno en Goedegebuur con Alojamiento Incluido | Róterdam,18 € - 21 €,Sin Data,Indefinido,Jornada Intensiva,Sin Data,OTTO Work Force,Sin Data
2026-08-13,Trabajoscom,Jaén,Todo Jaén,Deshuesador/a de Vacuno en Goedegebuur con Alojamiento Incluido | Róterdam,18 € - 21 €,Sin Data,Indefinido,Jornada Intensiva,Sin Data,OTTO Work Force,Sin Data
2026-08-13,Trabajoscom,Guadalajara,Todo Guadalajara,Deshuesador/a de Vacuno en Goedegebuur con Alojamiento Incluido | Róterdam,18 € - 21 €,Sin Data,Indefinido,Jornada Intensiva,Sin Data,OTTO Work Force,Sin Data
2026-08-13,Trabajoscom,Toledo,Todo Toledo,Deshuesador/a de Vacuno en Goedegebuur con Alojamiento Incluido | Róterdam,18 € - 21 €,Sin Data,Indefinido,Jornada Intensiva,Sin Data,OTTO Work Force,Sin Data
2026-08-13,Trabajoscom,Asturias,Todo Asturias,Deshuesador/a de Vacuno en Goedegebuur con Alojamiento Incluido | Róterdam,18 € - 21 €,Sin Data,Indefinido,Jornada Intensiva,Sin Data,OTTO Work Force,Sin Data
2026-08-13,Trabajoscom,Almería,Todo Almería,Deshuesador/a de Vacuno en Goedegebuur con Alojamiento Incluido | Róterdam,18 € - 21 €,Sin Data,Indefinido,Jornada Intensiva,Sin Data,OTTO Work Force,Sin Data
2026-08-13,Trabajoscom,Badajoz,Todo Badajoz,Deshuesador/a de Vacuno en Goedegebuur con Alojamiento Incluido | Róterdam,18 € - 21 €,Sin Data,Indefinido,Jornada Intensiva,Sin Data,OTTO Work Force,Sin Data
2026-08-13,Trabajoscom,Rioja,Todo Rioja,Deshuesador/a de Vacuno en Goedegebuur con Alojamiento Incluido | Róterdam,18 € - 21 €,Sin Data,Indefinido,Jornada Intensiva,Sin Data,OTTO Work Force,Sin Data
2026-08-13,Trabajoscom,Zamora,Todo Zamora,Deshuesador/a de Vacuno en Goedegebuur con Alojamiento Incluido | Róterdam,18 € - 21 €,Sin Data,Indefinido,Jornada Intensiva,Sin Data,OTTO Work Force,Sin Data
2026-08-13,Trabajoscom,León,Todo León,Deshuesador/a de Vacuno en Goedegebuur con Alojamiento Incluido | Róterdam,18 € - 21 €,Sin Data,Indefinido,Jornada Intensiva,Sin Data,OTTO Work Force,Sin Data
2026-08-13,Trabajoscom,Málaga,Todo Málaga,Operario/a de Producción en Velder (FrieslandCampina) + Alojamiento Incluido,16 € - 17 €,Sin Data,Indefinido,Jornada Completa,Sin Data,OTTO Work Force,Sin Data
2026-08-13,Trabajoscom,Ourense,Todo Ourense,Operario/a de Producción en Velder (FrieslandCampina) + Alojamiento Incluido,16 € - 17 €,Sin Data,Indefinido,Jornada Completa,Sin Data,OTTO Work Force,Sin Data
2026-08-13,Trabajoscom,Melilla,Todo Melilla,Operario/a de Producción en Velder (FrieslandCampina) + Alojamiento Incluido,16 € - 17 €,Sin Data,Indefinido,Jornada Completa,Sin Data,OTTO Work Force,Sin Data
2026-08-13,Trabajoscom,Pontevedra,Todo Pontevedra,Operario/a de Producción en Velder (FrieslandCampina) + Alojamiento Incluido,16 € - 17 €,Sin Data,Indefinido,Jornada Completa,Sin Data,OTTO Work Force,Sin Data
2026-08-13,Trabajoscom,Soria,Todo Soria,Operario/a de Producción en Velder (FrieslandCampina) + Alojamiento Incluido,16 € - 17 €,Sin Data,Indefinido,Jornada Completa,Sin Data,OTTO Work Force,Sin Data
2026-08-13,Trabajoscom,Castellón,Todo Castellón,Operario/a de Producción en Velder (FrieslandCampina) + Alojamiento Incluido,16 € - 17 €,Sin Data,Indefinido,Jornada Completa,Sin Data,OTTO Work Force,Sin Data
2026-08-13,Trabajoscom,Jaén,Todo Jaén,Operario/a de Producción en Velder (FrieslandCampina) + Alojamiento Incluido,16 € - 17 €,Sin Data,Indefinido,Jornada Completa,Sin Data,OTTO Work Force,Sin Data
2026-08-13,Trabajoscom,Guadalajara,Todo Guadalajara,Operario/a de Producción en Velder (FrieslandCampina) + Alojamiento Incluido,16 € - 17 €,Sin Data,Indefinido,Jornada Completa,Sin Data,OTTO Work Force,Sin Data
2026-08-13,Trabajoscom,Rioja,Todo Rioja,Operario/a de Producción en Velder (FrieslandCampina) + Alojamiento Incluido,16 € - 17 €,Sin Data,Indefinido,Jornada Completa,Sin Data,OTTO Work Force,Sin Data
2026-08-13,Trabajoscom,Gipuzkoa,Todo Gipuzkoa,"Personal de Clasificación en DPD | 16,19 €/h brutos + Alojamiento Incluido",16 € - 17 €,Sin Data,Indefinido,Jornada Completa,Sin Data,OTTO Work Force,Sin Data
2026-08-13,Trabajoscom,Cuenca,Todo Cuenca,"Personal de Clasificación en DPD | 16,19 €/h brutos + Alojamiento Incluido",16 € - 17 €,Sin Data,Indefinido,Jornada Completa,Sin Data,OTTO Work Force,Sin Data
2026-08-13,Trabajoscom,Girona,Todo Girona,"Personal de Clasificación en DPD | 16,19 €/h brutos + Alojamiento Incluido",16 € - 17 €,Sin Data,Indefinido,Jornada Completa,Sin Data,OTTO Work Force,Sin Data
2026-08-13,Trabajoscom,Albacete,Todo Albacete,"Personal de Clasificación en DPD | 16,19 €/h brutos + Alojamiento Incluido",16 € - 17 €,Sin Data,Indefinido,Jornada Completa,Sin Data,OTTO Work Force,Sin Data
2026-08-13,Trabajoscom,Almería,Todo Almería,"Personal de Clasificación en DPD | 16,19 €/h brutos + Alojamiento Incluido",16 € - 17 €,Sin Data,Indefinido,Jornada Completa,Sin Data,OTTO Work Force,Sin Data
2026-08-13,Trabajoscom,Granada,Todo Granada,"Personal de Clasificación en DPD | 16,19 €/h brutos + Alojamiento Incluido",16 € - 17 €,Sin Data,Indefinido,Jornada Completa,Sin Data,OTTO Work Force,Sin Data
2026-08-13,Trabajoscom,Zaragoza,Todo Zaragoza,Operario/a de Producción en Velder (FrieslandCampina) + Alojamiento Incluido,16 € - 17 €,Sin Data,Indefinido,Jornada Completa,Sin Data,OTTO Work Force,Sin Data
2026-08-13,Trabajoscom,Rioja,Todo Rioja,"Personal de Clasificación en DPD | 16,19 €/h brutos + Alojamiento Incluido",16 € - 17 €,Sin Data,Indefinido,Jornada Completa,Sin Data,OTTO Work Force,Sin Data
2026-08-13,Trabajoscom,Cáceres,Todo Cáceres,"Personal de Clasificación en DPD | 16,19 €/h brutos + Alojamiento Incluido",16 € - 17 €,Sin Data,Indefinido,Jornada Completa,Sin Data,OTTO Work Force,Sin Data
2026-08-13,Trabajoscom,Alicante,Todo Alicante,"Personal de Clasificación en DPD | 16,19 €/h brutos + Alojamiento Incluido",16 € - 17 €,Sin Data,Indefinido,Jornada Completa,Sin Data,OTTO Work Force,Sin Data
2026-08-13,Trabajoscom,Baleares,Todo Baleares,"Personal de Clasificación en DPD | 16,19 €/h brutos + Alojamiento Incluido",16 € - 17 €,Sin Data,Indefinido,Jornada Completa,Sin Data,OTTO Work Force,Sin Data
2026-08-13,Trabajoscom,Real,Todo Real,Deshuesador/a de Vacuno en Goedegebuur con Alojamiento Incluido | Róterdam,18 € - 21 €,Sin Data,Indefinido,Jornada Intensiva,Sin Data,OTTO Work Force,Sin Data
2026-08-13,Trabajoscom,Cáceres,Todo Cáceres,Deshuesador/a de Vacuno en Goedegebuur con Alojamiento Incluido | Róterdam,18 € - 21 €,Sin Data,Indefinido,Jornada Intensiva,Sin Data,OTTO Work Force,Sin Data
2026-08-13,Trabajoscom,Zaragoza,Todo Zaragoza,Deshuesador/a de Vacuno en Goedegebuur con Alojamiento Incluido | Róterdam,18 € - 21 €,Sin Data,Indefinido,Jornada Intensiva,Sin Data,OTTO Work Force,Sin Data
2026-08-13,Trabajoscom,Valladolid,Todo Valladolid,Deshuesador/a de Vacuno en Goedegebuur con Alojamiento Incluido | Róterdam,18 € - 21 €,Sin Data,Indefinido,Jornada Intensiva,Sin Data,OTTO Work Force,Sin Data
2026-08-13,Trabajoscom,Teruel,Todo Teruel,Deshuesador/a de Vacuno en Goedegebuur con Alojamiento Incluido | Róterdam,18 € - 21 €,Sin Data,Indefinido,Jornada Intensiva,Sin Data,OTTO Work Force,Sin Data
2026-08-13,Trabajoscom,Tenerife,Todo Tenerife,Deshuesador/a de Vacuno en Goedegebuur con Alojamiento Incluido | Róterdam,18 € - 21 €,Sin Data,Indefinido,Jornada Intensiva,Sin Data,OTTO Work Force,Sin Data
2026-08-13,Trabajoscom,Sevilla,Todo Sevilla,Deshuesador/a de Vacuno en Goedegebuur con Alojamiento Incluido | Róterdam,18 € - 21 €,Sin Data,Indefinido,Jornada Intensiva,Sin Data,OTTO Work Force,Sin Data
2026-08-13,Trabajoscom,Tenerife,Todo Tenerife,"Soldador/a TIG en Tanis | 28,35 €/h + Contrato Indefinido + Alojamiento",28 € - 29 €,Sin Data,Indefinido,Jornada Intensiva,Sin Data,OTTO Work Force,Sin Data
2026-08-13,Trabajoscom,Bizkaia,Todo Bizkaia,Operario/a de Producción en Velder (FrieslandCampina) + Alojamiento Incluido,16 € - 17 €,Sin Data,Indefinido,Jornada Completa,Sin Data,OTTO Work Force,Sin Data
2026-08-13,Trabajoscom,Lleida,Todo Lleida,Operario/a de Producción en Velder (FrieslandCampina) + Alojamiento Incluido,16 € - 17 €,Sin Data,Indefinido,Jornada Completa,Sin Data,OTTO Work Force,Sin Data
2026-08-13,Trabajoscom,Madrid,Tres Cantos,Personal carrista FIN DE SEMANA Hipermercado (H/M/D) DISCAPACIDAD/INCAPACIDAD Tres Cantos,500 € - 508 €,Sin Data,Discapacidad,Media Jornada,Sin Data,Ilunion,Sin Data
2026-08-13,Trabajoscom,Madrid,Todo Madrid,Atención al Cliente en Inglés - Indefinido,Sin Data,Sin Data,Indefinido,Jornada Completa,Sin Data,Empresa de Selección,Sin Data
2026-08-13,Trabajoscom,Baleares,Manacor,Dependiente/a comercial de tienda SECTOR TELECOMUNICACIONES MANACOR (Mallorca) INCOR...,Sin Data,Sin Data,De duracion determinada,Jornada Completa,Sin Data,Temps,Sin Data
2026-08-13,Trabajoscom,Barcelona,Todo Barcelona,"Piloto de Emirates Airline - Boeing 777, Airbus A380 y Airbus A350",7.650 € - 10.650 €,Sin Data,Indefinido,Jornada Completa,Sin Data,Emirates Airline,Sin Data
2026-08-13,Trabajoscom,Coruña,Todo Coruña,"Piloto de Emirates Airline - Boeing 777, Airbus A380 y Airbus A350",7.650 € - 10.650 €,Sin Data,Indefinido,Jornada Completa,Sin Data,Emirates Airline,Sin Data
2026-08-13,Trabajoscom,Burgos,Todo Burgos,"Piloto de Emirates Airline - Boeing 777, Airbus A380 y Airbus A350",7.650 € - 10.650 €,Sin Data,Indefinido,Jornada Completa,Sin Data,Emirates Airline,Sin Data
2026-08-13,Trabajoscom,Albacete,Todo Albacete,"Piloto de Emirates Airline - Boeing 777, Airbus A380 y Airbus A350",7.650 € - 10.650 €,Sin Data,Indefinido,Jornada Completa,Sin Data,Emirates Airline,Sin Data
2026-08-13,Trabajoscom,Castellón,Todo Castellón,ALICATADORES/SOLADORES.  ALOJAMIENTO GRATIS,23.050 € - 27.000 €,Sin Data,Indefinido,Jornada Completa,Sin Data,Comercializadora Mediterranea De Viviendas,Sin Data
2026-08-13,Trabajoscom, Teruel, Teruel,Peon/a,Sin Data,Sin Data,Indefinido,Jornada Completa,Sin Data,Iman Temporing,Sin Data
2026-08-13,Trabajoscom,Segovia,Todo Segovia,"Soldador/a TIG en Tanis | 28,35 €/h + Contrato Indefinido + Alojamiento",28 € - 29 €,Sin Data,Indefinido,Jornada Intensiva,Sin Data,OTTO Work Force,Sin Data
2026-08-13,Trabajoscom,Cantabria,Todo Cantabria,"Piloto de Emirates Airline - Boeing 777, Airbus A380 y Airbus A350",7.650 € - 10.650 €,Sin Data,Indefinido,Jornada Completa,Sin Data,Emirates Airline,Sin Data
2026-08-13,Trabajoscom,Lugo,Todo Lugo,"Piloto de Emirates Airline - Boeing 777, Airbus A380 y Airbus A350",7.650 € - 10.650 €,Sin Data,Indefinido,Jornada Completa,Sin Data,Emirates Airline,Sin Data
2026-08-13,Trabajoscom,Huelva,Todo Huelva,"Piloto de Emirates Airline - Boeing 777, Airbus A380 y Airbus A350",7.650 € - 10.650 €,Sin Data,Indefinido,Jornada Completa,Sin Data,Emirates Airline,Sin Data
2026-08-13,Trabajoscom,Gipuzkoa,Todo Gipuzkoa,"Piloto de Emirates Airline - Boeing 777, Airbus A380 y Airbus A350",7.650 € - 10.650 €,Sin Data,Indefinido,Jornada Completa,Sin Data,Emirates Airline,Sin Data
2026-08-13,Trabajoscom,Palmas,Todo Palmas,"Piloto de Emirates Airline - Boeing 777, Airbus A380 y Airbus A350",7.650 € - 10.650 €,Sin Data,Indefinido,Jornada Completa,Sin Data,Emirates Airline,Sin Data
2026-08-13,Trabajoscom,Melilla,Todo Melilla,"Piloto de Emirates Airline - Boeing 777, Airbus A380 y Airbus A350",7.650 € - 10.650 €,Sin Data,Indefinido,Jornada Completa,Sin Data,Emirates Airline,Sin Data
2026-08-13,Trabajoscom,Rioja,Todo Rioja,"Piloto de Emirates Airline - Boeing 777, Airbus A380 y Airbus A350",7.650 € - 10.650 €,Sin Data,Indefinido,Jornada Completa,Sin Data,Emirates Airline,Sin Data
2026-08-13,Trabajoscom,Zaragoza,Todo Zaragoza,"Piloto de Emirates Airline - Boeing 777, Airbus A380 y Airbus A350",7.650 € - 10.650 €,Sin Data,Indefinido,Jornada Completa,Sin Data,Emirates Airline,Sin Data
2026-08-13,Trabajoscom,Guadalajara,Todo Guadalajara,"Piloto de Emirates Airline - Boeing 777, Airbus A380 y Airbus A350",7.650 € - 10.650 €,Sin Data,Indefinido,Jornada Completa,Sin Data,Emirates Airline,Sin Data
2026-08-13,Trabajoscom,Real,Todo Real,"Piloto de Emirates Airline - Boeing 777, Airbus A380 y Airbus A350",7.650 € - 10.650 €,Sin Data,Indefinido,Jornada Completa,Sin Data,Emirates Airline,Sin Data
2026-08-13,Trabajoscom,Ourense,Todo Ourense,"Piloto de Emirates Airline - Boeing 777, Airbus A380 y Airbus A350",7.650 € - 10.650 €,Sin Data,Indefinido,Jornada Completa,Sin Data,Emirates Airline,Sin Data
2026-08-13,Trabajoscom,Tarragona,Todo Tarragona,"Piloto de Emirates Airline - Boeing 777, Airbus A380 y Airbus A350",7.650 € - 10.650 €,Sin Data,Indefinido,Jornada Completa,Sin Data,Emirates Airline,Sin Data
2026-08-13,Trabajoscom,Soria,Todo Soria,"Piloto de Emirates Airline - Boeing 777, Airbus A380 y Airbus A350",7.650 € - 10.650 €,Sin Data,Indefinido,Jornada Completa,Sin Data,Emirates Airline,Sin Data
2026-08-13,Trabajoscom,Salamanca,Todo Salamanca,"Piloto de Emirates Airline - Boeing 777, Airbus A380 y Airbus A350",7.650 € - 10.650 €,Sin Data,Indefinido,Jornada Completa,Sin Data,Emirates Airline,Sin Data
2026-08-13,Trabajoscom,Ourense,Todo Ourense,"Piloto de Emirates Airline - Boeing 777, Airbus A380 y Airbus A350",7.650 € - 10.650 €,Sin Data,Indefinido,Jornada Completa,Sin Data,Emirates Airline,Sin Data
2026-08-13,Trabajoscom,Tarragona,Todo Tarragona,"Piloto de Emirates Airline - Boeing 777, Airbus A380 y Airbus A350",7.650 € - 10.650 €,Sin Data,Indefinido,Jornada Completa,Sin Data,Emirates Airline,Sin Data
2026-08-13,Trabajoscom,Soria,Todo Soria,"Piloto de Emirates Airline - Boeing 777, Airbus A380 y Airbus A350",7.650 € - 10.650 €,Sin Data,Indefinido,Jornada Completa,Sin Data,Emirates Airline,Sin Data
2026-08-13,Trabajoscom,Salamanca,Todo Salamanca,"Piloto de Emirates Airline - Boeing 777, Airbus A380 y Airbus A350",7.650 € - 10.650 €,Sin Data,Indefinido,Jornada Completa,Sin Data,Emirates Airline,Sin Data
2026-08-13,Trabajoscom,Teruel,Todo Teruel,"Piloto de Emirates Airline - Boeing 777, Airbus A380 y Airbus A350",7.650 € - 10.650 €,Sin Data,Indefinido,Jornada Completa,Sin Data,Emirates Airline,Sin Data
2026-08-13,Trabajoscom,Baleares,Manacor,Dependiente/a comercial de tienda SECTOR TELECOMUNICACIONES MANACOR (Mallorca) INCOR...,Sin Data,Sin Data,De duracion determinada,Jornada Completa,Sin Data,Temps,Sin Data
2026-08-13,Trabajoscom,Cantabria,Todo Cantabria,"Piloto de Emirates Airline - Boeing 777, Airbus A380 y Airbus A350",7.650 € - 10.650 €,Sin Data,Indefinido,Jornada Completa,Sin Data,Emirates Airline,Sin Data
2026-08-13,Trabajoscom,Lugo,Todo Lugo,"Piloto de Emirates Airline - Boeing 777, Airbus A380 y Airbus A350",7.650 € - 10.650 €,Sin Data,Indefinido,Jornada Completa,Sin Data,Emirates Airline,Sin Data
2026-08-13,Trabajoscom,Huelva,Todo Huelva,"Piloto de Emirates Airline - Boeing 777, Airbus A380 y Airbus A350",7.650 € - 10.650 €,Sin Data,Indefinido,Jornada Completa,Sin Data,Emirates Airline,Sin Data
2026-08-13,Trabajoscom,Sevilla,Todo Sevilla,"Piloto de Emirates Airline - Boeing 777, Airbus A380 y Airbus A350",7.650 € - 10.650 €,Sin Data,Indefinido,Jornada Completa,Sin Data,Emirates Airline,Sin Data
2026-08-13,Trabajoscom,Badajoz,Almendralejo,Cajero/a Reponedor/a para Almendralejo,Sin Data,Sin Data,Indefinido,Jornada Indiferente,Sin Data,Grupo DIA,Sin Data
2026-08-13,Trabajoscom,Valladolid,Valladolid,Copy of Cajero/a Reponedor/a Salamanca 40H Incorporación inmediata,Sin Data,Sin Data,Indefinido,Jornada Indiferente,Sin Data,Grupo DIA,Sin Data
2026-08-13,Trabajoscom,León,Astorga,Cajeros/as-Reponedores/as - Astorga 40h y 24h Incorporación inmediata,Sin Data,Sin Data,Indefinido,Jornada Indiferente,Sin Data,Grupo DIA,Sin Data
2026-08-13,Trabajoscom, Huelva, Huelva,Electroinstrumentista,Sin Data,Sin Data,Indefinido,Jornada Completa,Sin Data,Crit Interim España ETT,Sin Data
2026-08-13,Trabajoscom, Sevilla, Sevilla,Operario/A de trefileria (Dos Hermanas),Sin Data,Sin Data,De duracion determinada,Jornada Completa,Sin Data,Crit Interim España ETT,Sin Data
2026-08-13,Trabajoscom, Tarragona, Tarragona,Ayudante maquinista,Sin Data,Sin Data,De duracion determinada,Jornada Completa,Sin Data,Iman Temporing,Sin Data
2026-08-13,Trabajoscom, Lleida, Lleida,Granjero/a (porcino),Sin Data,Sin Data,Indefinido,Jornada Completa,Sin Data,Iman Temporing,Sin Data
2026-08-13,Trabajoscom, Valencia, Valencia,Mozos/a conductor/a-lavacoches(rent a car)VALENCIA,Sin Data,Sin Data,De duracion determinada,Jornada Completa,Sin Data,Iman Temporing,Sin Data
2026-08-13,Trabajoscom, Córdoba, Córdoba,Soldador/a Mig/Mag,20.000 € - 22.000 €,Sin Data,De duracion determinada,Jornada Completa,Sin Data,Crit Interim España ETT,Sin Data
2026-08-13,Trabajoscom, Málaga, Málaga,Conductor/a de Tráiler C + E Nacional - Málaga,Sin Data,Sin Data,Indefinido,Jornada Completa,Sin Data,Crit Interim España ETT,Sin Data
2026-08-13,Trabajoscom, Madrid, Madrid,Administrativo de Contratación (Seguros),Sin Data,Sin Data,Indefinido,Jornada Completa,Sin Data,Crit Interim España ETT,Sin Data
2026-08-13,Trabajoscom, Málaga, Málaga,Enfermero/a - DUE Centro Residencial DomusVi Fuentesol,Sin Data,Sin Data,De duracion determinada,Jornada Indiferente,Sin Data,DomusVi,Sin Data
2026-08-13,Trabajoscom, Tarragona, Tarragona,Operario/a producción en empresa alimentária,Sin Data,Sin Data,De duracion determinada,Jornada Completa,Sin Data,Iman Temporing,Sin Data
2026-08-13,Trabajoscom, Huelva, Huelva,Psicólogo/a Centro Residencial DomusVi Monte Jara,Sin Data,Sin Data,De duracion determinada,Media Jornada,Sin Data,DomusVi,Sin Data
2026-08-13,Trabajoscom, Madrid, Madrid,Ingeniero/a Eléctrico QA/QC - Meco,35.000 € - 38.000 €,Sin Data,Indefinido,Jornada Completa,Sin Data,Iman Global Consulting,Sin Data
2026-08-13,Trabajoscom, Córdoba, Córdoba,Conductor/a camión bañera y retroexcavadora,20.000 € - 24.000 €,Sin Data,Indefinido,Jornada Completa,Sin Data,Crit Interim España ETT,Sin Data
2026-08-13,Trabajoscom, Sevilla, Sevilla,PERSONAL DE LIMPIEZA (GUILLENA),Sin Data,Sin Data,De duracion determinada,Jornada Indiferente,Sin Data,Crit Interim España ETT,Sin Data
2026-08-13,Trabajoscom, Madrid, Madrid,Electromecánico/a Junior (San Agustin de Guadalix),Sin Data,Sin Data,Indefinido,Jornada Completa,Sin Data,Crit Interim España ETT,Sin Data
2026-08-13,Trabajoscom, Sevilla, Sevilla,Operario/a fábrica de aceitunas,Sin Data,Sin Data,De duracion determinada,Jornada Completa,Sin Data,Crit Interim España ETT,Sin Data
2026-08-13,Trabajoscom, Baleares, Baleares,Administrativo/a,Sin Data,Sin Data,De duracion determinada,Jornada Completa,Sin Data,Crit Interim España ETT,Sin Data
2026-08-13,Trabajoscom, Cádiz, Cádiz,Gerocultor/a - Auxiliar de enfermería Centro Residencial DomusVi Montealto,Sin Data,Sin Data,De duracion determinada,Media Jornada,Sin Data,DomusVi,Sin Data
2026-08-13,Trabajoscom, Valencia, Valencia,Técnico/a en Instalaciones en Moncada (Valencia),26.000 € - 26.500 €,Sin Data,Indefinido,Jornada Completa,Sin Data,Iman Temporing,Sin Data
2026-08-13,Trabajoscom, Valencia, Valencia,Operario/a de Soplado,Sin Data,Sin Data,Indefinido,Jornada Completa,Sin Data,Iman Temporing,Sin Data
2026-08-13,Trabajoscom, Zaragoza, Zaragoza,Administrativo/a Back Office Comercial con idiomas,Sin Data,Sin Data,Indefinido,Jornada Completa,Sin Data,Iman Temporing,Sin Data
2026-08-13,Trabajoscom, Madrid, Madrid,Azafatos/as Evento ALCALA DE HENARES 25-26/09,Sin Data,Sin Data,De duracion determinada,Media Jornada,Sin Data,Pacto,Sin Data
2026-08-13,Trabajoscom, Toledo, Toledo,Mozo/a de Almacén - (Borox),Sin Data,Sin Data,De duracion determinada,Jornada Completa,Sin Data,Crit Interim España ETT,Sin Data
2026-08-13,Trabajoscom, Madrid, Madrid,Gerocultor/a - Auxiliar de enfermería Centro Residencial DomusVi Real Deleite,Sin Data,Sin Data,De duracion determinada,Jornada Indiferente,Sin Data,DomusVi,Sin Data
2026-08-13,Trabajoscom, Zamora, Zamora,Cocinero/a - Centro Residencial DomusVi Monfarracinos,Sin Data,Sin Data,De duracion determinada,Jornada Indiferente,Sin Data,DomusVi,Sin Data
2026-08-13,Trabajoscom, Sevilla, Sevilla,Operario/a obrador de frutería - Dos Hermanas,Sin Data,Sin Data,Indefinido,Jornada Completa,Sin Data,Crit Interim España ETT,Sin Data
2026-08-13,Trabajoscom, Girona, Girona,Operari/a Magatzem-Expedició Maquinària Industrial,Sin Data,Sin Data,Indefinido,Jornada Completa,Sin Data,Iman Temporing,Sin Data
2026-08-13,Trabajoscom, A Coruña, A Coruña,COMERCIAL / INTERIORISTA,Sin Data,Sin Data,Indefinido,Media Jornada,Sin Data,Iman Temporing,Sin Data
2026-08-13,Trabajoscom, Lugo, Lugo,Encargado/a de granja de vacas de leche,28.000 € - 30.000 €,Sin Data,De duracion determinada,Jornada Completa,Sin Data,Iman Temporing,Sin Data
2026-08-13,Trabajoscom, Tarragona, Tarragona,Peón/a para empresa del sector metal,Sin Data,Sin Data,De duracion determinada,Jornada Completa,Sin Data,Crit Interim España ETT,Sin Data
2026-08-13,Trabajoscom, Bizkaia, Bizkaia,Técnico/a sistemas SCADA,Sin Data,Sin Data,Indefinido,Jornada Completa,Sin Data,Iman Global Consulting,Sin Data
2026-08-13,Trabajoscom, Barcelona, Barcelona,"HOSTELERÍA (Camareros/as, Cocina y Recepción)",Sin Data,Sin Data,De duracion determinada,Jornada Completa,Sin Data,Iman Temporing,Sin Data
2026-08-13,Trabajoscom, Málaga, Málaga,Inspector/a de Calidad SAP,Sin Data,Sin Data,De duracion determinada,Jornada Completa,Sin Data,Crit Interim España ETT,Sin Data
2026-08-13,Trabajoscom, Madrid, Madrid,Preparador/a de Pedidos Congelados,Sin Data,Sin Data,De duracion determinada,Jornada Completa,Sin Data,Iman Temporing,Sin Data
2026-08-13,Trabajoscom, Navarra, Navarra,Electricista industrial,27.000 € - 30.000 €,Sin Data,Indefinido,Jornada Completa,Sin Data,Iman Temporing,Sin Data
2026-08-13,Trabajoscom, Segovia, Segovia,Repartidor/a paquetería (sin experiencia),Sin Data,Sin Data,De duracion determinada,Jornada Completa,Sin Data,Iman Temporing,Sin Data
2026-08-13,Trabajoscom, Bizkaia, Bizkaia,Repartidor/a con Carnet B-Incorporación inmediata,Sin Data,Sin Data,De duracion determinada,Jornada Completa,Sin Data,Iman Temporing,Sin Data
2026-08-13,Trabajoscom, Toledo, Toledo,Mozo/a de Almacén,Sin Data,Sin Data,De duracion determinada,Jornada Completa,Sin Data,Crit Interim España ETT,Sin Data
2026-08-13,Trabajoscom, Córdoba, Córdoba,Operario/a de Envasado Aceitunas,17.000 € - 18.000 €,Sin Data,De duracion determinada,Jornada Completa,Sin Data,Crit Interim España ETT,Sin Data
2026-08-13,Trabajoscom, Jaén, Jaén,Especialista en Diseño Eléctrico,Sin Data,Sin Data,De duracion determinada,Jornada Completa,Sin Data,Iman Temporing,Sin Data
2026-08-13,Trabajoscom, Madrid, Madrid,Responsable Producción,Sin Data,Sin Data,Indefinido,Jornada Completa,Sin Data,Crit Interim España ETT,Sin Data
2026-08-13,Trabajoscom, Málaga, Málaga,Peón de polvo óxido (H/M),Sin Data,Sin Data,De duracion determinada,Jornada Completa,Sin Data,Crit Interim España ETT,Sin Data
2026-08-13,Trabajoscom, Araba, Araba,Conductor/a tipo B,Sin Data,Sin Data,Indefinido,Jornada Completa,Sin Data,Pacto,Sin Data
2026-08-13,Trabajoscom, S.C. Tenerife, S.C. Tenerife,Personal limpieza sustitución Arafo (Tenerife),Sin Data,Sin Data,Indefinido,Jornada Indiferente,Sin Data,Iman Cleaning,Sin Data
2026-08-13,Trabajoscom, A Coruña, A Coruña,Gerocultor/a - Auxiliar de enfermería Centro Residencial DomusVi Matogrande,Sin Data,Sin Data,De duracion determinada,Jornada Completa,Sin Data,DomusVi,Sin Data
2026-08-13,Trabajoscom, Madrid, Madrid,Gerocultor/a - Auxiliar de enfermería Centro Residencial DomusVi Alcalá de Henares,Sin Data,Sin Data,De duracion determinada,Jornada Indiferente,Sin Data,DomusVi,Sin Data
2026-08-13,Trabajoscom, Barcelona, Barcelona,Operario/a químico/a con carretilla,Sin Data,Sin Data,Indefinido,Jornada Completa,Sin Data,Iman Temporing,Sin Data
2026-08-13,Trabajoscom, Barcelona, Barcelona,Operario/a Carretillero + Puente grúa,22.000 €,Sin Data,De duracion determinada,Jornada Completa,Sin Data,Iman Temporing,Sin Data
2026-08-13,Trabajoscom, Córdoba, Córdoba,PINTOR/A INDUSTRIAL EN PUENTE GENIL,Sin Data,Sin Data,Indefinido,Jornada Completa,Sin Data,Iman Temporing,Sin Data
2026-08-13,Trabajoscom, Bizkaia, Bizkaia,Administrativo/a - Durango,Sin Data,Sin Data,De duracion determinada,Jornada Completa,Sin Data,Iman Temporing,Sin Data
2026-08-13,Trabajoscom, Palencia, Palencia,Carretillero/a retráctil y apilador eléctrico,18.000 € - 19.000 €,Sin Data,De duracion determinada,Jornada Completa,Sin Data,Iman Temporing,Sin Data
2026-08-13,Trabajoscom, Barcelona, Barcelona,Operario Producción/ Técnico de Calidad,Sin Data,Sin Data,De duracion determinada,Jornada Completa,Sin Data,Iman Temporing,Sin Data
2026-08-13,Trabajoscom,Alicante,Alcoi/alcoy,Cocinero/a - Centro Residencial DomusVi Alcoi,Sin Data,Sin Data,De duracion determinada,Jornada Completa,Sin Data,DomusVi,Sin Data
2026-08-13,Trabajoscom, Teruel, Teruel,Auxiliar administrativo.,Sin Data,Sin Data,De duracion determinada,Jornada Completa,Sin Data,Iman Temporing,Sin Data
2026-08-13,Trabajoscom, Barcelona, Barcelona,Mozo/a - Carretillero/a (Farma - Temporal),Sin Data,Sin Data,De duracion determinada,Jornada Completa,Sin Data,Iman Temporing,Sin Data
2026-08-13,Trabajoscom, Sevilla, Sevilla,¡Seleccionamos Electricista Industrial!,Sin Data,Sin Data,Indefinido,Jornada Completa,Sin Data,Iman Temporing,Sin Data
2026-08-13,Trabajoscom, Guadalajara, Guadalajara,Preparadores/as de Pedidos,Sin Data,Sin Data,Indefinido,Jornada Completa,Sin Data,Iman Temporing,Sin Data
2026-08-13,Trabajoscom, Alicante, Alicante,Mozo/a almacén con experiencia en carretilla.,Sin Data,Sin Data,De duracion determinada,Jornada Completa,Sin Data,Iman Temporing,Sin Data
2026-08-13,Trabajoscom, Barcelona, Barcelona,Personal de Limpieza DomusVi SAD Badalona,Sin Data,Sin Data,De duracion determinada,Media Jornada,Sin Data,DomusVi,Sin Data
2026-08-13,Trabajoscom, Palencia, Palencia,Tecnico/a electromecánico,31.000 € - 35.000 €,Sin Data,Indefinido,Jornada Completa,Sin Data,Iman Temporing,Sin Data
2026-08-13,Trabajoscom, Soria, Soria,COORDINADOR DE VENTAS,Sin Data,Sin Data,Indefinido,Jornada Completa,Sin Data,Iman Temporing,Sin Data
2026-08-13,Trabajoscom, Toledo, Toledo,Técnico/a de Mantenimiento Industrial Junior,Sin Data,Sin Data,De duracion determinada,Jornada Completa,Sin Data,Iman Temporing,Sin Data
2026-08-13,Trabajoscom, Barcelona, Barcelona,Operari@ poliéster,15 €,Sin Data,De duracion determinada,Jornada Completa,Sin Data,Iman Temporing,Sin Data
2026-08-13,Trabajoscom, Barcelona, Barcelona,Vigilantes cobertura vacaciones Barcelona y Vallès,Sin Data,Sin Data,Indefinido,Jornada Completa,Sin Data,Iman Seguridad,Sin Data
2026-08-13,Trabajoscom, Alicante, Alicante,Animador/a Sociocultural Centro Residencial DomusVi Santa Pola,Sin Data,Sin Data,Indefinido,Jornada Completa,Sin Data,DomusVi,Sin Data
2026-08-13,Trabajoscom, Barcelona, Barcelona,Operario/a de acondicionado - Corbera de Llobregat,Sin Data,Sin Data,De duracion determinada,Jornada Completa,Sin Data,Iman Temporing,Sin Data
2026-08-13,Trabajoscom, Barcelona, Barcelona,Técnico/a Contable y de Gestión Laboral,Sin Data,Sin Data,Indefinido,Jornada Completa,Sin Data,Iman Temporing,Sin Data
2026-08-13,Trabajoscom, Valladolid, Valladolid,Peón/a Sector Fundición Valladolid,Sin Data,Sin Data,De duracion determinada,Jornada Completa,Sin Data,Iman Temporing,Sin Data
2026-08-13,Trabajoscom, Valladolid, Valladolid,Técnica/o Mantenimiento Industrial Alimentación,Sin Data,Sin Data,Indefinido,Jornada Completa,Sin Data,Iman Temporing,Sin Data
2026-08-13,Trabajoscom, Barcelona, Barcelona,Personal de limpieza DISCAPACIDAD +33% o IPT BCN,Sin Data,Sin Data,Indefinido,Jornada Indiferente,Sin Data,Diswork,Sin Data
2026-08-13,Trabajoscom, Valencia, Valencia,TECNICO MANTENIMIENTO HOTEL 4*,Sin Data,Sin Data,Indefinido,Jornada Indiferente,Sin Data,Pacto,Sin Data
2026-08-13,Trabajoscom, Zaragoza, Zaragoza,Administrativo/a Contable,Sin Data,Sin Data,Indefinido,Jornada Completa,Sin Data,Iman Temporing,Sin Data
2026-08-13,Trabajoscom, Barcelona, Barcelona,Customer Service,Sin Data,Sin Data,Indefinido,Jornada Completa,Sin Data,Iman Temporing,Sin Data
2026-08-13,Trabajoscom, Barcelona, Barcelona,Técnico/a Contable y de Gestión Laboral,Sin Data,Sin Data,Indefinido,Jornada Completa,Sin Data,Iman Temporing,Sin Data
2026-08-13,Trabajoscom, Madrid, Madrid,Repartidor/a de paquetería (Getafe),Sin Data,Sin Data,De duracion determinada,Jornada Completa,Sin Data,Iman Temporing,Sin Data
2026-08-13,Trabajoscom, Tarragona, Tarragona,Técnico/a de Garantía de Calidad,Sin Data,Sin Data,De duracion determinada,Jornada Indiferente,Sin Data,Iman Temporing,Sin Data
