Fecha,Plataforma,Provincia,Localidad,Oferta_Empleo,Salario,Modalidad,Tipo_Contrato,Tipo_Jornada,Experiencia,Empresa,Requisitos
2026-10-01,Trabajoscom,Madrid,Alcala De Henares,TORNERO/A FRESADOR/A,Sin Data,Sin Data,Indefinido,Jornada Indiferente,Sin Data,RAS Interim,Sin Data
2026-10-01,Trabajoscom,Madrid,Meco,MOZOS/AS  DE ALMACÉN -  PICKING MECO,17.185 €,Sin Data,De duracion determinada,Jornada Completa,Sin Data,Grupo Noa's,Sin Data
2026-10-01,Trabajoscom,A Coruña,Pobra Do Caramiñal,Operario/a de fábrica,Sin Data,Sin Data,De duracion determinada,Jornada Intensiva,Sin Data,Grupo Adecco,Sin Data
2026-10-01,Trabajoscom,Barcelona,Todo Barcelona,Administrativo/a de RRHH,Sin Data,Sin Data,Indefinido,Media Jornada,Sin Data,Empresa de Selección,Sin Data
2026-10-01,Trabajoscom,Málaga,Málaga,Técnico/a Soporte con ITALIANO,Sin Data,Sin Data,Indefinido,Jornada Completa,Sin Data,Grupo Adecco,Sin Data
2026-10-01,Trabajoscom,Navarra,Caseda,Consultor/a Onsite RRHH,Sin Data,Sin Data,De duracion determinada,Jornada Completa,Sin Data,Grupo Adecco,Sin Data
2026-10-01,Trabajoscom,Ávila,Arévalo,Ingeniero/a procesos de pintura (Automoción),Sin Data,Sin Data,De duracion determinada,Jornada Completa,Sin Data,Grupo Adecco,Sin Data
2026-10-01,Trabajoscom,Madrid,San Fernando De Henares,Comercial en oficina Sector Alimentación,Sin Data,Sin Data,De duracion determinada,Jornada Completa,Sin Data,Temps,Sin Data
2026-10-01,Trabajoscom,Madrid,San Fernando De Henares,Product analyst junior / Analista de producto con inglés - Zona San Fernando de Henares,27.000 € - 30.000 €,Sin Data,De duracion determinada,Jornada Completa,Sin Data,Temps,Sin Data
2026-10-01,Trabajoscom,Valencia,Carlet,OPERARIO/A DE PICKING CON CARNET CARRETILLAS,18.000 € - 19.000 €,Sin Data,Indefinido,Jornada Completa,Sin Data,Temps,Sin Data
2026-10-01,Trabajoscom,Castellón,Onda,Se busca conductor trailer,Sin Data,Sin Data,Indefinido,Jornada Completa,Sin Data,Operador Logistico Transonda,Sin Data
2026-10-01,Trabajoscom,Gipuzkoa,Todo Gipuzkoa,Técnico/a Mantenimiento Industrial,Sin Data,Sin Data,Indefinido,Jornada Completa,Sin Data,AdegiLan,Sin Data
2026-10-01,Trabajoscom,Gipuzkoa,Todo Gipuzkoa,Tecnico/a de Metrologia,Sin Data,Sin Data,Indefinido,Jornada Completa,Sin Data,AdegiLan,Sin Data
2026-10-01,Trabajoscom,Gipuzkoa,Todo Gipuzkoa,Técnico/a Estadístico/a,Sin Data,Sin Data,De duracion determinada,Jornada Completa,Sin Data,AdegiLan,Sin Data
2026-10-01,Trabajoscom,Gipuzkoa,Todo Gipuzkoa,"Técnico/a PRL, Calidad y Medioambiente",42 € - 54 €,Sin Data,Indefinido,Jornada Completa,Sin Data,AdegiLan,Sin Data
2026-10-01,Trabajoscom,Pontevedra,Todo Pontevedra,Personal de Clasificación de Paquetería en DPD con Alojamiento Incluído,16 € - 17 €,Sin Data,Indefinido,Jornada Completa,Sin Data,OTTO Work Force,Sin Data
2026-10-01,Trabajoscom,Valladolid,Todo Valladolid,Personal de Clasificación de Paquetería en DPD con Alojamiento Incluído,16 € - 17 €,Sin Data,Indefinido,Jornada Completa,Sin Data,OTTO Work Force,Sin Data
2026-10-01,Trabajoscom,Guadalajara,Todo Guadalajara,Personal de Clasificación de Paquetería en DPD con Alojamiento Incluído,16 € - 17 €,Sin Data,Indefinido,Jornada Completa,Sin Data,OTTO Work Force,Sin Data
2026-10-01,Trabajoscom,Palmas,Todo Palmas,Personal de Clasificación de Paquetería en DPD con Alojamiento Incluído,16 € - 17 €,Sin Data,Indefinido,Jornada Completa,Sin Data,OTTO Work Force,Sin Data
2026-10-01,Trabajoscom,Zaragoza,Todo Zaragoza,Personal de Clasificación de Paquetería en DPD con Alojamiento Incluído,16 € - 17 €,Sin Data,Indefinido,Jornada Completa,Sin Data,OTTO Work Force,Sin Data
2026-10-01,Trabajoscom,Jaén,Todo Jaén,Personal de Clasificación de Paquetería en DPD con Alojamiento Incluído,16 € - 17 €,Sin Data,Indefinido,Jornada Completa,Sin Data,OTTO Work Force,Sin Data
2026-10-01,Trabajoscom,Rioja,Todo Rioja,Personal de Clasificación de Paquetería en DPD con Alojamiento Incluído,16 € - 17 €,Sin Data,Indefinido,Jornada Completa,Sin Data,OTTO Work Force,Sin Data
2026-10-01,Trabajoscom,Madrid,Todo Madrid,Personal de Clasificación de Paquetería en DPD con Alojamiento Incluído,16 € - 17 €,Sin Data,Indefinido,Jornada Completa,Sin Data,OTTO Work Force,Sin Data
2026-10-01,Trabajoscom,Palencia,Todo Palencia,Personal de Clasificación de Paquetería en DPD con Alojamiento Incluído,16 € - 17 €,Sin Data,Indefinido,Jornada Completa,Sin Data,OTTO Work Force,Sin Data
2026-10-01,Trabajoscom,Cádiz,Todo Cádiz,Personal de Clasificación de Paquetería en DPD con Alojamiento Incluído,16 € - 17 €,Sin Data,Indefinido,Jornada Completa,Sin Data,OTTO Work Force,Sin Data
2026-10-01,Trabajoscom,Baleares,Todo Baleares,Personal de Clasificación de Paquetería en DPD con Alojamiento Incluído,16 € - 17 €,Sin Data,Indefinido,Jornada Completa,Sin Data,OTTO Work Force,Sin Data
2026-10-01,Trabajoscom,Cantabria,Todo Cantabria,Personal de Clasificación de Paquetería en DPD con Alojamiento Incluído,16 € - 17 €,Sin Data,Indefinido,Jornada Completa,Sin Data,OTTO Work Force,Sin Data
2026-10-01,Trabajoscom,Cáceres,Todo Cáceres,Personal de Clasificación de Paquetería en DPD con Alojamiento Incluído,16 € - 17 €,Sin Data,Indefinido,Jornada Completa,Sin Data,OTTO Work Force,Sin Data
2026-10-01,Trabajoscom,Barcelona,Todo Barcelona,Personal de Clasificación de Paquetería en DPD con Alojamiento Incluído,16 € - 17 €,Sin Data,Indefinido,Jornada Completa,Sin Data,OTTO Work Force,Sin Data
2026-10-01,Trabajoscom,Castellón,Todo Castellón,Personal de Clasificación de Paquetería en DPD con Alojamiento Incluído,16 € - 17 €,Sin Data,Indefinido,Jornada Completa,Sin Data,OTTO Work Force,Sin Data
2026-10-01,Trabajoscom,Coruña,Todo Coruña,Personal de Clasificación de Paquetería en DPD con Alojamiento Incluído,16 € - 17 €,Sin Data,Indefinido,Jornada Completa,Sin Data,OTTO Work Force,Sin Data
2026-10-01,Trabajoscom,Cuenca,Todo Cuenca,Personal de Clasificación de Paquetería en DPD con Alojamiento Incluído,16 € - 17 €,Sin Data,Indefinido,Jornada Completa,Sin Data,OTTO Work Force,Sin Data
2026-10-01,Trabajoscom,Córdoba,Todo Córdoba,Personal de Clasificación de Paquetería en DPD con Alojamiento Incluído,16 € - 17 €,Sin Data,Indefinido,Jornada Completa,Sin Data,OTTO Work Force,Sin Data
2026-10-01,Trabajoscom,Segovia,Todo Segovia,Personal de Clasificación de Paquetería en DPD con Alojamiento Incluído,16 € - 17 €,Sin Data,Indefinido,Jornada Completa,Sin Data,OTTO Work Force,Sin Data
2026-10-01,Trabajoscom,Granada,Todo Granada,Personal de Clasificación de Paquetería en DPD con Alojamiento Incluído,16 € - 17 €,Sin Data,Indefinido,Jornada Completa,Sin Data,OTTO Work Force,Sin Data
2026-10-01,Trabajoscom,Coruña,Todo Coruña,Repartidor/a en Albert Heijn con alojamiento incluido y contrato indefinido,17 € - 18 €,Sin Data,Indefinido,Jornada Completa,Sin Data,OTTO Work Force,Sin Data
2026-10-01,Trabajoscom,Badajoz,Todo Badajoz,Repartidor/a en Albert Heijn con alojamiento incluido y contrato indefinido,17 € - 18 €,Sin Data,Indefinido,Jornada Completa,Sin Data,OTTO Work Force,Sin Data
2026-10-01,Trabajoscom,Burgos,Todo Burgos,Repartidor/a en Albert Heijn con alojamiento incluido y contrato indefinido,17 € - 18 €,Sin Data,Indefinido,Jornada Completa,Sin Data,OTTO Work Force,Sin Data
2026-10-01,Trabajoscom,Real,Todo Real,Repartidor/a en Albert Heijn con alojamiento incluido y contrato indefinido,17 € - 18 €,Sin Data,Indefinido,Jornada Completa,Sin Data,OTTO Work Force,Sin Data
2026-10-01,Trabajoscom,Girona,Todo Girona,Repartidor/a en Albert Heijn con alojamiento incluido y contrato indefinido,17 € - 18 €,Sin Data,Indefinido,Jornada Completa,Sin Data,OTTO Work Force,Sin Data
2026-10-01,Trabajoscom,Guadalajara,Todo Guadalajara,Repartidor/a en Albert Heijn con alojamiento incluido y contrato indefinido,17 € - 18 €,Sin Data,Indefinido,Jornada Completa,Sin Data,OTTO Work Force,Sin Data
2026-10-01,Trabajoscom,Palmas,Todo Palmas,Repartidor/a en Albert Heijn con alojamiento incluido y contrato indefinido,17 € - 18 €,Sin Data,Indefinido,Jornada Completa,Sin Data,OTTO Work Force,Sin Data
2026-10-01,Trabajoscom,Bizkaia,Todo Bizkaia,Repartidor/a en Albert Heijn con alojamiento incluido y contrato indefinido,17 € - 18 €,Sin Data,Indefinido,Jornada Completa,Sin Data,OTTO Work Force,Sin Data
2026-10-01,Trabajoscom,Rioja,Todo Rioja,Repartidor/a en Albert Heijn con alojamiento incluido y contrato indefinido,17 € - 18 €,Sin Data,Indefinido,Jornada Completa,Sin Data,OTTO Work Force,Sin Data
2026-10-01,Trabajoscom,Pontevedra,Todo Pontevedra,Repartidor/a en Albert Heijn con alojamiento incluido y contrato indefinido,17 € - 18 €,Sin Data,Indefinido,Jornada Completa,Sin Data,OTTO Work Force,Sin Data
2026-10-01,Trabajoscom,León,Todo León,Repartidor/a en Albert Heijn con alojamiento incluido y contrato indefinido,17 € - 18 €,Sin Data,Indefinido,Jornada Completa,Sin Data,OTTO Work Force,Sin Data
2026-10-01,Trabajoscom,Málaga,Todo Málaga,Repartidor/a en Albert Heijn con alojamiento incluido y contrato indefinido,17 € - 18 €,Sin Data,Indefinido,Jornada Completa,Sin Data,OTTO Work Force,Sin Data
2026-10-01,Trabajoscom,Murcia,Todo Murcia,Repartidor/a en Albert Heijn con alojamiento incluido y contrato indefinido,17 € - 18 €,Sin Data,Indefinido,Jornada Completa,Sin Data,OTTO Work Force,Sin Data
2026-10-01,Trabajoscom,Navarra,Todo Navarra,Repartidor/a en Albert Heijn con alojamiento incluido y contrato indefinido,17 € - 18 €,Sin Data,Indefinido,Jornada Completa,Sin Data,OTTO Work Force,Sin Data
2026-10-01,Trabajoscom,Palencia,Todo Palencia,Repartidor/a en Albert Heijn con alojamiento incluido y contrato indefinido,17 € - 18 €,Sin Data,Indefinido,Jornada Completa,Sin Data,OTTO Work Force,Sin Data
2026-10-01,Trabajoscom,Valladolid,Todo Valladolid,Repartidor/a en Albert Heijn con alojamiento incluido y contrato indefinido,17 € - 18 €,Sin Data,Indefinido,Jornada Completa,Sin Data,OTTO Work Force,Sin Data
2026-10-01,Trabajoscom,Guadalajara,Guadalajara,TECNICO DE REPARACION- PRODUCTOS DE CONSUMO,Sin Data,Sin Data,De duracion determinada,Jornada Completa,Sin Data,Temps,Sin Data
2026-10-01,Trabajoscom,Valencia,Todo Valencia,Repartidor/a en Albert Heijn con alojamiento incluido y contrato indefinido,17 € - 18 €,Sin Data,Indefinido,Jornada Completa,Sin Data,OTTO Work Force,Sin Data
2026-10-01,Trabajoscom,Zaragoza,Remolinos,OPERARIOS/AS DE MONTAJES MECÁNICOS,22.000 € - 24.000 €,Sin Data,De duracion determinada,Jornada Completa,Sin Data,Temps,Sin Data
2026-10-01,Trabajoscom,Toledo,Quintanar De La Orden,Tecnico/a de mantenimiento en Quintanar de la Orden,Sin Data,Sin Data,De duracion determinada,Media Jornada,Sin Data,Grupo Adecco,Sin Data
2026-10-01,Trabajoscom, Tarragona, Tarragona,PROFESIONAL SECTOR LIMPIEZA OFICINAS -ID 62675-,513 €,Sin Data,Indefinido,Media Jornada,Sin Data,Multiserveis Ndavant,Sin Data
2026-10-01,Trabajoscom,Gipuzkoa,Todo Gipuzkoa,Gestor-a Auxiliar de Desarrollo de Negocio,Sin Data,Sin Data,De duracion determinada,Jornada Completa,Sin Data,AdegiLan,Sin Data
2026-10-01,Trabajoscom,Gipuzkoa,Todo Gipuzkoa,Administrativo/a,30.000 € - 32.000 €,Sin Data,Indefinido,Jornada Completa,Sin Data,AdegiLan,Sin Data
2026-10-01,Trabajoscom,Gipuzkoa,Todo Gipuzkoa,Adjunto/a a Dirección del Área Estadística,Sin Data,Sin Data,De duracion determinada,Jornada Completa,Sin Data,AdegiLan,Sin Data
2026-10-01,Trabajoscom,Gipuzkoa,Todo Gipuzkoa,Electricista,18 € - 30 €,Sin Data,Indefinido,Jornada Completa,Sin Data,AdegiLan,Sin Data
2026-10-01,Trabajoscom,Gipuzkoa,Todo Gipuzkoa,Técnico-a de Mantenimiento,Sin Data,Sin Data,Indefinido,Jornada Completa,Sin Data,AdegiLan,Sin Data
2026-10-01,Trabajoscom,Gipuzkoa,Todo Gipuzkoa,Responsable Comercial,42.000 € - 54.000 €,Sin Data,Indefinido,Jornada Completa,Sin Data,AdegiLan,Sin Data
2026-10-01,Trabajoscom,Huelva,Almonte,Operario/a de Mantenimiento Industrial,Sin Data,Sin Data,De duracion determinada,Jornada Completa,Sin Data,Grupo Adecco,Sin Data
2026-10-01,Trabajoscom,Barcelona,Llinars Del Vallés,Técnico/a Instalador/a de Climatización y Mantenimiento Integral,Sin Data,Sin Data,Indefinido,Jornada Completa,Sin Data,Grupo Adecco,Sin Data
2026-10-01,Trabajoscom,Murcia,Murcia,Técnico/a de formación Murcia media jornada,Sin Data,Sin Data,Indefinido,Media Jornada,Sin Data,Grupo Adecco,Sin Data
2026-10-01,Trabajoscom,Girona,Girona,OPERARI/A DE PRODUCCIÓ,Sin Data,Sin Data,Indefinido,Jornada Indiferente,Sin Data,RAS Interim,Sin Data
2026-10-01,Trabajoscom,Navarra,Tudela,ADMINISTRATIVO/A DE PERSONAL,Sin Data,Sin Data,Indefinido,Jornada Completa,Sin Data,Temps,Sin Data
2026-10-01,Trabajoscom,Barcelona,Mollet Del Valles,Fisioterapeuta 4h tarde en Mollet del Vallès,185 € - 320 €,Sin Data,Indefinido,Trabajo Por Horas,Sin Data,Fisioterapia y Psicología para Empresas,Sin Data
2026-10-01,Trabajoscom,León,Santovenia De La Valdoncina,"Fisioterapeuta de lunes a jueves de 13:55 - 17:40H en Santovenia de la Valdoncina, León",6.400 € - 11.500 €,Sin Data,Indefinido,Media Jornada,Sin Data,Fisioterapia y Psicología para Empresas,Sin Data
2026-10-01,Trabajoscom,Madrid,Alcala De Henares,OPERARIO/A PLANCHA SERIGRAFICA,Sin Data,Sin Data,Indefinido,Jornada Indiferente,Sin Data,RAS Interim,Sin Data
2026-10-01,Trabajoscom,Almería,Todo Almería,Repartidor/a en Albert Heijn con alojamiento incluido - Países Bajos,17 € - 18 €,Sin Data,Indefinido,Jornada Completa,Sin Data,OTTO Work Force,Sin Data
2026-10-01,Trabajoscom,Burgos,Todo Burgos,Repartidor/a en Albert Heijn con alojamiento incluido - Países Bajos,17 € - 18 €,Sin Data,Indefinido,Jornada Completa,Sin Data,OTTO Work Force,Sin Data
2026-10-01,Trabajoscom,Barcelona,Todo Barcelona,Repartidor/a en Albert Heijn con alojamiento incluido - Países Bajos,17 € - 18 €,Sin Data,Indefinido,Jornada Completa,Sin Data,OTTO Work Force,Sin Data
2026-10-01,Trabajoscom,Coruña,Todo Coruña,Repartidor/a en Albert Heijn con alojamiento incluido - Países Bajos,17 € - 18 €,Sin Data,Indefinido,Jornada Completa,Sin Data,OTTO Work Force,Sin Data
2026-10-01,Trabajoscom,Cantabria,Todo Cantabria,Repartidor/a en Albert Heijn con alojamiento incluido - Países Bajos,17 € - 18 €,Sin Data,Indefinido,Jornada Completa,Sin Data,OTTO Work Force,Sin Data
2026-10-01,Trabajoscom,Ceuta,Todo Ceuta,Repartidor/a en Albert Heijn con alojamiento incluido - Países Bajos,17 € - 18 €,Sin Data,Indefinido,Jornada Completa,Sin Data,OTTO Work Force,Sin Data
2026-10-01,Trabajoscom,Palmas,Todo Palmas,Repartidor/a en Albert Heijn con alojamiento incluido - Países Bajos,17 € - 18 €,Sin Data,Indefinido,Jornada Completa,Sin Data,OTTO Work Force,Sin Data
2026-10-01,Trabajoscom,Palencia,Todo Palencia,Repartidor/a en Albert Heijn con alojamiento incluido - Países Bajos,17 € - 18 €,Sin Data,Indefinido,Jornada Completa,Sin Data,OTTO Work Force,Sin Data
2026-10-01,Trabajoscom,Salamanca,Todo Salamanca,Repartidor/a en Albert Heijn con alojamiento incluido - Países Bajos,17 € - 18 €,Sin Data,Indefinido,Jornada Completa,Sin Data,OTTO Work Force,Sin Data
2026-10-01,Trabajoscom,Ourense,Todo Ourense,Repartidor/a en Albert Heijn con alojamiento incluido - Países Bajos,17 € - 18 €,Sin Data,Indefinido,Jornada Completa,Sin Data,OTTO Work Force,Sin Data
2026-10-01,Trabajoscom,Tarragona,Todo Tarragona,Repartidor/a en Albert Heijn con alojamiento incluido - Países Bajos,17 € - 18 €,Sin Data,Indefinido,Jornada Completa,Sin Data,OTTO Work Force,Sin Data
2026-10-01,Trabajoscom,Zaragoza,Zaragoza,PINTOR AIRLESS SECTOR METAL,2.000 € - 2.200 €,Sin Data,De duracion determinada,Jornada Completa,Sin Data,Temps,Sin Data
2026-10-01,Trabajoscom,Cádiz,Todo Cádiz,Preparador/a de Pedidos en Albert Heijn Online con Alojamiento Incluido,17 € - 18 €,Sin Data,Indefinido,Jornada Completa,Sin Data,OTTO Work Force,Sin Data
2026-10-01,Trabajoscom,Ávila,Todo Ávila,Preparador/a de Pedidos en Albert Heijn Online con Alojamiento Incluido,17 € - 18 €,Sin Data,Indefinido,Jornada Completa,Sin Data,OTTO Work Force,Sin Data
2026-10-01,Trabajoscom,Girona,Todo Girona,Preparador/a de Pedidos en Albert Heijn Online con Alojamiento Incluido,17 € - 18 €,Sin Data,Indefinido,Jornada Completa,Sin Data,OTTO Work Force,Sin Data
2026-10-01,Trabajoscom,Ceuta,Todo Ceuta,Preparador/a de Pedidos en Albert Heijn Online con Alojamiento Incluido,17 € - 18 €,Sin Data,Indefinido,Jornada Completa,Sin Data,OTTO Work Force,Sin Data
2026-10-01,Trabajoscom,Granada,Todo Granada,Preparador/a de Pedidos en Albert Heijn Online con Alojamiento Incluido,17 € - 18 €,Sin Data,Indefinido,Jornada Completa,Sin Data,OTTO Work Force,Sin Data
2026-10-01,Trabajoscom,Melilla,Todo Melilla,Preparador/a de Pedidos en Albert Heijn Online con Alojamiento Incluido,17 € - 18 €,Sin Data,Indefinido,Jornada Completa,Sin Data,OTTO Work Force,Sin Data
2026-10-01,Trabajoscom,Málaga,Todo Málaga,Preparador/a de Pedidos en Albert Heijn Online con Alojamiento Incluido,17 € - 18 €,Sin Data,Indefinido,Jornada Completa,Sin Data,OTTO Work Force,Sin Data
2026-10-01,Trabajoscom,Teruel,Todo Teruel,Preparador/a de Pedidos en Albert Heijn Online con Alojamiento Incluido,17 € - 18 €,Sin Data,Indefinido,Jornada Completa,Sin Data,OTTO Work Force,Sin Data
2026-10-01,Trabajoscom,Salamanca,Todo Salamanca,Preparador/a de Pedidos en Albert Heijn Online con Alojamiento Incluido,17 € - 18 €,Sin Data,Indefinido,Jornada Completa,Sin Data,OTTO Work Force,Sin Data
2026-10-01,Trabajoscom,Segovia,Todo Segovia,Preparador/a de Pedidos en Albert Heijn Online con Alojamiento Incluido,17 € - 18 €,Sin Data,Indefinido,Jornada Completa,Sin Data,OTTO Work Force,Sin Data
2026-10-01,Trabajoscom,Soria,Todo Soria,Preparador/a de Pedidos en Albert Heijn Online con Alojamiento Incluido,17 € - 18 €,Sin Data,Indefinido,Jornada Completa,Sin Data,OTTO Work Force,Sin Data
2026-10-01,Trabajoscom,Sevilla,Todo Sevilla,Preparador/a de Pedidos en Albert Heijn Online con Alojamiento Incluido,17 € - 18 €,Sin Data,Indefinido,Jornada Completa,Sin Data,OTTO Work Force,Sin Data
2026-10-01,Trabajoscom,Araba,Todo Araba,Operario/a Almacén PVH (Tommy Hilfiger & Calvin Klein) con Alojamiento Incluido,15 € - 17 €,Sin Data,Indefinido,Jornada Intensiva,Sin Data,OTTO Work Force,Sin Data
2026-10-01,Trabajoscom,Ávila,Todo Ávila,Operario/a Almacén PVH (Tommy Hilfiger & Calvin Klein) con Alojamiento Incluido,15 € - 17 €,Sin Data,Indefinido,Jornada Intensiva,Sin Data,OTTO Work Force,Sin Data
2026-10-01,Trabajoscom,Córdoba,Todo Córdoba,Operario/a Almacén PVH (Tommy Hilfiger & Calvin Klein) con Alojamiento Incluido,15 € - 17 €,Sin Data,Indefinido,Jornada Intensiva,Sin Data,OTTO Work Force,Sin Data
2026-10-01,Trabajoscom,Barcelona,Todo Barcelona,Operario/a Almacén PVH (Tommy Hilfiger & Calvin Klein) con Alojamiento Incluido,15 € - 17 €,Sin Data,Indefinido,Jornada Intensiva,Sin Data,OTTO Work Force,Sin Data
2026-10-01,Trabajoscom,Bizkaia,Todo Bizkaia,Operario/a Almacén PVH (Tommy Hilfiger & Calvin Klein) con Alojamiento Incluido,15 € - 17 €,Sin Data,Indefinido,Jornada Intensiva,Sin Data,OTTO Work Force,Sin Data
2026-10-01,Trabajoscom,Cantabria,Todo Cantabria,Operario/a Almacén PVH (Tommy Hilfiger & Calvin Klein) con Alojamiento Incluido,15 € - 17 €,Sin Data,Indefinido,Jornada Intensiva,Sin Data,OTTO Work Force,Sin Data
2026-10-01,Trabajoscom,Ceuta,Todo Ceuta,Operario/a Almacén PVH (Tommy Hilfiger & Calvin Klein) con Alojamiento Incluido,15 € - 17 €,Sin Data,Indefinido,Jornada Intensiva,Sin Data,OTTO Work Force,Sin Data
2026-10-01,Trabajoscom,Real,Todo Real,Operario/a Almacén PVH (Tommy Hilfiger & Calvin Klein) con Alojamiento Incluido,15 € - 17 €,Sin Data,Indefinido,Jornada Intensiva,Sin Data,OTTO Work Force,Sin Data
2026-10-01,Trabajoscom,Rioja,Todo Rioja,Operario/a Almacén PVH (Tommy Hilfiger & Calvin Klein) con Alojamiento Incluido,15 € - 17 €,Sin Data,Indefinido,Jornada Intensiva,Sin Data,OTTO Work Force,Sin Data
2026-10-01,Trabajoscom,Cuenca,Todo Cuenca,Operario/a Almacén PVH (Tommy Hilfiger & Calvin Klein) con Alojamiento Incluido,15 € - 17 €,Sin Data,Indefinido,Jornada Intensiva,Sin Data,OTTO Work Force,Sin Data
2026-10-01,Trabajoscom,Granada,Todo Granada,Operario/a Almacén PVH (Tommy Hilfiger & Calvin Klein) con Alojamiento Incluido,15 € - 17 €,Sin Data,Indefinido,Jornada Intensiva,Sin Data,OTTO Work Force,Sin Data
2026-10-01,Trabajoscom,Melilla,Todo Melilla,Operario/a Almacén PVH (Tommy Hilfiger & Calvin Klein) con Alojamiento Incluido,15 € - 17 €,Sin Data,Indefinido,Jornada Intensiva,Sin Data,OTTO Work Force,Sin Data
2026-10-01,Trabajoscom,Jaén,Todo Jaén,Operario/a Almacén PVH (Tommy Hilfiger & Calvin Klein) con Alojamiento Incluido,15 € - 17 €,Sin Data,Indefinido,Jornada Intensiva,Sin Data,OTTO Work Force,Sin Data
2026-10-01,Trabajoscom,Madrid,Todo Madrid,Operario/a Almacén PVH (Tommy Hilfiger & Calvin Klein) con Alojamiento Incluido,15 € - 17 €,Sin Data,Indefinido,Jornada Intensiva,Sin Data,OTTO Work Force,Sin Data
2026-10-01,Trabajoscom,Pontevedra,Todo Pontevedra,Operario/a Almacén PVH (Tommy Hilfiger & Calvin Klein) con Alojamiento Incluido,15 € - 17 €,Sin Data,Indefinido,Jornada Intensiva,Sin Data,OTTO Work Force,Sin Data
2026-10-01,Trabajoscom,Málaga,Todo Málaga,Operario/a Almacén PVH (Tommy Hilfiger & Calvin Klein) con Alojamiento Incluido,15 € - 17 €,Sin Data,Indefinido,Jornada Intensiva,Sin Data,OTTO Work Force,Sin Data
2026-10-01,Trabajoscom,Sevilla,Todo Sevilla,Operario/a Almacén PVH (Tommy Hilfiger & Calvin Klein) con Alojamiento Incluido,15 € - 17 €,Sin Data,Indefinido,Jornada Intensiva,Sin Data,OTTO Work Force,Sin Data
2026-10-01,Trabajoscom,Salamanca,Todo Salamanca,Operario/a Almacén PVH (Tommy Hilfiger & Calvin Klein) con Alojamiento Incluido,15 € - 17 €,Sin Data,Indefinido,Jornada Intensiva,Sin Data,OTTO Work Force,Sin Data
2026-10-01,Trabajoscom,Teruel,Todo Teruel,Operario/a Almacén PVH (Tommy Hilfiger & Calvin Klein) con Alojamiento Incluido,15 € - 17 €,Sin Data,Indefinido,Jornada Intensiva,Sin Data,OTTO Work Force,Sin Data
2026-10-01,Trabajoscom,Valladolid,Todo Valladolid,Operario/a Almacén PVH (Tommy Hilfiger & Calvin Klein) con Alojamiento Incluido,15 € - 17 €,Sin Data,Indefinido,Jornada Intensiva,Sin Data,OTTO Work Force,Sin Data
2026-10-01,Trabajoscom,Tarragona,Todo Tarragona,Operario/a Almacén PVH (Tommy Hilfiger & Calvin Klein) con Alojamiento Incluido,15 € - 17 €,Sin Data,Indefinido,Jornada Intensiva,Sin Data,OTTO Work Force,Sin Data
2026-10-01,Trabajoscom,Zaragoza,Todo Zaragoza,Operario/a Almacén PVH (Tommy Hilfiger & Calvin Klein) con Alojamiento Incluido,15 € - 17 €,Sin Data,Indefinido,Jornada Intensiva,Sin Data,OTTO Work Force,Sin Data
2026-10-01,Trabajoscom,Valencia,Todo Valencia,Operario/a Almacén PVH (Tommy Hilfiger & Calvin Klein) con Alojamiento Incluido,15 € - 17 €,Sin Data,Indefinido,Jornada Intensiva,Sin Data,OTTO Work Force,Sin Data
2026-10-01,Trabajoscom,Baleares,Mallorca,Comercial Asesor/a Sector Belleza y Salud Capilar en Mallorca,Sin Data,Sin Data,Indefinido,Jornada Completa,Sin Data,Laboratorios Kapyderm,Sin Data
2026-10-01,Trabajoscom,Toledo,Todo Toledo,Operario/a Almacén PVH (Tommy Hilfiger & Calvin Klein) con Alojamiento Incluido,15 € - 17 €,Sin Data,Indefinido,Jornada Intensiva,Sin Data,OTTO Work Force,Sin Data
2026-10-01,Trabajoscom,Málaga,Todo Málaga,Comercial Asesor/a Sector Belleza y Salud Capilar en Málaga,Sin Data,Sin Data,Indefinido,Jornada Completa,Sin Data,Laboratorios Kapyderm,Sin Data
2026-10-01,Trabajoscom,Albacete,Todo Albacete,Operario/a de Almacén para GXO Logistics en Países Bajos,14 € - 16 €,Sin Data,Indefinido,Jornada Indiferente,Sin Data,OTTO Work Force,Sin Data
2026-10-01,Trabajoscom,Alicante,Todo Alicante,Operario/a de Almacén para GXO Logistics en Países Bajos,14 € - 16 €,Sin Data,Indefinido,Jornada Indiferente,Sin Data,OTTO Work Force,Sin Data
2026-10-01,Trabajoscom,Coruña,Todo Coruña,Operario/a de Almacén para GXO Logistics en Países Bajos,14 € - 16 €,Sin Data,Indefinido,Jornada Indiferente,Sin Data,OTTO Work Force,Sin Data
2026-10-01,Trabajoscom,Barcelona,Mollet Del Valles,Fisioterapeuta 4h tarde en Mollet del Vallès,185 € - 320 €,Sin Data,Indefinido,Trabajo Por Horas,Sin Data,Fisioterapia y Psicología para Empresas,Sin Data
2026-10-01,Trabajoscom,León,Santovenia De La Valdoncina,"Fisioterapeuta de lunes a jueves de 13:55 - 17:40H en Santovenia de la Valdoncina, León",6.400 € - 11.500 €,Sin Data,Indefinido,Media Jornada,Sin Data,Fisioterapia y Psicología para Empresas,Sin Data
2026-10-01,Trabajoscom,Badajoz,Todo Badajoz,Operario/a de Almacén para GXO Logistics en Países Bajos,14 € - 16 €,Sin Data,Indefinido,Jornada Indiferente,Sin Data,OTTO Work Force,Sin Data
2026-10-01,Trabajoscom,Cádiz,Todo Cádiz,Operario/a de Almacén para GXO Logistics en Países Bajos,14 € - 16 €,Sin Data,Indefinido,Jornada Indiferente,Sin Data,OTTO Work Force,Sin Data
2026-10-01,Trabajoscom,Cáceres,Todo Cáceres,Operario/a de Almacén para GXO Logistics en Países Bajos,14 € - 16 €,Sin Data,Indefinido,Jornada Indiferente,Sin Data,OTTO Work Force,Sin Data
2026-10-01,Trabajoscom,Castellón,Todo Castellón,Operario/a de Almacén para GXO Logistics en Países Bajos,14 € - 16 €,Sin Data,Indefinido,Jornada Indiferente,Sin Data,OTTO Work Force,Sin Data
2026-10-01,Trabajoscom,Ceuta,Todo Ceuta,Operario/a de Almacén para GXO Logistics en Países Bajos,14 € - 16 €,Sin Data,Indefinido,Jornada Indiferente,Sin Data,OTTO Work Force,Sin Data
2026-10-01,Trabajoscom,León,Todo León,Operario/a de Almacén para GXO Logistics en Países Bajos,14 € - 16 €,Sin Data,Indefinido,Jornada Indiferente,Sin Data,OTTO Work Force,Sin Data
2026-10-01,Trabajoscom,Lleida,Todo Lleida,Operario/a de Almacén para GXO Logistics en Países Bajos,14 € - 16 €,Sin Data,Indefinido,Jornada Indiferente,Sin Data,OTTO Work Force,Sin Data
2026-10-01,Trabajoscom,Salamanca,Todo Salamanca,Operario/a de Almacén para GXO Logistics en Países Bajos,14 € - 16 €,Sin Data,Indefinido,Jornada Indiferente,Sin Data,OTTO Work Force,Sin Data
2026-10-01,Trabajoscom,Palencia,Todo Palencia,Operario/a de Almacén para GXO Logistics en Países Bajos,14 € - 16 €,Sin Data,Indefinido,Jornada Indiferente,Sin Data,OTTO Work Force,Sin Data
2026-10-01,Trabajoscom,Almería,Todo Almería,Repartidor/a en Albert Heijn con alojamiento incluido - Países Bajos,17 € - 18 €,Sin Data,Indefinido,Jornada Completa,Sin Data,OTTO Work Force,Sin Data
2026-10-01,Trabajoscom,Burgos,Todo Burgos,Repartidor/a en Albert Heijn con alojamiento incluido - Países Bajos,17 € - 18 €,Sin Data,Indefinido,Jornada Completa,Sin Data,OTTO Work Force,Sin Data
2026-10-01,Trabajoscom,Barcelona,Todo Barcelona,Repartidor/a en Albert Heijn con alojamiento incluido - Países Bajos,17 € - 18 €,Sin Data,Indefinido,Jornada Completa,Sin Data,OTTO Work Force,Sin Data
2026-10-01,Trabajoscom,Coruña,Todo Coruña,Repartidor/a en Albert Heijn con alojamiento incluido - Países Bajos,17 € - 18 €,Sin Data,Indefinido,Jornada Completa,Sin Data,OTTO Work Force,Sin Data
2026-10-01,Trabajoscom,Cantabria,Todo Cantabria,Repartidor/a en Albert Heijn con alojamiento incluido - Países Bajos,17 € - 18 €,Sin Data,Indefinido,Jornada Completa,Sin Data,OTTO Work Force,Sin Data
2026-10-01,Trabajoscom,Barcelona,Todo Barcelona,Personal de almacén en DSV | Países Bajos,15 € - 17 €,Sin Data,Indefinido,Jornada Intensiva,Sin Data,OTTO Work Force,Sin Data
2026-10-01,Trabajoscom,Burgos,Todo Burgos,Personal de almacén en DSV | Países Bajos,15 € - 17 €,Sin Data,Indefinido,Jornada Intensiva,Sin Data,OTTO Work Force,Sin Data
2026-10-01,Trabajoscom,Gipuzkoa,Todo Gipuzkoa,Personal de almacén en DSV | Países Bajos,15 € - 17 €,Sin Data,Indefinido,Jornada Intensiva,Sin Data,OTTO Work Force,Sin Data
2026-10-01,Trabajoscom,Castellón,Todo Castellón,Personal de almacén en DSV | Países Bajos,15 € - 17 €,Sin Data,Indefinido,Jornada Intensiva,Sin Data,OTTO Work Force,Sin Data
2026-10-01,Trabajoscom,Asturias,Todo Asturias,Personal de almacén en DSV | Países Bajos,15 € - 17 €,Sin Data,Indefinido,Jornada Intensiva,Sin Data,OTTO Work Force,Sin Data
2026-10-01,Trabajoscom,Real,Todo Real,Personal de almacén en DSV | Países Bajos,15 € - 17 €,Sin Data,Indefinido,Jornada Intensiva,Sin Data,OTTO Work Force,Sin Data
2026-10-01,Trabajoscom,Rioja,Todo Rioja,Personal de almacén en DSV | Países Bajos,15 € - 17 €,Sin Data,Indefinido,Jornada Intensiva,Sin Data,OTTO Work Force,Sin Data
2026-10-01,Trabajoscom,Jaén,Todo Jaén,Personal de almacén en DSV | Países Bajos,15 € - 17 €,Sin Data,Indefinido,Jornada Intensiva,Sin Data,OTTO Work Force,Sin Data
2026-10-01,Trabajoscom,Lugo,Todo Lugo,Personal de almacén en DSV | Países Bajos,15 € - 17 €,Sin Data,Indefinido,Jornada Intensiva,Sin Data,OTTO Work Force,Sin Data
2026-10-01,Trabajoscom,Lleida,Todo Lleida,Personal de almacén en DSV | Países Bajos,15 € - 17 €,Sin Data,Indefinido,Jornada Intensiva,Sin Data,OTTO Work Force,Sin Data
2026-10-01,Trabajoscom,Navarra,Todo Navarra,Personal de almacén en DSV | Países Bajos,15 € - 17 €,Sin Data,Indefinido,Jornada Intensiva,Sin Data,OTTO Work Force,Sin Data
2026-10-01,Trabajoscom,Sevilla,Todo Sevilla,Personal de almacén en DSV | Países Bajos,15 € - 17 €,Sin Data,Indefinido,Jornada Intensiva,Sin Data,OTTO Work Force,Sin Data
2026-10-01,Trabajoscom,Teruel,Todo Teruel,Personal de almacén en DSV | Países Bajos,15 € - 17 €,Sin Data,Indefinido,Jornada Intensiva,Sin Data,OTTO Work Force,Sin Data
2026-10-01,Trabajoscom,Soria,Todo Soria,Personal de almacén en DSV | Países Bajos,15 € - 17 €,Sin Data,Indefinido,Jornada Intensiva,Sin Data,OTTO Work Force,Sin Data
2026-10-01,Trabajoscom,Zamora,Todo Zamora,Personal de almacén en DSV | Países Bajos,15 € - 17 €,Sin Data,Indefinido,Jornada Intensiva,Sin Data,OTTO Work Force,Sin Data
2026-10-01,Trabajoscom,Palencia,Todo Palencia,Personal de almacén en DSV | Países Bajos,15 € - 17 €,Sin Data,Indefinido,Jornada Intensiva,Sin Data,OTTO Work Force,Sin Data
2026-10-01,Trabajoscom,Almería,Todo Almería,Preparador/a de Pedidos en Albert Heijn Online con Alojamiento Incluido,17 € - 18 €,Sin Data,Indefinido,Jornada Completa,Sin Data,OTTO Work Force,Sin Data
2026-10-01,Trabajoscom,Madrid,Madrid,🔥Oficial de Montaje PCI – Instalaciones de Protección Contra Incendios,Sin Data,Sin Data,Indefinido,Jornada Completa,Sin Data,Ocean Facility Services,Sin Data
2026-10-01,Trabajoscom,Navarra,Tudela,ADMINISTRATIVO/A LOGÍSTICA,Sin Data,Sin Data,De duracion determinada,Jornada Completa,Sin Data,Temps,Sin Data
2026-10-01,Trabajoscom,Barcelona,Sant Cugat Sesgarrigues,OPERARIO/A *Sant Cugat Sesgarrigues*,12 €,Sin Data,De duracion determinada,Jornada Completa,Sin Data,Temps,Sin Data
2026-10-01,Trabajoscom,Bizkaia,Bilbao,Tornero/a Industrial - Abanto y Ciérvana,Sin Data,Sin Data,Indefinido,Jornada Completa,Sin Data,Temps,Sin Data
2026-10-01,Trabajoscom,Barcelona,Granollers,OPERARIO/A DE ENCAPSULADO AUTOMÁTICO,Sin Data,Sin Data,De duracion determinada,Jornada Completa,Sin Data,Temps,Sin Data
2026-10-01,Trabajoscom,Madrid,Madrid,Soldador /a Mig Mag (SOTO DEL REAL),21.000 € - 24.000 €,Sin Data,Indefinido,Jornada Completa,Sin Data,Temps,Sin Data
2026-10-01,Trabajoscom,Zaragoza,Zaragoza,REPARTIDOR/A DE PAQUETERÍA (Posibilidad solo fines de semana),Sin Data,Sin Data,De duracion determinada,Jornada Completa,Sin Data,Temps,Sin Data
2026-10-01,Trabajoscom,Zaragoza,Zaragoza,Conductor/a camión C+E,22.000 € - 26.000 €,Sin Data,De duracion determinada,Jornada Completa,Sin Data,Temps,Sin Data
2026-10-01,Trabajoscom,Zaragoza,Zaragoza,Diseñador/a Textil,Sin Data,Sin Data,De duracion determinada,Jornada Completa,Sin Data,Temps,Sin Data
2026-10-01,Trabajoscom,Alicante,Todo Alicante,Assistente di volo per Emirates – Alloggio incluso + Stipendio esentasse negli EAU,2.600 € - 2.700 €,Sin Data,Indefinido,Jornada Completa,Sin Data,EMIRATES Airline Italia,Sin Data
2026-10-01,Trabajoscom,Almería,Todo Almería,Assistente di volo per Emirates – Alloggio incluso + Stipendio esentasse negli EAU,2.600 € - 2.700 €,Sin Data,Indefinido,Jornada Completa,Sin Data,EMIRATES Airline Italia,Sin Data
2026-10-01,Trabajoscom,Cádiz,Todo Cádiz,Assistente di volo per Emirates – Alloggio incluso + Stipendio esentasse negli EAU,2.600 € - 2.700 €,Sin Data,Indefinido,Jornada Completa,Sin Data,EMIRATES Airline Italia,Sin Data
2026-10-01,Trabajoscom,Barcelona,Todo Barcelona,Assistente di volo per Emirates – Alloggio incluso + Stipendio esentasse negli EAU,2.600 € - 2.700 €,Sin Data,Indefinido,Jornada Completa,Sin Data,EMIRATES Airline Italia,Sin Data
2026-10-01,Trabajoscom,Cáceres,Todo Cáceres,Assistente di volo per Emirates – Alloggio incluso + Stipendio esentasse negli EAU,2.600 € - 2.700 €,Sin Data,Indefinido,Jornada Completa,Sin Data,EMIRATES Airline Italia,Sin Data
2026-10-01,Trabajoscom,Cantabria,Todo Cantabria,Assistente di volo per Emirates – Alloggio incluso + Stipendio esentasse negli EAU,2.600 € - 2.700 €,Sin Data,Indefinido,Jornada Completa,Sin Data,EMIRATES Airline Italia,Sin Data
2026-10-01,Trabajoscom,Huesca,Todo Huesca,Assistente di volo per Emirates – Alloggio incluso + Stipendio esentasse negli EAU,2.600 € - 2.700 €,Sin Data,Indefinido,Jornada Completa,Sin Data,EMIRATES Airline Italia,Sin Data
2026-10-01,Trabajoscom,Rioja,Todo Rioja,Assistente di volo per Emirates – Alloggio incluso + Stipendio esentasse negli EAU,2.600 € - 2.700 €,Sin Data,Indefinido,Jornada Completa,Sin Data,EMIRATES Airline Italia,Sin Data
2026-10-01,Trabajoscom,Cuenca,Todo Cuenca,Assistente di volo per Emirates – Alloggio incluso + Stipendio esentasse negli EAU,2.600 € - 2.700 €,Sin Data,Indefinido,Jornada Completa,Sin Data,EMIRATES Airline Italia,Sin Data
2026-10-01,Trabajoscom,Granada,Todo Granada,Assistente di volo per Emirates – Alloggio incluso + Stipendio esentasse negli EAU,2.600 € - 2.700 €,Sin Data,Indefinido,Jornada Completa,Sin Data,EMIRATES Airline Italia,Sin Data
2026-10-01,Trabajoscom,Girona,Todo Girona,Assistente di volo per Emirates – Alloggio incluso + Stipendio esentasse negli EAU,2.600 € - 2.700 €,Sin Data,Indefinido,Jornada Completa,Sin Data,EMIRATES Airline Italia,Sin Data
2026-10-01,Trabajoscom,Lleida,Todo Lleida,Assistente di volo per Emirates – Alloggio incluso + Stipendio esentasse negli EAU,2.600 € - 2.700 €,Sin Data,Indefinido,Jornada Completa,Sin Data,EMIRATES Airline Italia,Sin Data
2026-10-01,Trabajoscom,Madrid,Todo Madrid,Assistente di volo per Emirates – Alloggio incluso + Stipendio esentasse negli EAU,2.600 € - 2.700 €,Sin Data,Indefinido,Jornada Completa,Sin Data,EMIRATES Airline Italia,Sin Data
2026-10-01,Trabajoscom,Murcia,Todo Murcia,Assistente di volo per Emirates – Alloggio incluso + Stipendio esentasse negli EAU,2.600 € - 2.700 €,Sin Data,Indefinido,Jornada Completa,Sin Data,EMIRATES Airline Italia,Sin Data
2026-10-01,Trabajoscom,Soria,Todo Soria,Assistente di volo per Emirates – Alloggio incluso + Stipendio esentasse negli EAU,2.600 € - 2.700 €,Sin Data,Indefinido,Jornada Completa,Sin Data,EMIRATES Airline Italia,Sin Data
2026-10-01,Trabajoscom,Salamanca,Todo Salamanca,Assistente di volo per Emirates – Alloggio incluso + Stipendio esentasse negli EAU,2.600 € - 2.700 €,Sin Data,Indefinido,Jornada Completa,Sin Data,EMIRATES Airline Italia,Sin Data
2026-10-01,Trabajoscom,Segovia,Todo Segovia,Assistente di volo per Emirates – Alloggio incluso + Stipendio esentasse negli EAU,2.600 € - 2.700 €,Sin Data,Indefinido,Jornada Completa,Sin Data,EMIRATES Airline Italia,Sin Data
2026-10-01,Trabajoscom,Zaragoza,Todo Zaragoza,Assistente di volo per Emirates – Alloggio incluso + Stipendio esentasse negli EAU,2.600 € - 2.700 €,Sin Data,Indefinido,Jornada Completa,Sin Data,EMIRATES Airline Italia,Sin Data
2026-10-01,Trabajoscom,Toledo,Todo Toledo,Assistente di volo per Emirates – Alloggio incluso + Stipendio esentasse negli EAU,2.600 € - 2.700 €,Sin Data,Indefinido,Jornada Completa,Sin Data,EMIRATES Airline Italia,Sin Data
2026-10-01,Trabajoscom,Málaga,Marbella,Técnico/a de Mantenimiento en Marbella - Contrato Indefinido y Jornada Completa,Sin Data,Sin Data,Indefinido,Jornada Completa,Sin Data,Ocean Facility Services,Sin Data
2026-10-01,Trabajoscom,Madrid,Arganda Del Rey,Copy Responsable de Producción - Sector Cartón Ondulado,25.000 € - 26.000 €,Sin Data,Indefinido,Jornada Completa,Sin Data,Temps,Sin Data
2026-10-01,Trabajoscom,Asturias,Cudillero,ASTURIAS Cajero/a Reponedor/a  Soto de Luiña,Sin Data,Sin Data,Indefinido,Jornada Indiferente,Sin Data,Grupo DIA,Sin Data
2026-10-01,Trabajoscom,Valencia,Albuixech,COMERCIAL PUERTA FRIA (ALBUIXECH),Sin Data,Sin Data,Indefinido,Jornada Indiferente,Sin Data,RAS Interim,Sin Data
2026-10-01,Trabajoscom,Tarragona,Reus,OPERARIO/A PRODUCCIÓN - La Riba,Sin Data,Sin Data,Indefinido,Jornada Indiferente,Sin Data,RAS Interim,Sin Data
2026-10-01,Trabajoscom,Tarragona,Amposta,Cajero/a Reponedor/a AMPOSTA(TARRAGONA),Sin Data,Sin Data,Indefinido,Jornada Indiferente,Sin Data,Grupo DIA,Sin Data
2026-10-01,Trabajoscom,Valencia,Puçol,SOLDADOR/A TIG (PUZOL),Sin Data,Sin Data,Indefinido,Jornada Indiferente,Sin Data,RAS Interim,Sin Data
2026-10-01,Trabajoscom,Barcelona,Martorell,OPERARIO/A METAL,Sin Data,Sin Data,Indefinido,Jornada Indiferente,Sin Data,RAS Interim,Sin Data
2026-10-01,Trabajoscom,Barcelona,Calaf,OPERARIO/A CON CARRETILLA,Sin Data,Sin Data,Indefinido,Jornada Indiferente,Sin Data,RAS Interim,Sin Data
2026-10-01,Trabajoscom,Barcelona,Sant Quirze Safaja,ADMINISTRATIVO/A DE TRÁFICO,Sin Data,Sin Data,Indefinido,Jornada Indiferente,Sin Data,RAS Interim,Sin Data
2026-10-01,Trabajoscom,Toledo,Illescas,Cajero/a Reponedor/a San Sebastián de los Reyes/Alcobendas (Madrid),Sin Data,Sin Data,Indefinido,Jornada Indiferente,Sin Data,Grupo DIA,Sin Data
2026-10-01,Trabajoscom,Madrid,Madrid,TÉCNICO/A DE RECURSOS HUMANOS,Sin Data,Sin Data,Indefinido,Jornada Indiferente,Sin Data,RAS Interim,Sin Data
2026-10-01,Trabajoscom,Valencia,Puerto De Sagunto,ADMINISTRATIVO/A CLÍNICA MÉDICA - PUERTO DE SAGUNTO,Sin Data,Sin Data,Indefinido,Jornada Indiferente,Sin Data,RAS Interim,Sin Data
2026-10-01,Trabajoscom,Sevilla,Todo Sevilla,Instalador/a Postventa SEVILLA - TEMPORAL,Sin Data,Sin Data,Indefinido,Jornada Indiferente,Sin Data,Lumon Cristales España,Sin Data
2026-10-01,Trabajoscom,Barcelona,Todo Barcelona,FINANCE & ADMINISTRATION SPECIALIST,Sin Data,Sin Data,Indefinido,Jornada Indiferente,Sin Data,RAS Interim - Recruiting,Sin Data
2026-10-01,Trabajoscom,Madrid,Todo Madrid,Beca Administración de RRHH en Getafe,Sin Data,Sin Data,Indefinido,Jornada Indiferente,Sin Data,Grupo DIA,Sin Data
2026-10-01,Trabajoscom,Barcelona,Todo Barcelona,OPERARIO/A DE PRODUCCIÓN,Sin Data,Sin Data,Indefinido,Jornada Indiferente,Sin Data,RAS Interim,Sin Data
2026-10-01,Trabajoscom,Badajoz,Merida,Cajero/a Reponedor/a para Oliva de la Frontera a 24hs,Sin Data,Sin Data,Indefinido,Jornada Indiferente,Sin Data,Grupo DIA,Sin Data
2026-10-01,Trabajoscom,Girona,Girona,PEON PARA OBRADOR,Sin Data,Sin Data,Indefinido,Jornada Indiferente,Sin Data,RAS Interim,Sin Data
2026-10-01,Trabajoscom,Girona,Girona,APLICADOR/A DE LABORATORI,Sin Data,Sin Data,Indefinido,Jornada Indiferente,Sin Data,RAS Interim,Sin Data
2026-10-01,Trabajoscom,Girona,Girona,OPERARIOS/AS DE OBRADOR,Sin Data,Sin Data,Indefinido,Jornada Indiferente,Sin Data,RAS Interim,Sin Data
2026-10-01,Trabajoscom, Barcelona, Barcelona,Ayudante de cocina (H-M),Sin Data,Sin Data,Indefinido,Jornada Completa,Sin Data,Crit Interim España ETT,Sin Data
2026-10-01,Trabajoscom, Barcelona, Barcelona,MOZO DE ALMACÉN CON CARNET DE CARRETILLERO,Sin Data,Sin Data,De duracion determinada,Jornada Completa,Sin Data,Iman Temporing,Sin Data
2026-10-01,Trabajoscom, Madrid, Madrid,Ayudante cocina en fábrica (turnos rotativos),Sin Data,Sin Data,De duracion determinada,Jornada Completa,Sin Data,Crit Interim España ETT,Sin Data
2026-10-01,Trabajoscom, Barcelona, Barcelona,Mozo/a de Almacén Materias Primas- Cosmética-,Sin Data,Sin Data,De duracion determinada,Jornada Completa,Sin Data,Iman Temporing,Sin Data
2026-10-01,Trabajoscom, Bizkaia, Bizkaia,Operario/a Horno con carretilla,Sin Data,Sin Data,De duracion determinada,Jornada Completa,Sin Data,Iman Temporing,Sin Data
2026-10-01,Trabajoscom, Palencia, Palencia,Conductor/a tráiler C+E+CAP+Tacógrafo,Sin Data,Sin Data,De duracion determinada,Jornada Completa,Sin Data,Iman Temporing,Sin Data
2026-10-01,Trabajoscom, Bizkaia, Bizkaia,Operario/a con pala cargadora,31.800 €,Sin Data,De duracion determinada,Jornada Completa,Sin Data,Iman Temporing,Sin Data
2026-10-01,Trabajoscom, Sevilla, Sevilla,Auxiliar de línea (H/M) - La Roda de Andalucía,Sin Data,Sin Data,De duracion determinada,Jornada Completa,Sin Data,Crit Interim España ETT,Sin Data
2026-10-01,Trabajoscom, Jaén, Jaén,Plegador/a CNC Linares,Sin Data,Sin Data,De duracion determinada,Jornada Completa,Sin Data,Crit Interim España ETT,Sin Data
2026-10-01,Trabajoscom, Almería, Almería,Comercial de maquinaria pesada/agrícola (H/M),Sin Data,Sin Data,Indefinido,Jornada Completa,Sin Data,Crit Interim España ETT,Sin Data
2026-10-01,Trabajoscom, Jaén, Jaén,Soldador/a para Mengíbar,Sin Data,Sin Data,De duracion determinada,Jornada Completa,Sin Data,Crit Interim España ETT,Sin Data
2026-10-01,Trabajoscom, Barcelona, Barcelona,Peón/a obrador - Sector lácteo (mañanas),Sin Data,Sin Data,De duracion determinada,Media Jornada,Sin Data,Iman Temporing,Sin Data
2026-10-01,Trabajoscom, Toledo, Toledo,Mozo/a Especialista - Borox,21.000 € - 22.000 €,Sin Data,De duracion determinada,Jornada Completa,Sin Data,Crit Interim España ETT,Sin Data
2026-10-01,Trabajoscom, Madrid, Madrid,Azafato/a Inglés Alto. Firma Textil lujo. 20 horas.,Sin Data,Sin Data,De duracion determinada,Media Jornada,Sin Data,Iman Temporing,Sin Data
2026-10-01,Trabajoscom, Alicante, Alicante,Animador/a Sociocultural Centro Residencial DomusVi Mutxamel,Sin Data,Sin Data,Indefinido,Media Jornada,Sin Data,DomusVi,Sin Data
2026-10-01,Trabajoscom, Barcelona, Barcelona,Personal de limpieza (+33%DISCAPACIDAD o IPT) Terrassa COCHE,Sin Data,Sin Data,Indefinido,Jornada Indiferente,Sin Data,Diswork,Sin Data
2026-10-01,Trabajoscom, Barcelona, Barcelona,Recepcionista - Sustitución del 30-01-02 octubre,Sin Data,Sin Data,De duracion determinada,Jornada Completa,Sin Data,Iman Temporing,Sin Data
2026-10-01,Trabajoscom, Navarra, Navarra,Carretillero/a de Expediciones,15 €,Sin Data,De duracion determinada,Jornada Completa,Sin Data,Iman Temporing,Sin Data
2026-10-01,Trabajoscom, Lugo, Lugo,Mozo/a de almacén con carretilla,20.000 € - 21.000 €,Sin Data,Indefinido,Jornada Completa,Sin Data,Iman Temporing,Sin Data
2026-10-01,Trabajoscom, Barcelona, Barcelona,Office Manager - Recepcionista (Parcial Mañanas),10.500 €,Sin Data,De duracion determinada,Media Jornada,Sin Data,Crit Interim España ETT,Sin Data
2026-10-01,Trabajoscom, Barcelona, Barcelona,"Mozo/a de Almacén, perfil administrativo (DISCAPACIDAD +33% o IPT) BCN",Sin Data,Sin Data,Indefinido,Jornada Indiferente,Sin Data,Diswork,Sin Data
2026-10-01,Trabajoscom, Barcelona, Barcelona,Administrativo/a polivalente,Sin Data,Sin Data,De duracion determinada,Jornada Completa,Sin Data,Iman Temporing,Sin Data
2026-10-01,Trabajoscom, Sevilla, Sevilla,Oficial de tercera Electricista/Mantenimiento,Sin Data,Sin Data,De duracion determinada,Jornada Completa,Sin Data,Iman Temporing,Sin Data
2026-10-01,Trabajoscom, Zaragoza, Zaragoza,Operario/a de verificación de piezas (automoción),Sin Data,Sin Data,De duracion determinada,Jornada Completa,Sin Data,Iman Temporing,Sin Data
2026-10-01,Trabajoscom, Barcelona, Barcelona,Operador/a de pala cargadora - Biomasa,Sin Data,Sin Data,Indefinido,Jornada Completa,Sin Data,Iman Temporing,Sin Data
2026-10-01,Trabajoscom, Sevilla, Sevilla,Gerocultor/a - Auxiliar de enfermería Centro Residencial DomusVi Bormujos,Sin Data,Sin Data,Indefinido,Media Jornada,Sin Data,DomusVi,Sin Data
2026-10-01,Trabajoscom, Valladolid, Valladolid,Responsable de máquina para FINES DE SEMANA,Sin Data,Sin Data,Indefinido,Jornada Completa,Sin Data,Iman Temporing,Sin Data
2026-10-01,Trabajoscom, Zaragoza, Zaragoza,Gerocultor/a - Auxiliar de enfermería Centro Residencial DomusVi Zalfonada,Sin Data,Sin Data,De duracion determinada,Jornada Completa,Sin Data,DomusVi,Sin Data
2026-10-01,Trabajoscom, Barcelona, Barcelona,Administrativo/a Logística,22.000 € - 22.500 €,Sin Data,Indefinido,Jornada Completa,Sin Data,Iman Temporing,Sin Data
2026-10-01,Trabajoscom, Pontevedra, Pontevedra,Enfermero/a - DUE Centro Residencial DomusVi Cangas,Sin Data,Sin Data,Indefinido,Jornada Completa,Sin Data,DomusVi,Sin Data
2026-10-01,Trabajoscom, Valencia, Valencia,Hornero/a supermercado,Sin Data,Sin Data,Indefinido,Jornada Completa,Sin Data,Iman Temporing,Sin Data
2026-10-01,Trabajoscom, Madrid, Madrid,Azafato/a de Degustación - Nacional 9 y 10 Octubre,Sin Data,Sin Data,De duracion determinada,Jornada Completa,Sin Data,Crit Interim España ETT,Sin Data
2026-10-01,Trabajoscom, Murcia, Murcia,Conductor/a de camión,Sin Data,Sin Data,De duracion determinada,Jornada Completa,Sin Data,Iman Temporing,Sin Data
2026-10-01,Trabajoscom, Barcelona, Barcelona,MAQUINISTA GIRATORIA (  SECTOR METAL ),26.000 € - 27.000 €,Sin Data,Indefinido,Jornada Completa,Sin Data,Iman Temporing,Sin Data
2026-10-01,Trabajoscom, Sevilla, Sevilla,Jefe/a de Obra Pública,Sin Data,Sin Data,Indefinido,Jornada Completa,Sin Data,Crit Interim España ETT,Sin Data
2026-10-01,Trabajoscom,Barcelona,Barcelona,HR - People Services Specialist - French or German - TEMP,26.000 € - 30.000 €,Sin Data,De duracion determinada,Jornada Completa,Sin Data,Michael Page,Sin Data
2026-10-01,Trabajoscom,Barcelona,Barcelona,Jefe/a de Obra de Climatización y HVAC | Barcelona,40.000 € - 45.000 €,Sin Data,Indefinido,Jornada Completa,Sin Data,Michael Page,Sin Data
2026-10-01,Trabajoscom, Ourense, Ourense,Médico/a Centro Residencial DomusVi Barra de Miño y Pereiro de Aguiar,Sin Data,Sin Data,Indefinido,Media Jornada,Sin Data,DomusVi,Sin Data
2026-10-01,Trabajoscom, Guadalajara, Guadalajara,Conductor/a de camión articulado,Sin Data,Sin Data,De duracion determinada,Jornada Completa,Sin Data,Crit Interim España ETT,Sin Data
2026-10-01,Trabajoscom, Barcelona, Barcelona,Perfiles operarios/as metal- Granollers,27.716 €,Sin Data,De duracion determinada,Jornada Indiferente,Sin Data,Pacto,Sin Data
2026-10-01,Trabajoscom, Granada, Granada,Repartidor/a Carnet B,17.000 € - 18.000 €,Sin Data,Indefinido,Jornada Completa,Sin Data,Crit Interim España ETT,Sin Data
2026-10-01,Trabajoscom, Palencia, Palencia,Operario/a automoción (Incorporación Inmediata),16.000 € - 17.000 €,Sin Data,De duracion determinada,Jornada Completa,Sin Data,Iman Temporing,Sin Data
2026-10-01,Trabajoscom, Barcelona, Barcelona,Vigilantes de seguridad,Sin Data,Sin Data,Indefinido,Jornada Completa,Sin Data,Iman Seguridad,Sin Data
2026-10-01,Trabajoscom, Barcelona, Barcelona,Responsable de Administración y Contabilidad | Controller,38.000 € - 43.000 €,Sin Data,Indefinido,Jornada Completa,Sin Data,Iman Global Consulting,Sin Data
2026-10-01,Trabajoscom, Pontevedra, Pontevedra,Cortador/a alimentación,Sin Data,Sin Data,De duracion determinada,Jornada Completa,Sin Data,Iman Temporing,Sin Data
2026-10-01,Trabajoscom, Ourense, Ourense,Camarero/a,Sin Data,Sin Data,De duracion determinada,Jornada Completa,Sin Data,Iman Temporing,Sin Data
2026-10-01,Trabajoscom, Barcelona, Barcelona,Operario/a de producción textil Rotativo M-T-N,Sin Data,Sin Data,Indefinido,Jornada Completa,Sin Data,Crit Interim España ETT,Sin Data
2026-10-01,Trabajoscom, Barcelona, Barcelona,OPERARIO/A ENSAMBLAJE,Sin Data,Sin Data,De duracion determinada,Jornada Completa,Sin Data,Iman Temporing,Sin Data
2026-10-01,Trabajoscom, Córdoba, Córdoba,Técnico/a de calidad,Sin Data,Sin Data,De duracion determinada,Jornada Completa,Sin Data,Crit Interim España ETT,Sin Data
2026-10-01,Trabajoscom, Bizkaia, Bizkaia,Jefe o Encargado de Obra (Instalaciones),Sin Data,Sin Data,Indefinido,Jornada Completa,Sin Data,Iman Global Consulting,Sin Data
2026-10-01,Trabajoscom, S.C. Tenerife, S.C. Tenerife,Jefe/a de Grupo (Edificación) en Tenerife,Sin Data,Sin Data,Indefinido,Jornada Completa,Sin Data,Iman Global Consulting,Sin Data
2026-10-01,Trabajoscom, Valladolid, Valladolid,Técnico/a de Comercio y Logística,29.856 € - 30.000 €,Sin Data,Indefinido,Jornada Completa,Sin Data,Iman Global Consulting,Sin Data
2026-10-01,Trabajoscom, Barcelona, Barcelona,Servicio de Camarero en Hotel (SÁBADO 08H A 16H),Sin Data,Sin Data,De duracion determinada,Jornada Completa,Sin Data,Crit Interim España ETT,Sin Data
2026-10-01,Trabajoscom, Asturias, Asturias,Cocinero/a - Centro Residencial DomusVi Carancos,Sin Data,Sin Data,De duracion determinada,Jornada Completa,Sin Data,DomusVi,Sin Data
2026-10-01,Trabajoscom,Madrid,Madrid,Comercial/Desarrollo de negocio pádel,30.000 €,Sin Data,Indefinido,Jornada Completa,Sin Data,Michael Page,Sin Data
2026-10-01,Trabajoscom,Zaragoza,Zaragoza,Jefe/a de proyectos construcción industrializada,36.000 € - 44.000 €,Sin Data,Indefinido,Jornada Completa,Sin Data,Michael Page,Sin Data
2026-10-01,Trabajoscom,Barcelona,Barcelona,Area Mánager Europa (Italiano - Sector Industrial),35.000 € - 45.000 €,Sin Data,Indefinido,Jornada Completa,Sin Data,Michael Page,Sin Data
2026-10-01,Trabajoscom,Zaragoza,Zaragoza,Responsable de RRHH,30.000 € - 40.000 €,Sin Data,Indefinido,Jornada Completa,Sin Data,Michael Page,Sin Data
2026-10-01,Trabajoscom, Valencia, Valencia,Oferta de Empleo,Sin Data,Sin Data,Indefinido,Jornada Indiferente,Sin Data,Restaurantes McDonalds,Sin Data
2026-10-01,Trabajoscom, Barcelona, Barcelona,Ayudante de cocina (H-M),Sin Data,Sin Data,Indefinido,Jornada Completa,Sin Data,Crit Interim España ETT,Sin Data
2026-10-01,Trabajoscom, Barcelona, Barcelona,MOZO DE ALMACÉN CON CARNET DE CARRETILLERO,Sin Data,Sin Data,De duracion determinada,Jornada Completa,Sin Data,Iman Temporing,Sin Data
2026-10-01,Trabajoscom, Madrid, Madrid,Ayudante cocina en fábrica (turnos rotativos),Sin Data,Sin Data,De duracion determinada,Jornada Completa,Sin Data,Crit Interim España ETT,Sin Data
2026-10-01,Trabajoscom, Barcelona, Barcelona,Mozo/a de Almacén Materias Primas- Cosmética-,Sin Data,Sin Data,De duracion determinada,Jornada Completa,Sin Data,Iman Temporing,Sin Data
2026-10-01,Trabajoscom, Bizkaia, Bizkaia,Operario/a Horno con carretilla,Sin Data,Sin Data,De duracion determinada,Jornada Completa,Sin Data,Iman Temporing,Sin Data
2026-10-01,Trabajoscom, Palencia, Palencia,Conductor/a tráiler C+E+CAP+Tacógrafo,Sin Data,Sin Data,De duracion determinada,Jornada Completa,Sin Data,Iman Temporing,Sin Data
2026-10-01,Trabajoscom, Bizkaia, Bizkaia,Operario/a con pala cargadora,31.800 €,Sin Data,De duracion determinada,Jornada Completa,Sin Data,Iman Temporing,Sin Data
2026-10-01,Trabajoscom, Sevilla, Sevilla,Auxiliar de línea (H/M) - La Roda de Andalucía,Sin Data,Sin Data,De duracion determinada,Jornada Completa,Sin Data,Crit Interim España ETT,Sin Data
2026-10-01,Trabajoscom, Jaén, Jaén,Plegador/a CNC Linares,Sin Data,Sin Data,De duracion determinada,Jornada Completa,Sin Data,Crit Interim España ETT,Sin Data
2026-10-01,Trabajoscom, Jaén, Jaén,Soldador/a para Mengíbar,Sin Data,Sin Data,De duracion determinada,Jornada Completa,Sin Data,Crit Interim España ETT,Sin Data
2026-10-01,Trabajoscom, Almería, Almería,Comercial de maquinaria pesada/agrícola (H/M),Sin Data,Sin Data,Indefinido,Jornada Completa,Sin Data,Crit Interim España ETT,Sin Data
2026-10-01,Trabajoscom, Barcelona, Barcelona,Peón/a obrador - Sector lácteo (mañanas),Sin Data,Sin Data,De duracion determinada,Media Jornada,Sin Data,Iman Temporing,Sin Data
2026-10-01,Trabajoscom, Toledo, Toledo,Mozo/a Especialista - Borox,21.000 € - 22.000 €,Sin Data,De duracion determinada,Jornada Completa,Sin Data,Crit Interim España ETT,Sin Data
2026-10-01,Trabajoscom, Madrid, Madrid,Azafato/a Inglés Alto. Firma Textil lujo. 20 horas.,Sin Data,Sin Data,De duracion determinada,Media Jornada,Sin Data,Iman Temporing,Sin Data
2026-10-01,Trabajoscom, Alicante, Alicante,Animador/a Sociocultural Centro Residencial DomusVi Mutxamel,Sin Data,Sin Data,Indefinido,Media Jornada,Sin Data,DomusVi,Sin Data
2026-10-01,Trabajoscom, Barcelona, Barcelona,Personal de limpieza (+33%DISCAPACIDAD o IPT) Terrassa COCHE,Sin Data,Sin Data,Indefinido,Jornada Indiferente,Sin Data,Diswork,Sin Data
2026-10-01,Trabajoscom, Barcelona, Barcelona,Administrativo/a polivalente,Sin Data,Sin Data,De duracion determinada,Jornada Completa,Sin Data,Iman Temporing,Sin Data
2026-10-01,Trabajoscom, Barcelona, Barcelona,MAQUINISTA GIRATORIA (  SECTOR METAL ),26.000 € - 27.000 €,Sin Data,Indefinido,Jornada Completa,Sin Data,Iman Temporing,Sin Data
2026-10-01,Trabajoscom, Sevilla, Sevilla,Jefe/a de Obra Pública,Sin Data,Sin Data,Indefinido,Jornada Completa,Sin Data,Crit Interim España ETT,Sin Data
2026-10-01,Trabajoscom, Barcelona, Barcelona,Administrativo/a Logística,22.000 € - 22.500 €,Sin Data,Indefinido,Jornada Completa,Sin Data,Iman Temporing,Sin Data
2026-10-01,Trabajoscom, Zaragoza, Zaragoza,Operario/a de verificación de piezas (automoción),Sin Data,Sin Data,De duracion determinada,Jornada Completa,Sin Data,Iman Temporing,Sin Data
2026-10-01,Trabajoscom, Barcelona, Barcelona,Operador/a de pala cargadora - Biomasa,Sin Data,Sin Data,Indefinido,Jornada Completa,Sin Data,Iman Temporing,Sin Data
2026-10-01,Trabajoscom, Zaragoza, Zaragoza,Gerocultor/a - Auxiliar de enfermería Centro Residencial DomusVi Zalfonada,Sin Data,Sin Data,De duracion determinada,Jornada Completa,Sin Data,DomusVi,Sin Data
2026-10-01,Trabajoscom, Valladolid, Valladolid,Responsable de máquina para FINES DE SEMANA,Sin Data,Sin Data,Indefinido,Jornada Completa,Sin Data,Iman Temporing,Sin Data
2026-10-01,Trabajoscom, Sevilla, Sevilla,Oficial de tercera Electricista/Mantenimiento,Sin Data,Sin Data,De duracion determinada,Jornada Completa,Sin Data,Iman Temporing,Sin Data
2026-10-01,Trabajoscom, Pontevedra, Pontevedra,Enfermero/a - DUE Centro Residencial DomusVi Cangas,Sin Data,Sin Data,Indefinido,Jornada Completa,Sin Data,DomusVi,Sin Data
2026-10-01,Trabajoscom, Valencia, Valencia,Hornero/a supermercado,Sin Data,Sin Data,Indefinido,Jornada Completa,Sin Data,Iman Temporing,Sin Data
2026-10-01,Trabajoscom, León, León,Animador/a Sociocultural Centro Residencial DomusVi Nuestra Señora del Camino,Sin Data,Sin Data,Indefinido,Jornada Indiferente,Sin Data,DomusVi,Sin Data
2026-10-01,Trabajoscom, Pontevedra, Pontevedra,Gerocultor/a - Auxiliar de enfermería Centro Residencial DomusVi Cangas,Sin Data,Sin Data,De duracion determinada,Jornada Completa,Sin Data,DomusVi,Sin Data
2026-10-01,Trabajoscom, Madrid, Madrid,Azafato/a de Degustación - Nacional 9 y 10 Octubre,Sin Data,Sin Data,De duracion determinada,Jornada Completa,Sin Data,Crit Interim España ETT,Sin Data
2026-10-01,Trabajoscom, Murcia, Murcia,Conductor/a de camión,Sin Data,Sin Data,De duracion determinada,Jornada Completa,Sin Data,Iman Temporing,Sin Data
2026-10-01,Trabajoscom, Navarra, Navarra,Supervisor/a camareros/as de pisos (sustitución),Sin Data,Sin Data,De duracion determinada,Media Jornada,Sin Data,Citius Outsourcing,Sin Data
2026-10-01,Trabajoscom,Barcelona,Todo Barcelona,OPERARIO/A DE PRODUCCIÓN,Sin Data,Sin Data,Indefinido,Jornada Indiferente,Sin Data,RAS Interim,Sin Data
2026-10-01,Trabajoscom,Guadalajara,Guadalajara,MOZOS/AS DE ALMACEN PICKING - GUADALAJARA,17.185 €,Sin Data,De duracion determinada,Jornada Completa,Sin Data,Grupo Noa's,Sin Data
2026-10-01,Trabajoscom,Madrid,Alcala De Henares,RESPONSABLE DE EQUIPO EN METALISTERÍA,Sin Data,Sin Data,Indefinido,Jornada Indiferente,Sin Data,RAS Interim,Sin Data
2026-10-01,Trabajoscom,Madrid,Alcobendas,Gestor/a operaciones Renting,Sin Data,Sin Data,De duracion determinada,Jornada Completa,Sin Data,Grupo Adecco,Sin Data
2026-10-01,Trabajoscom,Madrid,Alcobendas,Gestor/a Contencioso,Sin Data,Sin Data,De duracion determinada,Jornada Completa,Sin Data,Grupo Adecco,Sin Data
2026-10-01,Trabajoscom,Navarra,Pamplona/iruña,Comercial Servicios RRHH - PAMPLONA,Sin Data,Sin Data,Indefinido,Jornada Completa,Sin Data,Grupo Adecco,Sin Data
2026-10-01,Trabajoscom,Tarragona,Constantí,Médico/a Asistencial - Centro Logístico Tarragona,Sin Data,Sin Data,De duracion determinada,Media Jornada,Sin Data,Grupo Adecco,Sin Data
2026-10-01,Trabajoscom,Tarragona,Roda De Barà,Administrativo/a Contabilidad,Sin Data,Sin Data,Indefinido,Jornada Completa,Sin Data,Grupo Adecco,Sin Data
2026-10-01,Trabajoscom,Murcia,Lorca,ADMINISTRATIVO/A COMERCIO INTERNACIONAL,Sin Data,Sin Data,Indefinido,Jornada Completa,Sin Data,Grupo Adecco,Sin Data
2026-10-01,Trabajoscom,Bizkaia,Bilbao,Repartidores/as en zona Bizkaia,Sin Data,Sin Data,De duracion determinada,Jornada Completa,Sin Data,Temps,Sin Data
2026-10-01,Trabajoscom, Sevilla, Sevilla,TÉCNICO/A CALIDAD - Certificado de Discapacidad,Sin Data,Sin Data,Discapacidad,Jornada Completa,Sin Data,Gestrat Inter ETT,Sin Data
2026-10-01,Trabajoscom,León,Leon,AUXILIAR CONTABLE,17.000 € - 20.000 €,Sin Data,Indefinido,Jornada Completa,Sin Data,Vossman Techmaker,Sin Data
2026-10-01,Trabajoscom,Burgos,Burgos,ADMINISTRATIVO/A DE EXPEDICIONES CON IDIOMAS,Sin Data,Sin Data,De duracion determinada,Media Jornada,Sin Data,Grupo Adecco,Sin Data
2026-10-01,Trabajoscom,Madrid,Arganda Del Rey,TORNERO PREPARADOR  DE TORNOS CNC (8926),25.000 € - 32.000 €,Sin Data,Indefinido,Jornada Completa,Sin Data,Human Simbio Consulting,Sin Data
2026-10-01,Trabajoscom,Gipuzkoa,Todo Gipuzkoa,Consultor/ra,18 € - 30 €,Sin Data,De duracion determinada,Jornada Completa,Sin Data,AdegiLan,Sin Data
2026-10-01,Trabajoscom,Bizkaia,Todo Bizkaia,Analista de Datos,Sin Data,Sin Data,De duracion determinada,Jornada Completa,Sin Data,AdegiLan,Sin Data
2026-10-01,Trabajoscom,Soria,Todo Soria,Personal de Clasificación de Paquetería en DPD con Alojamiento Incluído,16 € - 17 €,Sin Data,Indefinido,Jornada Completa,Sin Data,OTTO Work Force,Sin Data
2026-10-01,Trabajoscom,Teruel,Todo Teruel,Personal de Clasificación de Paquetería en DPD con Alojamiento Incluído,16 € - 17 €,Sin Data,Indefinido,Jornada Completa,Sin Data,OTTO Work Force,Sin Data
2026-10-01,Trabajoscom,Navarra,Todo Navarra,Personal de Clasificación de Paquetería en DPD con Alojamiento Incluído,16 € - 17 €,Sin Data,Indefinido,Jornada Completa,Sin Data,OTTO Work Force,Sin Data
2026-10-01,Trabajoscom,León,Todo León,Personal de Clasificación de Paquetería en DPD con Alojamiento Incluído,16 € - 17 €,Sin Data,Indefinido,Jornada Completa,Sin Data,OTTO Work Force,Sin Data
2026-10-01,Trabajoscom,Zamora,Todo Zamora,Personal de Clasificación de Paquetería en DPD con Alojamiento Incluído,16 € - 17 €,Sin Data,Indefinido,Jornada Completa,Sin Data,OTTO Work Force,Sin Data
2026-10-01,Trabajoscom,Ourense,Todo Ourense,Personal de Clasificación de Paquetería en DPD con Alojamiento Incluído,16 € - 17 €,Sin Data,Indefinido,Jornada Completa,Sin Data,OTTO Work Force,Sin Data
2026-10-01,Trabajoscom,Málaga,Todo Málaga,Personal de Clasificación de Paquetería en DPD con Alojamiento Incluído,16 € - 17 €,Sin Data,Indefinido,Jornada Completa,Sin Data,OTTO Work Force,Sin Data
2026-10-01,Trabajoscom,Lleida,Todo Lleida,Personal de Clasificación de Paquetería en DPD con Alojamiento Incluído,16 € - 17 €,Sin Data,Indefinido,Jornada Completa,Sin Data,OTTO Work Force,Sin Data
2026-10-01,Trabajoscom,Murcia,Todo Murcia,Personal de Clasificación de Paquetería en DPD con Alojamiento Incluído,16 € - 17 €,Sin Data,Indefinido,Jornada Completa,Sin Data,OTTO Work Force,Sin Data
2026-10-01,Trabajoscom,Ceuta,Todo Ceuta,Personal de Clasificación de Paquetería en DPD con Alojamiento Incluído,16 € - 17 €,Sin Data,Indefinido,Jornada Completa,Sin Data,OTTO Work Force,Sin Data
2026-10-01,Trabajoscom,Ávila,Todo Ávila,Personal de Clasificación de Paquetería en DPD con Alojamiento Incluído,16 € - 17 €,Sin Data,Indefinido,Jornada Completa,Sin Data,OTTO Work Force,Sin Data
2026-10-01,Trabajoscom,Araba,Todo Araba,Personal de Clasificación de Paquetería en DPD con Alojamiento Incluído,16 € - 17 €,Sin Data,Indefinido,Jornada Completa,Sin Data,OTTO Work Force,Sin Data
2026-10-01,Trabajoscom,Almería,Todo Almería,Personal de Clasificación de Paquetería en DPD con Alojamiento Incluído,16 € - 17 €,Sin Data,Indefinido,Jornada Completa,Sin Data,OTTO Work Force,Sin Data
2026-10-01,Trabajoscom,Gipuzkoa,Todo Gipuzkoa,Personal de Clasificación de Paquetería en DPD con Alojamiento Incluído,16 € - 17 €,Sin Data,Indefinido,Jornada Completa,Sin Data,OTTO Work Force,Sin Data
2026-10-01,Trabajoscom,Alicante,Todo Alicante,Repartidor/a en Albert Heijn con alojamiento incluido y contrato indefinido,17 € - 18 €,Sin Data,Indefinido,Jornada Completa,Sin Data,OTTO Work Force,Sin Data
2026-10-01,Trabajoscom,Almería,Todo Almería,Repartidor/a en Albert Heijn con alojamiento incluido y contrato indefinido,17 € - 18 €,Sin Data,Indefinido,Jornada Completa,Sin Data,OTTO Work Force,Sin Data
2026-10-01,Trabajoscom,Araba,Todo Araba,Repartidor/a en Albert Heijn con alojamiento incluido y contrato indefinido,17 € - 18 €,Sin Data,Indefinido,Jornada Completa,Sin Data,OTTO Work Force,Sin Data
2026-10-01,Trabajoscom,Cádiz,Todo Cádiz,Repartidor/a en Albert Heijn con alojamiento incluido y contrato indefinido,17 € - 18 €,Sin Data,Indefinido,Jornada Completa,Sin Data,OTTO Work Force,Sin Data
2026-10-01,Trabajoscom,Salamanca,Todo Salamanca,Repartidor/a en Albert Heijn con alojamiento incluido y contrato indefinido,17 € - 18 €,Sin Data,Indefinido,Jornada Completa,Sin Data,OTTO Work Force,Sin Data
2026-10-01,Trabajoscom,Lleida,Todo Lleida,Repartidor/a en Albert Heijn con alojamiento incluido y contrato indefinido,17 € - 18 €,Sin Data,Indefinido,Jornada Completa,Sin Data,OTTO Work Force,Sin Data
2026-10-01,Trabajoscom,Málaga,Málaga,DEPENDIENTE/A  TIENDA DEPORTIVA 36H MÁLAGA,Sin Data,Sin Data,Indefinido,Jornada Completa,Sin Data,Grupo Adecco,Sin Data
2026-10-01,Trabajoscom,Tarragona,Todo Tarragona,Repartidor/a en Albert Heijn con alojamiento incluido y contrato indefinido,17 € - 18 €,Sin Data,Indefinido,Jornada Completa,Sin Data,OTTO Work Force,Sin Data
2026-10-01,Trabajoscom,Bizkaia,Bilbao,Hornero/a + Bizkaia,Sin Data,Sin Data,De duracion determinada,Jornada Completa,Sin Data,Temps,Sin Data
2026-10-01,Trabajoscom,Segovia,Todo Segovia,Repartidor/a en Albert Heijn con alojamiento incluido y contrato indefinido,17 € - 18 €,Sin Data,Indefinido,Jornada Completa,Sin Data,OTTO Work Force,Sin Data
2026-10-01,Trabajoscom,Madrid,Todo Madrid,Repartidor/a en Albert Heijn con alojamiento incluido y contrato indefinido,17 € - 18 €,Sin Data,Indefinido,Jornada Completa,Sin Data,OTTO Work Force,Sin Data
2026-10-01,Trabajoscom,Madrid,Cobeña,Operario/a de Producción de Cartón | Cobeña,Sin Data,Sin Data,De duracion determinada,Jornada Completa,Sin Data,Temps,Sin Data
2026-10-01,Trabajoscom,Castellón,Todo Castellón,Repartidor/a en Albert Heijn con alojamiento incluido y contrato indefinido,17 € - 18 €,Sin Data,Indefinido,Jornada Completa,Sin Data,OTTO Work Force,Sin Data
2026-10-01,Trabajoscom,Cantabria,Todo Cantabria,Repartidor/a en Albert Heijn con alojamiento incluido y contrato indefinido,17 € - 18 €,Sin Data,Indefinido,Jornada Completa,Sin Data,OTTO Work Force,Sin Data
2026-10-01,Trabajoscom,Ávila,Todo Ávila,Repartidor/a en Albert Heijn con alojamiento incluido y contrato indefinido,17 € - 18 €,Sin Data,Indefinido,Jornada Completa,Sin Data,OTTO Work Force,Sin Data
2026-10-01,Trabajoscom,Gipuzkoa,Todo Gipuzkoa,Repartidor/a en Albert Heijn con alojamiento incluido y contrato indefinido,17 € - 18 €,Sin Data,Indefinido,Jornada Completa,Sin Data,OTTO Work Force,Sin Data
2026-10-01,Trabajoscom,Soria,Todo Soria,Repartidor/a en Albert Heijn con alojamiento incluido y contrato indefinido,17 € - 18 €,Sin Data,Indefinido,Jornada Completa,Sin Data,OTTO Work Force,Sin Data
2026-10-01,Trabajoscom,Ourense,Todo Ourense,Repartidor/a en Albert Heijn con alojamiento incluido y contrato indefinido,17 € - 18 €,Sin Data,Indefinido,Jornada Completa,Sin Data,OTTO Work Force,Sin Data
2026-10-01,Trabajoscom,Gipuzkoa,Todo Gipuzkoa,DIRECTOR/A FINANCIERO/A,40.000 € - 50.000 €,Sin Data,Indefinido,Jornada Completa,Sin Data,AdegiLan,Sin Data
2026-10-01,Trabajoscom,Gipuzkoa,Todo Gipuzkoa,Operario/a de mecanizado,Sin Data,Sin Data,De duracion determinada,Jornada Completa,Sin Data,AdegiLan,Sin Data
2026-10-01,Trabajoscom,Gipuzkoa,Todo Gipuzkoa,Tecnico/a de PRL y Medio Ambiente,Sin Data,Sin Data,Indefinido,Jornada Completa,Sin Data,AdegiLan,Sin Data
2026-10-01,Trabajoscom,Gipuzkoa,Todo Gipuzkoa,Delegado/a en Gipuzkoa,42.000 € - 54.000 €,Sin Data,Indefinido,Jornada Completa,Sin Data,AdegiLan,Sin Data
2026-10-01,Trabajoscom,Gipuzkoa,Todo Gipuzkoa,Personal de muelle,18.000 € - 30.000 €,Sin Data,De duracion determinada,Jornada Completa,Sin Data,AdegiLan,Sin Data
2026-10-01,Trabajoscom,Gipuzkoa,Todo Gipuzkoa,CALDERERO/A,Sin Data,Sin Data,Indefinido,Jornada Completa,Sin Data,AdegiLan,Sin Data
2026-10-01,Trabajoscom,Barcelona,Sant Just Desvern,SUPERVISORA / COMERCIAL – SECTOR LIMPIEZA,Sin Data,Sin Data,De duracion determinada,Jornada Completa,Sin Data,Sernet Servicios Integrales,Sin Data
2026-10-01,Trabajoscom,Barcelona,Sabadell,MOZO/A DE ALMACEN,Sin Data,Sin Data,Indefinido,Jornada Indiferente,Sin Data,RAS Interim,Sin Data
2026-10-01,Trabajoscom,Girona,Girona,APLICADOR/A DE LABORATORI,Sin Data,Sin Data,Indefinido,Jornada Indiferente,Sin Data,RAS Interim,Sin Data
2026-10-01,Trabajoscom,Girona,Girona,OPERARI/A PREPARADOR DE MATÈRIES PRIMERES,Sin Data,Sin Data,Indefinido,Jornada Indiferente,Sin Data,RAS Interim,Sin Data
2026-10-01,Trabajoscom,Sevilla,Aznalcázar,OFICIAL DE SEGUNDA MECANICO/A -AZNALCÁZAR,12 €,Sin Data,De duracion determinada,Jornada Completa,Sin Data,Temps,Sin Data
2026-10-01,Trabajoscom,Zaragoza,Belchite,Operario/a de granja,Sin Data,Sin Data,Indefinido,Jornada Completa,Sin Data,Temps,Sin Data
2026-10-01,Trabajoscom,Barcelona,Rubi,Gruista,32.000 € - 33.000 €,Sin Data,Indefinido,Jornada Completa,Sin Data,Vanaguer,Sin Data
2026-10-01,Trabajoscom,Cáceres,Todo Cáceres,Personal de almacén en DSV | Países Bajos,15 € - 17 €,Sin Data,Indefinido,Jornada Intensiva,Sin Data,OTTO Work Force,Sin Data
2026-10-01,Trabajoscom,Huelva,Todo Huelva,Personal de almacén en DSV | Países Bajos,15 € - 17 €,Sin Data,Indefinido,Jornada Intensiva,Sin Data,OTTO Work Force,Sin Data
2026-10-01,Trabajoscom,Cuenca,Todo Cuenca,Personal de almacén en DSV | Países Bajos,15 € - 17 €,Sin Data,Indefinido,Jornada Intensiva,Sin Data,OTTO Work Force,Sin Data
2026-10-01,Trabajoscom,Cantabria,Todo Cantabria,Personal de almacén en DSV | Países Bajos,15 € - 17 €,Sin Data,Indefinido,Jornada Intensiva,Sin Data,OTTO Work Force,Sin Data
2026-10-01,Trabajoscom,Guadalajara,Todo Guadalajara,Personal de almacén en DSV | Países Bajos,15 € - 17 €,Sin Data,Indefinido,Jornada Intensiva,Sin Data,OTTO Work Force,Sin Data
2026-10-01,Trabajoscom,Girona,Todo Girona,Personal de almacén en DSV | Países Bajos,15 € - 17 €,Sin Data,Indefinido,Jornada Intensiva,Sin Data,OTTO Work Force,Sin Data
2026-10-01,Trabajoscom,Málaga,Todo Málaga,Personal de almacén en DSV | Países Bajos,15 € - 17 €,Sin Data,Indefinido,Jornada Intensiva,Sin Data,OTTO Work Force,Sin Data
2026-10-01,Trabajoscom,Huesca,Todo Huesca,Personal de almacén en DSV | Países Bajos,15 € - 17 €,Sin Data,Indefinido,Jornada Intensiva,Sin Data,OTTO Work Force,Sin Data
2026-10-01,Trabajoscom,Murcia,Todo Murcia,Personal de almacén en DSV | Países Bajos,15 € - 17 €,Sin Data,Indefinido,Jornada Intensiva,Sin Data,OTTO Work Force,Sin Data
2026-10-01,Trabajoscom,Tenerife,Todo Tenerife,Personal de almacén en DSV | Países Bajos,15 € - 17 €,Sin Data,Indefinido,Jornada Intensiva,Sin Data,OTTO Work Force,Sin Data
2026-10-01,Trabajoscom,Valencia,Todo Valencia,Personal de almacén en DSV | Países Bajos,15 € - 17 €,Sin Data,Indefinido,Jornada Intensiva,Sin Data,OTTO Work Force,Sin Data
2026-10-01,Trabajoscom,Araba,Todo Araba,Preparador/a de Pedidos en Albert Heijn Online con Alojamiento Incluido,17 € - 18 €,Sin Data,Indefinido,Jornada Completa,Sin Data,OTTO Work Force,Sin Data
2026-10-01,Trabajoscom,Toledo,Todo Toledo,Personal de almacén en DSV | Países Bajos,15 € - 17 €,Sin Data,Indefinido,Jornada Intensiva,Sin Data,OTTO Work Force,Sin Data
2026-10-01,Trabajoscom,Valladolid,Todo Valladolid,Personal de almacén en DSV | Países Bajos,15 € - 17 €,Sin Data,Indefinido,Jornada Intensiva,Sin Data,OTTO Work Force,Sin Data
2026-10-01,Trabajoscom,Badajoz,Todo Badajoz,Preparador/a de Pedidos en Albert Heijn Online con Alojamiento Incluido,17 € - 18 €,Sin Data,Indefinido,Jornada Completa,Sin Data,OTTO Work Force,Sin Data
2026-10-01,Trabajoscom,Zaragoza,Todo Zaragoza,Personal de almacén en DSV | Países Bajos,15 € - 17 €,Sin Data,Indefinido,Jornada Intensiva,Sin Data,OTTO Work Force,Sin Data
2026-10-01,Trabajoscom,Castellón,Todo Castellón,Preparador/a de Pedidos en Albert Heijn Online con Alojamiento Incluido,17 € - 18 €,Sin Data,Indefinido,Jornada Completa,Sin Data,OTTO Work Force,Sin Data
2026-10-01,Trabajoscom,Real,Todo Real,Preparador/a de Pedidos en Albert Heijn Online con Alojamiento Incluido,17 € - 18 €,Sin Data,Indefinido,Jornada Completa,Sin Data,OTTO Work Force,Sin Data
2026-10-01,Trabajoscom,Barcelona,Todo Barcelona,Preparador/a de Pedidos en Albert Heijn Online con Alojamiento Incluido,17 € - 18 €,Sin Data,Indefinido,Jornada Completa,Sin Data,OTTO Work Force,Sin Data
2026-10-01,Trabajoscom,Burgos,Todo Burgos,Preparador/a de Pedidos en Albert Heijn Online con Alojamiento Incluido,17 € - 18 €,Sin Data,Indefinido,Jornada Completa,Sin Data,OTTO Work Force,Sin Data
2026-10-01,Trabajoscom,Gipuzkoa,Todo Gipuzkoa,Preparador/a de Pedidos en Albert Heijn Online con Alojamiento Incluido,17 € - 18 €,Sin Data,Indefinido,Jornada Completa,Sin Data,OTTO Work Force,Sin Data
2026-10-01,Trabajoscom,Rioja,Todo Rioja,Preparador/a de Pedidos en Albert Heijn Online con Alojamiento Incluido,17 € - 18 €,Sin Data,Indefinido,Jornada Completa,Sin Data,OTTO Work Force,Sin Data
2026-10-01,Trabajoscom,Lugo,Todo Lugo,Preparador/a de Pedidos en Albert Heijn Online con Alojamiento Incluido,17 € - 18 €,Sin Data,Indefinido,Jornada Completa,Sin Data,OTTO Work Force,Sin Data
2026-10-01,Trabajoscom,Guadalajara,Todo Guadalajara,Preparador/a de Pedidos en Albert Heijn Online con Alojamiento Incluido,17 € - 18 €,Sin Data,Indefinido,Jornada Completa,Sin Data,OTTO Work Force,Sin Data
2026-10-01,Trabajoscom,Lleida,Todo Lleida,Preparador/a de Pedidos en Albert Heijn Online con Alojamiento Incluido,17 € - 18 €,Sin Data,Indefinido,Jornada Completa,Sin Data,OTTO Work Force,Sin Data
2026-10-01,Trabajoscom,Murcia,Todo Murcia,Preparador/a de Pedidos en Albert Heijn Online con Alojamiento Incluido,17 € - 18 €,Sin Data,Indefinido,Jornada Completa,Sin Data,OTTO Work Force,Sin Data
2026-10-01,Trabajoscom,Huelva,Todo Huelva,Preparador/a de Pedidos en Albert Heijn Online con Alojamiento Incluido,17 € - 18 €,Sin Data,Indefinido,Jornada Completa,Sin Data,OTTO Work Force,Sin Data
2026-10-01,Trabajoscom,Jaén,Todo Jaén,Preparador/a de Pedidos en Albert Heijn Online con Alojamiento Incluido,17 € - 18 €,Sin Data,Indefinido,Jornada Completa,Sin Data,OTTO Work Force,Sin Data
2026-10-01,Trabajoscom,Ourense,Todo Ourense,Preparador/a de Pedidos en Albert Heijn Online con Alojamiento Incluido,17 € - 18 €,Sin Data,Indefinido,Jornada Completa,Sin Data,OTTO Work Force,Sin Data
2026-10-01,Trabajoscom,Tenerife,Todo Tenerife,Preparador/a de Pedidos en Albert Heijn Online con Alojamiento Incluido,17 € - 18 €,Sin Data,Indefinido,Jornada Completa,Sin Data,OTTO Work Force,Sin Data
2026-10-01,Trabajoscom,Tenerife,Todo Tenerife,Operario/a Almacén PVH (Tommy Hilfiger & Calvin Klein) con Alojamiento Incluido,15 € - 17 €,Sin Data,Indefinido,Jornada Intensiva,Sin Data,OTTO Work Force,Sin Data
2026-10-01,Trabajoscom,Soria,Todo Soria,Operario/a Almacén PVH (Tommy Hilfiger & Calvin Klein) con Alojamiento Incluido,15 € - 17 €,Sin Data,Indefinido,Jornada Intensiva,Sin Data,OTTO Work Force,Sin Data
2026-10-01,Trabajoscom,Granada,Todo Granada,Comercial Asesor/a Sector Belleza y Salud Capilar en Granada,Sin Data,Sin Data,Indefinido,Jornada Completa,Sin Data,Laboratorios Kapyderm,Sin Data
2026-10-01,Trabajoscom,Barcelona,Todo Barcelona,Operario/a de Almacén para GXO Logistics en Países Bajos,14 € - 16 €,Sin Data,Indefinido,Jornada Indiferente,Sin Data,OTTO Work Force,Sin Data
2026-10-01,Trabajoscom,Baleares,Todo Baleares,Operario/a de Almacén para GXO Logistics en Países Bajos,14 € - 16 €,Sin Data,Indefinido,Jornada Indiferente,Sin Data,OTTO Work Force,Sin Data
2026-10-01,Trabajoscom,Asturias,Todo Asturias,Operario/a de Almacén para GXO Logistics en Países Bajos,14 € - 16 €,Sin Data,Indefinido,Jornada Indiferente,Sin Data,OTTO Work Force,Sin Data
2026-10-01,Trabajoscom,Burgos,Todo Burgos,Operario/a de Almacén para GXO Logistics en Países Bajos,14 € - 16 €,Sin Data,Indefinido,Jornada Indiferente,Sin Data,OTTO Work Force,Sin Data
2026-10-01,Trabajoscom,Bizkaia,Todo Bizkaia,Operario/a de Almacén para GXO Logistics en Países Bajos,14 € - 16 €,Sin Data,Indefinido,Jornada Indiferente,Sin Data,OTTO Work Force,Sin Data
2026-10-01,Trabajoscom,Granada,Todo Granada,Operario/a de Almacén para GXO Logistics en Países Bajos,14 € - 16 €,Sin Data,Indefinido,Jornada Indiferente,Sin Data,OTTO Work Force,Sin Data
2026-10-01,Trabajoscom,Gipuzkoa,Todo Gipuzkoa,Operario/a de Almacén para GXO Logistics en Países Bajos,14 € - 16 €,Sin Data,Indefinido,Jornada Indiferente,Sin Data,OTTO Work Force,Sin Data
2026-10-01,Trabajoscom,Guadalajara,Todo Guadalajara,Operario/a de Almacén para GXO Logistics en Países Bajos,14 € - 16 €,Sin Data,Indefinido,Jornada Indiferente,Sin Data,OTTO Work Force,Sin Data
2026-10-01,Trabajoscom,Real,Todo Real,Operario/a de Almacén para GXO Logistics en Países Bajos,14 € - 16 €,Sin Data,Indefinido,Jornada Indiferente,Sin Data,OTTO Work Force,Sin Data
2026-10-01,Trabajoscom,Huelva,Todo Huelva,Operario/a de Almacén para GXO Logistics en Países Bajos,14 € - 16 €,Sin Data,Indefinido,Jornada Indiferente,Sin Data,OTTO Work Force,Sin Data
2026-10-01,Trabajoscom,Palmas,Todo Palmas,Operario/a de Almacén para GXO Logistics en Países Bajos,14 € - 16 €,Sin Data,Indefinido,Jornada Indiferente,Sin Data,OTTO Work Force,Sin Data
2026-10-01,Trabajoscom,Madrid,Todo Madrid,Operario/a de Almacén para GXO Logistics en Países Bajos,14 € - 16 €,Sin Data,Indefinido,Jornada Indiferente,Sin Data,OTTO Work Force,Sin Data
2026-10-01,Trabajoscom,Rioja,Todo Rioja,Operario/a de Almacén para GXO Logistics en Países Bajos,14 € - 16 €,Sin Data,Indefinido,Jornada Indiferente,Sin Data,OTTO Work Force,Sin Data
2026-10-01,Trabajoscom,Lugo,Todo Lugo,Operario/a de Almacén para GXO Logistics en Países Bajos,14 € - 16 €,Sin Data,Indefinido,Jornada Indiferente,Sin Data,OTTO Work Force,Sin Data
2026-10-01,Trabajoscom,Melilla,Todo Melilla,Operario/a de Almacén para GXO Logistics en Países Bajos,14 € - 16 €,Sin Data,Indefinido,Jornada Indiferente,Sin Data,OTTO Work Force,Sin Data
2026-10-01,Trabajoscom,Pontevedra,Todo Pontevedra,Operario/a de Almacén para GXO Logistics en Países Bajos,14 € - 16 €,Sin Data,Indefinido,Jornada Indiferente,Sin Data,OTTO Work Force,Sin Data
2026-10-01,Trabajoscom,Toledo,Todo Toledo,Repartidor/a en Albert Heijn con alojamiento incluido - Países Bajos,17 € - 18 €,Sin Data,Indefinido,Jornada Completa,Sin Data,OTTO Work Force,Sin Data
2026-10-01,Trabajoscom,Madrid,Valdeolmos-Alalpardo,Maquinista de troquelado - turnos rotativos - Zona Valdeolmos Alalpardo,21.000 € - 24.000 €,Sin Data,De duracion determinada,Jornada Completa,Sin Data,Temps,Sin Data
2026-10-01,Trabajoscom,Valencia,Valencia,Auxiliar técnico/a de PRL,23.000 € - 24.000 €,Sin Data,De duracion determinada,Jornada Completa,Sin Data,Temps,Sin Data
2026-10-01,Trabajoscom,Zamora,Todo Zamora,Preparador/a de Pedidos en Albert Heijn Online con Alojamiento Incluido,17 € - 18 €,Sin Data,Indefinido,Jornada Completa,Sin Data,OTTO Work Force,Sin Data
2026-10-01,Trabajoscom,Zaragoza,Todo Zaragoza,Preparador/a de Pedidos en Albert Heijn Online con Alojamiento Incluido,17 € - 18 €,Sin Data,Indefinido,Jornada Completa,Sin Data,OTTO Work Force,Sin Data
2026-10-01,Trabajoscom,Coruña,Todo Coruña,Operario/a Almacén PVH (Tommy Hilfiger & Calvin Klein) con Alojamiento Incluido,15 € - 17 €,Sin Data,Indefinido,Jornada Intensiva,Sin Data,OTTO Work Force,Sin Data
2026-10-01,Trabajoscom,Tenerife,Todo Tenerife,Comercial Asesor/a Sector Belleza y Salud Capilar,Sin Data,Sin Data,Indefinido,Jornada Completa,Sin Data,Laboratorios Kapyderm,Sin Data
2026-10-01,Trabajoscom,Asturias,Todo Asturias,Operario/a Almacén PVH (Tommy Hilfiger & Calvin Klein) con Alojamiento Incluido,15 € - 17 €,Sin Data,Indefinido,Jornada Intensiva,Sin Data,OTTO Work Force,Sin Data
2026-10-01,Trabajoscom,Badajoz,Todo Badajoz,Operario/a Almacén PVH (Tommy Hilfiger & Calvin Klein) con Alojamiento Incluido,15 € - 17 €,Sin Data,Indefinido,Jornada Intensiva,Sin Data,OTTO Work Force,Sin Data
2026-10-01,Trabajoscom,Burgos,Todo Burgos,Operario/a Almacén PVH (Tommy Hilfiger & Calvin Klein) con Alojamiento Incluido,15 € - 17 €,Sin Data,Indefinido,Jornada Intensiva,Sin Data,OTTO Work Force,Sin Data
2026-10-01,Trabajoscom,Alicante,Todo Alicante,Operario/a Almacén PVH (Tommy Hilfiger & Calvin Klein) con Alojamiento Incluido,15 € - 17 €,Sin Data,Indefinido,Jornada Intensiva,Sin Data,OTTO Work Force,Sin Data
2026-10-01,Trabajoscom,Baleares,Todo Baleares,Operario/a Almacén PVH (Tommy Hilfiger & Calvin Klein) con Alojamiento Incluido,15 € - 17 €,Sin Data,Indefinido,Jornada Intensiva,Sin Data,OTTO Work Force,Sin Data
2026-10-01,Trabajoscom,Cáceres,Todo Cáceres,Operario/a Almacén PVH (Tommy Hilfiger & Calvin Klein) con Alojamiento Incluido,15 € - 17 €,Sin Data,Indefinido,Jornada Intensiva,Sin Data,OTTO Work Force,Sin Data
2026-10-01,Trabajoscom,Girona,Todo Girona,Operario/a Almacén PVH (Tommy Hilfiger & Calvin Klein) con Alojamiento Incluido,15 € - 17 €,Sin Data,Indefinido,Jornada Intensiva,Sin Data,OTTO Work Force,Sin Data
2026-10-01,Trabajoscom,Guadalajara,Todo Guadalajara,Operario/a Almacén PVH (Tommy Hilfiger & Calvin Klein) con Alojamiento Incluido,15 € - 17 €,Sin Data,Indefinido,Jornada Intensiva,Sin Data,OTTO Work Force,Sin Data
2026-10-01,Trabajoscom,Huesca,Todo Huesca,Operario/a Almacén PVH (Tommy Hilfiger & Calvin Klein) con Alojamiento Incluido,15 € - 17 €,Sin Data,Indefinido,Jornada Intensiva,Sin Data,OTTO Work Force,Sin Data
2026-10-01,Trabajoscom,Murcia,Todo Murcia,Operario/a Almacén PVH (Tommy Hilfiger & Calvin Klein) con Alojamiento Incluido,15 € - 17 €,Sin Data,Indefinido,Jornada Intensiva,Sin Data,OTTO Work Force,Sin Data
2026-10-01,Trabajoscom,Lugo,Todo Lugo,Operario/a Almacén PVH (Tommy Hilfiger & Calvin Klein) con Alojamiento Incluido,15 € - 17 €,Sin Data,Indefinido,Jornada Intensiva,Sin Data,OTTO Work Force,Sin Data
2026-10-01,Trabajoscom,Ourense,Todo Ourense,Operario/a Almacén PVH (Tommy Hilfiger & Calvin Klein) con Alojamiento Incluido,15 € - 17 €,Sin Data,Indefinido,Jornada Intensiva,Sin Data,OTTO Work Force,Sin Data
2026-10-01,Trabajoscom,Palencia,Todo Palencia,Operario/a Almacén PVH (Tommy Hilfiger & Calvin Klein) con Alojamiento Incluido,15 € - 17 €,Sin Data,Indefinido,Jornada Intensiva,Sin Data,OTTO Work Force,Sin Data
2026-10-01,Trabajoscom,Segovia,Todo Segovia,Operario/a Almacén PVH (Tommy Hilfiger & Calvin Klein) con Alojamiento Incluido,15 € - 17 €,Sin Data,Indefinido,Jornada Intensiva,Sin Data,OTTO Work Force,Sin Data
2026-10-01,Trabajoscom,Badajoz,Todo Badajoz,Repartidor/a en Albert Heijn con alojamiento incluido - Países Bajos,17 € - 18 €,Sin Data,Indefinido,Jornada Completa,Sin Data,OTTO Work Force,Sin Data
2026-10-01,Trabajoscom,Ávila,Todo Ávila,Repartidor/a en Albert Heijn con alojamiento incluido - Países Bajos,17 € - 18 €,Sin Data,Indefinido,Jornada Completa,Sin Data,OTTO Work Force,Sin Data
2026-10-01,Trabajoscom,Alicante,Todo Alicante,Repartidor/a en Albert Heijn con alojamiento incluido - Países Bajos,17 € - 18 €,Sin Data,Indefinido,Jornada Completa,Sin Data,OTTO Work Force,Sin Data
2026-10-01,Trabajoscom,Albacete,Todo Albacete,Repartidor/a en Albert Heijn con alojamiento incluido - Países Bajos,17 € - 18 €,Sin Data,Indefinido,Jornada Completa,Sin Data,OTTO Work Force,Sin Data
2026-10-01,Trabajoscom,Bizkaia,Todo Bizkaia,Repartidor/a en Albert Heijn con alojamiento incluido - Países Bajos,17 € - 18 €,Sin Data,Indefinido,Jornada Completa,Sin Data,OTTO Work Force,Sin Data
2026-10-01,Trabajoscom,Cáceres,Todo Cáceres,Repartidor/a en Albert Heijn con alojamiento incluido - Países Bajos,17 € - 18 €,Sin Data,Indefinido,Jornada Completa,Sin Data,OTTO Work Force,Sin Data
2026-10-01,Trabajoscom,Real,Todo Real,Repartidor/a en Albert Heijn con alojamiento incluido - Países Bajos,17 € - 18 €,Sin Data,Indefinido,Jornada Completa,Sin Data,OTTO Work Force,Sin Data
2026-10-01,Trabajoscom,Gipuzkoa,Todo Gipuzkoa,Repartidor/a en Albert Heijn con alojamiento incluido - Países Bajos,17 € - 18 €,Sin Data,Indefinido,Jornada Completa,Sin Data,OTTO Work Force,Sin Data
2026-10-01,Trabajoscom,Huelva,Todo Huelva,Repartidor/a en Albert Heijn con alojamiento incluido - Países Bajos,17 € - 18 €,Sin Data,Indefinido,Jornada Completa,Sin Data,OTTO Work Force,Sin Data
2026-10-01,Trabajoscom,Castellón,Todo Castellón,Repartidor/a en Albert Heijn con alojamiento incluido - Países Bajos,17 € - 18 €,Sin Data,Indefinido,Jornada Completa,Sin Data,OTTO Work Force,Sin Data
2026-10-01,Trabajoscom,Jaén,Todo Jaén,Repartidor/a en Albert Heijn con alojamiento incluido - Países Bajos,17 € - 18 €,Sin Data,Indefinido,Jornada Completa,Sin Data,OTTO Work Force,Sin Data
2026-10-01,Trabajoscom,Cuenca,Todo Cuenca,Repartidor/a en Albert Heijn con alojamiento incluido - Países Bajos,17 € - 18 €,Sin Data,Indefinido,Jornada Completa,Sin Data,OTTO Work Force,Sin Data
2026-10-01,Trabajoscom,Rioja,Todo Rioja,Repartidor/a en Albert Heijn con alojamiento incluido - Países Bajos,17 € - 18 €,Sin Data,Indefinido,Jornada Completa,Sin Data,OTTO Work Force,Sin Data
2026-10-01,Trabajoscom,Melilla,Todo Melilla,Operario/a de Almacén para GXO Logistics en Países Bajos,14 € - 16 €,Sin Data,Indefinido,Jornada Indiferente,Sin Data,OTTO Work Force,Sin Data
2026-10-01,Trabajoscom,Pontevedra,Todo Pontevedra,Operario/a de Almacén para GXO Logistics en Países Bajos,14 € - 16 €,Sin Data,Indefinido,Jornada Indiferente,Sin Data,OTTO Work Force,Sin Data
2026-10-01,Trabajoscom,Navarra,Todo Navarra,Operario/a de Almacén para GXO Logistics en Países Bajos,14 € - 16 €,Sin Data,Indefinido,Jornada Indiferente,Sin Data,OTTO Work Force,Sin Data
2026-10-01,Trabajoscom,Tenerife,Todo Tenerife,Operario/a de Almacén para GXO Logistics en Países Bajos,14 € - 16 €,Sin Data,Indefinido,Jornada Indiferente,Sin Data,OTTO Work Force,Sin Data
2026-10-01,Trabajoscom,Badajoz,Todo Badajoz,Repartidor/a en Albert Heijn con alojamiento incluido - Países Bajos,17 € - 18 €,Sin Data,Indefinido,Jornada Completa,Sin Data,OTTO Work Force,Sin Data
2026-10-01,Trabajoscom,Ávila,Todo Ávila,Repartidor/a en Albert Heijn con alojamiento incluido - Países Bajos,17 € - 18 €,Sin Data,Indefinido,Jornada Completa,Sin Data,OTTO Work Force,Sin Data
2026-10-01,Trabajoscom,Alicante,Todo Alicante,Repartidor/a en Albert Heijn con alojamiento incluido - Países Bajos,17 € - 18 €,Sin Data,Indefinido,Jornada Completa,Sin Data,OTTO Work Force,Sin Data
2026-10-01,Trabajoscom,Albacete,Todo Albacete,Repartidor/a en Albert Heijn con alojamiento incluido - Países Bajos,17 € - 18 €,Sin Data,Indefinido,Jornada Completa,Sin Data,OTTO Work Force,Sin Data
2026-10-01,Trabajoscom,Madrid,Valdeolmos-Alalpardo,Maquinista de troquelado - turnos rotativos - Zona Valdeolmos Alalpardo,21.000 € - 24.000 €,Sin Data,De duracion determinada,Jornada Completa,Sin Data,Temps,Sin Data
2026-10-01,Trabajoscom,Valencia,Valencia,Auxiliar técnico/a de PRL,23.000 € - 24.000 €,Sin Data,De duracion determinada,Jornada Completa,Sin Data,Temps,Sin Data
2026-10-01,Trabajoscom,Coruña,Todo Coruña,Assistente di volo per Emirates – Alloggio incluso + Stipendio esentasse negli EAU,2.600 € - 2.700 €,Sin Data,Indefinido,Jornada Completa,Sin Data,EMIRATES Airline Italia,Sin Data
2026-10-01,Trabajoscom,Barcelona,Todo Barcelona,MOZO/A DE ALMACÉN,Sin Data,Sin Data,Indefinido,Jornada Indiferente,Sin Data,RAS Interim,Sin Data
2026-10-01,Trabajoscom,Valencia,Albuixech,ADMINISTRATIVO/A CONTABLE CON INGLÉS O FRANCÉS FLUIDO,Sin Data,Sin Data,Indefinido,Jornada Completa,Sin Data,Temps,Sin Data
2026-10-01,Trabajoscom,Málaga,Málaga,Repartidor/a Paquetería en Furgoneta para Málaga INCORPORACION INMEDIATA,1.500 € - 1.600 €,Sin Data,De duracion determinada,Jornada Completa,Sin Data,Temps,Sin Data
2026-10-01,Trabajoscom,Sevilla,Sevilla,OPERARIO/A DE PRODUCCIÓN - AZNALCÁZAR,Sin Data,Sin Data,De duracion determinada,Jornada Completa,Sin Data,Temps,Sin Data
2026-10-01,Trabajoscom,Madrid,Madrid,⚡ Oficial de 1ª Electricista – Madrid.,Sin Data,Sin Data,Indefinido,Jornada Completa,Sin Data,Ocean Facility Services,Sin Data
2026-10-01,Trabajoscom, Barcelona, Barcelona,PROFESIONAL LIMPIEZA (CORRÓ D'AVALL-LES FRANQUESES DEL VALLÈS- ID 74187),228 €,Sin Data,Indefinido,Media Jornada,Sin Data,Multiserveis Ndavant,Sin Data
2026-10-01,Trabajoscom,Madrid,San Fernando De Henares,Soldador Cerrajero para San Fernando de Henares (8826),23.000 € - 26.000 €,Sin Data,Indefinido,Jornada Completa,Sin Data,Human Simbio Consulting,Sin Data
2026-10-01,Trabajoscom,Bizkaia,Todo Bizkaia,Assistente di volo per Emirates – Alloggio incluso + Stipendio esentasse negli EAU,2.600 € - 2.700 €,Sin Data,Indefinido,Jornada Completa,Sin Data,EMIRATES Airline Italia,Sin Data
2026-10-01,Trabajoscom,Ávila,Todo Ávila,Assistente di volo per Emirates – Alloggio incluso + Stipendio esentasse negli EAU,2.600 € - 2.700 €,Sin Data,Indefinido,Jornada Completa,Sin Data,EMIRATES Airline Italia,Sin Data
2026-10-01,Trabajoscom,Real,Todo Real,Assistente di volo per Emirates – Alloggio incluso + Stipendio esentasse negli EAU,2.600 € - 2.700 €,Sin Data,Indefinido,Jornada Completa,Sin Data,EMIRATES Airline Italia,Sin Data
2026-10-01,Trabajoscom,Castellón,Todo Castellón,Assistente di volo per Emirates – Alloggio incluso + Stipendio esentasse negli EAU,2.600 € - 2.700 €,Sin Data,Indefinido,Jornada Completa,Sin Data,EMIRATES Airline Italia,Sin Data
2026-10-01,Trabajoscom,Guadalajara,Todo Guadalajara,Assistente di volo per Emirates – Alloggio incluso + Stipendio esentasse negli EAU,2.600 € - 2.700 €,Sin Data,Indefinido,Jornada Completa,Sin Data,EMIRATES Airline Italia,Sin Data
2026-10-01,Trabajoscom,Huelva,Todo Huelva,Assistente di volo per Emirates – Alloggio incluso + Stipendio esentasse negli EAU,2.600 € - 2.700 €,Sin Data,Indefinido,Jornada Completa,Sin Data,EMIRATES Airline Italia,Sin Data
2026-10-01,Trabajoscom,Melilla,Todo Melilla,Assistente di volo per Emirates – Alloggio incluso + Stipendio esentasse negli EAU,2.600 € - 2.700 €,Sin Data,Indefinido,Jornada Completa,Sin Data,EMIRATES Airline Italia,Sin Data
2026-10-01,Trabajoscom,Pontevedra,Todo Pontevedra,Assistente di volo per Emirates – Alloggio incluso + Stipendio esentasse negli EAU,2.600 € - 2.700 €,Sin Data,Indefinido,Jornada Completa,Sin Data,EMIRATES Airline Italia,Sin Data
2026-10-01,Trabajoscom,Teruel,Todo Teruel,Assistente di volo per Emirates – Alloggio incluso + Stipendio esentasse negli EAU,2.600 € - 2.700 €,Sin Data,Indefinido,Jornada Completa,Sin Data,EMIRATES Airline Italia,Sin Data
2026-10-01,Trabajoscom,Tenerife,Todo Tenerife,Assistente di volo per Emirates – Alloggio incluso + Stipendio esentasse negli EAU,2.600 € - 2.700 €,Sin Data,Indefinido,Jornada Completa,Sin Data,EMIRATES Airline Italia,Sin Data
2026-10-01,Trabajoscom,Valencia,Todo Valencia,Assistente di volo per Emirates – Alloggio incluso + Stipendio esentasse negli EAU,2.600 € - 2.700 €,Sin Data,Indefinido,Jornada Completa,Sin Data,EMIRATES Airline Italia,Sin Data
2026-10-01,Trabajoscom,Ourense,Todo Ourense,Assistente di volo per Emirates – Alloggio incluso + Stipendio esentasse negli EAU,2.600 € - 2.700 €,Sin Data,Indefinido,Jornada Completa,Sin Data,EMIRATES Airline Italia,Sin Data
2026-10-01,Trabajoscom,Valladolid,Todo Valladolid,Assistente di volo per Emirates – Alloggio incluso + Stipendio esentasse negli EAU,2.600 € - 2.700 €,Sin Data,Indefinido,Jornada Completa,Sin Data,EMIRATES Airline Italia,Sin Data
2026-10-01,Trabajoscom,Girona,Girona,OPERARI/A PREPARADOR DE MATÈRIES PRIMERES,Sin Data,Sin Data,Indefinido,Jornada Indiferente,Sin Data,RAS Interim,Sin Data
2026-10-01,Trabajoscom,Girona,Girona,TÉCNICO/A DE COMPRAS Y PRODUCTO,Sin Data,Sin Data,Indefinido,Jornada Indiferente,Sin Data,RAS Interim,Sin Data
2026-10-01,Trabajoscom,Girona,Girona,OPERARI/A DE PRODUCCIÓ,Sin Data,Sin Data,Indefinido,Jornada Indiferente,Sin Data,RAS Interim,Sin Data
2026-10-01,Trabajoscom,Madrid,Todo Madrid,Cajero/a Reponedor/a-40h turno rotativo-Madrid (zona Vallecas),Sin Data,Sin Data,Indefinido,Jornada Indiferente,Sin Data,Grupo DIA,Sin Data
2026-10-01,Trabajoscom,Madrid,Todo Madrid,TÉCNICO/A DE CALIDAD,Sin Data,Sin Data,Indefinido,Jornada Indiferente,Sin Data,RAS Interim,Sin Data
2026-10-01,Trabajoscom,Barcelona,Sabadell,MOZO/A DE ALMACEN,Sin Data,Sin Data,Indefinido,Jornada Indiferente,Sin Data,RAS Interim,Sin Data
2026-10-01,Trabajoscom,Girona,Girona,DEPENDENT/A DE SUPERMERCAT GIRONA,Sin Data,Sin Data,Indefinido,Jornada Indiferente,Sin Data,RAS Interim,Sin Data
2026-10-01,Trabajoscom,Alicante,Orihuela,Cajero/a Reponedor/a en Murcia,Sin Data,Sin Data,Indefinido,Jornada Indiferente,Sin Data,Grupo DIA,Sin Data
2026-10-01,Trabajoscom,Toledo,Illescas,OPERARIO/A ALMACEN - PREPARADOR/A PEDIDOS ILLESCAS 24H TARDES VIERNES+SABADOS +DOMINGOS,Sin Data,Sin Data,Indefinido,Jornada Indiferente,Sin Data,Grupo DIA,Sin Data
2026-10-01,Trabajoscom,Zaragoza,Zaragoza,Técnico/a de estudios y presupuestos (proyectos eléctricos),30.000 € - 38.000 €,Sin Data,Indefinido,Jornada Completa,Sin Data,Michael Page,Sin Data
2026-10-01,Trabajoscom,Madrid,Madrid,Técnico de Selección Inglés C1 - Temporal 6 meses,25.000 €,Sin Data,De duracion determinada,Jornada Completa,Sin Data,Michael Page,Sin Data
2026-10-01,Trabajoscom,Madrid,Madrid,Executive Assistant con Inglés,40.000 € - 42.000 €,Sin Data,Indefinido,Jornada Completa,Sin Data,Michael Page,Sin Data
2026-10-01,Trabajoscom,Zaragoza,Zaragoza,Ingeniero/a proyectos junior (industria 4.0),30.000 € - 40.000 €,Sin Data,Indefinido,Jornada Completa,Sin Data,Michael Page,Sin Data
2026-10-01,Trabajoscom,Barcelona,Barcelona,Consultor Odoo,36.000 € - 44.000 €,Sin Data,Indefinido,Jornada Completa,Sin Data,Michael Page,Sin Data
2026-10-01,Trabajoscom,Barcelona,Barcelona,Administracion y logistica de Hardware (Tech Solutions),18.000 € - 21.000 €,Sin Data,Indefinido,Jornada Completa,Sin Data,Michael Page,Sin Data
2026-10-01,Trabajoscom,Las Palmas,San Bartolome De Lanzarote,Comercial Horeca - Lanzarote,30.000 € - 35.000 €,Sin Data,Indefinido,Jornada Completa,Sin Data,Michael Page,Sin Data
2026-10-01,Trabajoscom,Barcelona,Barcelona,Real Estate Advisor | Residential & Luxury Properties,20.000 € - 35.000 €,Sin Data,Indefinido,Jornada Completa,Sin Data,Michael Page,Sin Data
2026-10-01,Trabajoscom,Barcelona,Barcelona,Asesor Contable fiscal - Barcelona,30.000 € - 35.000 €,Sin Data,Indefinido,Jornada Completa,Sin Data,Michael Page,Sin Data
2026-10-01,Trabajoscom,Valencia,Valencia,Técnico RRHH Temporal,2.383 € - 27.000 €,Sin Data,De duracion determinada,Jornada Completa,Sin Data,Michael Page,Sin Data
2026-10-01,Trabajoscom,Cantabria,Torrelavega,Senior Backend .NET (H/M),22.500 € - 27.500 €,Sin Data,Indefinido,Jornada Completa,Sin Data,Michael Page,Sin Data
2026-10-01,Trabajoscom,Madrid,Madrid,Técnico/a Mecatrónico SAT Maquinaria Converting,35.000 € - 40.000 €,Sin Data,Indefinido,Jornada Completa,Sin Data,Michael Page,Sin Data
2026-10-01,Trabajoscom,Zaragoza,Zaragoza,Técnico/a Informático,28.800 € - 35.200 €,Sin Data,Indefinido,Jornada Completa,Sin Data,Michael Page,Sin Data
2026-10-01,Trabajoscom,Sevilla,Sevilla,Fiscalista Internacional - 3+ años de experiencia,30.000 € - 34.000 €,Sin Data,Indefinido,Jornada Completa,Sin Data,Michael Page,Sin Data
2026-10-01,Trabajoscom,Zaragoza,Zaragoza,Técnico/a de mantenimiento,27.000 € - 35.000 €,Sin Data,Indefinido,Jornada Completa,Sin Data,Michael Page,Sin Data
2026-10-01,Trabajoscom, La Rioja, La Rioja,TECNICO/A DE MANTENIMIENTO,29.000 € - 31.000 €,Sin Data,Indefinido,Jornada Completa,Sin Data,Iman Temporing,Sin Data
2026-10-01,Trabajoscom, Málaga, Málaga,Teleoperador/a Venta Formación bonificada,Sin Data,Sin Data,De duracion determinada,Jornada Completa,Sin Data,Iman Temporing,Sin Data
2026-10-01,Trabajoscom, Almería, Almería,Mozo cámara frigorífica (H/M),Sin Data,Sin Data,De duracion determinada,Jornada Completa,Sin Data,Crit Interim España ETT,Sin Data
2026-10-01,Trabajoscom, Navarra, Navarra,Operario/a de mecanizado - Inmdta,Sin Data,Sin Data,De duracion determinada,Jornada Completa,Sin Data,Iman Temporing,Sin Data
2026-10-01,Trabajoscom, Cádiz, Cádiz,Mecánico/a maquinaria pesada/agrícola,Sin Data,Sin Data,Indefinido,Jornada Completa,Sin Data,Crit Interim España ETT,Sin Data
2026-10-01,Trabajoscom, Madrid, Madrid,Agente de Rampa - Aeropuerto Madrid,Sin Data,Sin Data,De duracion determinada,Jornada Completa,Sin Data,Iman Temporing,Sin Data
2026-10-01,Trabajoscom, Jaén, Jaén,Electromecánico/a Vehículos Industriales,Sin Data,Sin Data,De duracion determinada,Jornada Completa,Sin Data,Crit Interim España ETT,Sin Data
2026-10-01,Trabajoscom, Zaragoza, Zaragoza,Dependiente/a panadería jornada parcial,Sin Data,Sin Data,De duracion determinada,Media Jornada,Sin Data,Iman Temporing,Sin Data
2026-10-01,Trabajoscom, Barcelona, Barcelona,Operario/a de Producción - Impresión Digital,Sin Data,Sin Data,De duracion determinada,Jornada Completa,Sin Data,Crit Interim España ETT,Sin Data
2026-10-01,Trabajoscom, Valencia, Valencia,Personal de Mantenimiento,Sin Data,Sin Data,Indefinido,Jornada Completa,Sin Data,Crit Interim España ETT,Sin Data
2026-10-01,Trabajoscom, Barcelona, Barcelona,Recepcionista,Sin Data,Sin Data,Indefinido,Jornada Completa,Sin Data,Iman Temporing,Sin Data
2026-10-01,Trabajoscom, Barcelona, Barcelona,Auxiliar dependiente/a Florista,Sin Data,Sin Data,De duracion determinada,Jornada Completa,Sin Data,Crit Interim España ETT,Sin Data
2026-10-01,Trabajoscom, Madrid, Madrid,Administrativo/a Comercial Sucursal Seguros.,18.000 €,Sin Data,De duracion determinada,Jornada Completa,Sin Data,Iman Temporing,Sin Data
2026-10-01,Trabajoscom, Alicante, Alicante,Operario/a de inyección de plástico,Sin Data,Sin Data,De duracion determinada,Jornada Completa,Sin Data,Iman Temporing,Sin Data
2026-10-01,Trabajoscom, Málaga, Málaga,Mantenimiento industrial - Alimentación (H/M),28.000 € - 33.000 €,Sin Data,Indefinido,Jornada Completa,Sin Data,Crit Interim España ETT,Sin Data
2026-10-01,Trabajoscom, Barcelona, Barcelona,Operario/a químico/a con carretilla,Sin Data,Sin Data,Indefinido,Jornada Completa,Sin Data,Iman Temporing,Sin Data
2026-10-01,Trabajoscom, Murcia, Murcia,Ayudante de Mantenimiento,18.000 € - 20.000 €,Sin Data,Indefinido,Jornada Completa,Sin Data,Crit Interim España ETT,Sin Data
2026-10-01,Trabajoscom, Zaragoza, Zaragoza,Médico/a Centro Residencial DomusVi Fontibre,Sin Data,Sin Data,De duracion determinada,Media Jornada,Sin Data,DomusVi,Sin Data
2026-10-01,Trabajoscom, Tarragona, Tarragona,Mecánico/a,Sin Data,Sin Data,Indefinido,Jornada Completa,Sin Data,Iman Temporing,Sin Data
2026-10-01,Trabajoscom, Madrid, Madrid,Gerocultor/a - Auxiliar de enfermería Centro Residencial DomusVi Tres Cantos,Sin Data,Sin Data,De duracion determinada,Jornada Indiferente,Sin Data,DomusVi,Sin Data
2026-10-01,Trabajoscom, Madrid, Madrid,Administrativo/a de Operaciones,Sin Data,Sin Data,Indefinido,Jornada Completa,Sin Data,Crit Interim España ETT,Sin Data
2026-10-01,Trabajoscom, Madrid, Madrid,Conductor/a de Camión C,Sin Data,Sin Data,Indefinido,Jornada Completa,Sin Data,Crit Interim España ETT,Sin Data
2026-10-01,Trabajoscom, Murcia, Murcia,Técnico/a de Sistemas Informáticos,Sin Data,Sin Data,Formativo,Jornada Completa,Sin Data,Iman Temporing,Sin Data
2026-10-01,Trabajoscom, Araba, Araba,Operario/a automocion jornada parcial tardes estudiantes,Sin Data,Sin Data,De duracion determinada,Media Jornada,Sin Data,Crit Interim España ETT,Sin Data
2026-10-01,Trabajoscom, Madrid, Madrid,Administrativo/a de Tesorería,Sin Data,Sin Data,Indefinido,Jornada Completa,Sin Data,Crit Interim España ETT,Sin Data
2026-10-01,Trabajoscom, Araba, Araba,Operario/a automocion jornada parcial tardes estudiantes,Sin Data,Sin Data,De duracion determinada,Media Jornada,Sin Data,Crit Interim España ETT,Sin Data
2026-10-01,Trabajoscom, Madrid, Madrid,Administrativo/a de Tesorería,Sin Data,Sin Data,Indefinido,Jornada Completa,Sin Data,Crit Interim España ETT,Sin Data
2026-10-01,Trabajoscom, Castellón, Castellón,Carretillero/a,Sin Data,Sin Data,Indefinido,Jornada Completa,Sin Data,Iman Temporing,Sin Data
2026-10-01,Trabajoscom, Zaragoza, Zaragoza,Operario/a montaje en automoción,21.000 € - 22.000 €,Sin Data,De duracion determinada,Jornada Completa,Sin Data,Crit Interim España ETT,Sin Data
2026-10-01,Trabajoscom, Madrid, Madrid,Jefe/a de Ventas Nacional - Maquinaria Industrial,Sin Data,Sin Data,Indefinido,Jornada Completa,Sin Data,Crit Interim España ETT,Sin Data
2026-10-01,Trabajoscom, Zaragoza, Zaragoza,Operario/a producción sector automoción,Sin Data,Sin Data,De duracion determinada,Jornada Completa,Sin Data,Crit Interim España ETT,Sin Data
2026-10-01,Trabajoscom, Las Palmas, Las Palmas,TÉCNICO/A EN EDUCACIÓN INFANTIL - LANZAROTE,1.000 € - 1.700 €,Sin Data,Indefinido,Jornada Completa,Sin Data,Pacto,Sin Data
2026-10-01,Trabajoscom, Tarragona, Tarragona,Médico/a de Atención Domiciliaria Tortosa - Domusvi Healthcare,Sin Data,Sin Data,Autonomo,Jornada Completa,Sin Data,DomusVi,Sin Data
2026-10-01,Trabajoscom, Madrid, Madrid,Electromecánicos/as,Sin Data,Sin Data,Indefinido,Jornada Completa,Sin Data,Crit Interim España ETT,Sin Data
2026-10-01,Trabajoscom, Madrid, Madrid,Electromecánico/a Fin de Semana y Festivos,Sin Data,Sin Data,Indefinido,Jornada Completa,Sin Data,Crit Interim España ETT,Sin Data
2026-10-01,Trabajoscom, Madrid, Madrid,Electromecánico/a,Sin Data,Sin Data,Indefinido,Jornada Completa,Sin Data,Iman Temporing,Sin Data
2026-10-01,Trabajoscom, Barcelona, Barcelona,Limpiador/a para centro residencial,17.094 €,Sin Data,De duracion determinada,Jornada Completa,Sin Data,Iman Temporing,Sin Data
2026-10-01,Trabajoscom, Tarragona, Tarragona,Carretillero/a de Almacén polivalente,21.700 € - 22.000 €,Sin Data,De duracion determinada,Jornada Completa,Sin Data,Iman Temporing,Sin Data
2026-10-01,Trabajoscom, Lugo, Lugo,Técnico/a de mantenimiento,21.000 € - 21.100 €,Sin Data,De duracion determinada,Jornada Completa,Sin Data,Iman Temporing,Sin Data
2026-10-01,Trabajoscom, Araba, Araba,TÉCNICO/A ALMACÉN,Sin Data,Sin Data,De duracion determinada,Jornada Completa,Sin Data,Iman Temporing,Sin Data
2026-10-01,Trabajoscom, Barcelona, Barcelona,Manipulador/a,Sin Data,Sin Data,De duracion determinada,Jornada Completa,Sin Data,Crit Interim España ETT,Sin Data
2026-10-01,Trabajoscom, Valencia, Valencia,Empleado/a de supermercado,Sin Data,Sin Data,Indefinido,Jornada Completa,Sin Data,Iman Temporing,Sin Data
2026-10-01,Trabajoscom, Madrid, Madrid,Técnico/a laboral,Sin Data,Sin Data,Indefinido,Media Jornada,Sin Data,Pacto,Sin Data
2026-10-01,Trabajoscom, Toledo, Toledo,Técnico/a de Mantenimiento Industrial,Sin Data,Sin Data,De duracion determinada,Jornada Completa,Sin Data,Iman Temporing,Sin Data
2026-10-01,Trabajoscom, Barcelona, Barcelona,Perfiles de almacén - Barcelona (Sants),22.000 €,Sin Data,De duracion determinada,Jornada Completa,Sin Data,Pacto,Sin Data
2026-10-01,Trabajoscom, Madrid, Madrid,Tramitador/a de seguros automóvil / CICOS,Sin Data,Sin Data,De duracion determinada,Jornada Completa,Sin Data,Crit Interim España ETT,Sin Data
2026-10-01,Trabajoscom, Cantabria, Cantabria,Operario/a de Producción (Sector Metal) con TPM,Sin Data,Sin Data,De duracion determinada,Jornada Completa,Sin Data,Crit Interim España ETT,Sin Data
2026-10-01,Trabajoscom, Sevilla, Sevilla,Técnico/a de Mantenimiento de Carrocería,Sin Data,Sin Data,Indefinido,Jornada Completa,Sin Data,Pacto,Sin Data
2026-10-01,Trabajoscom, Barcelona, Barcelona,Operarios/as de revestimientos de techos de coche,Sin Data,Sin Data,Indefinido,Jornada Completa,Sin Data,Iman Temporing,Sin Data
2026-10-01,Trabajoscom, Valladolid, Valladolid,Operario/a de Alimentación (días sueltos),18.000 € - 19.000 €,Sin Data,De duracion determinada,Jornada Completa,Sin Data,Iman Temporing,Sin Data
2026-10-01,Trabajoscom, Málaga, Málaga,Conductor/a Repartidor/a Málaga,Sin Data,Sin Data,De duracion determinada,Jornada Completa,Sin Data,Iman Temporing,Sin Data
2026-10-01,Trabajoscom, Barcelona, Barcelona,Operario/a cárnico,20.000 € - 21.000 €,Sin Data,De duracion determinada,Jornada Completa,Sin Data,Iman Temporing,Sin Data
2026-10-01,Trabajoscom, A Coruña, A Coruña,Auxiliar de Soporte Técnico - Boiro,Sin Data,Sin Data,De duracion determinada,Jornada Completa,Sin Data,Iman Temporing,Sin Data
2026-10-01,Trabajoscom, Madrid, Madrid,Operario/a producción PANIFICADORA,Sin Data,Sin Data,De duracion determinada,Jornada Completa,Sin Data,Iman Temporing,Sin Data
2026-10-01,Trabajoscom, Madrid, Madrid,Becario/a administración laboral,Sin Data,Sin Data,Formativo,Jornada Indiferente,Sin Data,Corporación Terciaria,Sin Data
2026-10-01,Trabajoscom, La Rioja, La Rioja,Operario/a envasado y limpieza,Sin Data,Sin Data,De duracion determinada,Jornada Completa,Sin Data,Iman Temporing,Sin Data
2026-10-01,Trabajoscom, La Rioja, La Rioja,Técnico/a mantenimiento,22.000 € - 32.000 €,Sin Data,Indefinido,Jornada Completa,Sin Data,Iman Temporing,Sin Data
2026-10-01,Trabajoscom, Ciudad Real, Ciudad Real,Operario/a de producción sector alimentación,Sin Data,Sin Data,De duracion determinada,Jornada Completa,Sin Data,Iman Temporing,Sin Data
2026-10-01,Trabajoscom, Zaragoza, Zaragoza,Personal de Limpieza - Centro Residencial DomusVi Zalfonada,Sin Data,Sin Data,Indefinido,Media Jornada,Sin Data,DomusVi,Sin Data
2026-10-01,Trabajoscom, Cantabria, Cantabria,Técnico/a Junior de RRHH - Contratación temporal,Sin Data,Sin Data,De duracion determinada,Jornada Completa,Sin Data,Iman Temporing,Sin Data
2026-10-01,Trabajoscom, Jaén, Jaén,Operario/a Inyección y Montaje Alcaudete,Sin Data,Sin Data,De duracion determinada,Jornada Completa,Sin Data,Crit Interim España ETT,Sin Data
2026-10-01,Trabajoscom, Araba, Araba,Coordinador/a de Línea - Álava,36.000 € - 37.000 €,Sin Data,Indefinido,Jornada Completa,Sin Data,Iman Global Consulting,Sin Data
2026-10-01,Trabajoscom, Guadalajara, Guadalajara,Auxiliar de Enfermería Residencia,16.000 € - 17.000 €,Sin Data,Indefinido,Media Jornada,Sin Data,Crit Interim España ETT,Sin Data
2026-10-01,Trabajoscom,Valencia,Rafelbuñol/rafelbunyol,OPERARIO/A DE INYECCIÓN DE PLÁSTICO (RAFELBUNYOL),Sin Data,Sin Data,Indefinido,Jornada Indiferente,Sin Data,RAS Interim,Sin Data
2026-10-01,Trabajoscom, Valencia, Valencia,MOZO/A DE ALMACÉN EN MONFORTE DEL CID,Sin Data,Sin Data,Indefinido,Jornada Indiferente,Sin Data,RAS Interim,Sin Data
2026-10-01,Trabajoscom, Almería, Almería,Auxiliar Administrativo/a,Sin Data,Sin Data,De duracion determinada,Jornada Completa,Sin Data,Iman Temporing,Sin Data
2026-10-01,Trabajoscom, Madrid, Madrid,Auxiliar Administrativo/a de Transporte con Inglés,Sin Data,Sin Data,De duracion determinada,Jornada Completa,Sin Data,Crit Interim España ETT,Sin Data
2026-10-01,Trabajoscom, Navarra, Navarra,Operario/a polivalente,Sin Data,Sin Data,De duracion determinada,Jornada Completa,Sin Data,Iman Temporing,Sin Data
2026-10-01,Trabajoscom, Alicante, Alicante,Limpiador/a para almacen 13-16 octubre,Sin Data,Sin Data,De duracion determinada,Jornada Completa,Sin Data,Iman Temporing,Sin Data
2026-10-01,Trabajoscom, S.C. Tenerife, S.C. Tenerife,Asistencia en cruceros - Tenerife - 9 de octubre,Sin Data,Sin Data,Indefinido,Jornada Completa,Sin Data,Art i Cultura,Sin Data
2026-10-01,Trabajoscom, Madrid, Madrid,Jefe/a de Obra (Ferroviaria),Sin Data,Sin Data,Indefinido,Jornada Completa,Sin Data,Iman Global Consulting,Sin Data
2026-10-01,Trabajoscom, Madrid, Madrid,Ingeniero/a Eléctrico/a QA/QC (Madrid),Sin Data,Sin Data,Indefinido,Jornada Completa,Sin Data,Iman Global Consulting,Sin Data
2026-10-01,Trabajoscom, Las Palmas, Las Palmas,"Jefe o Encargado de Obra (edificación no residencial, reformas y/o rehabilitación)",Sin Data,Sin Data,Indefinido,Jornada Completa,Sin Data,Iman Global Consulting,Sin Data
2026-10-01,Trabajoscom, Pontevedra, Pontevedra,Gerocultor/a - Auxiliar de enfermería Centro Residencial DomusVi Lalín,Sin Data,Sin Data,De duracion determinada,Jornada Completa,Sin Data,DomusVi,Sin Data
2026-10-01,Trabajoscom,Barcelona,Sant Feliu De Llobregat,Jefe/a de Ventas - Techos y Pérgolas B2C BARCELONA,Sin Data,Sin Data,Indefinido,Jornada Indiferente,Sin Data,Lumon Cristales España,Sin Data
2026-10-01,Trabajoscom,Toledo,Illescas,Mad Este Adminstrativo/a Dpto. Administración Illescas,Sin Data,Sin Data,Indefinido,Jornada Indiferente,Sin Data,Grupo DIA,Sin Data
2026-10-01,Trabajoscom,Alicante,Orihuela,Cajero/a Reponedor/a en Valencia,Sin Data,Sin Data,Indefinido,Jornada Indiferente,Sin Data,Grupo DIA,Sin Data
2026-10-01,Trabajoscom,Sevilla,Dos Hermanas,Cajero/a Reponedor/a CAMAS,Sin Data,Sin Data,Indefinido,Jornada Indiferente,Sin Data,Grupo DIA,Sin Data
2026-10-01,Trabajoscom, Barcelona, Barcelona,Operario/a de Verificación de Piezas,Sin Data,Sin Data,Indefinido,Jornada Completa,Sin Data,Lis,Sin Data
2026-10-01,Trabajoscom, Valencia, Valencia,TÉCNICO/A DE CALIDAD,Sin Data,Sin Data,Indefinido,Jornada Indiferente,Sin Data,RAS Interim,Sin Data
2026-10-01,Trabajoscom,Madrid,Getafe,Jefe/a Técnico Regional de Obra (Madrid Centro-Sur),Sin Data,Sin Data,Indefinido,Jornada Indiferente,Sin Data,Grupo DIA,Sin Data
2026-10-01,Trabajoscom,Sevilla,Dos Hermanas,Cajero/a Reponedor/a La Palma del Condado,Sin Data,Sin Data,Indefinido,Jornada Indiferente,Sin Data,Grupo DIA,Sin Data
2026-10-01,Trabajoscom,Badajoz,Todo Badajoz,Cajero/a Reponedor/a para Cáceres,Sin Data,Sin Data,Indefinido,Jornada Indiferente,Sin Data,Grupo DIA,Sin Data
2026-10-01,Trabajoscom,Madrid,Todo Madrid,TÉCNICO/A DE METADATOS,Sin Data,Sin Data,Indefinido,Jornada Indiferente,Sin Data,RAS Interim,Sin Data
2026-10-01,Trabajoscom,Barcelona,Todo Barcelona,MOZO/A DE ALMACÉN,Sin Data,Sin Data,Indefinido,Jornada Indiferente,Sin Data,RAS Interim,Sin Data
2026-10-01,Trabajoscom,Barcelona,Barcelona,MOZO/A CARGA Y DESCARGA,Sin Data,Sin Data,Indefinido,Jornada Indiferente,Sin Data,RAS Interim,Sin Data
2026-10-01,Trabajoscom,Badajoz,Merida,Cajero/a Reponedor/a para Badajoz indefinido,Sin Data,Sin Data,Indefinido,Jornada Indiferente,Sin Data,Grupo DIA,Sin Data
2026-10-01,Trabajoscom,Burgos,Miranda De Ebro,Cajero/a Reponedor/a 40H SALVATIERRA TEMPORAL,Sin Data,Sin Data,Indefinido,Jornada Indiferente,Sin Data,Grupo DIA,Sin Data
2026-10-01,Trabajoscom,Girona,Girona,TÉCNICO/A DE COMPRAS Y PRODUCTO,Sin Data,Sin Data,Indefinido,Jornada Indiferente,Sin Data,RAS Interim,Sin Data
2026-10-01,Trabajoscom,Madrid,Todo Madrid,TÉCNICO/A DE CALIDAD,Sin Data,Sin Data,Indefinido,Jornada Indiferente,Sin Data,RAS Interim,Sin Data
2026-10-01,Trabajoscom,Barcelona,Sabadell,MOZO/A DE ALMACEN,Sin Data,Sin Data,Indefinido,Jornada Indiferente,Sin Data,RAS Interim,Sin Data
2026-10-01,Trabajoscom,Bizkaia,Arrigorriaga,REPARTIDOR/A CON FURGONETA,Sin Data,Sin Data,Indefinido,Jornada Indiferente,Sin Data,RAS Interim,Sin Data
2026-10-01,Trabajoscom,Madrid,Todo Madrid,TÉCNICO/A DE PRODUCCIÓN SMD (ELECTRÓNICA),Sin Data,Sin Data,Indefinido,Jornada Indiferente,Sin Data,RAS Interim,Sin Data
2026-10-01,Trabajoscom,Girona,Girona,DEPENDENT/A DE SUPERMERCAT GIRONA,Sin Data,Sin Data,Indefinido,Jornada Indiferente,Sin Data,RAS Interim,Sin Data
2026-10-01,Trabajoscom,Girona,Girona,OPERARIO/A DE PRODUCCIÓN,Sin Data,Sin Data,Indefinido,Jornada Indiferente,Sin Data,RAS Interim,Sin Data
2026-10-01,Trabajoscom,Madrid,Todo Madrid,Cajero/a Reponedor/a-40h turno rotativo-Madrid (zona Vallecas),Sin Data,Sin Data,Indefinido,Jornada Indiferente,Sin Data,Grupo DIA,Sin Data
2026-10-01,Trabajoscom,Girona,Girona,OPERARI/A PREPARADOR DE MATÈRIES PRIMERES,Sin Data,Sin Data,Indefinido,Jornada Indiferente,Sin Data,RAS Interim,Sin Data
2026-10-01,Trabajoscom,Girona,Girona,OPERARI/A DE PRODUCCIÓ,Sin Data,Sin Data,Indefinido,Jornada Indiferente,Sin Data,RAS Interim,Sin Data
2026-10-01,Trabajoscom,Toledo,Illescas,OPERARIO/A ALMACEN - PREPARADOR/A PEDIDOS ILLESCAS 24H TARDES VIERNES+SABADOS +DOMINGOS,Sin Data,Sin Data,Indefinido,Jornada Indiferente,Sin Data,Grupo DIA,Sin Data
2026-10-01,Trabajoscom,Girona,Girona,ADMINISTRATIVO/A DE GESTIÓN,Sin Data,Sin Data,Indefinido,Jornada Indiferente,Sin Data,RAS Interim,Sin Data
2026-10-01,Trabajoscom,Alicante,Orihuela,Cajero/a Reponedor/a en Murcia,Sin Data,Sin Data,Indefinido,Jornada Indiferente,Sin Data,Grupo DIA,Sin Data
2026-10-01,Trabajoscom,Barcelona,Martorell,CASTELLBISBAL - MOZO/A CON CARNET DE CARRETILLA,Sin Data,Sin Data,Indefinido,Jornada Indiferente,Sin Data,RAS Interim,Sin Data
2026-10-01,Trabajoscom,Madrid,Meco,TELEOPERADOR/A TURNO PARTIDO,16.698 €,Sin Data,De duracion determinada,Jornada Completa,Sin Data,Grupo Noa's,Sin Data
2026-10-01,Trabajoscom,Madrid,Meco,MOZOS/AS DE REVISION LABORATORIO,17.185 €,Sin Data,De duracion determinada,Jornada Completa,Sin Data,Grupo Noa's,Sin Data
2026-10-01,Trabajoscom,Madrid,Meco,MOZOS/AS  DE ALMACÉN -  PACKING MECO,17.185 €,Sin Data,De duracion determinada,Jornada Completa,Sin Data,Grupo Noa's,Sin Data
2026-10-01,Trabajoscom,Navarra,Pamplona/iruña,¿Experiencia Att. Público? Te estamos buscando,Sin Data,Sin Data,Indefinido,Jornada Completa,Sin Data,Grupo Adecco,Sin Data
2026-10-01,Trabajoscom,Madrid,Todo Madrid,Atención al Cliente en Inglés - Indefinido,Sin Data,Sin Data,Indefinido,Jornada Completa,Sin Data,Empresa de Selección,Sin Data
2026-10-01,Trabajoscom,Alicante,Alicante,Recepcionista tardes | Alicante,Sin Data,Sin Data,De duracion determinada,Media Jornada,Sin Data,Grupo Adecco,Sin Data
2026-10-01,Trabajoscom,Madrid,Arganda Del Rey,RESPONSABLE PROYECTO LOGÍSTICO,Sin Data,Sin Data,Indefinido,Jornada Completa,Sin Data,Temps,Sin Data
2026-10-01,Trabajoscom,Madrid,Madrid,ASISTENTE COMUNICACIÓN,14.833 €,Sin Data,De duracion determinada,Media Jornada,Sin Data,Fundación General de la Universidad Politécnica de Madrid,Sin Data
2026-10-01,Trabajoscom,Almería,Almería,Encargado/a de Equipo de Extendido de Mezclas Bituminosas-Almería,Sin Data,Sin Data,Indefinido,Jornada Completa,Sin Data,Grupo Adecco,Sin Data
2026-10-01,Trabajoscom,Navarra,Marcilla,PLEGADOR/A DISPONIBILIDAD INMEDIATA,Sin Data,Sin Data,De duracion determinada,Jornada Completa,Sin Data,Temps,Sin Data
2026-10-01,Trabajoscom,Guadalajara,Guadalajara,MOZO/A DE EMPAQUETADO/REVISION MERCANCIA,Sin Data,Sin Data,De duracion determinada,Jornada Completa,Sin Data,Temps,Sin Data
2026-10-01,Trabajoscom,Zaragoza,Utebo,GRANALLADOR/A,Sin Data,Sin Data,De duracion determinada,Media Jornada,Sin Data,Grupo Adecco,Sin Data
2026-10-01,Trabajoscom,Gipuzkoa,Todo Gipuzkoa,Encargado/a de Montaje,Sin Data,Sin Data,Indefinido,Jornada Completa,Sin Data,AdegiLan,Sin Data
2026-10-01,Trabajoscom,Madrid,Arganda Del Rey,FRESADOR PREPARADOR DE CENTROS DE MECANIZADO CNC (9026),25.000 € - 32.000 €,Sin Data,Indefinido,Jornada Completa,Sin Data,Human Simbio Consulting,Sin Data
2026-10-01,Trabajoscom,Tenerife,Todo Tenerife,Personal de Clasificación de Paquetería en DPD con Alojamiento Incluído,16 € - 17 €,Sin Data,Indefinido,Jornada Completa,Sin Data,OTTO Work Force,Sin Data
2026-10-01,Trabajoscom,Salamanca,Todo Salamanca,Personal de Clasificación de Paquetería en DPD con Alojamiento Incluído,16 € - 17 €,Sin Data,Indefinido,Jornada Completa,Sin Data,OTTO Work Force,Sin Data
2026-10-01,Trabajoscom,Tarragona,Todo Tarragona,Personal de Clasificación de Paquetería en DPD con Alojamiento Incluído,16 € - 17 €,Sin Data,Indefinido,Jornada Completa,Sin Data,OTTO Work Force,Sin Data
2026-10-01,Trabajoscom,Valencia,Todo Valencia,Personal de Clasificación de Paquetería en DPD con Alojamiento Incluído,16 € - 17 €,Sin Data,Indefinido,Jornada Completa,Sin Data,OTTO Work Force,Sin Data
2026-10-01,Trabajoscom,Girona,Todo Girona,Personal de Clasificación de Paquetería en DPD con Alojamiento Incluído,16 € - 17 €,Sin Data,Indefinido,Jornada Completa,Sin Data,OTTO Work Force,Sin Data
2026-10-01,Trabajoscom,Huesca,Todo Huesca,Personal de Clasificación de Paquetería en DPD con Alojamiento Incluído,16 € - 17 €,Sin Data,Indefinido,Jornada Completa,Sin Data,OTTO Work Force,Sin Data
2026-10-01,Trabajoscom,Lugo,Todo Lugo,Personal de Clasificación de Paquetería en DPD con Alojamiento Incluído,16 € - 17 €,Sin Data,Indefinido,Jornada Completa,Sin Data,OTTO Work Force,Sin Data
2026-10-01,Trabajoscom,Huelva,Todo Huelva,Personal de Clasificación de Paquetería en DPD con Alojamiento Incluído,16 € - 17 €,Sin Data,Indefinido,Jornada Completa,Sin Data,OTTO Work Force,Sin Data
2026-10-01,Trabajoscom,Melilla,Todo Melilla,Personal de Clasificación de Paquetería en DPD con Alojamiento Incluído,16 € - 17 €,Sin Data,Indefinido,Jornada Completa,Sin Data,OTTO Work Force,Sin Data
2026-10-01,Trabajoscom,Bizkaia,Todo Bizkaia,Personal de Clasificación de Paquetería en DPD con Alojamiento Incluído,16 € - 17 €,Sin Data,Indefinido,Jornada Completa,Sin Data,OTTO Work Force,Sin Data
2026-10-01,Trabajoscom,Baleares,Palma De Mallorca,Formador/a Prevención de Riesgos Laborales,Sin Data,Sin Data,De duracion determinada,Media Jornada,Sin Data,Grupo Adecco,Sin Data
2026-10-01,Trabajoscom,Burgos,Todo Burgos,Personal de Clasificación de Paquetería en DPD con Alojamiento Incluído,16 € - 17 €,Sin Data,Indefinido,Jornada Completa,Sin Data,OTTO Work Force,Sin Data
2026-10-01,Trabajoscom,Real,Todo Real,Personal de Clasificación de Paquetería en DPD con Alojamiento Incluído,16 € - 17 €,Sin Data,Indefinido,Jornada Completa,Sin Data,OTTO Work Force,Sin Data
2026-10-01,Trabajoscom,Asturias,Todo Asturias,Personal de Clasificación de Paquetería en DPD con Alojamiento Incluído,16 € - 17 €,Sin Data,Indefinido,Jornada Completa,Sin Data,OTTO Work Force,Sin Data
2026-10-01,Trabajoscom,Badajoz,Todo Badajoz,Personal de Clasificación de Paquetería en DPD con Alojamiento Incluído,16 € - 17 €,Sin Data,Indefinido,Jornada Completa,Sin Data,OTTO Work Force,Sin Data
2026-10-01,Trabajoscom,Albacete,Todo Albacete,Personal de Clasificación de Paquetería en DPD con Alojamiento Incluído,16 € - 17 €,Sin Data,Indefinido,Jornada Completa,Sin Data,OTTO Work Force,Sin Data
2026-10-01,Trabajoscom,Alicante,Todo Alicante,Personal de Clasificación de Paquetería en DPD con Alojamiento Incluído,16 € - 17 €,Sin Data,Indefinido,Jornada Completa,Sin Data,OTTO Work Force,Sin Data
2026-10-01,Trabajoscom,Sevilla,Todo Sevilla,Personal de Clasificación de Paquetería en DPD con Alojamiento Incluído,16 € - 17 €,Sin Data,Indefinido,Jornada Completa,Sin Data,OTTO Work Force,Sin Data
2026-10-01,Trabajoscom,Toledo,Todo Toledo,Personal de Clasificación de Paquetería en DPD con Alojamiento Incluído,16 € - 17 €,Sin Data,Indefinido,Jornada Completa,Sin Data,OTTO Work Force,Sin Data
2026-10-01,Trabajoscom,Asturias,Todo Asturias,Repartidor/a en Albert Heijn con alojamiento incluido y contrato indefinido,17 € - 18 €,Sin Data,Indefinido,Jornada Completa,Sin Data,OTTO Work Force,Sin Data
2026-10-01,Trabajoscom,Jaén,Todo Jaén,Repartidor/a en Albert Heijn con alojamiento incluido y contrato indefinido,17 € - 18 €,Sin Data,Indefinido,Jornada Completa,Sin Data,OTTO Work Force,Sin Data
2026-10-01,Trabajoscom,Huesca,Todo Huesca,Repartidor/a en Albert Heijn con alojamiento incluido y contrato indefinido,17 € - 18 €,Sin Data,Indefinido,Jornada Completa,Sin Data,OTTO Work Force,Sin Data
2026-10-01,Trabajoscom,Granada,Todo Granada,Repartidor/a en Albert Heijn con alojamiento incluido y contrato indefinido,17 € - 18 €,Sin Data,Indefinido,Jornada Completa,Sin Data,OTTO Work Force,Sin Data
2026-10-01,Trabajoscom,Baleares,Todo Baleares,Repartidor/a en Albert Heijn con alojamiento incluido y contrato indefinido,17 € - 18 €,Sin Data,Indefinido,Jornada Completa,Sin Data,OTTO Work Force,Sin Data
2026-10-01,Trabajoscom,Albacete,Todo Albacete,Repartidor/a en Albert Heijn con alojamiento incluido y contrato indefinido,17 € - 18 €,Sin Data,Indefinido,Jornada Completa,Sin Data,OTTO Work Force,Sin Data
2026-10-01,Trabajoscom,Ceuta,Todo Ceuta,Repartidor/a en Albert Heijn con alojamiento incluido y contrato indefinido,17 € - 18 €,Sin Data,Indefinido,Jornada Completa,Sin Data,OTTO Work Force,Sin Data
2026-10-01,Trabajoscom,Cáceres,Todo Cáceres,Repartidor/a en Albert Heijn con alojamiento incluido y contrato indefinido,17 € - 18 €,Sin Data,Indefinido,Jornada Completa,Sin Data,OTTO Work Force,Sin Data
2026-10-01,Trabajoscom,Huelva,Todo Huelva,Repartidor/a en Albert Heijn con alojamiento incluido y contrato indefinido,17 € - 18 €,Sin Data,Indefinido,Jornada Completa,Sin Data,OTTO Work Force,Sin Data
2026-10-01,Trabajoscom,Tenerife,Todo Tenerife,Repartidor/a en Albert Heijn con alojamiento incluido y contrato indefinido,17 € - 18 €,Sin Data,Indefinido,Jornada Completa,Sin Data,OTTO Work Force,Sin Data
2026-10-01,Trabajoscom,Barcelona,Todo Barcelona,Repartidor/a en Albert Heijn con alojamiento incluido y contrato indefinido,17 € - 18 €,Sin Data,Indefinido,Jornada Completa,Sin Data,OTTO Work Force,Sin Data
2026-10-01,Trabajoscom,Melilla,Todo Melilla,Repartidor/a en Albert Heijn con alojamiento incluido y contrato indefinido,17 € - 18 €,Sin Data,Indefinido,Jornada Completa,Sin Data,OTTO Work Force,Sin Data
2026-10-01,Trabajoscom,Tenerife,Todo Tenerife,Repartidor/a en Albert Heijn con alojamiento incluido y contrato indefinido,17 € - 18 €,Sin Data,Indefinido,Jornada Completa,Sin Data,OTTO Work Force,Sin Data
2026-10-01,Trabajoscom,Sevilla,Todo Sevilla,Repartidor/a en Albert Heijn con alojamiento incluido y contrato indefinido,17 € - 18 €,Sin Data,Indefinido,Jornada Completa,Sin Data,OTTO Work Force,Sin Data
2026-10-01,Trabajoscom,Cuenca,Todo Cuenca,Repartidor/a en Albert Heijn con alojamiento incluido y contrato indefinido,17 € - 18 €,Sin Data,Indefinido,Jornada Completa,Sin Data,OTTO Work Force,Sin Data
2026-10-01,Trabajoscom,Teruel,Todo Teruel,Repartidor/a en Albert Heijn con alojamiento incluido y contrato indefinido,17 € - 18 €,Sin Data,Indefinido,Jornada Completa,Sin Data,OTTO Work Force,Sin Data
2026-10-01,Trabajoscom,Córdoba,Todo Córdoba,Repartidor/a en Albert Heijn con alojamiento incluido y contrato indefinido,17 € - 18 €,Sin Data,Indefinido,Jornada Completa,Sin Data,OTTO Work Force,Sin Data
2026-10-01,Trabajoscom,Baleares,Todo Baleares,Repartidor/a en Albert Heijn con alojamiento incluido y contrato indefinido,17 € - 18 €,Sin Data,Indefinido,Jornada Completa,Sin Data,OTTO Work Force,Sin Data
2026-10-01,Trabajoscom,Albacete,Todo Albacete,Repartidor/a en Albert Heijn con alojamiento incluido y contrato indefinido,17 € - 18 €,Sin Data,Indefinido,Jornada Completa,Sin Data,OTTO Work Force,Sin Data
2026-10-01,Trabajoscom,Ceuta,Todo Ceuta,Repartidor/a en Albert Heijn con alojamiento incluido y contrato indefinido,17 € - 18 €,Sin Data,Indefinido,Jornada Completa,Sin Data,OTTO Work Force,Sin Data
2026-10-01,Trabajoscom,Cáceres,Todo Cáceres,Repartidor/a en Albert Heijn con alojamiento incluido y contrato indefinido,17 € - 18 €,Sin Data,Indefinido,Jornada Completa,Sin Data,OTTO Work Force,Sin Data
2026-10-01,Trabajoscom,Asturias,Todo Asturias,Repartidor/a en Albert Heijn con alojamiento incluido y contrato indefinido,17 € - 18 €,Sin Data,Indefinido,Jornada Completa,Sin Data,OTTO Work Force,Sin Data
2026-10-01,Trabajoscom,Gipuzkoa,Todo Gipuzkoa,RESPONSABLE DE PRODUCCIÓN,Sin Data,Sin Data,Indefinido,Jornada Indiferente,Sin Data,AdegiLan,Sin Data
2026-10-01,Trabajoscom,Barcelona,Les Franqueses Del Vallès,Operarios/a sector químico (estable),Sin Data,Sin Data,Indefinido,Media Jornada,Sin Data,Grupo Adecco,Sin Data
2026-10-01,Trabajoscom, Sevilla, Sevilla,Operario/a de almazara - La Roda (Sevilla) - Incorporación Inmediata,Sin Data,Sin Data,De duracion determinada,Jornada Completa,Sin Data,Gestrat Inter ETT,Sin Data
2026-10-01,Trabajoscom,Girona,Girona,TÈCNIC/A DE CONTROL DE QUALITAT,Sin Data,Sin Data,Indefinido,Jornada Indiferente,Sin Data,RAS Interim,Sin Data
2026-10-01,Trabajoscom,Barcelona,Canovelles,OPERARIO/A DE ALMACÉN SECCIÓN DE CABLE-CANOVELLES,Sin Data,Sin Data,De duracion determinada,Jornada Completa,Sin Data,Temps,Sin Data
2026-10-01,Trabajoscom,Castellón,Castellón De La Plana/castelló De La Plana,Repartidores/as de paquetería + Castellón,Sin Data,Sin Data,De duracion determinada,Jornada Completa,Sin Data,Temps,Sin Data
2026-10-01,Trabajoscom,Badajoz,Todo Badajoz,Personal de almacén en DSV | Países Bajos,15 € - 17 €,Sin Data,Indefinido,Jornada Intensiva,Sin Data,OTTO Work Force,Sin Data
2026-10-01,Trabajoscom,Albacete,Todo Albacete,Personal de almacén en DSV | Países Bajos,15 € - 17 €,Sin Data,Indefinido,Jornada Intensiva,Sin Data,OTTO Work Force,Sin Data
2026-10-01,Trabajoscom,Baleares,Todo Baleares,Personal de almacén en DSV | Países Bajos,15 € - 17 €,Sin Data,Indefinido,Jornada Intensiva,Sin Data,OTTO Work Force,Sin Data
2026-10-01,Trabajoscom,Alicante,Todo Alicante,Personal de almacén en DSV | Países Bajos,15 € - 17 €,Sin Data,Indefinido,Jornada Intensiva,Sin Data,OTTO Work Force,Sin Data
2026-10-01,Trabajoscom,Bizkaia,Todo Bizkaia,Personal de almacén en DSV | Países Bajos,15 € - 17 €,Sin Data,Indefinido,Jornada Intensiva,Sin Data,OTTO Work Force,Sin Data
2026-10-01,Trabajoscom,Barcelona,Barcelona,PROFESIONAL LIMPIEZA CRISTALES CON PÉRTIGA -ID 73363-,1.266 €,Sin Data,De duracion determinada,Jornada Completa,Sin Data,Multiserveis Ndavant,Sin Data
2026-10-01,Trabajoscom,Asturias,Llanes,FRIGORISTA,Sin Data,Sin Data,Indefinido,Jornada Completa,Sin Data,Hostelor-Mantenimientos del Oriente,Sin Data
2026-10-01,Trabajoscom,Barcelona,Sant Quirze Safaja,MANIPULADOR/A SECTOR ARTES GRAFICAS,Sin Data,Sin Data,Indefinido,Jornada Indiferente,Sin Data,RAS Interim,Sin Data
2026-10-01,Trabajoscom,Bizkaia,Todo Bizkaia,Preparador/a de Pedidos en Albert Heijn Online con Alojamiento Incluido,17 € - 18 €,Sin Data,Indefinido,Jornada Completa,Sin Data,OTTO Work Force,Sin Data
2026-10-01,Trabajoscom,León,Todo León,Preparador/a de Pedidos en Albert Heijn Online con Alojamiento Incluido,17 € - 18 €,Sin Data,Indefinido,Jornada Completa,Sin Data,OTTO Work Force,Sin Data
2026-10-01,Trabajoscom,Huesca,Todo Huesca,Preparador/a de Pedidos en Albert Heijn Online con Alojamiento Incluido,17 € - 18 €,Sin Data,Indefinido,Jornada Completa,Sin Data,OTTO Work Force,Sin Data
2026-10-01,Trabajoscom,Cantabria,Todo Cantabria,Preparador/a de Pedidos en Albert Heijn Online con Alojamiento Incluido,17 € - 18 €,Sin Data,Indefinido,Jornada Completa,Sin Data,OTTO Work Force,Sin Data
2026-10-01,Trabajoscom,Cuenca,Todo Cuenca,Preparador/a de Pedidos en Albert Heijn Online con Alojamiento Incluido,17 € - 18 €,Sin Data,Indefinido,Jornada Completa,Sin Data,OTTO Work Force,Sin Data
2026-10-01,Trabajoscom,Córdoba,Todo Córdoba,Preparador/a de Pedidos en Albert Heijn Online con Alojamiento Incluido,17 € - 18 €,Sin Data,Indefinido,Jornada Completa,Sin Data,OTTO Work Force,Sin Data
2026-10-01,Trabajoscom,Pontevedra,Todo Pontevedra,Preparador/a de Pedidos en Albert Heijn Online con Alojamiento Incluido,17 € - 18 €,Sin Data,Indefinido,Jornada Completa,Sin Data,OTTO Work Force,Sin Data
2026-10-01,Trabajoscom,Palencia,Todo Palencia,Preparador/a de Pedidos en Albert Heijn Online con Alojamiento Incluido,17 € - 18 €,Sin Data,Indefinido,Jornada Completa,Sin Data,OTTO Work Force,Sin Data
2026-10-01,Trabajoscom,Navarra,Todo Navarra,Preparador/a de Pedidos en Albert Heijn Online con Alojamiento Incluido,17 € - 18 €,Sin Data,Indefinido,Jornada Completa,Sin Data,OTTO Work Force,Sin Data
2026-10-01,Trabajoscom,Palmas,Todo Palmas,Preparador/a de Pedidos en Albert Heijn Online con Alojamiento Incluido,17 € - 18 €,Sin Data,Indefinido,Jornada Completa,Sin Data,OTTO Work Force,Sin Data
2026-10-01,Trabajoscom,Valencia,Todo Valencia,Preparador/a de Pedidos en Albert Heijn Online con Alojamiento Incluido,17 € - 18 €,Sin Data,Indefinido,Jornada Completa,Sin Data,OTTO Work Force,Sin Data
2026-10-01,Trabajoscom,Toledo,Todo Toledo,Preparador/a de Pedidos en Albert Heijn Online con Alojamiento Incluido,17 € - 18 €,Sin Data,Indefinido,Jornada Completa,Sin Data,OTTO Work Force,Sin Data
2026-10-01,Trabajoscom,Tarragona,Todo Tarragona,Preparador/a de Pedidos en Albert Heijn Online con Alojamiento Incluido,17 € - 18 €,Sin Data,Indefinido,Jornada Completa,Sin Data,OTTO Work Force,Sin Data
2026-10-01,Trabajoscom,Madrid,Todo Madrid,Preparador/a de Pedidos en Albert Heijn Online con Alojamiento Incluido,17 € - 18 €,Sin Data,Indefinido,Jornada Completa,Sin Data,OTTO Work Force,Sin Data
2026-10-01,Trabajoscom,Valladolid,Todo Valladolid,Preparador/a de Pedidos en Albert Heijn Online con Alojamiento Incluido,17 € - 18 €,Sin Data,Indefinido,Jornada Completa,Sin Data,OTTO Work Force,Sin Data
2026-10-01,Trabajoscom,Almería,Todo Almería,Operario/a Almacén PVH (Tommy Hilfiger & Calvin Klein) con Alojamiento Incluido,15 € - 17 €,Sin Data,Indefinido,Jornada Intensiva,Sin Data,OTTO Work Force,Sin Data
2026-10-01,Trabajoscom,Albacete,Todo Albacete,Operario/a Almacén PVH (Tommy Hilfiger & Calvin Klein) con Alojamiento Incluido,15 € - 17 €,Sin Data,Indefinido,Jornada Intensiva,Sin Data,OTTO Work Force,Sin Data
2026-10-01,Trabajoscom,Murcia,Bullas,JEFE/A DE MANTENIMIENTO INDUSTRIAL,35.000 € - 40.000 €,Sin Data,Indefinido,Jornada Completa,Sin Data,Grupo Noa's,Sin Data
2026-10-01,Trabajoscom,Barcelona,Mollet Del Vallès,Repartidor/a de paquetería - Mollet del Vallès,1.500 € - 1.600 €,Sin Data,De duracion determinada,Jornada Completa,Sin Data,Temps,Sin Data
2026-10-01,Trabajoscom,Albacete,Todo Albacete,Assistente di volo per Emirates – Alloggio incluso + Stipendio esentasse negli EAU,2.600 € - 2.700 €,Sin Data,Indefinido,Jornada Completa,Sin Data,EMIRATES Airline Italia,Sin Data
2026-10-01,Trabajoscom,Araba,Todo Araba,Assistente di volo per Emirates – Alloggio incluso + Stipendio esentasse negli EAU,2.600 € - 2.700 €,Sin Data,Indefinido,Jornada Completa,Sin Data,EMIRATES Airline Italia,Sin Data
2026-10-01,Trabajoscom,Burgos,Todo Burgos,Assistente di volo per Emirates – Alloggio incluso + Stipendio esentasse negli EAU,2.600 € - 2.700 €,Sin Data,Indefinido,Jornada Completa,Sin Data,EMIRATES Airline Italia,Sin Data
2026-10-01,Trabajoscom,Guadalajara,Todo Guadalajara,Repartidor/a en Albert Heijn con alojamiento incluido - Países Bajos,17 € - 18 €,Sin Data,Indefinido,Jornada Completa,Sin Data,OTTO Work Force,Sin Data
2026-10-01,Trabajoscom,León,Todo León,Repartidor/a en Albert Heijn con alojamiento incluido - Países Bajos,17 € - 18 €,Sin Data,Indefinido,Jornada Completa,Sin Data,OTTO Work Force,Sin Data
2026-10-01,Trabajoscom,Córdoba,Todo Córdoba,Repartidor/a en Albert Heijn con alojamiento incluido - Países Bajos,17 € - 18 €,Sin Data,Indefinido,Jornada Completa,Sin Data,OTTO Work Force,Sin Data
2026-10-01,Trabajoscom,Huesca,Todo Huesca,Repartidor/a en Albert Heijn con alojamiento incluido - Países Bajos,17 € - 18 €,Sin Data,Indefinido,Jornada Completa,Sin Data,OTTO Work Force,Sin Data
2026-10-01,Trabajoscom,Madrid,Todo Madrid,Repartidor/a en Albert Heijn con alojamiento incluido - Países Bajos,17 € - 18 €,Sin Data,Indefinido,Jornada Completa,Sin Data,OTTO Work Force,Sin Data
2026-10-01,Trabajoscom,Málaga,Todo Málaga,Repartidor/a en Albert Heijn con alojamiento incluido - Países Bajos,17 € - 18 €,Sin Data,Indefinido,Jornada Completa,Sin Data,OTTO Work Force,Sin Data
2026-10-01,Trabajoscom,Pontevedra,Todo Pontevedra,Repartidor/a en Albert Heijn con alojamiento incluido - Países Bajos,17 € - 18 €,Sin Data,Indefinido,Jornada Completa,Sin Data,OTTO Work Force,Sin Data
2026-10-01,Trabajoscom,Segovia,Todo Segovia,Repartidor/a en Albert Heijn con alojamiento incluido - Países Bajos,17 € - 18 €,Sin Data,Indefinido,Jornada Completa,Sin Data,OTTO Work Force,Sin Data
2026-10-01,Trabajoscom,Ceuta,Todo Ceuta,Assistente di volo per Emirates – Alloggio incluso + Stipendio esentasse negli EAU,2.600 € - 2.700 €,Sin Data,Indefinido,Jornada Completa,Sin Data,EMIRATES Airline Italia,Sin Data
2026-10-01,Trabajoscom,Badajoz,Todo Badajoz,Assistente di volo per Emirates – Alloggio incluso + Stipendio esentasse negli EAU,2.600 € - 2.700 €,Sin Data,Indefinido,Jornada Completa,Sin Data,EMIRATES Airline Italia,Sin Data
2026-10-01,Trabajoscom,Baleares,Todo Baleares,Assistente di volo per Emirates – Alloggio incluso + Stipendio esentasse negli EAU,2.600 € - 2.700 €,Sin Data,Indefinido,Jornada Completa,Sin Data,EMIRATES Airline Italia,Sin Data
2026-10-01,Trabajoscom,Asturias,Todo Asturias,Assistente di volo per Emirates – Alloggio incluso + Stipendio esentasse negli EAU,2.600 € - 2.700 €,Sin Data,Indefinido,Jornada Completa,Sin Data,EMIRATES Airline Italia,Sin Data
2026-10-01,Trabajoscom,Córdoba,Todo Córdoba,Assistente di volo per Emirates – Alloggio incluso + Stipendio esentasse negli EAU,2.600 € - 2.700 €,Sin Data,Indefinido,Jornada Completa,Sin Data,EMIRATES Airline Italia,Sin Data
2026-10-01,Trabajoscom,Jaén,Todo Jaén,Assistente di volo per Emirates – Alloggio incluso + Stipendio esentasse negli EAU,2.600 € - 2.700 €,Sin Data,Indefinido,Jornada Completa,Sin Data,EMIRATES Airline Italia,Sin Data
2026-10-01,Trabajoscom,Gipuzkoa,Todo Gipuzkoa,Assistente di volo per Emirates – Alloggio incluso + Stipendio esentasse negli EAU,2.600 € - 2.700 €,Sin Data,Indefinido,Jornada Completa,Sin Data,EMIRATES Airline Italia,Sin Data
2026-10-01,Trabajoscom,Lugo,Todo Lugo,Assistente di volo per Emirates – Alloggio incluso + Stipendio esentasse negli EAU,2.600 € - 2.700 €,Sin Data,Indefinido,Jornada Completa,Sin Data,EMIRATES Airline Italia,Sin Data
2026-10-01,Trabajoscom,León,Todo León,Assistente di volo per Emirates – Alloggio incluso + Stipendio esentasse negli EAU,2.600 € - 2.700 €,Sin Data,Indefinido,Jornada Completa,Sin Data,EMIRATES Airline Italia,Sin Data
2026-10-01,Trabajoscom,Palmas,Todo Palmas,Assistente di volo per Emirates – Alloggio incluso + Stipendio esentasse negli EAU,2.600 € - 2.700 €,Sin Data,Indefinido,Jornada Completa,Sin Data,EMIRATES Airline Italia,Sin Data
2026-10-01,Trabajoscom,Málaga,Todo Málaga,Assistente di volo per Emirates – Alloggio incluso + Stipendio esentasse negli EAU,2.600 € - 2.700 €,Sin Data,Indefinido,Jornada Completa,Sin Data,EMIRATES Airline Italia,Sin Data
2026-10-01,Trabajoscom,Navarra,Todo Navarra,Assistente di volo per Emirates – Alloggio incluso + Stipendio esentasse negli EAU,2.600 € - 2.700 €,Sin Data,Indefinido,Jornada Completa,Sin Data,EMIRATES Airline Italia,Sin Data
2026-10-01,Trabajoscom,Palencia,Todo Palencia,Assistente di volo per Emirates – Alloggio incluso + Stipendio esentasse negli EAU,2.600 € - 2.700 €,Sin Data,Indefinido,Jornada Completa,Sin Data,EMIRATES Airline Italia,Sin Data
2026-10-01,Trabajoscom,Sevilla,Todo Sevilla,Assistente di volo per Emirates – Alloggio incluso + Stipendio esentasse negli EAU,2.600 € - 2.700 €,Sin Data,Indefinido,Jornada Completa,Sin Data,EMIRATES Airline Italia,Sin Data
2026-10-01,Trabajoscom,Tarragona,Todo Tarragona,Assistente di volo per Emirates – Alloggio incluso + Stipendio esentasse negli EAU,2.600 € - 2.700 €,Sin Data,Indefinido,Jornada Completa,Sin Data,EMIRATES Airline Italia,Sin Data
2026-10-01,Trabajoscom,Zamora,Todo Zamora,Assistente di volo per Emirates – Alloggio incluso + Stipendio esentasse negli EAU,2.600 € - 2.700 €,Sin Data,Indefinido,Jornada Completa,Sin Data,EMIRATES Airline Italia,Sin Data
2026-10-01,Trabajoscom,Gipuzkoa,Todo Gipuzkoa,Operario/a Almacén PVH (Tommy Hilfiger & Calvin Klein) con Alojamiento Incluido,15 € - 17 €,Sin Data,Indefinido,Jornada Intensiva,Sin Data,OTTO Work Force,Sin Data
2026-10-01,Trabajoscom,Castellón,Todo Castellón,Operario/a Almacén PVH (Tommy Hilfiger & Calvin Klein) con Alojamiento Incluido,15 € - 17 €,Sin Data,Indefinido,Jornada Intensiva,Sin Data,OTTO Work Force,Sin Data
2026-10-01,Trabajoscom,Cádiz,Todo Cádiz,Operario/a Almacén PVH (Tommy Hilfiger & Calvin Klein) con Alojamiento Incluido,15 € - 17 €,Sin Data,Indefinido,Jornada Intensiva,Sin Data,OTTO Work Force,Sin Data
2026-10-01,Trabajoscom,Huelva,Todo Huelva,Operario/a Almacén PVH (Tommy Hilfiger & Calvin Klein) con Alojamiento Incluido,15 € - 17 €,Sin Data,Indefinido,Jornada Intensiva,Sin Data,OTTO Work Force,Sin Data
2026-10-01,Trabajoscom,Palmas,Todo Palmas,Operario/a Almacén PVH (Tommy Hilfiger & Calvin Klein) con Alojamiento Incluido,15 € - 17 €,Sin Data,Indefinido,Jornada Intensiva,Sin Data,OTTO Work Force,Sin Data
2026-10-01,Trabajoscom,Lleida,Todo Lleida,Operario/a Almacén PVH (Tommy Hilfiger & Calvin Klein) con Alojamiento Incluido,15 € - 17 €,Sin Data,Indefinido,Jornada Intensiva,Sin Data,OTTO Work Force,Sin Data
2026-10-01,Trabajoscom,Navarra,Todo Navarra,Operario/a Almacén PVH (Tommy Hilfiger & Calvin Klein) con Alojamiento Incluido,15 € - 17 €,Sin Data,Indefinido,Jornada Intensiva,Sin Data,OTTO Work Force,Sin Data
2026-10-01,Trabajoscom,León,Todo León,Operario/a Almacén PVH (Tommy Hilfiger & Calvin Klein) con Alojamiento Incluido,15 € - 17 €,Sin Data,Indefinido,Jornada Intensiva,Sin Data,OTTO Work Force,Sin Data
2026-10-01,Trabajoscom,Zamora,Todo Zamora,Operario/a Almacén PVH (Tommy Hilfiger & Calvin Klein) con Alojamiento Incluido,15 € - 17 €,Sin Data,Indefinido,Jornada Intensiva,Sin Data,OTTO Work Force,Sin Data
2026-10-01,Trabajoscom,Madrid,Todo Madrid,Comercial Asesor/a Sector Belleza y Salud Capilar en Madrid,Sin Data,Sin Data,Indefinido,Jornada Completa,Sin Data,Laboratorios Kapyderm,Sin Data
2026-10-01,Trabajoscom,Araba,Todo Araba,Operario/a de Almacén para GXO Logistics en Países Bajos,14 € - 16 €,Sin Data,Indefinido,Jornada Indiferente,Sin Data,OTTO Work Force,Sin Data
2026-10-01,Trabajoscom,Almería,Todo Almería,Operario/a de Almacén para GXO Logistics en Países Bajos,14 € - 16 €,Sin Data,Indefinido,Jornada Indiferente,Sin Data,OTTO Work Force,Sin Data
2026-10-01,Trabajoscom,Ávila,Todo Ávila,Operario/a de Almacén para GXO Logistics en Países Bajos,14 € - 16 €,Sin Data,Indefinido,Jornada Indiferente,Sin Data,OTTO Work Force,Sin Data
2026-10-01,Trabajoscom,Cádiz,Todo Cádiz,Personal de almacén en DSV | Países Bajos,15 € - 17 €,Sin Data,Indefinido,Jornada Intensiva,Sin Data,OTTO Work Force,Sin Data
2026-10-01,Trabajoscom,Ávila,Todo Ávila,Personal de almacén en DSV | Países Bajos,15 € - 17 €,Sin Data,Indefinido,Jornada Intensiva,Sin Data,OTTO Work Force,Sin Data
2026-10-01,Trabajoscom,Coruña,Todo Coruña,Personal de almacén en DSV | Países Bajos,15 € - 17 €,Sin Data,Indefinido,Jornada Intensiva,Sin Data,OTTO Work Force,Sin Data
2026-10-01,Trabajoscom,Granada,Todo Granada,Personal de almacén en DSV | Países Bajos,15 € - 17 €,Sin Data,Indefinido,Jornada Intensiva,Sin Data,OTTO Work Force,Sin Data
2026-10-01,Trabajoscom,Palmas,Todo Palmas,Personal de almacén en DSV | Países Bajos,15 € - 17 €,Sin Data,Indefinido,Jornada Intensiva,Sin Data,OTTO Work Force,Sin Data
2026-10-01,Trabajoscom,Córdoba,Todo Córdoba,Personal de almacén en DSV | Países Bajos,15 € - 17 €,Sin Data,Indefinido,Jornada Intensiva,Sin Data,OTTO Work Force,Sin Data
2026-10-01,Trabajoscom,León,Todo León,Personal de almacén en DSV | Países Bajos,15 € - 17 €,Sin Data,Indefinido,Jornada Intensiva,Sin Data,OTTO Work Force,Sin Data
2026-10-01,Trabajoscom,Ourense,Todo Ourense,Personal de almacén en DSV | Países Bajos,15 € - 17 €,Sin Data,Indefinido,Jornada Intensiva,Sin Data,OTTO Work Force,Sin Data
2026-10-01,Trabajoscom,Ceuta,Todo Ceuta,Personal de almacén en DSV | Países Bajos,15 € - 17 €,Sin Data,Indefinido,Jornada Intensiva,Sin Data,OTTO Work Force,Sin Data
2026-10-01,Trabajoscom,Pontevedra,Todo Pontevedra,Personal de almacén en DSV | Países Bajos,15 € - 17 €,Sin Data,Indefinido,Jornada Intensiva,Sin Data,OTTO Work Force,Sin Data
2026-10-01,Trabajoscom,Madrid,Todo Madrid,Personal de almacén en DSV | Países Bajos,15 € - 17 €,Sin Data,Indefinido,Jornada Intensiva,Sin Data,OTTO Work Force,Sin Data
2026-10-01,Trabajoscom,Salamanca,Todo Salamanca,Personal de almacén en DSV | Países Bajos,15 € - 17 €,Sin Data,Indefinido,Jornada Intensiva,Sin Data,OTTO Work Force,Sin Data
2026-10-01,Trabajoscom,Segovia,Todo Segovia,Personal de almacén en DSV | Países Bajos,15 € - 17 €,Sin Data,Indefinido,Jornada Intensiva,Sin Data,OTTO Work Force,Sin Data
2026-10-01,Trabajoscom,Córdoba,Todo Córdoba,Operario/a de Almacén para GXO Logistics en Países Bajos,14 € - 16 €,Sin Data,Indefinido,Jornada Indiferente,Sin Data,OTTO Work Force,Sin Data
2026-10-01,Trabajoscom,Cuenca,Todo Cuenca,Operario/a de Almacén para GXO Logistics en Países Bajos,14 € - 16 €,Sin Data,Indefinido,Jornada Indiferente,Sin Data,OTTO Work Force,Sin Data
2026-10-01,Trabajoscom,Cantabria,Todo Cantabria,Operario/a de Almacén para GXO Logistics en Países Bajos,14 € - 16 €,Sin Data,Indefinido,Jornada Indiferente,Sin Data,OTTO Work Force,Sin Data
2026-10-01,Trabajoscom,Jaén,Todo Jaén,Operario/a de Almacén para GXO Logistics en Países Bajos,14 € - 16 €,Sin Data,Indefinido,Jornada Indiferente,Sin Data,OTTO Work Force,Sin Data
2026-10-01,Trabajoscom,Girona,Todo Girona,Operario/a de Almacén para GXO Logistics en Países Bajos,14 € - 16 €,Sin Data,Indefinido,Jornada Indiferente,Sin Data,OTTO Work Force,Sin Data
2026-10-01,Trabajoscom,Huesca,Todo Huesca,Operario/a de Almacén para GXO Logistics en Países Bajos,14 € - 16 €,Sin Data,Indefinido,Jornada Indiferente,Sin Data,OTTO Work Force,Sin Data
2026-10-01,Trabajoscom,Ourense,Todo Ourense,Operario/a de Almacén para GXO Logistics en Países Bajos,14 € - 16 €,Sin Data,Indefinido,Jornada Indiferente,Sin Data,OTTO Work Force,Sin Data
2026-10-01,Trabajoscom,Murcia,Todo Murcia,Operario/a de Almacén para GXO Logistics en Países Bajos,14 € - 16 €,Sin Data,Indefinido,Jornada Indiferente,Sin Data,OTTO Work Force,Sin Data
2026-10-01,Trabajoscom,Málaga,Todo Málaga,Operario/a de Almacén para GXO Logistics en Países Bajos,14 € - 16 €,Sin Data,Indefinido,Jornada Indiferente,Sin Data,OTTO Work Force,Sin Data
2026-10-01,Trabajoscom,Segovia,Todo Segovia,Operario/a de Almacén para GXO Logistics en Países Bajos,14 € - 16 €,Sin Data,Indefinido,Jornada Indiferente,Sin Data,OTTO Work Force,Sin Data
2026-10-01,Trabajoscom,Araba,Todo Araba,Repartidor/a en Albert Heijn con alojamiento incluido - Países Bajos,17 € - 18 €,Sin Data,Indefinido,Jornada Completa,Sin Data,OTTO Work Force,Sin Data
2026-10-01,Trabajoscom,Asturias,Todo Asturias,Repartidor/a en Albert Heijn con alojamiento incluido - Países Bajos,17 € - 18 €,Sin Data,Indefinido,Jornada Completa,Sin Data,OTTO Work Force,Sin Data
2026-10-01,Trabajoscom,Baleares,Todo Baleares,Repartidor/a en Albert Heijn con alojamiento incluido - Países Bajos,17 € - 18 €,Sin Data,Indefinido,Jornada Completa,Sin Data,OTTO Work Force,Sin Data
2026-10-01,Trabajoscom,Cádiz,Todo Cádiz,Repartidor/a en Albert Heijn con alojamiento incluido - Países Bajos,17 € - 18 €,Sin Data,Indefinido,Jornada Completa,Sin Data,OTTO Work Force,Sin Data
2026-10-01,Trabajoscom,Granada,Todo Granada,Repartidor/a en Albert Heijn con alojamiento incluido - Países Bajos,17 € - 18 €,Sin Data,Indefinido,Jornada Completa,Sin Data,OTTO Work Force,Sin Data
2026-10-01,Trabajoscom,Girona,Todo Girona,Repartidor/a en Albert Heijn con alojamiento incluido - Países Bajos,17 € - 18 €,Sin Data,Indefinido,Jornada Completa,Sin Data,OTTO Work Force,Sin Data
2026-10-01,Trabajoscom,Tarragona,Todo Tarragona,Personal de almacén en DSV | Países Bajos,15 € - 17 €,Sin Data,Indefinido,Jornada Intensiva,Sin Data,OTTO Work Force,Sin Data
2026-10-01,Trabajoscom,Melilla,Todo Melilla,Personal de almacén en DSV | Países Bajos,15 € - 17 €,Sin Data,Indefinido,Jornada Intensiva,Sin Data,OTTO Work Force,Sin Data
2026-10-01,Trabajoscom,Albacete,Todo Albacete,Preparador/a de Pedidos en Albert Heijn Online con Alojamiento Incluido,17 € - 18 €,Sin Data,Indefinido,Jornada Completa,Sin Data,OTTO Work Force,Sin Data
2026-10-01,Trabajoscom,Coruña,Todo Coruña,Preparador/a de Pedidos en Albert Heijn Online con Alojamiento Incluido,17 € - 18 €,Sin Data,Indefinido,Jornada Completa,Sin Data,OTTO Work Force,Sin Data
2026-10-01,Trabajoscom,Cáceres,Todo Cáceres,Preparador/a de Pedidos en Albert Heijn Online con Alojamiento Incluido,17 € - 18 €,Sin Data,Indefinido,Jornada Completa,Sin Data,OTTO Work Force,Sin Data
2026-10-01,Trabajoscom,Baleares,Todo Baleares,Preparador/a de Pedidos en Albert Heijn Online con Alojamiento Incluido,17 € - 18 €,Sin Data,Indefinido,Jornada Completa,Sin Data,OTTO Work Force,Sin Data
2026-10-01,Trabajoscom,Asturias,Todo Asturias,Preparador/a de Pedidos en Albert Heijn Online con Alojamiento Incluido,17 € - 18 €,Sin Data,Indefinido,Jornada Completa,Sin Data,OTTO Work Force,Sin Data
2026-10-01,Trabajoscom,Alicante,Todo Alicante,Preparador/a de Pedidos en Albert Heijn Online con Alojamiento Incluido,17 € - 18 €,Sin Data,Indefinido,Jornada Completa,Sin Data,OTTO Work Force,Sin Data
2026-10-01,Trabajoscom,Tarragona,Reus,OPERARIO/A PRODUCCIÓN - La Riba,Sin Data,Sin Data,Indefinido,Jornada Indiferente,Sin Data,RAS Interim,Sin Data
2026-10-01,Trabajoscom,Sevilla,Bollullos De La Mitación,Digitalizador/a documentacion,17.000 €,Sin Data,De duracion determinada,Jornada Completa,Sin Data,Temps,Sin Data
2026-10-01,Trabajoscom,Almería,Almería,REPARTIDOR/A DE PAQUETERÍA EN FURGONETA PARA ALMERÍA,Sin Data,Sin Data,De duracion determinada,Jornada Completa,Sin Data,Temps,Sin Data
2026-10-01,Trabajoscom, Sevilla, Sevilla,Responsable de operaciones y departamento técnico,31.500 € - 38.500 €,Sin Data,Indefinido,Jornada Completa,Sin Data,Michael Page,Sin Data
2026-10-01,Trabajoscom,Madrid,Madrid,🧑‍🔧 Técnico Polivalente de Mantenimiento – Turnos Rotativos,Sin Data,Sin Data,Indefinido,Jornada Completa,Sin Data,Ocean Facility Services,Sin Data
2026-10-01,Trabajoscom,Madrid,Todo Madrid,❄️ Oficial de 1ª Frigorista Mantenimiento en Madrid - Indefinido y Jornada Completa,Sin Data,Sin Data,Indefinido,Jornada Completa,Sin Data,Ocean Facility Services,Sin Data
2026-10-01,Trabajoscom,Bizkaia,Bilbao,Rectificador/a Industrial - Abanto y Ciérvana,Sin Data,Sin Data,Indefinido,Jornada Completa,Sin Data,Temps,Sin Data
2026-10-01,Trabajoscom,Barcelona,Barcelona,"OFICIAL 1ª ELECTRICISTA INDUSTRIAL (ELECTRICIDAD, POTENCIA Y CONTROL)",30.000 € - 36.000 €,Sin Data,Indefinido,Jornada Completa,Sin Data,Temps,Sin Data
2026-10-01,Trabajoscom,A Coruña,Cambre,Repartidor/a de paquetería,Sin Data,Sin Data,De duracion determinada,Jornada Completa,Sin Data,Temps,Sin Data
2026-10-01,Trabajoscom,Barcelona,Todo Barcelona,Contable con conocimientos de fiscalidad,18.000 € - 20.000 €,Sin Data,Indefinido,Jornada Intensiva,Sin Data,AM Assessors,Sin Data
2026-10-01,Trabajoscom,Madrid,Torrejon De Ardoz,Tornero CNC Fanuc en Torrejón de Ardoz (8726),22.000 € - 26.000 €,Sin Data,Indefinido,Jornada Completa,Sin Data,Human Simbio Consulting,Sin Data
2026-10-01,Trabajoscom,Asturias,Asturias,Responsable de Zona - RETAIL,40.000 € - 41.000 €,Sin Data,Indefinido,Jornada Completa,Sin Data,Michael Page,Sin Data
2026-10-01,Trabajoscom,Madrid,Madrid,Atención al Cliente Turismo con Francés o Italiano,20.000 € - 22.000 €,Sin Data,De duracion determinada,Jornada Completa,Sin Data,Michael Page,Sin Data
2026-10-01,Trabajoscom,Burgos,Linares,Desarrollador/a Junior C++ - LINARES,20.000 € - 22.000 €,Sin Data,Indefinido,Jornada Completa,Sin Data,Michael Page,Sin Data
2026-10-01,Trabajoscom,Zaragoza,Zaragoza,Responsable de tren de Laminación,43.000 € - 45.000 €,Sin Data,Indefinido,Jornada Completa,Sin Data,Michael Page,Sin Data
2026-10-01,Trabajoscom,Madrid,Madrid,Responsable de Contabilidad y Administración,34.000 € - 38.000 €,Sin Data,Indefinido,Jornada Completa,Sin Data,Michael Page,Sin Data
2026-10-01,Trabajoscom, Zaragoza, Zaragoza,Administrativo/a de logística,Sin Data,Sin Data,De duracion determinada,Jornada Completa,Sin Data,Iman Temporing,Sin Data
2026-10-01,Trabajoscom, Sevilla, Sevilla,Preparador/a de pedidos 25H (Pol. Ind. La Isla),Sin Data,Sin Data,De duracion determinada,Jornada Indiferente,Sin Data,Iman Temporing,Sin Data
2026-10-01,Trabajoscom, Alicante, Alicante,Gerocultor/a - Auxiliar de enfermería Centro Residencial DomusVi Alicante Condomina,Sin Data,Sin Data,Indefinido,Media Jornada,Sin Data,DomusVi,Sin Data
2026-10-01,Trabajoscom, Barcelona, Barcelona,Peó amb experiència en pintura,Sin Data,Sin Data,De duracion determinada,Jornada Completa,Sin Data,Iman Temporing,Sin Data
2026-10-01,Trabajoscom, Barcelona, Barcelona,Técnico/a electricista para montaje,28.000 € - 30.000 €,Sin Data,De duracion determinada,Jornada Completa,Sin Data,Iman Temporing,Sin Data
2026-10-01,Trabajoscom, Teruel, Teruel,Administrativo/a Comercial Francés.,Sin Data,Sin Data,Indefinido,Jornada Completa,Sin Data,Iman Temporing,Sin Data
2026-10-01,Trabajoscom, Murcia, Murcia,Electromecánico/a Industrial,Sin Data,Sin Data,Indefinido,Jornada Completa,Sin Data,Iman Temporing,Sin Data
2026-10-01,Trabajoscom, Madrid, Madrid,Manipuladores de alimentos (turnos rotativos).,Sin Data,Sin Data,De duracion determinada,Jornada Completa,Sin Data,Crit Interim España ETT,Sin Data
2026-10-01,Trabajoscom, Valencia, Valencia,CONDUCTOR DE PRIMERA (tráiler),Sin Data,Sin Data,Indefinido,Jornada Completa,Sin Data,Crit Interim España ETT,Sin Data
2026-10-01,Trabajoscom, Valencia, Valencia,CONDUCTOR DE SEGUNDA (Camión pequeño),Sin Data,Sin Data,Indefinido,Jornada Completa,Sin Data,Crit Interim España ETT,Sin Data
2026-10-01,Trabajoscom, Zaragoza, Zaragoza,Planchador/a Industrial - Textil,Sin Data,Sin Data,De duracion determinada,Jornada Completa,Sin Data,Crit Interim España ETT,Sin Data
2026-10-01,Trabajoscom, Madrid, Madrid,Operario/a Industrial / Soldadura de Plástico,Sin Data,Sin Data,De duracion determinada,Jornada Completa,Sin Data,Crit Interim España ETT,Sin Data
2026-10-01,Trabajoscom, Barcelona, Barcelona,Control de accesos- Att al cliente,Sin Data,Sin Data,Indefinido,Jornada Completa,Sin Data,Iman Corporation,Sin Data
2026-10-01,Trabajoscom, Madrid, Madrid,Jefe/a de Obra Pública,Sin Data,Sin Data,Indefinido,Jornada Completa,Sin Data,Crit Interim España ETT,Sin Data
2026-10-01,Trabajoscom, Barcelona, Barcelona,Chofer para Reparto Floristeria,Sin Data,Sin Data,De duracion determinada,Jornada Completa,Sin Data,Crit Interim España ETT,Sin Data
2026-10-01,Trabajoscom, Barcelona, Barcelona,"Coordinador/a Industrial, Cataluña",42.000 € - 46.000 €,Sin Data,Indefinido,Jornada Completa,Sin Data,Iman Global Consulting,Sin Data
2026-10-01,Trabajoscom, Barcelona, Barcelona,CARRETILLERO/A Y OPERARIO/A DE PRODUCCIÓN,Sin Data,Sin Data,De duracion determinada,Jornada Completa,Sin Data,Iman Temporing,Sin Data
2026-10-01,Trabajoscom, Barcelona, Barcelona,Limpiador/a barredora,Sin Data,Sin Data,De duracion determinada,Jornada Completa,Sin Data,Crit Interim España ETT,Sin Data
2026-10-01,Trabajoscom, Araba, Araba,Operario/a de Montaje (2 Turnos),Sin Data,Sin Data,De duracion determinada,Jornada Completa,Sin Data,Crit Interim España ETT,Sin Data
2026-10-01,Trabajoscom, Barcelona, Barcelona,Cuidador/a para atención domiciliaria,Sin Data,Sin Data,Indefinido,Jornada Completa,Sin Data,Iman Temporing,Sin Data
2026-10-01,Trabajoscom, Lleida, Lleida,Gerocultor/a - Auxiliar de enfermería Centro Residencial DomusVi Sant Pere Claver,Sin Data,Sin Data,Indefinido,Media Jornada,Sin Data,DomusVi,Sin Data
2026-10-01,Trabajoscom, Barcelona, Barcelona,Operario/a inyección plástico,Sin Data,Sin Data,De duracion determinada,Jornada Completa,Sin Data,Crit Interim España ETT,Sin Data
2026-10-01,Trabajoscom, Barcelona, Barcelona,Mozo/a  preparación de pedidos,Sin Data,Sin Data,Indefinido,Jornada Completa,Sin Data,Crit Interim España ETT,Sin Data
2026-10-01,Trabajoscom, Lleida, Lleida,Operario/a producción,Sin Data,Sin Data,De duracion determinada,Jornada Completa,Sin Data,Iman Temporing,Sin Data
2026-10-01,Trabajoscom, Zamora, Zamora,Operario/a de producción (Carnet Carretillas),21.000 € - 22.999 €,Sin Data,De duracion determinada,Jornada Completa,Sin Data,Iman Temporing,Sin Data
2026-10-01,Trabajoscom, Murcia, Murcia,Mecánico/a industrial Dolores de Pacheco,Sin Data,Sin Data,Indefinido,Jornada Completa,Sin Data,Crit Interim España ETT,Sin Data
2026-10-01,Trabajoscom, Almería, Almería,Operario/a de granja porcina.,Sin Data,Sin Data,De duracion determinada,Jornada Completa,Sin Data,Iman Temporing,Sin Data
2026-10-01,Trabajoscom, Jaén, Jaén,Diseñador/a Gráfico/a Jaén,Sin Data,Sin Data,Indefinido,Jornada Completa,Sin Data,Crit Interim España ETT,Sin Data
2026-10-01,Trabajoscom, Barcelona, Barcelona,Técnico/a electricista para montaje,28.000 € - 30.000 €,Sin Data,De duracion determinada,Jornada Completa,Sin Data,Iman Temporing,Sin Data
2026-10-01,Trabajoscom, Murcia, Murcia,Operario/a limpieza de oficinas,Sin Data,Sin Data,De duracion determinada,Jornada Completa,Sin Data,Crit Interim España ETT,Sin Data
2026-10-01,Trabajoscom, Zaragoza, Zaragoza,Director/a Oficina Trabajo Temporal,Sin Data,Sin Data,Indefinido,Jornada Completa,Sin Data,Pacto,Sin Data
2026-10-01,Trabajoscom, Madrid, Madrid,Mozo/a de almacén con puente grúa,Sin Data,Sin Data,De duracion determinada,Jornada Completa,Sin Data,Iman Temporing,Sin Data
2026-10-01,Trabajoscom, Barcelona, Barcelona,Carretillero frontal y retráctil,Sin Data,Sin Data,De duracion determinada,Jornada Completa,Sin Data,Iman Temporing,Sin Data
2026-10-01,Trabajoscom, Tarragona, Tarragona,Enfermero/a de Atención Domiciliaria Tortosa - Domusvi Healthcare,Sin Data,Sin Data,Autonomo,Jornada Completa,Sin Data,DomusVi,Sin Data
2026-10-01,Trabajoscom, Madrid, Madrid,Operario/a producción carretilla NUTRICION ANIMAL,Sin Data,Sin Data,De duracion determinada,Jornada Completa,Sin Data,Iman Temporing,Sin Data
2026-10-01,Trabajoscom,Jaén,Guarroman,Administrativo/a de Tráfico,Sin Data,Sin Data,Indefinido,Jornada Completa,Sin Data,JCarrion,Sin Data
2026-10-01,Trabajoscom, Madrid, Madrid,Electromecánicos/as,Sin Data,Sin Data,Indefinido,Jornada Completa,Sin Data,Crit Interim España ETT,Sin Data
2026-10-01,Trabajoscom, Barcelona, Barcelona,Operario/a de producción,Sin Data,Sin Data,De duracion determinada,Jornada Completa,Sin Data,Crit Interim España ETT,Sin Data
2026-10-01,Trabajoscom, Granada, Granada,Operario/a empaquetado,Sin Data,Sin Data,Indefinido,Jornada Completa,Sin Data,Crit Interim España ETT,Sin Data
2026-10-01,Trabajoscom, Asturias, Asturias,Gerocultor/a - Auxiliar de enfermería Centro Residencial DomusVi La Dehesa,Sin Data,Sin Data,De duracion determinada,Jornada Completa,Sin Data,DomusVi,Sin Data
2026-10-01,Trabajoscom, Guadalajara, Guadalajara,Operarios/as de montaje,Sin Data,Sin Data,De duracion determinada,Jornada Completa,Sin Data,Crit Interim España ETT,Sin Data
2026-10-01,Trabajoscom, Barcelona, Barcelona,Carretillero/a Frontal,Sin Data,Sin Data,De duracion determinada,Jornada Completa,Sin Data,Crit Interim España ETT,Sin Data
2026-10-01,Trabajoscom, Málaga, Málaga,Operario zona de montaje - (H/M),Sin Data,Sin Data,De duracion determinada,Jornada Completa,Sin Data,Crit Interim España ETT,Sin Data
2026-10-01,Trabajoscom, Barcelona, Barcelona,Administrativo/a de Finanzas,Sin Data,Sin Data,Indefinido,Jornada Completa,Sin Data,Iman Temporing,Sin Data
2026-10-01,Trabajoscom, Valladolid, Valladolid,Operario/a de producción en Medina del Campo,Sin Data,Sin Data,Indefinido,Jornada Completa,Sin Data,Iman Temporing,Sin Data
2026-10-01,Trabajoscom, Barcelona, Barcelona,Administrativo/a contable,24.000 € - 24.300 €,Sin Data,Indefinido,Jornada Completa,Sin Data,Pacto,Sin Data
2026-10-01,Trabajoscom, Barcelona, Barcelona,Dependiente/a de Tienda con Francés e Inglés,Sin Data,Sin Data,De duracion determinada,Jornada Completa,Sin Data,Crit Interim España ETT,Sin Data
2026-10-01,Trabajoscom, Valencia, Valencia,Plegador/a - CNC Oficial 3ª,Sin Data,Sin Data,De duracion determinada,Jornada Completa,Sin Data,Crit Interim España ETT,Sin Data
2026-10-01,Trabajoscom, Tarragona, Tarragona,Vigilante de Seguridad - Logística - Incorporación Inmediata Banyeres del Penedes (Tarrago,Sin Data,Sin Data,Indefinido,Jornada Completa,Sin Data,Iman Seguridad,Sin Data
2026-10-01,Trabajoscom, Valencia, Valencia,Verificador/a de piezas con experiencia-Almussafes,17.500 € - 18.000 €,Sin Data,De duracion determinada,Jornada Completa,Sin Data,Iman Temporing,Sin Data
2026-10-01,Trabajoscom, Zaragoza, Zaragoza,Técnico de mantenimiento industrial - electromecánico,Sin Data,Sin Data,De duracion determinada,Jornada Completa,Sin Data,Iman Global Consulting,Sin Data
2026-10-01,Trabajoscom, Lleida, Lleida,CARRETILLERO/A  RETRÁCTIL,Sin Data,Sin Data,Indefinido,Jornada Completa,Sin Data,Iman Temporing,Sin Data
2026-10-01,Trabajoscom, Baleares, Baleares,Teleoperador/a comercial- Sector Seguros,Sin Data,Sin Data,Indefinido,Jornada Completa,Sin Data,Crit Interim España ETT,Sin Data
2026-10-01,Trabajoscom, Toledo, Toledo,Ayudante de Producción - Artes Gráficas,17.000 €,Sin Data,De duracion determinada,Jornada Completa,Sin Data,Crit Interim España ETT,Sin Data
2026-10-01,Trabajoscom, Cantabria, Cantabria,Fisioterapeuta Centro Residencial DomusVi Stella Maris,Sin Data,Sin Data,De duracion determinada,Jornada Completa,Sin Data,DomusVi,Sin Data
2026-10-01,Trabajoscom,Barcelona,Todo Barcelona,CARRETILLERO/A,Sin Data,Sin Data,Indefinido,Jornada Indiferente,Sin Data,RAS Interim,Sin Data
2026-10-01,Trabajoscom, Barcelona, Barcelona,Operario/a de verificación de piezas,Sin Data,Sin Data,Indefinido,Jornada Completa,Sin Data,Lis,Sin Data
2026-10-01,Trabajoscom, Madrid, Madrid,Técnico/a de Estudios y Presupuestos (Reformas residenciales),Sin Data,Sin Data,Indefinido,Jornada Completa,Sin Data,Iman Global Consulting,Sin Data
2026-10-01,Trabajoscom, Barcelona, Barcelona,Técnico/a de Garantía de Calidad,Sin Data,Sin Data,De duracion determinada,Jornada Completa,Sin Data,Crit Interim España ETT,Sin Data
2026-10-01,Trabajoscom, Barcelona, Barcelona,Operario/a de Verificación de Piezas,Sin Data,Sin Data,Indefinido,Jornada Completa,Sin Data,Lis,Sin Data
2026-10-01,Trabajoscom, Valladolid, Valladolid,Técnico/a de Comercio y Logística,29.856 € - 30.000 €,Sin Data,Indefinido,Jornada Completa,Sin Data,Iman Global Consulting,Sin Data
2026-10-01,Trabajoscom, Madrid, Madrid,Programador/a de Automatización Industrial – PLC Rockwell/Siemens,30.000 € - 35.000 €,Sin Data,Indefinido,Jornada Completa,Sin Data,Iman Global Consulting,Sin Data
2026-10-01,Trabajoscom, Lleida, Lleida,OPERARIO/A PARA MOSTRADOR - RECAMBISTA,Sin Data,Sin Data,Indefinido,Jornada Completa,Sin Data,Iman Temporing,Sin Data
2026-10-01,Trabajoscom, Barcelona, Barcelona,Mozo/a Carretillero/a - Vilanova del Vallès,21.157 €,Sin Data,Indefinido,Jornada Indiferente,Sin Data,Pacto,Sin Data
2026-10-01,Trabajoscom, A Coruña, A Coruña,Gerocultor/a - Auxiliar de enfermería Centro Residencial DomusVi Laraxe,Sin Data,Sin Data,Indefinido,Media Jornada,Sin Data,DomusVi,Sin Data
2026-10-01,Trabajoscom,Barcelona,Sant Quirze Safaja,MANIPULADOR/A SECTOR ARTES GRAFICAS,Sin Data,Sin Data,Indefinido,Jornada Indiferente,Sin Data,RAS Interim,Sin Data
2026-10-01,Trabajoscom, Pontevedra, Pontevedra,Mozo/a Almacén A Estrada (Incorporación Inmediata),Sin Data,Sin Data,De duracion determinada,Jornada Completa,Sin Data,Iman Temporing,Sin Data
2026-10-01,Trabajoscom, Granada, Granada,Conductor/a camión C+E y CAP,Sin Data,Sin Data,Indefinido,Jornada Completa,Sin Data,Iman Temporing,Sin Data
2026-10-01,Trabajoscom, Madrid, Madrid,Dependiente/a tienda sector descanso,Sin Data,Sin Data,Indefinido,Jornada Completa,Sin Data,Iman Temporing,Sin Data
2026-10-01,Trabajoscom,Málaga,Antequera,ADJUNTO/A DE TIENDA - ZONA MELILLA,Sin Data,Sin Data,Indefinido,Jornada Indiferente,Sin Data,Grupo DIA,Sin Data
2026-10-01,Trabajoscom,Málaga,Antequera,CAJERO/A REPONEDOR/A - ZONA MELILLA,Sin Data,Sin Data,Indefinido,Jornada Indiferente,Sin Data,Grupo DIA,Sin Data
2026-10-01,Trabajoscom,Barcelona,Todo Barcelona,CARRETILLERO/A,Sin Data,Sin Data,Indefinido,Jornada Indiferente,Sin Data,RAS Interim,Sin Data
2026-10-01,Trabajoscom, Barcelona, Barcelona,Técnico/a de Contabilidad y Tesorería,Sin Data,Sin Data,Indefinido,Jornada Completa,Sin Data,Iman Temporing,Sin Data
2026-10-01,Trabajoscom, Pontevedra, Pontevedra,Dependiente/a alimentación,Sin Data,Sin Data,De duracion determinada,Jornada Completa,Sin Data,Iman Temporing,Sin Data
2026-10-01,Trabajoscom, Barcelona, Barcelona,Responsable de Marketing,40.000 € - 45.000 €,Sin Data,Indefinido,Jornada Completa,Sin Data,Iman Global Consulting,Sin Data
2026-10-01,Trabajoscom, Madrid, Madrid,Técnico/a de Estudios y Presupuestos (Reformas residenciales),Sin Data,Sin Data,Indefinido,Jornada Completa,Sin Data,Iman Global Consulting,Sin Data
2026-10-01,Trabajoscom, Barcelona, Barcelona,Operario/a de Verificación de Piezas,Sin Data,Sin Data,Indefinido,Jornada Completa,Sin Data,Lis,Sin Data
2026-10-01,Trabajoscom, Madrid, Madrid,Programador/a de Automatización Industrial – PLC Rockwell/Siemens,30.000 € - 35.000 €,Sin Data,Indefinido,Jornada Completa,Sin Data,Iman Global Consulting,Sin Data
2026-10-01,Trabajoscom, Murcia, Murcia,Consultor/a de selección,17.000 € - 20.000 €,Sin Data,Indefinido,Jornada Completa,Sin Data,Iman Temporing,Sin Data
2026-10-01,Trabajoscom, Barcelona, Barcelona,Operario/a de verificación de piezas,Sin Data,Sin Data,Indefinido,Jornada Completa,Sin Data,Lis,Sin Data
2026-10-01,Trabajoscom, A Coruña, A Coruña,REPARTIDOR/A,Sin Data,Sin Data,Indefinido,Jornada Completa,Sin Data,Iman Temporing,Sin Data
2026-10-01,Trabajoscom,Girona,Blanes,ADMINISTRATIVO/A CONTABLE,Sin Data,Sin Data,Indefinido,Jornada Indiferente,Sin Data,RAS Interim,Sin Data
2026-10-01,Trabajoscom, Zaragoza, Zaragoza,Jefe o Encargado de Obra,Sin Data,Sin Data,Indefinido,Jornada Completa,Sin Data,Iman Global Consulting,Sin Data
2026-10-01,Trabajoscom, Pontevedra, Pontevedra,PICKING - O PORRIÑO,Sin Data,Sin Data,De duracion determinada,Jornada Completa,Sin Data,Iman Temporing,Sin Data
2026-10-01,Trabajoscom,Barcelona,Barcelona,TÉCNICO/A DE RRHH,Sin Data,Sin Data,Indefinido,Jornada Indiferente,Sin Data,RAS Interim - Talento,Sin Data
2026-10-01,Trabajoscom,Madrid,Alcala De Henares,BECARIO/A DE RRHH,Sin Data,Sin Data,Indefinido,Jornada Indiferente,Sin Data,RAS Interim - Talento,Sin Data
2026-10-01,Trabajoscom, Valladolid, Valladolid,Técnico/a de Comercio y Logística,29.856 € - 30.000 €,Sin Data,Indefinido,Jornada Completa,Sin Data,Iman Global Consulting,Sin Data
2026-10-01,Trabajoscom, Barcelona, Barcelona,Técnico/a de Garantía de Calidad,Sin Data,Sin Data,De duracion determinada,Jornada Completa,Sin Data,Crit Interim España ETT,Sin Data
2026-10-01,Trabajoscom,León,Santa Catalina De Somoza,Cajero/a Reponedor/a Inca 40h.,Sin Data,Sin Data,Indefinido,Jornada Indiferente,Sin Data,Grupo DIA,Sin Data
2026-10-01,Trabajoscom,Valencia,Almassera,CALDEREROS/AS CUALIFICADOS/AS,Sin Data,Sin Data,Indefinido,Jornada Indiferente,Sin Data,RAS Interim,Sin Data
2026-10-01,Trabajoscom,Madrid,Todo Madrid,OPERARIO/A DE MANIPULACIÓN DE FONDOS,Sin Data,Sin Data,Indefinido,Jornada Indiferente,Sin Data,RAS Interim,Sin Data
2026-10-01,Trabajoscom,Bizkaia,Arrigorriaga,PEON/A,Sin Data,Sin Data,Indefinido,Jornada Indiferente,Sin Data,RAS Interim,Sin Data
2026-10-01,Trabajoscom,Barcelona,Vilafranca Del Penedes,MOZO/A DE ALMACÉN,Sin Data,Sin Data,Indefinido,Jornada Indiferente,Sin Data,RAS Interim,Sin Data
2026-10-01,Trabajoscom,Tarragona,Reus,OPERARIO/A PRODUCCIÓN TEXTIL,Sin Data,Sin Data,Indefinido,Jornada Indiferente,Sin Data,RAS Interim,Sin Data
2026-10-01,Trabajoscom,Alicante,Orihuela,"Cajero/a Reponedor/a en Puerto Lumbreras, Murcia",Sin Data,Sin Data,Indefinido,Jornada Indiferente,Sin Data,Grupo DIA,Sin Data
2026-10-01,Trabajoscom,Madrid,Getafe,Mozos/as de Almacén en Getafe-40h Turno de tarde o noche,Sin Data,Sin Data,Indefinido,Jornada Indiferente,Sin Data,Grupo DIA,Sin Data
2026-10-01,Trabajoscom,Barcelona,Vilafranca Del Penedes,OPERARIO/A DE PRODUCCIÓN,Sin Data,Sin Data,Indefinido,Jornada Indiferente,Sin Data,RAS Interim,Sin Data
2026-10-01,Trabajoscom,Madrid,Todo Madrid,TÉCNICO/A DE IDENTIFICACIÓN Y ARCHIVO,Sin Data,Sin Data,Indefinido,Jornada Indiferente,Sin Data,RAS Interim,Sin Data
2026-10-01,Trabajoscom,Barcelona,Mollet Del Valles,OPERARIO/AS,Sin Data,Sin Data,Indefinido,Jornada Indiferente,Sin Data,RAS Interim,Sin Data
2026-10-01,Trabajoscom,Barcelona,Martorell,OPERARIO/A MECANIZADO CNC,Sin Data,Sin Data,Indefinido,Jornada Indiferente,Sin Data,RAS Interim,Sin Data
2026-10-01,Trabajoscom,Girona,Girona,OPERARIO/A DE MANIPULACIÓN DE ACABADOS,Sin Data,Sin Data,Indefinido,Jornada Indiferente,Sin Data,RAS Interim,Sin Data
2026-10-01,Trabajoscom,Barcelona,Granollers,Contable Jr- Granollers (h/m),25.000 € - 30.000 €,Sin Data,Indefinido,Jornada Completa,Sin Data,Michael Page,Sin Data
2026-10-01,Trabajoscom,Madrid,Madrid,Ingeniero/a Técnico/a de Servicio Técnico - MedTech,33.000 € - 36.000 €,Sin Data,Indefinido,Jornada Completa,Sin Data,Michael Page,Sin Data
2026-10-01,Trabajoscom,Málaga,Malaga,KAM Nacional - Agroalimentario (H/M/D),30.000 € - 35.000 €,Sin Data,Indefinido,Jornada Completa,Sin Data,Michael Page,Sin Data
2026-10-01,Trabajoscom,Zaragoza,Zaragoza,Ingeniero/a Eléctrico/a Junior (oficina técnica),25.000 € - 35.000 €,Sin Data,Indefinido,Jornada Completa,Sin Data,Michael Page,Sin Data
2026-10-01,Trabajoscom,Barcelona,Vilafranca Del Penedes,Arquitecto/a - Proyectos de Edificación Industrial,30.000 € - 35.000 €,Sin Data,Indefinido,Jornada Completa,Sin Data,Michael Page,Sin Data
2026-10-01,Trabajoscom,Murcia,Murcia,Gestor/a de Compras - Retail,25.000 € - 30.000 €,Sin Data,Indefinido,Jornada Completa,Sin Data,Michael Page,Sin Data
2026-10-01,Trabajoscom,Valladolid,Valladolid,Técnico Laboral (Valladolid),24.000 € - 26.000 €,Sin Data,Indefinido,Jornada Completa,Sin Data,Michael Page,Sin Data
2026-10-01,Trabajoscom,Barcelona,Barcelona,Administrativo ventas BADALONA,25.000 € - 30.000 €,Sin Data,Indefinido,Jornada Completa,Sin Data,Michael Page,Sin Data
2026-10-01,Trabajoscom,Madrid,Madrid,Data Analytics IA - Málaga / Madrid,40.000 € - 45.000 €,Sin Data,Indefinido,Jornada Completa,Sin Data,Michael Page,Sin Data
2026-10-01,Trabajoscom, Málaga, Málaga,Encargado de Instalaciones Mecanicas (h/m),38.000 € - 45.000 €,Sin Data,Indefinido,Jornada Completa,Sin Data,Michael Page,Sin Data
2026-10-01,Trabajoscom,Madrid,Madrid,Field Service Engineer Madrid,35.000 € - 40.000 €,Sin Data,Indefinido,Jornada Completa,Sin Data,Michael Page,Sin Data
2026-10-01,Trabajoscom,La Rioja,Logroño,Controller Financiero Senior (H/M),40.000 € - 45.000 €,Sin Data,Indefinido,Jornada Completa,Sin Data,Michael Page,Sin Data
2026-10-01,Trabajoscom, Baleares, Baleares,Capataz de obra residencial Mallorca (h/m),34.000 € - 36.000 €,Sin Data,Indefinido,Jornada Completa,Sin Data,Michael Page,Sin Data
2026-10-01,Trabajoscom,Madrid,Madrid,Key Account Manager - Canal Hoteles,30.000 € - 35.000 €,Sin Data,Indefinido,Jornada Completa,Sin Data,Michael Page,Sin Data
2026-10-01,Trabajoscom,Barcelona,Granollers,Especialista de Facturación - Granollers,31.000 € - 33.000 €,Sin Data,De duracion determinada,Jornada Completa,Sin Data,Michael Page,Sin Data
2026-10-01,Trabajoscom,Madrid,Madrid,Contable-Controller con inglés para multinacional en Madrid,38.000 € - 40.000 €,Sin Data,Indefinido,Jornada Completa,Sin Data,Michael Page,Sin Data
2026-10-01,Trabajoscom,Tarragona,Tarragona,Comercial Tarragona / Castellón,18.000 € - 25.000 €,Sin Data,Indefinido,Jornada Completa,Sin Data,Michael Page,Sin Data
2026-10-01,Trabajoscom,Barcelona,Barcelona,Secretaria de dirección con Italiano B2-Family Office en Bcn,28.000 € - 32.000 €,Sin Data,Indefinido,Jornada Completa,Sin Data,Michael Page,Sin Data
2026-10-01,Trabajoscom,Madrid,Todo Madrid,TÉCNICO/A DE IDENTIFICACIÓN Y ARCHIVO,Sin Data,Sin Data,Indefinido,Jornada Indiferente,Sin Data,RAS Interim,Sin Data
2026-10-01,Trabajoscom,Barcelona,Mollet Del Valles,OPERARIO/AS,Sin Data,Sin Data,Indefinido,Jornada Indiferente,Sin Data,RAS Interim,Sin Data
2026-10-01,Trabajoscom,Madrid,Todo Madrid,TÉCNICO/A DE DIGITALIZACIÓN,Sin Data,Sin Data,Indefinido,Jornada Indiferente,Sin Data,RAS Interim,Sin Data
2026-10-01,Trabajoscom,Girona,Girona,TÈCNIC/A DE CONTROL DE QUALITAT,Sin Data,Sin Data,Indefinido,Jornada Indiferente,Sin Data,RAS Interim,Sin Data
2026-10-01,Trabajoscom,Barcelona,Vilafranca Del Penedes,OPERARIO/A DE PRODUCCIÓN,Sin Data,Sin Data,Indefinido,Jornada Indiferente,Sin Data,RAS Interim,Sin Data
2026-10-01,Trabajoscom,Barcelona,Sabadell,OPERARIO/A DE PRODUCCION,Sin Data,Sin Data,Indefinido,Jornada Indiferente,Sin Data,RAS Interim,Sin Data
2026-10-01,Trabajoscom,Girona,Girona,OPERARIO/A DE PRODUCCIÓN,Sin Data,Sin Data,Indefinido,Jornada Indiferente,Sin Data,RAS Interim,Sin Data
2026-10-01,Trabajoscom,Girona,Girona,MOZO/A DE ALMACÉN - PREPARACIÓN DE PEDIDOS (PICKING),Sin Data,Sin Data,Indefinido,Jornada Indiferente,Sin Data,RAS Interim,Sin Data
2026-10-01,Trabajoscom,Madrid,Madrid,Psicólogo Clínico PIR (H/M) Hospital Referente,50 € - 60 €,Sin Data,Indefinido,Jornada Completa,Sin Data,Michael Page,Sin Data
