Fecha,Plataforma,Provincia,Localidad,Oferta_Empleo,Salario,Modalidad,Tipo_Contrato,Tipo_Jornada,Experiencia,Empresa,Requisitos
2026-09-17,Trabajoscom, Palencia, Palencia,Auxiliar de Apoyo Equipo Asistencial Centro Residencial DomusVi Palencia,Sin Data,Sin Data,Indefinido,Jornada Indiferente,Sin Data,DomusVi,Sin Data
2026-09-17,Trabajoscom,Valencia,Todo Valencia,Operarios montaje (H/M/D) con DISCAPACIDAD (Tavernes Blanques),15.000 €,Sin Data,Discapacidad,Jornada Completa,Sin Data,Ilunion,Sin Data
2026-09-17,Trabajoscom,Madrid,Todo Madrid,Tecnico campaña preventivas/emergencias Naturgy,30.000 € - 60.000 €,Sin Data,Indefinido,Jornada Completa,Sin Data,Edeco Sales Solutions,Sin Data
2026-09-17,Trabajoscom,Real,Todo Real,Emirates Airline busca Pilotos de Aviación,7.650 € - 10.650 €,Sin Data,Indefinido,Jornada Completa,Sin Data,Emirates Airline,Sin Data
2026-09-17,Trabajoscom,Valencia,Todo Valencia,Emirates Airline busca Pilotos de Aviación,7.650 € - 10.650 €,Sin Data,Indefinido,Jornada Completa,Sin Data,Emirates Airline,Sin Data
2026-09-17,Trabajoscom,Granada,Todo Granada,Emirates Airline busca Pilotos de Aviación,7.650 € - 10.650 €,Sin Data,Indefinido,Jornada Completa,Sin Data,Emirates Airline,Sin Data
2026-09-17,Trabajoscom,Albacete,Todo Albacete,Emirates Airline busca Pilotos de Aviación,7.650 € - 10.650 €,Sin Data,Indefinido,Jornada Completa,Sin Data,Emirates Airline,Sin Data
2026-09-17,Trabajoscom,Navarra,Todo Navarra,Emirates Airline busca Pilotos de Aviación,7.650 € - 10.650 €,Sin Data,Indefinido,Jornada Completa,Sin Data,Emirates Airline,Sin Data
2026-09-17,Trabajoscom,Alicante,Todo Alicante,Emirates Airline busca Pilotos de Aviación,7.650 € - 10.650 €,Sin Data,Indefinido,Jornada Completa,Sin Data,Emirates Airline,Sin Data
2026-09-17,Trabajoscom,Ourense,Todo Ourense,Emirates Airline busca Pilotos de Aviación,7.650 € - 10.650 €,Sin Data,Indefinido,Jornada Completa,Sin Data,Emirates Airline,Sin Data
2026-09-17,Trabajoscom,Asturias,Todo Asturias,Emirates Airline busca Pilotos de Aviación,7.650 € - 10.650 €,Sin Data,Indefinido,Jornada Completa,Sin Data,Emirates Airline,Sin Data
2026-09-17,Trabajoscom,Almería,Todo Almería,Emirates Airline busca Pilotos de Aviación,7.650 € - 10.650 €,Sin Data,Indefinido,Jornada Completa,Sin Data,Emirates Airline,Sin Data
2026-09-17,Trabajoscom,Madrid,Todo Madrid,Emirates Airline busca Pilotos de Aviación,7.650 € - 10.650 €,Sin Data,Indefinido,Jornada Completa,Sin Data,Emirates Airline,Sin Data
2026-09-17,Trabajoscom,Palencia,Todo Palencia,Emirates Airline busca Pilotos de Aviación,7.650 € - 10.650 €,Sin Data,Indefinido,Jornada Completa,Sin Data,Emirates Airline,Sin Data
2026-09-17,Trabajoscom,Tarragona,Todo Tarragona,Emirates Airline busca Pilotos de Aviación,7.650 € - 10.650 €,Sin Data,Indefinido,Jornada Completa,Sin Data,Emirates Airline,Sin Data
2026-09-17,Trabajoscom,Tenerife,Todo Tenerife,Emirates Airline busca Pilotos de Aviación,7.650 € - 10.650 €,Sin Data,Indefinido,Jornada Completa,Sin Data,Emirates Airline,Sin Data
2026-09-17,Trabajoscom,Lugo,Todo Lugo,Emirates Airline busca Pilotos de Aviación,7.650 € - 10.650 €,Sin Data,Indefinido,Jornada Completa,Sin Data,Emirates Airline,Sin Data
2026-09-17,Trabajoscom,Real,Todo Real,Emirates Airline busca Pilotos de Aviación,7.650 € - 10.650 €,Sin Data,Indefinido,Jornada Completa,Sin Data,Emirates Airline,Sin Data
2026-09-17,Trabajoscom,Soria,Todo Soria,Emirates Airline busca Pilotos de Aviación,7.650 € - 10.650 €,Sin Data,Indefinido,Jornada Completa,Sin Data,Emirates Airline,Sin Data
2026-09-17,Trabajoscom,Lleida,Todo Lleida,Emirates Airline busca Pilotos de Aviación,7.650 € - 10.650 €,Sin Data,Indefinido,Jornada Completa,Sin Data,Emirates Airline,Sin Data
2026-09-17,Trabajoscom,Teruel,Todo Teruel,Emirates Airline busca Pilotos de Aviación,7.650 € - 10.650 €,Sin Data,Indefinido,Jornada Completa,Sin Data,Emirates Airline,Sin Data
2026-09-17,Trabajoscom,Castellón,Todo Castellón,Emirates Airline busca Pilotos de Aviación,7.650 € - 10.650 €,Sin Data,Indefinido,Jornada Completa,Sin Data,Emirates Airline,Sin Data
2026-09-17,Trabajoscom,Cáceres,Todo Cáceres,Emirates Airline busca Pilotos de Aviación,7.650 € - 10.650 €,Sin Data,Indefinido,Jornada Completa,Sin Data,Emirates Airline,Sin Data
2026-09-17,Trabajoscom,Lugo,Todo Lugo,Emirates Airline busca Pilotos de Aviación,7.650 € - 10.650 €,Sin Data,Indefinido,Jornada Completa,Sin Data,Emirates Airline,Sin Data
2026-09-17,Trabajoscom,Burgos,Todo Burgos,Emirates Airline busca Pilotos de Aviación,7.650 € - 10.650 €,Sin Data,Indefinido,Jornada Completa,Sin Data,Emirates Airline,Sin Data
2026-09-17,Trabajoscom,Cáceres,Todo Cáceres,Emirates Airline busca Pilotos de Aviación,7.650 € - 10.650 €,Sin Data,Indefinido,Jornada Completa,Sin Data,Emirates Airline,Sin Data
2026-09-17,Trabajoscom,Badajoz,Todo Badajoz,Emirates Airline busca Pilotos de Aviación,7.650 € - 10.650 €,Sin Data,Indefinido,Jornada Completa,Sin Data,Emirates Airline,Sin Data
2026-09-17,Trabajoscom,Asturias,Todo Asturias,Emirates Airline busca Pilotos de Aviación,7.650 € - 10.650 €,Sin Data,Indefinido,Jornada Completa,Sin Data,Emirates Airline,Sin Data
2026-09-17,Trabajoscom,Alicante,Todo Alicante,Emirates Airline busca Pilotos de Aviación,7.650 € - 10.650 €,Sin Data,Indefinido,Jornada Completa,Sin Data,Emirates Airline,Sin Data
2026-09-17,Trabajoscom,Huelva,Todo Huelva,Emirates Airline busca Pilotos de Aviación,7.650 € - 10.650 €,Sin Data,Indefinido,Jornada Completa,Sin Data,Emirates Airline,Sin Data
2026-09-17,Trabajoscom,León,Todo León,Emirates Airline busca Pilotos de Aviación,7.650 € - 10.650 €,Sin Data,Indefinido,Jornada Completa,Sin Data,Emirates Airline,Sin Data
2026-09-17,Trabajoscom,Rioja,Todo Rioja,Emirates Airline busca Pilotos de Aviación,7.650 € - 10.650 €,Sin Data,Indefinido,Jornada Completa,Sin Data,Emirates Airline,Sin Data
2026-09-17,Trabajoscom,Jaén,Todo Jaén,Emirates Airline busca Pilotos de Aviación,7.650 € - 10.650 €,Sin Data,Indefinido,Jornada Completa,Sin Data,Emirates Airline,Sin Data
2026-09-17,Trabajoscom,Cuenca,Todo Cuenca,Emirates Airline busca Pilotos de Aviación,7.650 € - 10.650 €,Sin Data,Indefinido,Jornada Completa,Sin Data,Emirates Airline,Sin Data
2026-09-17,Trabajoscom,Sevilla,Todo Sevilla,Emirates Airline busca Pilotos de Aviación,7.650 € - 10.650 €,Sin Data,Indefinido,Jornada Completa,Sin Data,Emirates Airline,Sin Data
2026-09-17,Trabajoscom,Girona,Todo Girona,Emirates Airline busca Pilotos de Aviación,7.650 € - 10.650 €,Sin Data,Indefinido,Jornada Completa,Sin Data,Emirates Airline,Sin Data
2026-09-17,Trabajoscom,Toledo,Todo Toledo,Emirates Airline busca Pilotos de Aviación,7.650 € - 10.650 €,Sin Data,Indefinido,Jornada Completa,Sin Data,Emirates Airline,Sin Data
2026-09-17,Trabajoscom,Madrid,Madrid,Asesor/a Comercial | Sector Inmobiliario y Real Estate,1.500 € - 4.000 €,Sin Data,Indefinido,Jornada Completa,Sin Data,Tecnocasa,Sin Data
2026-09-17,Trabajoscom,Huelva,Todo Huelva,Emirates Airline busca Pilotos de Aviación,7.650 € - 10.650 €,Sin Data,Indefinido,Jornada Completa,Sin Data,Emirates Airline,Sin Data
2026-09-17,Trabajoscom,Madrid,Todo Madrid,Agente Inmobiliario en Leganés-Aluche | Salario Fijo 1. 300€ + Comisiones,1.300 € - 2.600 €,Sin Data,Indefinido,Jornada Completa,Sin Data,Tecnocasa,Sin Data
2026-09-17,Trabajoscom,Madrid,Torrejon De Ardoz,Asesor Comercial Inmobiliario Sin Experiencia - Contrato Indefinido en Torrejón de Ardoz,18.000 € - 28.000 €,Sin Data,Indefinido,Jornada Completa,Sin Data,Tecnocasa,Sin Data
2026-09-17,Trabajoscom,A Coruña,Boiro - Boiro,OPERARIOS/AS FÁBRICA EN BOIRO,Sin Data,Sin Data,De duracion determinada,Media Jornada,Sin Data,Grupo Adecco,Sin Data
2026-09-17,Trabajoscom,Guadalajara,Cabanillas Del Campo,Comercial Inmobiliario sin Experiencia - Corredor del Henares (Guadalajara/Madrid),1.600 € - 5.000 €,Sin Data,Indefinido,Jornada Completa,Sin Data,Tecnocasa,Sin Data
2026-09-17,Trabajoscom,Valencia,Puerto De Sagunto,Agente Inmobiliario RE/MAX – ¡Desarrolla tu carrera con nosotros!,18.000 € - 70.000 €,Sin Data,Autonomo,Freelance,Sin Data,Remax Mega Home,Sin Data
2026-09-17,Trabajoscom,Madrid,Collado Villalba,Fisioterapeuta - Jornada Partida - Collado Villalba,1.400 € - 1.500 €,Sin Data,Indefinido,Jornada Indiferente,Sin Data,Asoc Escuela Formacion De Sem,Sin Data
2026-09-17,Trabajoscom,Sevilla,Dos Hermanas,Oficial Albañil Sevilla,25.625 € - 36.000 €,Sin Data,Indefinido,Jornada Completa,Sin Data,Renoveduch,Sin Data
2026-09-17,Trabajoscom,Alicante,Torrellano,Oficial Albañil Alicante,24.773 €,Sin Data,Indefinido,Jornada Completa,Sin Data,Renoveduch,Sin Data
2026-09-17,Trabajoscom,Gipuzkoa,Urnieta,AUXILIAR ADMINISTRATIVO/A,Sin Data,Sin Data,De duracion determinada,Jornada Completa,Sin Data,Temps,Sin Data
2026-09-17,Trabajoscom,Valencia,Náquera,SOLDADOR/A HIERRO MIG,Sin Data,Sin Data,De duracion determinada,Jornada Completa,Sin Data,Temps,Sin Data
2026-09-17,Trabajoscom,Burgos,Burgos,Mozo/a de almacén materiales de construcción - Pol. Gamonal Vilimar - Burgos,18.000 € - 19.000 €,Sin Data,De duracion determinada,Jornada Completa,Sin Data,Temps,Sin Data
2026-09-17,Trabajoscom,Madrid,Todo Madrid,Especialista en Atención al Cliente y Posventa con Inglés Nativo UK – Madrid,Sin Data,Sin Data,Indefinido,Jornada Completa,Sin Data,Consultoría de Selección,Sin Data
2026-09-17,Trabajoscom,Cádiz,Cádiz,41314 Carretillero/a Cádiz,Sin Data,Sin Data,De duracion determinada,Media Jornada,Sin Data,Grupo Adecco,Sin Data
2026-09-17,Trabajoscom,Tarragona,Salou,PERSONAL DE MANTENIMIENTO GENERAL,Sin Data,Sin Data,Indefinido,Jornada Completa,Sin Data,Grupo Adecco,Sin Data
2026-09-17,Trabajoscom,Madrid,Todo Madrid,Técnico Aplicador de Control de Plagas,23.000 € - 25.000 €,Sin Data,Indefinido,Jornada Intensiva,Sin Data,Contratas y Servicios Car,Sin Data
2026-09-17,Trabajoscom,Valencia,Paterna,INGENIERO/A INDUSTRIAL ESPECIALIZADO/A EN CLIMATIZACIÓN/FRÍO INDUSTRIAL,Sin Data,Sin Data,Indefinido,Jornada Completa,Sin Data,TVA,Sin Data
2026-09-17,Trabajoscom,Cuenca,Tarancon,Camionero/Peón de Quesería en Tarancón (Cuenca),20.000 € - 25.000 €,Sin Data,Indefinido,Jornada Completa,Sin Data,Quesos Manchegos Morales,Sin Data
2026-09-17,Trabajoscom,Gipuzkoa,Todo Gipuzkoa,INGENIERO/A MANTENIMIENTO MECANICO,Sin Data,Sin Data,Indefinido,Jornada Completa,Sin Data,AdegiLan,Sin Data
2026-09-17,Trabajoscom,Gipuzkoa,Todo Gipuzkoa,Técnico/a de producto // Encargado/a general,Sin Data,Sin Data,Indefinido,Jornada Indiferente,Sin Data,AdegiLan,Sin Data
2026-09-17,Trabajoscom,Gipuzkoa,Todo Gipuzkoa,"INGENIERO/A, INGENIERO/A QUIMICO/A  PARA PRODUCCION",Sin Data,Sin Data,De duracion determinada,Jornada Indiferente,Sin Data,AdegiLan,Sin Data
2026-09-17,Trabajoscom,Gipuzkoa,Todo Gipuzkoa,Tecnico/a de Metrologia,Sin Data,Sin Data,Indefinido,Jornada Completa,Sin Data,AdegiLan,Sin Data
2026-09-17,Trabajoscom,Gipuzkoa,Todo Gipuzkoa,"Técnico/a PRL, Calidad y Medioambiente",42 € - 54 €,Sin Data,Indefinido,Jornada Completa,Sin Data,AdegiLan,Sin Data
2026-09-17,Trabajoscom,Gipuzkoa,Todo Gipuzkoa,Electricista,18 € - 30 €,Sin Data,Indefinido,Jornada Completa,Sin Data,AdegiLan,Sin Data
2026-09-17,Trabajoscom,Gipuzkoa,Todo Gipuzkoa,Técnico/a Mantenimiento Industrial,Sin Data,Sin Data,Indefinido,Jornada Completa,Sin Data,AdegiLan,Sin Data
2026-09-17,Trabajoscom,Gipuzkoa,Todo Gipuzkoa,"Director/a de Tecnología, Producto y Soluciones Industriales",72.000 € - 90.000 €,Sin Data,Indefinido,Jornada Indiferente,Sin Data,AdegiLan,Sin Data
2026-09-17,Trabajoscom,Gipuzkoa,Todo Gipuzkoa,Responsable Comercial,42 € - 54 €,Sin Data,Indefinido,Jornada Completa,Sin Data,AdegiLan,Sin Data
2026-09-17,Trabajoscom,Madrid,Madrid,REPARTIDOR/A DE PAQUETERIA LIGERA (ZONA REPARTO: MADRID ESTE) - NAVE EN VICALVARO,1.500 € - 1.600 €,Sin Data,De duracion determinada,Jornada Completa,Sin Data,Temps,Sin Data
2026-09-17,Trabajoscom,Zaragoza,Zaragoza,Soldador/a semiautomática,Sin Data,Sin Data,De duracion determinada,Jornada Completa,Sin Data,Temps,Sin Data
2026-09-17,Trabajoscom,Madrid,Valdeolmos-Alalpardo,Control de calidad 3 turnos rotativos - Zona Valdeolmos Alalpardo,18.000 € - 20.000 €,Sin Data,De duracion determinada,Jornada Completa,Sin Data,Temps,Sin Data
2026-09-17,Trabajoscom,Madrid,Valdemoro,OPERARIO DE LIMPIEZA MADRID - VALLDEMORO - 30. 5HORAS SEMANAL - VACACIONES,Sin Data,Sin Data,De duracion determinada,Jornada Indiferente,Sin Data,Sernet Servicios Integrales,Sin Data
2026-09-17,Trabajoscom,Alicante,Lliber,Comercial - Llíber,Sin Data,Sin Data,Indefinido,Jornada Completa,Sin Data,Grupo Adecco,Sin Data
2026-09-17,Trabajoscom,Valencia,Puig,Operario/a corte sector metal,Sin Data,Sin Data,De duracion determinada,Media Jornada,Sin Data,Grupo Adecco,Sin Data
2026-09-17,Trabajoscom,Valencia,Paiporta,Mozo/a de almacén y soporte logístico,20.000 € - 25.000 €,Sin Data,Indefinido,Jornada Completa,Sin Data,Temps,Sin Data
2026-09-17,Trabajoscom,Baleares,Palma De Mallorca,Gobernanta Limpieza centro educativo,Sin Data,Sin Data,Sin Data,Jornada Completa,Sin Data,Colevisa,Sin Data
2026-09-17,Trabajoscom,Palmas,Todo Palmas,Operario/a Almacén PVH (Tommy Hilfiger & Calvin Klein) con Alojamiento Incluido,15 € - 17 €,Sin Data,Indefinido,Jornada Intensiva,Sin Data,OTTO Work Force,Sin Data
2026-09-17,Trabajoscom,Cantabria,Todo Cantabria,Empleada de hogar interna y niñera en Leipzig - Alemania (H/M),Sin Data,Sin Data,Indefinido,Jornada Completa,Sin Data,Bugovics Industrie,Sin Data
2026-09-17,Trabajoscom,Toledo,Todo Toledo,Empleada de hogar interna y niñera en Leipzig - Alemania (H/M),Sin Data,Sin Data,Indefinido,Jornada Completa,Sin Data,Bugovics Industrie,Sin Data
2026-09-17,Trabajoscom,Valencia,Aielo De Malferit,OPERARIOS/AS Y PERSONAL DE ALMACÉN (Aielo de Malferit),Sin Data,Sin Data,Indefinido,Jornada Completa,Sin Data,Grupo Adecco,Sin Data
2026-09-17,Trabajoscom,Teruel,Todo Teruel,Empleada de hogar interna y niñera en Leipzig - Alemania (H/M),Sin Data,Sin Data,Indefinido,Jornada Completa,Sin Data,Bugovics Industrie,Sin Data
2026-09-17,Trabajoscom,Valencia,Todo Valencia,Empleada de hogar interna y niñera en Leipzig - Alemania (H/M),Sin Data,Sin Data,Indefinido,Jornada Completa,Sin Data,Bugovics Industrie,Sin Data
2026-09-17,Trabajoscom,Tarragona,Todo Tarragona,Empleada de hogar interna y niñera en Leipzig - Alemania (H/M),Sin Data,Sin Data,Indefinido,Jornada Completa,Sin Data,Bugovics Industrie,Sin Data
2026-09-17,Trabajoscom,Ourense,Todo Ourense,Empleada de hogar interna y niñera en Leipzig - Alemania (H/M),Sin Data,Sin Data,Indefinido,Jornada Completa,Sin Data,Bugovics Industrie,Sin Data
2026-09-17,Trabajoscom,Segovia,Todo Segovia,Empleada de hogar interna y niñera en Leipzig - Alemania (H/M),Sin Data,Sin Data,Indefinido,Jornada Completa,Sin Data,Bugovics Industrie,Sin Data
2026-09-17,Trabajoscom,Navarra,Todo Navarra,Empleada de hogar interna y niñera en Leipzig - Alemania (H/M),Sin Data,Sin Data,Indefinido,Jornada Completa,Sin Data,Bugovics Industrie,Sin Data
2026-09-17,Trabajoscom,Soria,Todo Soria,Empleada de hogar interna y niñera en Leipzig - Alemania (H/M),Sin Data,Sin Data,Indefinido,Jornada Completa,Sin Data,Bugovics Industrie,Sin Data
2026-09-17,Trabajoscom,Salamanca,Todo Salamanca,Empleada de hogar interna y niñera en Leipzig - Alemania (H/M),Sin Data,Sin Data,Indefinido,Jornada Completa,Sin Data,Bugovics Industrie,Sin Data
2026-09-17,Trabajoscom,Tenerife,Todo Tenerife,Empleada de hogar interna y niñera en Leipzig - Alemania (H/M),Sin Data,Sin Data,Indefinido,Jornada Completa,Sin Data,Bugovics Industrie,Sin Data
2026-09-17,Trabajoscom,Sevilla,Morón De La Frontera,Administrativo/a de Logística y Operaciones,Sin Data,Sin Data,Indefinido,Jornada Completa,Sin Data,Grupo Adecco,Sin Data
2026-09-17,Trabajoscom,Zaragoza,Todo Zaragoza,Operario/a Almacén PVH (Tommy Hilfiger & Calvin Klein) con Alojamiento Incluido,15 € - 17 €,Sin Data,Indefinido,Jornada Intensiva,Sin Data,OTTO Work Force,Sin Data
2026-09-17,Trabajoscom,Baleares,Todo Baleares,Operario/a de Almacén para GXO Logistics en Países Bajos,14 € - 16 €,Sin Data,Indefinido,Jornada Intensiva,Sin Data,OTTO Work Force,Sin Data
2026-09-17,Trabajoscom,Huesca,Todo Huesca,Operario/a de Almacén para GXO Logistics en Países Bajos,14 € - 16 €,Sin Data,Indefinido,Jornada Intensiva,Sin Data,OTTO Work Force,Sin Data
2026-09-17,Trabajoscom,Málaga,Todo Málaga,Operario/a de Almacén para GXO Logistics en Países Bajos,14 € - 16 €,Sin Data,Indefinido,Jornada Intensiva,Sin Data,OTTO Work Force,Sin Data
2026-09-17,Trabajoscom,Granada,Todo Granada,Operario/a de Almacén para GXO Logistics en Países Bajos,14 € - 16 €,Sin Data,Indefinido,Jornada Intensiva,Sin Data,OTTO Work Force,Sin Data
2026-09-17,Trabajoscom,Rioja,Todo Rioja,Operario/a de Almacén para GXO Logistics en Países Bajos,14 € - 16 €,Sin Data,Indefinido,Jornada Intensiva,Sin Data,OTTO Work Force,Sin Data
2026-09-17,Trabajoscom,Girona,Todo Girona,Operario/a de Almacén para GXO Logistics en Países Bajos,14 € - 16 €,Sin Data,Indefinido,Jornada Intensiva,Sin Data,OTTO Work Force,Sin Data
2026-09-17,Trabajoscom,Murcia,Todo Murcia,Operario/a de Almacén para GXO Logistics en Países Bajos,14 € - 16 €,Sin Data,Indefinido,Jornada Intensiva,Sin Data,OTTO Work Force,Sin Data
2026-09-17,Trabajoscom,Cádiz,Todo Cádiz,Operario/a de Almacén para GXO Logistics en Países Bajos,14 € - 16 €,Sin Data,Indefinido,Jornada Intensiva,Sin Data,OTTO Work Force,Sin Data
2026-09-17,Trabajoscom,Cantabria,Todo Cantabria,Operario/a de Almacén para GXO Logistics en Países Bajos,14 € - 16 €,Sin Data,Indefinido,Jornada Intensiva,Sin Data,OTTO Work Force,Sin Data
2026-09-17,Trabajoscom,Real,Todo Real,Operario/a de Almacén para GXO Logistics en Países Bajos,14 € - 16 €,Sin Data,Indefinido,Jornada Intensiva,Sin Data,OTTO Work Force,Sin Data
2026-09-17,Trabajoscom,Castellón,Todo Castellón,Operario/a de Almacén para GXO Logistics en Países Bajos,14 € - 16 €,Sin Data,Indefinido,Jornada Intensiva,Sin Data,OTTO Work Force,Sin Data
2026-09-17,Trabajoscom,Ourense,Todo Ourense,Operario/a de Almacén para GXO Logistics en Países Bajos,14 € - 16 €,Sin Data,Indefinido,Jornada Intensiva,Sin Data,OTTO Work Force,Sin Data
2026-09-17,Trabajoscom,Ávila,Todo Ávila,Operario/a Almacén PVH (Tommy Hilfiger & Calvin Klein) con Alojamiento Incluido,15 € - 17 €,Sin Data,Indefinido,Jornada Intensiva,Sin Data,OTTO Work Force,Sin Data
2026-09-17,Trabajoscom,Navarra,Todo Navarra,Operario/a de Almacén para GXO Logistics en Países Bajos,14 € - 16 €,Sin Data,Indefinido,Jornada Intensiva,Sin Data,OTTO Work Force,Sin Data
2026-09-17,Trabajoscom,Albacete,Todo Albacete,Operario/a Almacén PVH (Tommy Hilfiger & Calvin Klein) con Alojamiento Incluido,15 € - 17 €,Sin Data,Indefinido,Jornada Intensiva,Sin Data,OTTO Work Force,Sin Data
2026-09-17,Trabajoscom,Rioja,Todo Rioja,Operario/a Almacén PVH (Tommy Hilfiger & Calvin Klein) con Alojamiento Incluido,15 € - 17 €,Sin Data,Indefinido,Jornada Intensiva,Sin Data,OTTO Work Force,Sin Data
2026-09-17,Trabajoscom,Lugo,Todo Lugo,Operario/a Almacén PVH (Tommy Hilfiger & Calvin Klein) con Alojamiento Incluido,15 € - 17 €,Sin Data,Indefinido,Jornada Intensiva,Sin Data,OTTO Work Force,Sin Data
2026-09-17,Trabajoscom,Sevilla,Todo Sevilla,Operario/a Almacén PVH (Tommy Hilfiger & Calvin Klein) con Alojamiento Incluido,15 € - 17 €,Sin Data,Indefinido,Jornada Intensiva,Sin Data,OTTO Work Force,Sin Data
2026-09-17,Trabajoscom,Real,Todo Real,Operario/a Almacén PVH (Tommy Hilfiger & Calvin Klein) con Alojamiento Incluido,15 € - 17 €,Sin Data,Indefinido,Jornada Intensiva,Sin Data,OTTO Work Force,Sin Data
2026-09-17,Trabajoscom,Girona,Todo Girona,Operario/a Almacén PVH (Tommy Hilfiger & Calvin Klein) con Alojamiento Incluido,15 € - 17 €,Sin Data,Indefinido,Jornada Intensiva,Sin Data,OTTO Work Force,Sin Data
2026-09-17,Trabajoscom,Huelva,Todo Huelva,Operario/a Almacén PVH (Tommy Hilfiger & Calvin Klein) con Alojamiento Incluido,15 € - 17 €,Sin Data,Indefinido,Jornada Intensiva,Sin Data,OTTO Work Force,Sin Data
2026-09-17,Trabajoscom,Cáceres,Todo Cáceres,Operario/a Almacén PVH (Tommy Hilfiger & Calvin Klein) con Alojamiento Incluido,15 € - 17 €,Sin Data,Indefinido,Jornada Intensiva,Sin Data,OTTO Work Force,Sin Data
2026-09-17,Trabajoscom,Alicante,Todo Alicante,Empleada de hogar interna y niñera en Leipzig - Alemania (H/M),Sin Data,Sin Data,Indefinido,Jornada Completa,Sin Data,Bugovics Industrie,Sin Data
2026-09-17,Trabajoscom,Zaragoza,Remolinos,Operario/a de montaje de lonas de remolques,2.100 € - 2.200 €,Sin Data,De duracion determinada,Jornada Completa,Sin Data,Temps,Sin Data
2026-09-17,Trabajoscom,Navarra,Tudela,OPERARIO/A MONTAJE,Sin Data,Sin Data,De duracion determinada,Jornada Completa,Sin Data,Temps,Sin Data
2026-09-17,Trabajoscom,Palencia,Todo Palencia,Operario/a Almacén PVH (Tommy Hilfiger & Calvin Klein) con Alojamiento Incluido,15 € - 17 €,Sin Data,Indefinido,Jornada Intensiva,Sin Data,OTTO Work Force,Sin Data
2026-09-17,Trabajoscom,Soria,Todo Soria,Operario/a de Almacén para GXO Logistics en Países Bajos,14 € - 16 €,Sin Data,Indefinido,Jornada Intensiva,Sin Data,OTTO Work Force,Sin Data
2026-09-17,Trabajoscom,Toledo,Todo Toledo,Operario/a de Almacén para GXO Logistics en Países Bajos,14 € - 16 €,Sin Data,Indefinido,Jornada Intensiva,Sin Data,OTTO Work Force,Sin Data
2026-09-17,Trabajoscom,Sevilla,Todo Sevilla,Operario/a de Almacén para GXO Logistics en Países Bajos,14 € - 16 €,Sin Data,Indefinido,Jornada Intensiva,Sin Data,OTTO Work Force,Sin Data
2026-09-17,Trabajoscom,Baleares,Todo Baleares,Operario/a Almacén PVH (Tommy Hilfiger & Calvin Klein) con Alojamiento Incluido,15 € - 17 €,Sin Data,Indefinido,Jornada Intensiva,Sin Data,OTTO Work Force,Sin Data
2026-09-17,Trabajoscom,Guadalajara,Todo Guadalajara,Empleada de hogar interna y niñera en Leipzig - Alemania (H/M),Sin Data,Sin Data,Indefinido,Jornada Completa,Sin Data,Bugovics Industrie,Sin Data
2026-09-17,Trabajoscom,Araba,Todo Araba,Empleada de hogar interna y niñera en Leipzig - Alemania (H/M),Sin Data,Sin Data,Indefinido,Jornada Completa,Sin Data,Bugovics Industrie,Sin Data
2026-09-17,Trabajoscom,Baleares,Palma De Mallorca,Gobernanta Limpieza centro educativo,Sin Data,Sin Data,Sin Data,Jornada Completa,Sin Data,Colevisa,Sin Data
2026-09-17,Trabajoscom,Palmas,Todo Palmas,Operario/a Almacén PVH (Tommy Hilfiger & Calvin Klein) con Alojamiento Incluido,15 € - 17 €,Sin Data,Indefinido,Jornada Intensiva,Sin Data,OTTO Work Force,Sin Data
2026-09-17,Trabajoscom,Rioja,Todo Rioja,Operario/a Almacén PVH (Tommy Hilfiger & Calvin Klein) con Alojamiento Incluido,15 € - 17 €,Sin Data,Indefinido,Jornada Intensiva,Sin Data,OTTO Work Force,Sin Data
2026-09-17,Trabajoscom,Sevilla,Todo Sevilla,Operario/a Almacén PVH (Tommy Hilfiger & Calvin Klein) con Alojamiento Incluido,15 € - 17 €,Sin Data,Indefinido,Jornada Intensiva,Sin Data,OTTO Work Force,Sin Data
2026-09-17,Trabajoscom,Lugo,Todo Lugo,Operario/a Almacén PVH (Tommy Hilfiger & Calvin Klein) con Alojamiento Incluido,15 € - 17 €,Sin Data,Indefinido,Jornada Intensiva,Sin Data,OTTO Work Force,Sin Data
2026-09-17,Trabajoscom,Real,Todo Real,Operario/a Almacén PVH (Tommy Hilfiger & Calvin Klein) con Alojamiento Incluido,15 € - 17 €,Sin Data,Indefinido,Jornada Intensiva,Sin Data,OTTO Work Force,Sin Data
2026-09-17,Trabajoscom,Girona,Todo Girona,Operario/a Almacén PVH (Tommy Hilfiger & Calvin Klein) con Alojamiento Incluido,15 € - 17 €,Sin Data,Indefinido,Jornada Intensiva,Sin Data,OTTO Work Force,Sin Data
2026-09-17,Trabajoscom,Huelva,Todo Huelva,Operario/a Almacén PVH (Tommy Hilfiger & Calvin Klein) con Alojamiento Incluido,15 € - 17 €,Sin Data,Indefinido,Jornada Intensiva,Sin Data,OTTO Work Force,Sin Data
2026-09-17,Trabajoscom,Cáceres,Todo Cáceres,Operario/a Almacén PVH (Tommy Hilfiger & Calvin Klein) con Alojamiento Incluido,15 € - 17 €,Sin Data,Indefinido,Jornada Intensiva,Sin Data,OTTO Work Force,Sin Data
2026-09-17,Trabajoscom,Alicante,Todo Alicante,Empleada de hogar interna y niñera en Leipzig - Alemania (H/M),Sin Data,Sin Data,Indefinido,Jornada Completa,Sin Data,Bugovics Industrie,Sin Data
2026-09-17,Trabajoscom,Navarra,Tudela,OPERARIO/A MONTAJE,Sin Data,Sin Data,De duracion determinada,Jornada Completa,Sin Data,Temps,Sin Data
2026-09-17,Trabajoscom,Palencia,Todo Palencia,Operario/a Almacén PVH (Tommy Hilfiger & Calvin Klein) con Alojamiento Incluido,15 € - 17 €,Sin Data,Indefinido,Jornada Intensiva,Sin Data,OTTO Work Force,Sin Data
2026-09-17,Trabajoscom,Almería,Todo Almería,Operario/a de Almacén para GXO Logistics en Países Bajos,14 € - 16 €,Sin Data,Indefinido,Jornada Intensiva,Sin Data,OTTO Work Force,Sin Data
2026-09-17,Trabajoscom,Asturias,Todo Asturias,Operario/a de Almacén para GXO Logistics en Países Bajos,14 € - 16 €,Sin Data,Indefinido,Jornada Intensiva,Sin Data,OTTO Work Force,Sin Data
2026-09-17,Trabajoscom,Araba,Todo Araba,Operario/a de Almacén para GXO Logistics en Países Bajos,14 € - 16 €,Sin Data,Indefinido,Jornada Intensiva,Sin Data,OTTO Work Force,Sin Data
2026-09-17,Trabajoscom,Coruña,Todo Coruña,Operario/a de Almacén para GXO Logistics en Países Bajos,14 € - 16 €,Sin Data,Indefinido,Jornada Intensiva,Sin Data,OTTO Work Force,Sin Data
2026-09-17,Trabajoscom,Valencia,Valencia,ELECTRICISTA INDUSTRIAL,Sin Data,Sin Data,Indefinido,Jornada Indiferente,Sin Data,RAS Interim - Recruiting,Sin Data
2026-09-17,Trabajoscom,Barcelona,Granollers,BECARIO/A DE RRHH,Sin Data,Sin Data,Indefinido,Jornada Indiferente,Sin Data,RAS Interim - Talento,Sin Data
2026-09-17,Trabajoscom,Barcelona,Todo Barcelona,TÉCNICO/A EN PRL Y MEDIO AMBIENTE,Sin Data,Sin Data,Indefinido,Jornada Indiferente,Sin Data,RAS Interim - Recruiting,Sin Data
2026-09-17,Trabajoscom,Araba,Castillo,DIRECTOR/A DE OFICINA RRHH,Sin Data,Sin Data,Indefinido,Jornada Indiferente,Sin Data,RAS Interim - Talento,Sin Data
2026-09-17,Trabajoscom,Valencia,Puerto De Sagunto,BECARIO/A DE RRHH,Sin Data,Sin Data,Indefinido,Jornada Indiferente,Sin Data,RAS Interim - Talento,Sin Data
2026-09-17,Trabajoscom,Guadalajara,Guadalajara,BECARIO/A DE RRHH,Sin Data,Sin Data,Indefinido,Jornada Indiferente,Sin Data,RAS Interim - Talento,Sin Data
2026-09-17,Trabajoscom,Barcelona,Barcelona,TÉCNICO/A DE RRHH,Sin Data,Sin Data,Indefinido,Jornada Indiferente,Sin Data,RAS Interim - Talento,Sin Data
2026-09-17,Trabajoscom,A Coruña,Santiago De Compostela,Cajero/a Reponedor/a Rábade,Sin Data,Sin Data,Indefinido,Jornada Indiferente,Sin Data,Grupo DIA,Sin Data
2026-09-17,Trabajoscom,Valencia,Paterna,TÉCNICO/A DE RRHH,Sin Data,Sin Data,Indefinido,Jornada Indiferente,Sin Data,RAS Interim - Talento,Sin Data
2026-09-17,Trabajoscom,Barcelona,Mollet Del Valles,BECARI/A DE RRHH,Sin Data,Sin Data,Indefinido,Jornada Indiferente,Sin Data,RAS Interim - Talento,Sin Data
2026-09-17,Trabajoscom,Málaga,Antequera,Cajero/a Reponedor/a - La Roda de Andalucía (Sevilla),Sin Data,Sin Data,Indefinido,Jornada Indiferente,Sin Data,Grupo DIA,Sin Data
2026-09-17,Trabajoscom,Barcelona,Sabadell,Cajero/a Reponedor/a Palafrugell,Sin Data,Sin Data,Indefinido,Jornada Indiferente,Sin Data,Grupo DIA,Sin Data
2026-09-17,Trabajoscom,Barcelona,Mataro,BECARI/A DE SELECCIÓ DE PERSONAL,Sin Data,Sin Data,Indefinido,Jornada Indiferente,Sin Data,RAS Interim - Talento,Sin Data
2026-09-17,Trabajoscom,Barcelona,Todo Barcelona,TÉCNICO/A DE MANTENIMIENTO,Sin Data,Sin Data,Indefinido,Jornada Indiferente,Sin Data,RAS Interim - Recruiting,Sin Data
2026-09-17,Trabajoscom,Alicante,Orihuela,Cajero/a Reponedor/a en Sant Joan d'Alacant (zona Nou Nazaret),Sin Data,Sin Data,Indefinido,Jornada Indiferente,Sin Data,Grupo DIA,Sin Data
2026-09-17,Trabajoscom,Zaragoza,Zaragoza,PANADERA/O FRANQUICIA ZARAGOZA C/ TOMÁS BRETÓN,Sin Data,Sin Data,Indefinido,Jornada Indiferente,Sin Data,Grupo DIA,Sin Data
2026-09-17,Trabajoscom,Barcelona,Martorell,BECARI/A SELECCIÓ DE PERSONAL,Sin Data,Sin Data,Indefinido,Jornada Indiferente,Sin Data,RAS Interim - Talento,Sin Data
2026-09-17,Trabajoscom,Málaga,Antequera,Operario/a Almacén Jaén,Sin Data,Sin Data,Indefinido,Jornada Indiferente,Sin Data,Grupo DIA,Sin Data
2026-09-17,Trabajoscom,Madrid,Madrid,Asesor/a Técnico Comercial - MADRID NORTE,Sin Data,Sin Data,Indefinido,Jornada Indiferente,Sin Data,Lumon Cristales España,Sin Data
2026-09-17,Trabajoscom,Málaga,Antequera,Cajero/a Reponedor/a Almería Capital,Sin Data,Sin Data,Indefinido,Jornada Indiferente,Sin Data,Grupo DIA,Sin Data
2026-09-17,Trabajoscom,Barcelona,Todo Barcelona,DEPENDENT/A DE SUPERMERCAT OLOT,Sin Data,Sin Data,Indefinido,Jornada Indiferente,Sin Data,RAS Interim,Sin Data
2026-09-17,Trabajoscom,Barcelona,Sabadell,Cajero/a Reponedor/a Piera 40h,Sin Data,Sin Data,Indefinido,Jornada Indiferente,Sin Data,Grupo DIA,Sin Data
2026-09-17,Trabajoscom, Ourense, Ourense,Fisioterapeuta Centro Residencial DomusVi Ourense Barbadás,Sin Data,Sin Data,Indefinido,Jornada Completa,Sin Data,DomusVi,Sin Data
2026-09-17,Trabajoscom,Barcelona,Todo Barcelona,OPERARIO/A DEL SECTOR METAL,Sin Data,Sin Data,Indefinido,Jornada Indiferente,Sin Data,RAS Interim,Sin Data
2026-09-17,Trabajoscom,Alicante,Orihuela,"Mozo/a Almacén en Orihuela, Alicante",Sin Data,Sin Data,Indefinido,Jornada Indiferente,Sin Data,Grupo DIA,Sin Data
2026-09-17,Trabajoscom,Barcelona,Mataro,BECARI/A DE RRHH,Sin Data,Sin Data,Indefinido,Jornada Indiferente,Sin Data,RAS Interim - Talento,Sin Data
2026-09-17,Trabajoscom,Barcelona,Sabadell,MOZO/A CARGA/DESCARGA,Sin Data,Sin Data,Indefinido,Jornada Indiferente,Sin Data,RAS Interim,Sin Data
2026-09-17,Trabajoscom,Barcelona,Todo Barcelona,RESPONSABLE DE PRODUCCIÓN,Sin Data,Sin Data,Indefinido,Jornada Indiferente,Sin Data,RAS Interim - Recruiting,Sin Data
2026-09-17,Trabajoscom,Zaragoza,Zaragoza,Asesor/a Técnico Comercial - ZARAGOZA,Sin Data,Sin Data,Indefinido,Jornada Indiferente,Sin Data,Lumon Cristales España,Sin Data
2026-09-17,Trabajoscom,Barcelona,Todo Barcelona,OPERARIO/A DE PRODUCCIÓN,Sin Data,Sin Data,Indefinido,Jornada Indiferente,Sin Data,RAS Interim,Sin Data
2026-09-17,Trabajoscom,Barcelona,Barcelona,PORTERO/A,Sin Data,Sin Data,Indefinido,Jornada Indiferente,Sin Data,RAS Interim,Sin Data
2026-09-17,Trabajoscom,Barcelona,Todo Barcelona,OPERARIO/A  CÁRNICO/A,Sin Data,Sin Data,Indefinido,Jornada Indiferente,Sin Data,RAS Interim,Sin Data
2026-09-17,Trabajoscom, Madrid, Madrid,Responsable Administración Sector Público. Departamento Oficina técnica de proyectos secto,Sin Data,Sin Data,Indefinido,Jornada Completa,Sin Data,DomusVi,Sin Data
2026-09-17,Trabajoscom,S.C. Tenerife,Santa Cruz De Tenerife,Únete a nuestro equipo McDonald's La Carlota,Sin Data,Sin Data,Indefinido,Media Jornada,Sin Data,Restaurantes McDonalds,Sin Data
2026-09-17,Trabajoscom,Sevilla,Sevilla,Únete a nuestro equipo McDonald's Sevilla Ciudad Imagen,Sin Data,Sin Data,Indefinido,Media Jornada,Sin Data,Restaurantes McDonalds,Sin Data
2026-09-17,Trabajoscom,Barcelona,Barcelona,Únete a nuestro equipo. McDonald's Villa Olímpica,Sin Data,Sin Data,Indefinido,Media Jornada,Sin Data,Restaurantes McDonalds,Sin Data
2026-09-17,Trabajoscom,Las Palmas,Aguimes,Únete a nuestro equipo McDonald's Agüimes,Sin Data,Sin Data,Indefinido,Media Jornada,Sin Data,Restaurantes McDonalds,Sin Data
2026-09-17,Trabajoscom,S.C. Tenerife,San Miguel De Abona,Únete a nuestro equipo. McDonald's Chafiras,Sin Data,Sin Data,Indefinido,Jornada Indiferente,Sin Data,Restaurantes McDonalds,Sin Data
2026-09-17,Trabajoscom,Las Palmas,Vecindario,Únete a nuestro equipo. Vecindario - Gran Canaria,Sin Data,Sin Data,Indefinido,Jornada Indiferente,Sin Data,Restaurantes McDonalds,Sin Data
2026-09-17,Trabajoscom,Barcelona,Barcelona,Únete a nuestro equipo. McDonald's Pelayo,Sin Data,Sin Data,Indefinido,Media Jornada,Sin Data,Restaurantes McDonalds,Sin Data
2026-09-17,Trabajoscom,S.C. Tenerife,Arona,Únete a nuestro equipo. McDonald's P. Las Vistas,Sin Data,Sin Data,Indefinido,Jornada Indiferente,Sin Data,Restaurantes McDonalds,Sin Data
2026-09-17,Trabajoscom,S.C. Tenerife,Adeje,#5 - Únete a nuestro equipo. McDonald's Playa de las Américas,Sin Data,Sin Data,Indefinido,Jornada Indiferente,Sin Data,Restaurantes McDonalds,Sin Data
2026-09-17,Trabajoscom, Barcelona, Barcelona,Oferta de Empleo,Sin Data,Sin Data,Indefinido,Jornada Indiferente,Sin Data,Restaurantes McDonalds,Sin Data
2026-09-17,Trabajoscom, Guadalajara, Guadalajara,Mozo/a carga y descarga,Sin Data,Sin Data,Indefinido,Jornada Completa,Sin Data,Crit Interim España ETT,Sin Data
2026-09-17,Trabajoscom, Alicante, Alicante,Gerocultor/a - Auxiliar de enfermería Centro Residencial DomusVi El Campello,Sin Data,Sin Data,Indefinido,Jornada Indiferente,Sin Data,DomusVi,Sin Data
2026-09-17,Trabajoscom, Barcelona, Barcelona,Terapeuta Ocupacional Centro Residencial DomusVi Bonanova,Sin Data,Sin Data,Indefinido,Media Jornada,Sin Data,DomusVi,Sin Data
2026-09-17,Trabajoscom, Madrid, Madrid,Especialista en Cumplimiento Fiscal (Tax Compliance Expert),Sin Data,Sin Data,De duracion determinada,Jornada Completa,Sin Data,Iman Temporing,Sin Data
2026-09-17,Trabajoscom, Madrid, Madrid,Electromecánico/a,22.000 € - 23.000 €,Sin Data,Indefinido,Jornada Completa,Sin Data,Iman Temporing,Sin Data
2026-09-17,Trabajoscom, Madrid, Madrid,Operario/a montaje FP electricidad,Sin Data,Sin Data,De duracion determinada,Jornada Completa,Sin Data,Iman Temporing,Sin Data
2026-09-17,Trabajoscom, Sevilla, Sevilla,Responsable de Construcción (H/M),Sin Data,Sin Data,Indefinido,Jornada Completa,Sin Data,Iman Global Consulting,Sin Data
2026-09-17,Trabajoscom, Barcelona, Barcelona,Operario/a Montaje de Transformadores,Sin Data,Sin Data,De duracion determinada,Jornada Completa,Sin Data,Crit Interim España ETT,Sin Data
2026-09-17,Trabajoscom, Córdoba, Córdoba,Mozo/a Office,Sin Data,Sin Data,De duracion determinada,Jornada Completa,Sin Data,Crit Interim España ETT,Sin Data
2026-09-17,Trabajoscom, Navarra, Navarra,Teleoperadora/o,Sin Data,Sin Data,A tiempo parcial,Jornada Indiferente,Sin Data,Iman Temporing,Sin Data
2026-09-17,Trabajoscom, Barcelona, Barcelona,Operario/a fabricación líquidos orales,Sin Data,Sin Data,De duracion determinada,Jornada Completa,Sin Data,Crit Interim España ETT,Sin Data
2026-09-17,Trabajoscom, Lleida, Lleida,AUX. ADMINISTRATIVO/A CONTABLE,20.000 € - 26.000 €,Sin Data,Indefinido,Jornada Completa,Sin Data,Iman Temporing,Sin Data
2026-09-17,Trabajoscom, Zamora, Zamora,Fisioterapeuta Centro Residencial DomusVi Villaralbo,Sin Data,Sin Data,Indefinido,Jornada Completa,Sin Data,DomusVi,Sin Data
2026-09-17,Trabajoscom, Zamora, Zamora,Enfermero/a - DUE Centro Residencial DomusVi Villaralbo,Sin Data,Sin Data,Indefinido,Jornada Completa,Sin Data,DomusVi,Sin Data
2026-09-17,Trabajoscom, Zamora, Zamora,Operario/a de Granja,Sin Data,Sin Data,Indefinido,Jornada Completa,Sin Data,Iman Temporing,Sin Data
2026-09-17,Trabajoscom, Barcelona, Barcelona,Operario/a sector textil turno MAÑANA Y NOCHE,17.000 €,Sin Data,De duracion determinada,Jornada Completa,Sin Data,Iman Temporing,Sin Data
2026-09-17,Trabajoscom, Zaragoza, Zaragoza,Tapicero/a de sofas,Sin Data,Sin Data,De duracion determinada,Jornada Completa,Sin Data,Iman Temporing,Sin Data
2026-09-17,Trabajoscom, Barcelona, Barcelona,Mozo/a Carretillero/a en el CIM turno tarde,Sin Data,Sin Data,Indefinido,Jornada Completa,Sin Data,Crit Interim España ETT,Sin Data
2026-09-17,Trabajoscom, Araba, Araba,ADMINISTRATIVO/A,Sin Data,Sin Data,De duracion determinada,Jornada Completa,Sin Data,Iman Temporing,Sin Data
2026-09-17,Trabajoscom, Barcelona, Barcelona,PALETA/OBRERO/ALBAÑIL,Sin Data,Sin Data,De duracion determinada,Jornada Completa,Sin Data,Iman Temporing,Sin Data
2026-09-17,Trabajoscom, Madrid, Madrid,Carretillero/a traspalet eléctrico,Sin Data,Sin Data,De duracion determinada,Jornada Completa,Sin Data,Iman Temporing,Sin Data
2026-09-17,Trabajoscom, Barcelona, Barcelona,Mozo/a Carretillero/a en el CIM turno tarde,Sin Data,Sin Data,Indefinido,Jornada Completa,Sin Data,Crit Interim España ETT,Sin Data
2026-09-17,Trabajoscom, Barcelona, Barcelona,PALETA/OBRERO/ALBAÑIL,Sin Data,Sin Data,De duracion determinada,Jornada Completa,Sin Data,Iman Temporing,Sin Data
2026-09-17,Trabajoscom, Araba, Araba,ADMINISTRATIVO/A,Sin Data,Sin Data,De duracion determinada,Jornada Completa,Sin Data,Iman Temporing,Sin Data
2026-09-17,Trabajoscom, Sevilla, Sevilla,Operario/a de fábrica,Sin Data,Sin Data,De duracion determinada,Jornada Completa,Sin Data,Crit Interim España ETT,Sin Data
2026-09-17,Trabajoscom, Madrid, Madrid,Carretillero/a traspalet eléctrico,Sin Data,Sin Data,De duracion determinada,Jornada Completa,Sin Data,Iman Temporing,Sin Data
2026-09-17,Trabajoscom, Córdoba, Córdoba,Limpiador/a,18.000 € - 20.000 €,Sin Data,De duracion determinada,Jornada Completa,Sin Data,Crit Interim España ETT,Sin Data
2026-09-17,Trabajoscom, Barcelona, Barcelona,RESPONSABLE DE EQUIPO DE HOTEL 4* BARCELONA,19 €,Sin Data,Indefinido,Jornada Indiferente,Sin Data,Citius Outsourcing,Sin Data
2026-09-17,Trabajoscom, Barcelona, Barcelona,Auxiliar administrativo/a,Sin Data,Sin Data,Indefinido,Jornada Completa,Sin Data,Lis,Sin Data
2026-09-17,Trabajoscom, Barcelona, Barcelona,Administrativa/o Logística/o - Media Jornada,Sin Data,Sin Data,A tiempo parcial,Media Jornada,Sin Data,Iman Temporing,Sin Data
2026-09-17,Trabajoscom, Barcelona, Barcelona,Ayudante de Cocina- Centro Residencial DomusVi Sant Jordi,Sin Data,Sin Data,Indefinido,Jornada Completa,Sin Data,DomusVi,Sin Data
2026-09-17,Trabajoscom, Barcelona, Barcelona,Aux de mantenimiento (10:00 a 14:00 h),Sin Data,Sin Data,Indefinido,Jornada Indiferente,Sin Data,Iman Corporation,Sin Data
2026-09-17,Trabajoscom, Alicante, Alicante,OPERARIO/A DE EXTRUSIÓN DE PLÁSTICO - ALICANTE,20.000 € - 23.000 €,Sin Data,Indefinido,Jornada Completa,Sin Data,Pacto,Sin Data
2026-09-17,Trabajoscom, Guadalajara, Guadalajara,Operario/a de Fabrica y/o Mantenimiento Mecánico,Sin Data,Sin Data,De duracion determinada,Jornada Completa,Sin Data,Iman Temporing,Sin Data
2026-09-17,Trabajoscom, Barcelona, Barcelona,Mecánico/a de Mantenimiento Industrial,Sin Data,Sin Data,De duracion determinada,Jornada Completa,Sin Data,Crit Interim España ETT,Sin Data
2026-09-17,Trabajoscom, Córdoba, Córdoba,Operarios/as de Plegadora,21.000 € - 22.500 €,Sin Data,De duracion determinada,Jornada Completa,Sin Data,Crit Interim España ETT,Sin Data
2026-09-17,Trabajoscom, Segovia, Segovia,Operario/a agrícola o ganadero/a (granja porcina),Sin Data,Sin Data,Indefinido,Jornada Completa,Sin Data,Crit Interim España ETT,Sin Data
2026-09-17,Trabajoscom, Barcelona, Barcelona,AYUDANTE DE COCINA,Sin Data,Sin Data,De duracion determinada,Jornada Completa,Sin Data,Iman Temporing,Sin Data
2026-09-17,Trabajoscom, Barcelona, Barcelona,Personal con cert de discapacidad 33% -limpieza,17.094 € - 22.000 €,Sin Data,De duracion determinada,Media Jornada,Sin Data,Iman Temporing,Sin Data
2026-09-17,Trabajoscom, Tarragona, Tarragona,Operario/a Puente Grúa,Sin Data,Sin Data,De duracion determinada,Jornada Completa,Sin Data,Iman Temporing,Sin Data
2026-09-17,Trabajoscom, Zaragoza, Zaragoza,OPERARIO/A DE PRENSAS,12 €,Sin Data,A tiempo parcial,Jornada Completa,Sin Data,Iman Temporing,Sin Data
2026-09-17,Trabajoscom, Lleida, Lleida,OPERARIO/A DE RIEGO,Sin Data,Sin Data,Indefinido,Jornada Completa,Sin Data,Iman Temporing,Sin Data
2026-09-17,Trabajoscom, Barcelona, Barcelona,Operario/a de Producción con Carretilla,Sin Data,Sin Data,De duracion determinada,Jornada Completa,Sin Data,Crit Interim España ETT,Sin Data
2026-09-17,Trabajoscom, Madrid, Madrid,Auxiliar de Datos / Excel Avanzado,Sin Data,Sin Data,De duracion determinada,Jornada Completa,Sin Data,Crit Interim España ETT,Sin Data
2026-09-17,Trabajoscom, Araba, Araba,Técnico/a de calidad,Sin Data,Sin Data,De duracion determinada,Jornada Completa,Sin Data,Crit Interim España ETT,Sin Data
2026-09-17,Trabajoscom, Bizkaia, Bizkaia,Operario/a Corte por Agua. Estable. 2 Turnos,22.000 € - 23.000 €,Sin Data,De duracion determinada,Jornada Completa,Sin Data,Iman Temporing,Sin Data
2026-09-17,Trabajoscom, Barcelona, Barcelona,Vigilante seguridad nocturno  Entidades Públicas,Sin Data,Sin Data,Indefinido,Jornada Completa,Sin Data,Iman Seguridad,Sin Data
2026-09-17,Trabajoscom, Araba, Araba,Jefe de equipo - Electricista (Ferroviario),Sin Data,Sin Data,Indefinido,Jornada Completa,Sin Data,Crit Interim España ETT,Sin Data
2026-09-17,Trabajoscom, Araba, Araba,Conductor/a - Operador/a Maquinaria (Ferroviario),Sin Data,Sin Data,Indefinido,Jornada Completa,Sin Data,Crit Interim España ETT,Sin Data
2026-09-17,Trabajoscom, Barcelona, Barcelona,Estudiantes con disponibilidad de 5:45 a 10:00,Sin Data,Sin Data,De duracion determinada,Jornada Completa,Sin Data,Crit Interim España ETT,Sin Data
2026-09-17,Trabajoscom, Barcelona, Barcelona,Operadores/as Seguridad Central Receptora Alarmas,Sin Data,Sin Data,Indefinido,Jornada Completa,Sin Data,Iman Corporation,Sin Data
2026-09-17,Trabajoscom, Madrid, Madrid,Auxiliar técnico de almacén,Sin Data,Sin Data,Indefinido,Jornada Completa,Sin Data,Pacto,Sin Data
2026-09-17,Trabajoscom, Córdoba, Córdoba,Operario/a de envasado / carretillero/a,19.000 € - 21.000 €,Sin Data,De duracion determinada,Jornada Completa,Sin Data,Crit Interim España ETT,Sin Data
2026-09-17,Trabajoscom, Murcia, Murcia,Limpiador/a rent a car,Sin Data,Sin Data,De duracion determinada,Jornada Completa,Sin Data,Iman Temporing,Sin Data
2026-09-17,Trabajoscom, Barcelona, Barcelona,Mozo carretillero retráctil/frontal construcción,Sin Data,Sin Data,Indefinido,Jornada Completa,Sin Data,Crit Interim España ETT,Sin Data
2026-09-17,Trabajoscom, Valencia, Valencia,Operario/a de Producción,Sin Data,Sin Data,De duracion determinada,Jornada Completa,Sin Data,Iman Temporing,Sin Data
2026-09-17,Trabajoscom, Madrid, Madrid,Personal de limpieza | Certificado discapacidad | Jornada parcial,Sin Data,Sin Data,Indefinido,Jornada Indiferente,Sin Data,Diswork In,Sin Data
2026-09-17,Trabajoscom, Granada, Granada,Montador/a carpintería,Sin Data,Sin Data,Indefinido,Jornada Completa,Sin Data,Crit Interim España ETT,Sin Data
2026-09-17,Trabajoscom, Tarragona, Tarragona,Ayudante de camarero/a para extras,Sin Data,Sin Data,De duracion determinada,Jornada Completa,Sin Data,Iman Temporing,Sin Data
2026-09-17,Trabajoscom, Madrid, Madrid,OPERARIO/A DE MONTAJE Y LOGÍSTICA,Sin Data,Sin Data,De duracion determinada,Jornada Indiferente,Sin Data,Iman Temporing,Sin Data
2026-09-17,Trabajoscom, Barcelona, Barcelona,Mosso/a per pastisseria a Montserrat,Sin Data,Sin Data,De duracion determinada,Jornada Completa,Sin Data,Iman Temporing,Sin Data
2026-09-17,Trabajoscom, Tarragona, Tarragona,Operario/a de Automoción (siderometal),Sin Data,Sin Data,De duracion determinada,Jornada Completa,Sin Data,Crit Interim España ETT,Sin Data
2026-09-17,Trabajoscom, Barcelona, Barcelona,Personal máquina Plegadora - Polinyà,28.887 €,Sin Data,De duracion determinada,Jornada Indiferente,Sin Data,Pacto,Sin Data
2026-09-17,Trabajoscom, Barcelona, Barcelona,Mozo carretillero retráctil/frontal construcción,Sin Data,Sin Data,Indefinido,Jornada Completa,Sin Data,Crit Interim España ETT,Sin Data
2026-09-17,Trabajoscom, Valencia, Valencia,Operario/a de Producción,Sin Data,Sin Data,De duracion determinada,Jornada Completa,Sin Data,Iman Temporing,Sin Data
2026-09-17,Trabajoscom, Madrid, Madrid,OPERARIO/A DE MONTAJE Y LOGÍSTICA,Sin Data,Sin Data,De duracion determinada,Jornada Indiferente,Sin Data,Iman Temporing,Sin Data
2026-09-17,Trabajoscom, Tarragona, Tarragona,Ayudante de camarero/a para extras,Sin Data,Sin Data,De duracion determinada,Jornada Completa,Sin Data,Iman Temporing,Sin Data
2026-09-17,Trabajoscom, Asturias, Asturias,Auxiliar Administrativo/a,19.800 €,Sin Data,Indefinido,Jornada Completa,Sin Data,Citius Solutions,Sin Data
2026-09-17,Trabajoscom, Lleida, Lleida,Operario/a producción,Sin Data,Sin Data,De duracion determinada,Jornada Completa,Sin Data,Iman Temporing,Sin Data
2026-09-17,Trabajoscom, Ourense, Ourense,Fisioterapeuta Centro Residencial DomusVi Ourense Barbadás,Sin Data,Sin Data,Indefinido,Jornada Completa,Sin Data,DomusVi,Sin Data
2026-09-17,Trabajoscom, Granada, Granada,Operario/a de envasado Salobreña,Sin Data,Sin Data,De duracion determinada,Jornada Completa,Sin Data,Crit Interim España ETT,Sin Data
2026-09-17,Trabajoscom, Tarragona, Tarragona,Ayudante de cocina para extras,Sin Data,Sin Data,De duracion determinada,Jornada Completa,Sin Data,Iman Temporing,Sin Data
2026-09-17,Trabajoscom, Madrid, Madrid,Carretillero/a Rectráctil,Sin Data,Sin Data,De duracion determinada,Jornada Completa,Sin Data,Crit Interim España ETT,Sin Data
2026-09-17,Trabajoscom,Barcelona,Todo Barcelona,OPERARIO/A DEL SECTOR METAL,Sin Data,Sin Data,Indefinido,Jornada Indiferente,Sin Data,RAS Interim,Sin Data
2026-09-17,Trabajoscom,Toledo,Ontigola,MOZOS/AS DE ALMACEN SECTOR TEXTIL (ONTIGOLA),Sin Data,Sin Data,De duracion determinada,Jornada Completa,Sin Data,Grupo Adecco,Sin Data
2026-09-17,Trabajoscom,Barcelona,Todo Barcelona,Emirates Airline busca Pilotos de Aviación,7.650 € - 10.650 €,Sin Data,Indefinido,Jornada Completa,Sin Data,Emirates Airline,Sin Data
2026-09-17,Trabajoscom,Badajoz,Todo Badajoz,Emirates Airline busca Pilotos de Aviación,7.650 € - 10.650 €,Sin Data,Indefinido,Jornada Completa,Sin Data,Emirates Airline,Sin Data
2026-09-17,Trabajoscom,Palmas,Todo Palmas,Emirates Airline busca Pilotos de Aviación,7.650 € - 10.650 €,Sin Data,Indefinido,Jornada Completa,Sin Data,Emirates Airline,Sin Data
2026-09-17,Trabajoscom,Tarragona,Todo Tarragona,Emirates Airline busca Pilotos de Aviación,7.650 € - 10.650 €,Sin Data,Indefinido,Jornada Completa,Sin Data,Emirates Airline,Sin Data
2026-09-17,Trabajoscom,Salamanca,Todo Salamanca,Emirates Airline busca Pilotos de Aviación,7.650 € - 10.650 €,Sin Data,Indefinido,Jornada Completa,Sin Data,Emirates Airline,Sin Data
2026-09-17,Trabajoscom,Segovia,Todo Segovia,Emirates Airline busca Pilotos de Aviación,7.650 € - 10.650 €,Sin Data,Indefinido,Jornada Completa,Sin Data,Emirates Airline,Sin Data
2026-09-17,Trabajoscom,Ourense,Todo Ourense,Emirates Airline busca Pilotos de Aviación,7.650 € - 10.650 €,Sin Data,Indefinido,Jornada Completa,Sin Data,Emirates Airline,Sin Data
2026-09-17,Trabajoscom,Melilla,Todo Melilla,Emirates Airline busca Pilotos de Aviación,7.650 € - 10.650 €,Sin Data,Indefinido,Jornada Completa,Sin Data,Emirates Airline,Sin Data
2026-09-17,Trabajoscom,Teruel,Todo Teruel,Emirates Airline busca Pilotos de Aviación,7.650 € - 10.650 €,Sin Data,Indefinido,Jornada Completa,Sin Data,Emirates Airline,Sin Data
2026-09-17,Trabajoscom,Zaragoza,Todo Zaragoza,Emirates Airline busca Pilotos de Aviación,7.650 € - 10.650 €,Sin Data,Indefinido,Jornada Completa,Sin Data,Emirates Airline,Sin Data
2026-09-17,Trabajoscom,Toledo,Ocaña,Asesor/a inmobiliario - Sin Experiencia,1.300 € - 2.300 €,Sin Data,Indefinido,Jornada Completa,Sin Data,Tecnocasa,Sin Data
2026-09-17,Trabajoscom,Murcia,Todo Murcia,Emirates Airline busca Pilotos de Aviación,7.650 € - 10.650 €,Sin Data,Indefinido,Jornada Completa,Sin Data,Emirates Airline,Sin Data
2026-09-17,Trabajoscom,Madrid,Arganda Del Rey,Asesor/a Inmobiliario/a en Arganda del Rey,16.000 € - 30.000 €,Sin Data,Indefinido,Jornada Completa,Sin Data,Tecnocasa,Sin Data
2026-09-17,Trabajoscom,Palencia,Todo Palencia,Emirates Airline busca Pilotos de Aviación,7.650 € - 10.650 €,Sin Data,Indefinido,Jornada Completa,Sin Data,Emirates Airline,Sin Data
2026-09-17,Trabajoscom,Ceuta,Todo Ceuta,Emirates Airline busca Pilotos de Aviación,7.650 € - 10.650 €,Sin Data,Indefinido,Jornada Completa,Sin Data,Emirates Airline,Sin Data
2026-09-17,Trabajoscom,Valladolid,Todo Valladolid,Emirates Airline busca Pilotos de Aviación,7.650 € - 10.650 €,Sin Data,Indefinido,Jornada Completa,Sin Data,Emirates Airline,Sin Data
2026-09-17,Trabajoscom,Melilla,Todo Melilla,Emirates Airline busca Pilotos de Aviación,7.650 € - 10.650 €,Sin Data,Indefinido,Jornada Completa,Sin Data,Emirates Airline,Sin Data
2026-09-17,Trabajoscom,Cantabria,Todo Cantabria,Emirates Airline busca Pilotos de Aviación,7.650 € - 10.650 €,Sin Data,Indefinido,Jornada Completa,Sin Data,Emirates Airline,Sin Data
2026-09-17,Trabajoscom,Zamora,Todo Zamora,Emirates Airline busca Pilotos de Aviación,7.650 € - 10.650 €,Sin Data,Indefinido,Jornada Completa,Sin Data,Emirates Airline,Sin Data
2026-09-17,Trabajoscom,Málaga,Todo Málaga,Emirates Airline busca Pilotos de Aviación,7.650 € - 10.650 €,Sin Data,Indefinido,Jornada Completa,Sin Data,Emirates Airline,Sin Data
2026-09-17,Trabajoscom,Murcia,Todo Murcia,Emirates Airline busca Pilotos de Aviación,7.650 € - 10.650 €,Sin Data,Indefinido,Jornada Completa,Sin Data,Emirates Airline,Sin Data
2026-09-17,Trabajoscom,Zaragoza,Todo Zaragoza,Emirates Airline busca Pilotos de Aviación,7.650 € - 10.650 €,Sin Data,Indefinido,Jornada Completa,Sin Data,Emirates Airline,Sin Data
2026-09-17,Trabajoscom,Coruña,Todo Coruña,Emirates Airline busca Pilotos de Aviación,7.650 € - 10.650 €,Sin Data,Indefinido,Jornada Completa,Sin Data,Emirates Airline,Sin Data
2026-09-17,Trabajoscom,Pontevedra,Todo Pontevedra,Emirates Airline busca Pilotos de Aviación,7.650 € - 10.650 €,Sin Data,Indefinido,Jornada Completa,Sin Data,Emirates Airline,Sin Data
2026-09-17,Trabajoscom,Segovia,Todo Segovia,Emirates Airline busca Pilotos de Aviación,7.650 € - 10.650 €,Sin Data,Indefinido,Jornada Completa,Sin Data,Emirates Airline,Sin Data
2026-09-17,Trabajoscom,Burgos,Todo Burgos,Emirates Airline busca Pilotos de Aviación,7.650 € - 10.650 €,Sin Data,Indefinido,Jornada Completa,Sin Data,Emirates Airline,Sin Data
2026-09-17,Trabajoscom,Baleares,Todo Baleares,Emirates Airline busca Pilotos de Aviación,7.650 € - 10.650 €,Sin Data,Indefinido,Jornada Completa,Sin Data,Emirates Airline,Sin Data
2026-09-17,Trabajoscom,Albacete,Todo Albacete,Emirates Airline busca Pilotos de Aviación,7.650 € - 10.650 €,Sin Data,Indefinido,Jornada Completa,Sin Data,Emirates Airline,Sin Data
2026-09-17,Trabajoscom,Almería,Todo Almería,Emirates Airline busca Pilotos de Aviación,7.650 € - 10.650 €,Sin Data,Indefinido,Jornada Completa,Sin Data,Emirates Airline,Sin Data
2026-09-17,Trabajoscom,Barcelona,Todo Barcelona,Emirates Airline busca Pilotos de Aviación,7.650 € - 10.650 €,Sin Data,Indefinido,Jornada Completa,Sin Data,Emirates Airline,Sin Data
2026-09-17,Trabajoscom,Rioja,Todo Rioja,Emirates Airline busca Pilotos de Aviación,7.650 € - 10.650 €,Sin Data,Indefinido,Jornada Completa,Sin Data,Emirates Airline,Sin Data
2026-09-17,Trabajoscom,Araba,Todo Araba,Emirates Airline busca Pilotos de Aviación,7.650 € - 10.650 €,Sin Data,Indefinido,Jornada Completa,Sin Data,Emirates Airline,Sin Data
2026-09-17,Trabajoscom,Huesca,Todo Huesca,Emirates Airline busca Pilotos de Aviación,7.650 € - 10.650 €,Sin Data,Indefinido,Jornada Completa,Sin Data,Emirates Airline,Sin Data
2026-09-17,Trabajoscom,Jaén,Todo Jaén,Emirates Airline busca Pilotos de Aviación,7.650 € - 10.650 €,Sin Data,Indefinido,Jornada Completa,Sin Data,Emirates Airline,Sin Data
2026-09-17,Trabajoscom,Madrid,Madrid,Agente Inmobiliario - Contrato Indefinido + Sueldo Fijo Más Comisiones (Grupo Tecnocasa),2.200 € - 4.000 €,Sin Data,Indefinido,Jornada Completa,Sin Data,Tecnocasa,Sin Data
2026-09-17,Trabajoscom,Madrid,Majadahonda,"Asesor/a Inmobiliario/a - Contrato Indefinido + Comisiones - Las Rozas, Madrid",1.300 € - 3.000 €,Sin Data,Indefinido,Jornada Completa,Sin Data,Tecnocasa - Estudio Inmobiliario Las Rozas Európolis,Sin Data
2026-09-17,Trabajoscom,Guadalajara,Guadalajara,Asesor/a Inmobiliario/a en Guadalajara - Contrato Indefinido + Comisiones sin Techo,1.200 € - 5.000 €,Sin Data,Indefinido,Jornada Completa,Sin Data,Tecnorete - Distrito San Roque Bejanque,Sin Data
2026-09-17,Trabajoscom,Madrid,Getafe,Agente Atención al Cliente con catalán,Sin Data,Sin Data,De duracion determinada,Jornada Completa,Sin Data,Grupo Adecco,Sin Data
2026-09-17,Trabajoscom,Tarragona,Constantí,Operario/a Lavadero,Sin Data,Sin Data,Indefinido,Jornada Completa,Sin Data,Grupo Adecco,Sin Data
2026-09-17,Trabajoscom,Madrid,Collado Villalba,Psicólogo/a para Centro de Reconocimientos - Media Jornada Mañanas en Collado Villalba,1.000 € - 1.200 €,Sin Data,Indefinido,Media Jornada,Sin Data,Asoc Escuela Formacion De Sem,Sin Data
2026-09-17,Trabajoscom,Valencia,Paterna,Oficial Albañil Valencia,24.000 € - 36.000 €,Sin Data,Indefinido,Jornada Completa,Sin Data,Renoveduch,Sin Data
2026-09-17,Trabajoscom,Madrid,Madrid,Administrativo/a Laboral (indefinido/a para staff ETT),19.000 € - 20.000 €,Sin Data,Indefinido,Jornada Completa,Sin Data,Temps,Sin Data
2026-09-17,Trabajoscom,Valencia,Carlet,OPERARIO/A DE CARGA Y DESCARGA MANUAL,17.000 € - 24.000 €,Sin Data,Indefinido,Jornada Completa,Sin Data,Temps,Sin Data
2026-09-17,Trabajoscom,Barcelona,Montcada I Reixac,AUXILIAR JEFE/A DE TRÁFICO,Sin Data,Sin Data,Indefinido,Jornada Completa,Sin Data,Temps,Sin Data
2026-09-17,Trabajoscom, Girona, Girona,McDonald's Roses,Sin Data,Sin Data,Indefinido,Media Jornada,Sin Data,Restaurantes McDonalds,Sin Data
2026-09-17,Trabajoscom,A Coruña,A Coruña,CAMPAÑA REPARTIDORES/AS A CORUÑA,Sin Data,Sin Data,De duracion determinada,Media Jornada,Sin Data,Grupo Adecco,Sin Data
2026-09-17,Trabajoscom,Sevilla,Mairena Del Aljarafe,"Auxiliar Administrativo/a Contable – TUSOL Sistemas Energéticos, S. L. U.  (Sevilla)",1.200 €,Sin Data,Indefinido,Jornada Completa,Sin Data,Tusol Sistemas Energéticos,Sin Data
2026-09-17,Trabajoscom,Madrid,San Fernando De Henares,Product Manager Post-venta,Sin Data,Sin Data,Indefinido,Jornada Completa,Sin Data,Grupo Adecco,Sin Data
2026-09-17,Trabajoscom,Valencia,Lliria,Técnico/a de mantenimiento industrial,Sin Data,Sin Data,Indefinido,Jornada Completa,Sin Data,Grupo Adecco,Sin Data
2026-09-17,Trabajoscom,Valencia,Paterna,OFICIAL DE 1º CLIMA/FRÍO INDUSTRIAL,Sin Data,Sin Data,Indefinido,Jornada Completa,Sin Data,TVA,Sin Data
2026-09-17,Trabajoscom,Madrid,Madrid,Técnico/a RRHH - Madrid,21.000 € - 24.000 €,Sin Data,Indefinido,Jornada Completa,Sin Data,Famosa,Sin Data
2026-09-17,Trabajoscom,Bizkaia,Todo Bizkaia,Técnico/Técnica en Sistemas Informáticos y de Redes,Sin Data,Sin Data,De duracion determinada,Jornada Completa,Sin Data,AdegiLan,Sin Data
2026-09-17,Trabajoscom,Gipuzkoa,Todo Gipuzkoa,Electrónico/a,Sin Data,Sin Data,Indefinido,Jornada Completa,Sin Data,AdegiLan,Sin Data
2026-09-17,Trabajoscom,Gipuzkoa,Todo Gipuzkoa,Delegado/a en Gipuzkoa,Sin Data,Sin Data,Indefinido,Jornada Completa,Sin Data,AdegiLan,Sin Data
2026-09-17,Trabajoscom,Gipuzkoa,Todo Gipuzkoa,Responsable Comercial de Formación B2C,Sin Data,Sin Data,Indefinido,Jornada Completa,Sin Data,AdegiLan,Sin Data
2026-09-17,Trabajoscom,Gipuzkoa,Todo Gipuzkoa,Operario/a de mecanizado,Sin Data,Sin Data,De duracion determinada,Jornada Completa,Sin Data,AdegiLan,Sin Data
2026-09-17,Trabajoscom,Gipuzkoa,Todo Gipuzkoa,CALDERERO/A,Sin Data,Sin Data,Indefinido,Jornada Completa,Sin Data,AdegiLan,Sin Data
2026-09-17,Trabajoscom,Bizkaia,Todo Bizkaia,Analista de Datos,Sin Data,Sin Data,De duracion determinada,Jornada Completa,Sin Data,AdegiLan,Sin Data
2026-09-17,Trabajoscom,Gipuzkoa,Todo Gipuzkoa,Consultor/ra,18 € - 30 €,Sin Data,De duracion determinada,Jornada Completa,Sin Data,AdegiLan,Sin Data
2026-09-17,Trabajoscom,Gipuzkoa,Todo Gipuzkoa,Personal de muelle,18 € - 30 €,Sin Data,De duracion determinada,Jornada Completa,Sin Data,AdegiLan,Sin Data
2026-09-17,Trabajoscom,Gipuzkoa,Todo Gipuzkoa,Tecnico/a de PRL y Medio Ambiente,Sin Data,Sin Data,Indefinido,Jornada Completa,Sin Data,AdegiLan,Sin Data
2026-09-17,Trabajoscom,Gipuzkoa,Todo Gipuzkoa,KONTABILITATE CONTROLLER-A,Sin Data,Sin Data,Indefinido,Jornada Completa,Sin Data,AdegiLan,Sin Data
2026-09-17,Trabajoscom,Gipuzkoa,Todo Gipuzkoa,DIRECTOR/A FINANCIERO/A,Sin Data,Sin Data,Indefinido,Jornada Completa,Sin Data,AdegiLan,Sin Data
2026-09-17,Trabajoscom,Madrid,Todo Madrid,Atención al Cliente en Inglés - Indefinido,Sin Data,Sin Data,Indefinido,Jornada Completa,Sin Data,Empresa de Selección,Sin Data
2026-09-17,Trabajoscom,Pontevedra,Vigo,Mozo/a de almacén con Carnet C,Sin Data,Sin Data,Indefinido,Jornada Completa,Sin Data,Grupo Adecco,Sin Data
2026-09-17,Trabajoscom,Barcelona,Barberà Del Vallès,Mecánico/a industrial (ESTABLE),Sin Data,Sin Data,Indefinido,Jornada Completa,Sin Data,Grupo Adecco,Sin Data
2026-09-17,Trabajoscom,Pontevedra,Vigo,Mozo/a de almacén con Carnet C,Sin Data,Sin Data,Indefinido,Jornada Completa,Sin Data,Grupo Adecco,Sin Data
2026-09-17,Trabajoscom,Madrid,Madrid,MONITOR/A APOYO ESCOLAR ALCALA DE HENARES,10 €,Sin Data,Fijo discontinuo,Trabajo Por Horas,Sin Data,Grupo Educativo,Sin Data
2026-09-17,Trabajoscom,Almería,Todo Almería,Operario/a Almacén PVH (Tommy Hilfiger & Calvin Klein) con Alojamiento Incluido,15 € - 17 €,Sin Data,Indefinido,Jornada Intensiva,Sin Data,OTTO Work Force,Sin Data
2026-09-17,Trabajoscom,Araba,Todo Araba,Operario/a Almacén PVH (Tommy Hilfiger & Calvin Klein) con Alojamiento Incluido,15 € - 17 €,Sin Data,Indefinido,Jornada Intensiva,Sin Data,OTTO Work Force,Sin Data
2026-09-17,Trabajoscom,Alicante,Todo Alicante,Operario/a Almacén PVH (Tommy Hilfiger & Calvin Klein) con Alojamiento Incluido,15 € - 17 €,Sin Data,Indefinido,Jornada Intensiva,Sin Data,OTTO Work Force,Sin Data
2026-09-17,Trabajoscom,Asturias,Todo Asturias,Operario/a Almacén PVH (Tommy Hilfiger & Calvin Klein) con Alojamiento Incluido,15 € - 17 €,Sin Data,Indefinido,Jornada Intensiva,Sin Data,OTTO Work Force,Sin Data
2026-09-17,Trabajoscom,Badajoz,Todo Badajoz,Operario/a Almacén PVH (Tommy Hilfiger & Calvin Klein) con Alojamiento Incluido,15 € - 17 €,Sin Data,Indefinido,Jornada Intensiva,Sin Data,OTTO Work Force,Sin Data
2026-09-17,Trabajoscom,Pontevedra,Todo Pontevedra,Operario/a de Almacén para GXO Logistics en Países Bajos,14 € - 16 €,Sin Data,Indefinido,Jornada Intensiva,Sin Data,OTTO Work Force,Sin Data
2026-09-17,Trabajoscom,Zamora,Todo Zamora,Operario/a de Almacén para GXO Logistics en Países Bajos,14 € - 16 €,Sin Data,Indefinido,Jornada Intensiva,Sin Data,OTTO Work Force,Sin Data
2026-09-17,Trabajoscom,Tenerife,Todo Tenerife,Operario/a de Almacén para GXO Logistics en Países Bajos,14 € - 16 €,Sin Data,Indefinido,Jornada Intensiva,Sin Data,OTTO Work Force,Sin Data
2026-09-17,Trabajoscom,Barcelona,Todo Barcelona,TÉCNICO/A DE MANTENIMIENTO,Sin Data,Sin Data,Indefinido,Jornada Indiferente,Sin Data,RAS Interim - Recruiting,Sin Data
2026-09-17,Trabajoscom,Barcelona,Todo Barcelona,TÉCNICO/A DE MANTENIMIENTO,Sin Data,Sin Data,Indefinido,Jornada Indiferente,Sin Data,RAS Interim - Recruiting,Sin Data
2026-09-17,Trabajoscom,Ourense,Todo Ourense,Operario/a Almacén PVH (Tommy Hilfiger & Calvin Klein) con Alojamiento Incluido,15 € - 17 €,Sin Data,Indefinido,Jornada Intensiva,Sin Data,OTTO Work Force,Sin Data
2026-09-17,Trabajoscom,Salamanca,Todo Salamanca,Operario/a Almacén PVH (Tommy Hilfiger & Calvin Klein) con Alojamiento Incluido,15 € - 17 €,Sin Data,Indefinido,Jornada Intensiva,Sin Data,OTTO Work Force,Sin Data
2026-09-17,Trabajoscom,Almería,Todo Almería,Empleada de hogar interna y niñera en Leipzig - Alemania (H/M),Sin Data,Sin Data,Indefinido,Jornada Completa,Sin Data,Bugovics Industrie,Sin Data
2026-09-17,Trabajoscom,Valladolid,Todo Valladolid,Operario/a Almacén PVH (Tommy Hilfiger & Calvin Klein) con Alojamiento Incluido,15 € - 17 €,Sin Data,Indefinido,Jornada Intensiva,Sin Data,OTTO Work Force,Sin Data
2026-09-17,Trabajoscom,Jaén,Todo Jaén,Operario/a de Almacén para GXO Logistics en Países Bajos,14 € - 16 €,Sin Data,Indefinido,Jornada Intensiva,Sin Data,OTTO Work Force,Sin Data
2026-09-17,Trabajoscom,Lleida,Todo Lleida,Operario/a de Almacén para GXO Logistics en Países Bajos,14 € - 16 €,Sin Data,Indefinido,Jornada Intensiva,Sin Data,OTTO Work Force,Sin Data
2026-09-17,Trabajoscom,Guadalajara,Todo Guadalajara,Operario/a de Almacén para GXO Logistics en Países Bajos,14 € - 16 €,Sin Data,Indefinido,Jornada Intensiva,Sin Data,OTTO Work Force,Sin Data
2026-09-17,Trabajoscom,Madrid,Todo Madrid,Operario/a de Almacén para GXO Logistics en Países Bajos,14 € - 16 €,Sin Data,Indefinido,Jornada Intensiva,Sin Data,OTTO Work Force,Sin Data
2026-09-17,Trabajoscom,Bizkaia,Todo Bizkaia,Operario/a de Almacén para GXO Logistics en Países Bajos,14 € - 16 €,Sin Data,Indefinido,Jornada Intensiva,Sin Data,OTTO Work Force,Sin Data
2026-09-17,Trabajoscom,Barcelona,Todo Barcelona,Operario/a de Almacén para GXO Logistics en Países Bajos,14 € - 16 €,Sin Data,Indefinido,Jornada Intensiva,Sin Data,OTTO Work Force,Sin Data
2026-09-17,Trabajoscom,Burgos,Todo Burgos,Operario/a de Almacén para GXO Logistics en Países Bajos,14 € - 16 €,Sin Data,Indefinido,Jornada Intensiva,Sin Data,OTTO Work Force,Sin Data
2026-09-17,Trabajoscom,Murcia,Alhama De Murcia,Conductor de Tráiler - Indefinido,2.400 € - 2.600 €,Sin Data,Indefinido,Jornada Completa,Sin Data,ELLTRUCK,Sin Data
2026-09-17,Trabajoscom,León,Todo León,Operario/a Almacén PVH (Tommy Hilfiger & Calvin Klein) con Alojamiento Incluido,15 € - 17 €,Sin Data,Indefinido,Jornada Intensiva,Sin Data,OTTO Work Force,Sin Data
2026-09-17,Trabajoscom,Huesca,Todo Huesca,Operario/a Almacén PVH (Tommy Hilfiger & Calvin Klein) con Alojamiento Incluido,15 € - 17 €,Sin Data,Indefinido,Jornada Intensiva,Sin Data,OTTO Work Force,Sin Data
2026-09-17,Trabajoscom,Castellón,Todo Castellón,Operario/a Almacén PVH (Tommy Hilfiger & Calvin Klein) con Alojamiento Incluido,15 € - 17 €,Sin Data,Indefinido,Jornada Intensiva,Sin Data,OTTO Work Force,Sin Data
2026-09-17,Trabajoscom,Navarra,Todo Navarra,Operario/a Almacén PVH (Tommy Hilfiger & Calvin Klein) con Alojamiento Incluido,15 € - 17 €,Sin Data,Indefinido,Jornada Intensiva,Sin Data,OTTO Work Force,Sin Data
2026-09-17,Trabajoscom,Cádiz,Todo Cádiz,Operario/a Almacén PVH (Tommy Hilfiger & Calvin Klein) con Alojamiento Incluido,15 € - 17 €,Sin Data,Indefinido,Jornada Intensiva,Sin Data,OTTO Work Force,Sin Data
2026-09-17,Trabajoscom,Sevilla,Todo Sevilla,Empleada de hogar interna y niñera en Leipzig - Alemania (H/M),Sin Data,Sin Data,Indefinido,Jornada Completa,Sin Data,Bugovics Industrie,Sin Data
2026-09-17,Trabajoscom,Madrid,Madrid,Técnico/a de selección perfiles sanitarios/as Madrid,Sin Data,Sin Data,Indefinido,Jornada Completa,Sin Data,Grupo Adecco,Sin Data
2026-09-17,Trabajoscom,Granada,Todo Granada,Operario/a Almacén PVH (Tommy Hilfiger & Calvin Klein) con Alojamiento Incluido,15 € - 17 €,Sin Data,Indefinido,Jornada Intensiva,Sin Data,OTTO Work Force,Sin Data
2026-09-17,Trabajoscom,O,Grove,Operarios/as de producción y almacén en O Grove,10 € - 11 €,Sin Data,Fijo discontinuo,Jornada Completa,Sin Data,Grupo Adecco,Sin Data
2026-09-17,Trabajoscom,Guadalajara,Todo Guadalajara,Operario/a Almacén PVH (Tommy Hilfiger & Calvin Klein) con Alojamiento Incluido,15 € - 17 €,Sin Data,Indefinido,Jornada Intensiva,Sin Data,OTTO Work Force,Sin Data
2026-09-17,Trabajoscom,Granada,Todo Granada,Empleada de hogar interna y niñera en Leipzig - Alemania (H/M),Sin Data,Sin Data,Indefinido,Jornada Completa,Sin Data,Bugovics Industrie,Sin Data
2026-09-17,Trabajoscom,Girona,Todo Girona,Empleada de hogar interna y niñera en Leipzig - Alemania (H/M),Sin Data,Sin Data,Indefinido,Jornada Completa,Sin Data,Bugovics Industrie,Sin Data
2026-09-17,Trabajoscom,Lleida,Todo Lleida,Empleada de hogar interna y niñera en Leipzig - Alemania (H/M),Sin Data,Sin Data,Indefinido,Jornada Completa,Sin Data,Bugovics Industrie,Sin Data
2026-09-17,Trabajoscom,Jaén,Jaén,Técnico /a de Mantenimiento Electrónico - Sustitución IT,22.000 € - 23.000 €,Sin Data,De duracion determinada,Jornada Completa,Sin Data,Temps,Sin Data
2026-09-17,Trabajoscom,Toledo,Toledo,INSTALADOR DE SISTEMAS DE PROTECCION CONTRA INCENDIOS,Sin Data,Sin Data,Indefinido,Jornada Intensiva,Sin Data,NTCI,Sin Data
2026-09-17,Trabajoscom,Barcelona,Santa Margarida I Els Monjos,AYUDANTE MAQUINISTA,Sin Data,Sin Data,De duracion determinada,Jornada Completa,Sin Data,Temps,Sin Data
2026-09-17,Trabajoscom,Badajoz,Todo Badajoz,Operario/a Almacén PVH (Tommy Hilfiger & Calvin Klein) con Alojamiento Incluido,15 € - 17 €,Sin Data,Indefinido,Jornada Intensiva,Sin Data,OTTO Work Force,Sin Data
2026-09-17,Trabajoscom,Zamora,Todo Zamora,Operario/a de Almacén para GXO Logistics en Países Bajos,14 € - 16 €,Sin Data,Indefinido,Jornada Intensiva,Sin Data,OTTO Work Force,Sin Data
2026-09-17,Trabajoscom,Pontevedra,Todo Pontevedra,Operario/a de Almacén para GXO Logistics en Países Bajos,14 € - 16 €,Sin Data,Indefinido,Jornada Intensiva,Sin Data,OTTO Work Force,Sin Data
2026-09-17,Trabajoscom,Cádiz,Todo Cádiz,Operario/a Almacén PVH (Tommy Hilfiger & Calvin Klein) con Alojamiento Incluido,15 € - 17 €,Sin Data,Indefinido,Jornada Intensiva,Sin Data,OTTO Work Force,Sin Data
2026-09-17,Trabajoscom,Ourense,Todo Ourense,Operario/a Almacén PVH (Tommy Hilfiger & Calvin Klein) con Alojamiento Incluido,15 € - 17 €,Sin Data,Indefinido,Jornada Intensiva,Sin Data,OTTO Work Force,Sin Data
2026-09-17,Trabajoscom,Salamanca,Todo Salamanca,Operario/a Almacén PVH (Tommy Hilfiger & Calvin Klein) con Alojamiento Incluido,15 € - 17 €,Sin Data,Indefinido,Jornada Intensiva,Sin Data,OTTO Work Force,Sin Data
2026-09-17,Trabajoscom,Almería,Todo Almería,Empleada de hogar interna y niñera en Leipzig - Alemania (H/M),Sin Data,Sin Data,Indefinido,Jornada Completa,Sin Data,Bugovics Industrie,Sin Data
2026-09-17,Trabajoscom,Valladolid,Todo Valladolid,Operario/a Almacén PVH (Tommy Hilfiger & Calvin Klein) con Alojamiento Incluido,15 € - 17 €,Sin Data,Indefinido,Jornada Intensiva,Sin Data,OTTO Work Force,Sin Data
2026-09-17,Trabajoscom,León,Todo León,Operario/a Almacén PVH (Tommy Hilfiger & Calvin Klein) con Alojamiento Incluido,15 € - 17 €,Sin Data,Indefinido,Jornada Intensiva,Sin Data,OTTO Work Force,Sin Data
2026-09-17,Trabajoscom,Huesca,Todo Huesca,Operario/a Almacén PVH (Tommy Hilfiger & Calvin Klein) con Alojamiento Incluido,15 € - 17 €,Sin Data,Indefinido,Jornada Intensiva,Sin Data,OTTO Work Force,Sin Data
2026-09-17,Trabajoscom,Castellón,Todo Castellón,Operario/a Almacén PVH (Tommy Hilfiger & Calvin Klein) con Alojamiento Incluido,15 € - 17 €,Sin Data,Indefinido,Jornada Intensiva,Sin Data,OTTO Work Force,Sin Data
2026-09-17,Trabajoscom,Navarra,Todo Navarra,Operario/a Almacén PVH (Tommy Hilfiger & Calvin Klein) con Alojamiento Incluido,15 € - 17 €,Sin Data,Indefinido,Jornada Intensiva,Sin Data,OTTO Work Force,Sin Data
2026-09-17,Trabajoscom,Murcia,Alhama De Murcia,Conductor de Tráiler - Indefinido,2.400 € - 2.600 €,Sin Data,Indefinido,Jornada Completa,Sin Data,ELLTRUCK,Sin Data
2026-09-17,Trabajoscom,Jaén,Jaén,Técnico /a de Mantenimiento Electrónico - Sustitución IT,22.000 € - 23.000 €,Sin Data,De duracion determinada,Jornada Completa,Sin Data,Temps,Sin Data
2026-09-17,Trabajoscom,Toledo,Toledo,INSTALADOR DE SISTEMAS DE PROTECCION CONTRA INCENDIOS,Sin Data,Sin Data,Indefinido,Jornada Intensiva,Sin Data,NTCI,Sin Data
2026-09-17,Trabajoscom,Barcelona,Santa Margarida I Els Monjos,AYUDANTE MAQUINISTA,Sin Data,Sin Data,De duracion determinada,Jornada Completa,Sin Data,Temps,Sin Data
2026-09-17,Trabajoscom,Alicante,Todo Alicante,Operario/a de Almacén para GXO Logistics en Países Bajos,14 € - 16 €,Sin Data,Indefinido,Jornada Intensiva,Sin Data,OTTO Work Force,Sin Data
2026-09-17,Trabajoscom,Madrid,Madrid,DIRECTOR/A DE OFICINA RRHH,Sin Data,Sin Data,Indefinido,Jornada Indiferente,Sin Data,RAS Interim - Talento,Sin Data
2026-09-17,Trabajoscom,Barcelona,Todo Barcelona,DIRECTOR/A DE OFICINA RRHH,Sin Data,Sin Data,Indefinido,Jornada Indiferente,Sin Data,RAS Interim - Talento,Sin Data
2026-09-17,Trabajoscom,Barcelona,Todo Barcelona,BECARI/A DE RRHH,Sin Data,Sin Data,Indefinido,Jornada Indiferente,Sin Data,RAS Interim - Talento,Sin Data
2026-09-17,Trabajoscom,Barcelona,Martorell,TÉCNICO/A DE RRHH,Sin Data,Sin Data,Indefinido,Jornada Indiferente,Sin Data,RAS Interim - Talento,Sin Data
2026-09-17,Trabajoscom,Tarragona,Valls,TÉCNICO/A DE RRHH,Sin Data,Sin Data,Indefinido,Jornada Indiferente,Sin Data,RAS Interim - Talento,Sin Data
2026-09-17,Trabajoscom,Tarragona,Reus,TÉCNICO/A DE RRHH,Sin Data,Sin Data,Indefinido,Jornada Indiferente,Sin Data,RAS Interim - Talento,Sin Data
2026-09-17,Trabajoscom,Barcelona,Todo Barcelona,Regulatory and Quality Expert/Coordinator,Sin Data,Sin Data,Indefinido,Jornada Indiferente,Sin Data,RAS Interim,Sin Data
2026-09-17,Trabajoscom,Barcelona,Barcelona,TÉCNICO/A DE RRHH,Sin Data,Sin Data,Indefinido,Jornada Indiferente,Sin Data,RAS Interim - Talento,Sin Data
2026-09-17,Trabajoscom,Barcelona,Todo Barcelona,TÉCNICO/A DE MANTENIMIENTO,Sin Data,Sin Data,Indefinido,Jornada Indiferente,Sin Data,RAS Interim - Recruiting,Sin Data
2026-09-17,Trabajoscom,Madrid,Madrid,COMERCIAL PRESCRIPTION & CONTRACT | ARQUITECTURA E INTERIORISMO,Sin Data,Sin Data,Indefinido,Jornada Indiferente,Sin Data,RAS Interim - Recruiting,Sin Data
2026-09-17,Trabajoscom,Girona,Girona,RECRUITER,Sin Data,Sin Data,Indefinido,Jornada Indiferente,Sin Data,RAS Interim - Talento,Sin Data
2026-09-17,Trabajoscom,Barcelona,Vic,BECARI/A DE RRHH,Sin Data,Sin Data,Indefinido,Jornada Indiferente,Sin Data,RAS Interim - Talento,Sin Data
2026-09-17,Trabajoscom,Valladolid,Valladolid,LEÓN  Staff Operaciones- Centro Logístico de León,Sin Data,Sin Data,Indefinido,Jornada Indiferente,Sin Data,Grupo DIA,Sin Data
2026-09-17,Trabajoscom,Madrid,Alcala De Henares,TÉCNICO/A DE RRHH,Sin Data,Sin Data,Indefinido,Jornada Indiferente,Sin Data,RAS Interim - Talento,Sin Data
2026-09-17,Trabajoscom,Castellón,Onda,OPERARIO/A PREPARACIÓN DE PEDIDOS,Sin Data,Sin Data,Indefinido,Jornada Indiferente,Sin Data,RAS Interim,Sin Data
2026-09-17,Trabajoscom,Murcia,La Union,"Cajero/a Reponedor/a en La Unión, Murcia",Sin Data,Sin Data,Indefinido,Jornada Indiferente,Sin Data,Grupo DIA,Sin Data
2026-09-17,Trabajoscom,Castellón,Segorbe,OPERARIOS/AS DE CNC,Sin Data,Sin Data,Indefinido,Jornada Indiferente,Sin Data,RAS Interim,Sin Data
2026-09-17,Trabajoscom,Tarragona,Valls,ADMINISTRATIVO/A CONTABLE,Sin Data,Sin Data,Indefinido,Jornada Indiferente,Sin Data,RAS Interim,Sin Data
2026-09-17,Trabajoscom,Asturias,Langreo,ASTURIAS Cajero/a Reponedor/a LANGREO,Sin Data,Sin Data,Indefinido,Jornada Indiferente,Sin Data,Grupo DIA,Sin Data
2026-09-17,Trabajoscom,Asturias,Mieres,ASTURIAS Cajero/a Reponedor/a MIERES,Sin Data,Sin Data,Indefinido,Jornada Indiferente,Sin Data,Grupo DIA,Sin Data
2026-09-17,Trabajoscom,Palencia,Castrejon De La Peña,CHÓFER DE CAMIÓN,Sin Data,Sin Data,Indefinido,Jornada Indiferente,Sin Data,RAS Interim,Sin Data
2026-09-17,Trabajoscom,Barcelona,Todo Barcelona,ENCARGADO/A DE OBRA,Sin Data,Sin Data,Indefinido,Jornada Indiferente,Sin Data,RAS Interim - Recruiting,Sin Data
2026-09-17,Trabajoscom,Almería,Viator,Asesor/a Técnico/a Comercial - GRANADA,Sin Data,Sin Data,Indefinido,Jornada Indiferente,Sin Data,Lumon Cristales España,Sin Data
2026-09-17,Trabajoscom,Málaga,Malaga,Asesor/a Técnico Comercial B2C - MALAGA,Sin Data,Sin Data,Indefinido,Jornada Indiferente,Sin Data,Lumon Cristales España,Sin Data
2026-09-17,Trabajoscom,Madrid,Las Rozas De Madrid,Cajero/a Reponedor/a Fuencarral (Zona norte de Madrid),Sin Data,Sin Data,Indefinido,Jornada Indiferente,Sin Data,Grupo DIA,Sin Data
2026-09-17,Trabajoscom,León,Santa Catalina De Somoza,Cajero/a Reponedor/a Olesa de Montserrat 40h,Sin Data,Sin Data,Indefinido,Jornada Indiferente,Sin Data,Grupo DIA,Sin Data
2026-09-17,Trabajoscom,Alicante,Orihuela,"Cajero/a Reponedor/a en Pilar de Horadada, Alicante",Sin Data,Sin Data,Indefinido,Jornada Indiferente,Sin Data,Grupo DIA,Sin Data
2026-09-17,Trabajoscom,Barcelona,Todo Barcelona,TÉCNICO/A DE RRHH,Sin Data,Sin Data,Indefinido,Jornada Indiferente,Sin Data,RAS Interim - Talento,Sin Data
2026-09-17,Trabajoscom,Bizkaia,Arrigorriaga,OPERARIO/A DE PRODUCCIÓN Y ALMACÉN,Sin Data,Sin Data,Indefinido,Jornada Indiferente,Sin Data,RAS Interim,Sin Data
2026-09-17,Trabajoscom,Alicante,Benidorm,MOZO/A CARGA Y DESCARGA DÍAS SUELTOS,Sin Data,Sin Data,Indefinido,Jornada Indiferente,Sin Data,RAS Interim,Sin Data
2026-09-17,Trabajoscom, Pontevedra, Pontevedra,Cocinero/a - Centro Residencial DomusVi Fátima,Sin Data,Sin Data,De duracion determinada,Jornada Completa,Sin Data,DomusVi,Sin Data
2026-09-17,Trabajoscom, Asturias, Asturias,Únete al Equipo Mcdonald´s Lugones,Sin Data,Sin Data,Indefinido,Jornada Indiferente,Sin Data,Restaurantes McDonalds,Sin Data
2026-09-17,Trabajoscom, Girona, Girona,McDonald's Roses,Sin Data,Sin Data,Indefinido,Media Jornada,Sin Data,Restaurantes McDonalds,Sin Data
2026-09-17,Trabajoscom,Sevilla,Gines,Únete a nuestro equipo Sevilla Gines,Sin Data,Sin Data,Indefinido,Media Jornada,Sin Data,Restaurantes McDonalds,Sin Data
2026-09-17,Trabajoscom,Gipuzkoa,Donostia-San Sebastian,Unete a nuestro equipo - Donostia - San Sebastian,Sin Data,Sin Data,Indefinido,Media Jornada,Sin Data,Restaurantes McDonalds,Sin Data
2026-09-17,Trabajoscom,Gipuzkoa,Donostia-San Sebastian,Únete a nuestro equipo - BRETXA,Sin Data,Sin Data,Indefinido,Media Jornada,Sin Data,Restaurantes McDonalds,Sin Data
2026-09-17,Trabajoscom,Málaga,Malaga,Únete a nuestro equipo Málaga Centro,Sin Data,Sin Data,Indefinido,Media Jornada,Sin Data,Restaurantes McDonalds,Sin Data
2026-09-17,Trabajoscom,Baleares,Palma De Mallorca,Únete a nuestro equipo. McDonald's Palma Pio XII (Zona Borne),Sin Data,Sin Data,Indefinido,Media Jornada,Sin Data,Restaurantes McDonalds,Sin Data
2026-09-17,Trabajoscom,S.C. Tenerife,San Isidro De Abona,#5 - Únete a nuestro equipo. McDonald's San Isidro,Sin Data,Sin Data,Indefinido,Media Jornada,Sin Data,Restaurantes McDonalds,Sin Data
2026-09-17,Trabajoscom,S.C. Tenerife,Adeje,#5 - Únete a nuestro equipo. McDonald's Torviscas,Sin Data,Sin Data,Indefinido,Media Jornada,Sin Data,Restaurantes McDonalds,Sin Data
2026-09-17,Trabajoscom,S.C. Tenerife,Candelaria,Únete a nuestro equipo. McDonald's Caletillas,Sin Data,Sin Data,Indefinido,Media Jornada,Sin Data,Restaurantes McDonalds,Sin Data
2026-09-17,Trabajoscom,S.C. Tenerife,Santa Cruz De Tenerife,Únete a nuestro equipo. McDonald's La Laguna,Sin Data,Sin Data,Indefinido,Media Jornada,Sin Data,Restaurantes McDonalds,Sin Data
2026-09-17,Trabajoscom,Valencia,Aldaia,Únete a nuestro equipo. McDonald's Aldaya,Sin Data,Sin Data,Indefinido,Jornada Indiferente,Sin Data,Restaurantes McDonalds,Sin Data
2026-09-17,Trabajoscom,Madrid,Madrid,Únete a nuestro equipo. Aeropuerto Barajas T4,Sin Data,Sin Data,Indefinido,Media Jornada,Sin Data,Restaurantes McDonalds,Sin Data
2026-09-17,Trabajoscom,S.C. Tenerife,Fañabe,Únete a nuestro equipo. McDonald's Fañabé,Sin Data,Sin Data,Indefinido,Jornada Indiferente,Sin Data,Restaurantes McDonalds,Sin Data
2026-09-17,Trabajoscom,Barcelona,Sabadell,Únete a nuestro equipo. McDonald's Sabadell Sur,Sin Data,Sin Data,Indefinido,Media Jornada,Sin Data,Restaurantes McDonalds,Sin Data
2026-09-17,Trabajoscom,S.C. Tenerife,Granadilla,Únete a nuestro equipo Zona Abona,Sin Data,Sin Data,Indefinido,Media Jornada,Sin Data,Restaurantes McDonalds,Sin Data
2026-09-17,Trabajoscom,Baleares,Palma De Mallorca,#4 - Únete a nuestro equipo. McDonald's Aeropuerto Palma de Mallorca,Sin Data,Sin Data,Indefinido,Jornada Indiferente,Sin Data,Restaurantes McDonalds,Sin Data
2026-09-17,Trabajoscom, Madrid, Madrid,Personal de limpieza de vehículos (H/M),Sin Data,Sin Data,De duracion determinada,Jornada Completa,Sin Data,Iman Temporing,Sin Data
2026-09-17,Trabajoscom, Barcelona, Barcelona,Auxiliar de Ayuda a Domicilio FINES DE SEMANA DomusVi SAD BCN Zona 4,Sin Data,Sin Data,A tiempo parcial,Media Jornada,Sin Data,DomusVi,Sin Data
2026-09-17,Trabajoscom, Zaragoza, Zaragoza,Técnico/a de Mecanizado,Sin Data,Sin Data,Indefinido,Jornada Completa,Sin Data,Iman Temporing,Sin Data
2026-09-17,Trabajoscom, Barcelona, Barcelona,Troquelador,Sin Data,Sin Data,Indefinido,Jornada Completa,Sin Data,Pacto,Sin Data
2026-09-17,Trabajoscom, Madrid, Madrid,Administrativo/a de fincas y gestión de seguros,Sin Data,Sin Data,Indefinido,Jornada Completa,Sin Data,Pacto,Sin Data
2026-09-17,Trabajoscom, Barcelona, Barcelona,Camarero/a de pisos Hotel en Barcelona,1.100 € - 1.138 €,Sin Data,Indefinido,Media Jornada,Sin Data,Citius Outsourcing,Sin Data
2026-09-17,Trabajoscom, Barcelona, Barcelona,Mecanico/a o Auxiliar de Mecanico/a,Sin Data,Sin Data,Indefinido,Jornada Completa,Sin Data,Lis,Sin Data
2026-09-17,Trabajoscom, Alicante, Alicante,Técnico/a Electromecánico (Automatismos),Sin Data,Sin Data,Indefinido,Jornada Completa,Sin Data,Crit Interim España ETT,Sin Data
2026-09-17,Trabajoscom, Madrid, Madrid,Mozo/a Especialista - Velilla de San Antonio,Sin Data,Sin Data,De duracion determinada,Jornada Completa,Sin Data,Crit Interim España ETT,Sin Data
2026-09-17,Trabajoscom, Pontevedra, Pontevedra,MECÉNICO/A,Sin Data,Sin Data,Indefinido,Jornada Completa,Sin Data,Iman Temporing,Sin Data
2026-09-17,Trabajoscom, Madrid, Madrid,"Vigilante de Seguridad - Centro de carga aérea (Barajas, Madrid)",Sin Data,Sin Data,Indefinido,Media Jornada,Sin Data,Iman Seguridad,Sin Data
2026-09-17,Trabajoscom, Sevilla, Sevilla,Jefe/a de Taller de Carpintería,Sin Data,Sin Data,Indefinido,Jornada Completa,Sin Data,Crit Interim España ETT,Sin Data
2026-09-17,Trabajoscom, Granada, Granada,LIMPIADOR/A INDUSTRIAL CON DISCAPACIDAD,Sin Data,Sin Data,Indefinido,Jornada Completa,Sin Data,Iman Temporing,Sin Data
2026-09-17,Trabajoscom, Gipuzkoa, Gipuzkoa,Operario/a de preparación de vehículos,Sin Data,Sin Data,Indefinido,Jornada Completa,Sin Data,Iman Temporing,Sin Data
2026-09-17,Trabajoscom, Barcelona, Barcelona,Administrativo/a contable,Sin Data,Sin Data,Indefinido,Jornada Completa,Sin Data,Iman Temporing,Sin Data
2026-09-17,Trabajoscom, Pontevedra, Pontevedra,TÉCNICO/A en PRL,23.000 € - 25.000 €,Sin Data,De duracion determinada,Jornada Completa,Sin Data,Iman Temporing,Sin Data
2026-09-17,Trabajoscom, Sevilla, Sevilla,Responsable de Ingeniería (H/M),Sin Data,Sin Data,Indefinido,Jornada Completa,Sin Data,Iman Global Consulting,Sin Data
2026-09-17,Trabajoscom, Jaén, Jaén,Formación Soldadura de Polipropileno,Sin Data,Sin Data,De duracion determinada,Jornada Completa,Sin Data,Iman Temporing,Sin Data
2026-09-17,Trabajoscom, Sevilla, Sevilla,Ingeniero eléctrico especialista (H/M),Sin Data,Sin Data,Indefinido,Jornada Completa,Sin Data,Iman Global Consulting,Sin Data
2026-09-17,Trabajoscom, Córdoba, Córdoba,Operario/a de plastico,21.000 € - 22.000 €,Sin Data,De duracion determinada,Jornada Completa,Sin Data,Crit Interim España ETT,Sin Data
2026-09-17,Trabajoscom, Toledo, Toledo,Técnico/a de mantenimiento Industrial,22.000 € - 25.000 €,Sin Data,Indefinido,Jornada Completa,Sin Data,Iman Global Consulting,Sin Data
2026-09-17,Trabajoscom, Gipuzkoa, Gipuzkoa,Preparador/a de Alimentos,Sin Data,Sin Data,De duracion determinada,Jornada Completa,Sin Data,Iman Temporing,Sin Data
2026-09-17,Trabajoscom, Málaga, Málaga,Técnico Mantenimiento Aptos Turísticos Prov Málaga,Sin Data,Sin Data,Indefinido,Jornada Completa,Sin Data,Pacto,Sin Data
2026-09-17,Trabajoscom, Valencia, Valencia,Técnico/a de Obra Civil y/o Maquinista,Sin Data,Sin Data,Indefinido,Jornada Completa,Sin Data,Iman Temporing,Sin Data
2026-09-17,Trabajoscom, Barcelona, Barcelona,Operario/a de Almacén Carretillero,Sin Data,Sin Data,De duracion determinada,Jornada Completa,Sin Data,Crit Interim España ETT,Sin Data
2026-09-17,Trabajoscom, Madrid, Madrid,Gerocultor/a - Auxiliar de enfermería Centro Residencial DomusVi Madrid Sur,Sin Data,Sin Data,Indefinido,Jornada Completa,Sin Data,DomusVi,Sin Data
2026-09-17,Trabajoscom, Zaragoza, Zaragoza,Gerocultor/a - Auxiliar de enfermería Centro Residencial DomusVi Fontibre,Sin Data,Sin Data,Indefinido,Jornada Completa,Sin Data,DomusVi,Sin Data
2026-09-17,Trabajoscom, Sevilla, Sevilla,Palista (Dos Hermanas),Sin Data,Sin Data,De duracion determinada,Jornada Completa,Sin Data,Iman Temporing,Sin Data
2026-09-17,Trabajoscom, Bizkaia, Bizkaia,Carretillero/a horario partido duradero,25.900 €,Sin Data,De duracion determinada,Jornada Completa,Sin Data,Iman Temporing,Sin Data
2026-09-17,Trabajoscom, Madrid, Madrid,Administrativo/a Contable,Sin Data,Sin Data,Indefinido,Jornada Completa,Sin Data,Iman Temporing,Sin Data
2026-09-17,Trabajoscom, Barcelona, Barcelona,Administrativo/a contable,Sin Data,Sin Data,Indefinido,Jornada Completa,Sin Data,Iman Temporing,Sin Data
2026-09-17,Trabajoscom, Granada, Granada,Operario/a producción/mantenimiento,Sin Data,Sin Data,Indefinido,Jornada Completa,Sin Data,Crit Interim España ETT,Sin Data
2026-09-17,Trabajoscom, Madrid, Madrid,Financial Controller,Sin Data,Sin Data,De duracion determinada,Jornada Completa,Sin Data,Iman Temporing,Sin Data
2026-09-17,Trabajoscom, Barcelona, Barcelona,Cocinero/a - Centro Residencial DomusVi Sant Jordi,Sin Data,Sin Data,De duracion determinada,Jornada Completa,Sin Data,DomusVi,Sin Data
2026-09-17,Trabajoscom, Barcelona, Barcelona,Oficial Electricista de Subestaciones (H/M),Sin Data,Sin Data,Indefinido,Jornada Completa,Sin Data,Crit Interim España ETT,Sin Data
2026-09-17,Trabajoscom, Girona, Girona,Electromecánico/a - Olot,Sin Data,Sin Data,De duracion determinada,Jornada Completa,Sin Data,Pacto,Sin Data
2026-09-17,Trabajoscom, Barcelona, Barcelona,Becario/a Departamento de Nutrición,Sin Data,Sin Data,Formativo,Jornada Completa,Sin Data,DomusVi,Sin Data
2026-09-17,Trabajoscom, Bizkaia, Bizkaia,Operario/a Forja,Sin Data,Sin Data,De duracion determinada,Jornada Completa,Sin Data,Iman Temporing,Sin Data
2026-09-17,Trabajoscom, Navarra, Navarra,ADMINSTRATIVO/A  - SAP,31.000 €,Sin Data,Indefinido,Jornada Completa,Sin Data,Iman Temporing,Sin Data
2026-09-17,Trabajoscom, Madrid, Madrid,Soldador TIG MIG/MAG,Sin Data,Sin Data,De duracion determinada,Jornada Completa,Sin Data,Crit Interim España ETT,Sin Data
2026-09-17,Trabajoscom, Madrid, Madrid,Director/a  Marketing y RRHH (sector salud),Sin Data,Sin Data,Indefinido,Jornada Completa,Sin Data,Crit Interim España ETT,Sin Data
2026-09-17,Trabajoscom, Córdoba, Córdoba,Operario-a envasado aceite,17.000 € - 18.000 €,Sin Data,De duracion determinada,Jornada Completa,Sin Data,Crit Interim España ETT,Sin Data
2026-09-17,Trabajoscom, Barcelona, Barcelona,"Administrativo/a (Compras, Contabilidad)",22.000 € - 24.000 €,Sin Data,Indefinido,Jornada Completa,Sin Data,Iman Temporing,Sin Data
2026-09-17,Trabajoscom, Barcelona, Barcelona,Vigilante de seguridad Vic ( media jornada l - v ),Sin Data,Sin Data,Indefinido,Jornada Completa,Sin Data,Iman Seguridad,Sin Data
2026-09-17,Trabajoscom, Bizkaia, Bizkaia,Operario/a centro de mecanizado Cnc duradero,25.453 € - 30.799 €,Sin Data,De duracion determinada,Jornada Completa,Sin Data,Iman Temporing,Sin Data
2026-09-17,Trabajoscom, Barcelona, Barcelona,Auxiliar Administrativo/a,Sin Data,Sin Data,De duracion determinada,Media Jornada,Sin Data,Crit Interim España ETT,Sin Data
2026-09-17,Trabajoscom, Lleida, Lleida,TRACTORISTA,Sin Data,Sin Data,Indefinido,Jornada Completa,Sin Data,Iman Temporing,Sin Data
2026-09-17,Trabajoscom, Almería, Almería,Operario/a de envasado de arroz,Sin Data,Sin Data,De duracion determinada,Jornada Completa,Sin Data,Iman Temporing,Sin Data
2026-09-17,Trabajoscom, Valencia, Valencia,Administrativo/a Comercio Internacional,Sin Data,Sin Data,De duracion determinada,Jornada Completa,Sin Data,Iman Temporing,Sin Data
2026-09-17,Trabajoscom, Madrid, Madrid,Operario/a producción con carretilla,Sin Data,Sin Data,De duracion determinada,Jornada Completa,Sin Data,Iman Temporing,Sin Data
2026-09-17,Trabajoscom, Madrid, Madrid,Carretillero/a con Formación Profesional,20.000 € - 23.000 €,Sin Data,De duracion determinada,Jornada Indiferente,Sin Data,Iman Temporing,Sin Data
2026-09-17,Trabajoscom, Córdoba, Córdoba,Montador/a estructuras metálicas,22.000 € - 24.000 €,Sin Data,Indefinido,Jornada Completa,Sin Data,Crit Interim España ETT,Sin Data
2026-09-17,Trabajoscom, Barcelona, Barcelona,OPERARIO/A PESAJES DE FÓRMULAS CON EXPERIENCIA,Sin Data,Sin Data,De duracion determinada,Jornada Completa,Sin Data,Iman Temporing,Sin Data
2026-09-17,Trabajoscom, Córdoba, Córdoba,Operarios/as Plegadora,Sin Data,Sin Data,De duracion determinada,Jornada Completa,Sin Data,Crit Interim España ETT,Sin Data
2026-09-17,Trabajoscom, Almería, Almería,OPERARIO/A DE ALMACEN CON MANEJO DE PUENTE GRUA,Sin Data,Sin Data,De duracion determinada,Jornada Completa,Sin Data,Iman Temporing,Sin Data
2026-09-17,Trabajoscom, Castellón, Castellón,Promotor/a paneles cerámicos,Sin Data,Sin Data,De duracion determinada,Jornada Completa,Sin Data,Iman Temporing,Sin Data
2026-09-17,Trabajoscom, Araba, Araba,Mozo/a de almacén,25.000 €,Sin Data,De duracion determinada,Jornada Completa,Sin Data,Crit Interim España ETT,Sin Data
2026-09-17,Trabajoscom, Barcelona, Barcelona,Operari/a textil amb carnet de carretilla,Sin Data,Sin Data,Indefinido,Jornada Completa,Sin Data,Iman Temporing,Sin Data
2026-09-17,Trabajoscom, Madrid, Madrid,Carretillero/a con Formación Profesional,20.000 € - 23.000 €,Sin Data,De duracion determinada,Jornada Indiferente,Sin Data,Iman Temporing,Sin Data
2026-09-17,Trabajoscom, Córdoba, Córdoba,Montador/a estructuras metálicas,22.000 € - 24.000 €,Sin Data,Indefinido,Jornada Completa,Sin Data,Crit Interim España ETT,Sin Data
2026-09-17,Trabajoscom, Zaragoza, Zaragoza,Camarero/a de pisos para APARTAHOTEL EN ZARAGOZA,1.700 € - 1.709 €,Sin Data,Indefinido,Media Jornada,Sin Data,Citius Outsourcing,Sin Data
2026-09-17,Trabajoscom, Almería, Almería,Operario/a de envasado de arroz,Sin Data,Sin Data,De duracion determinada,Jornada Completa,Sin Data,Iman Temporing,Sin Data
2026-09-17,Trabajoscom, Valencia, Valencia,Dependiente/a sector automoción,Sin Data,Sin Data,De duracion determinada,Jornada Completa,Sin Data,Crit Interim España ETT,Sin Data
2026-09-17,Trabajoscom, Sevilla, Sevilla,Operario/a - Días Sueltos (Huévar del Aljarafe),Sin Data,Sin Data,De duracion determinada,Jornada Completa,Sin Data,Iman Temporing,Sin Data
2026-09-17,Trabajoscom, Barcelona, Barcelona,Operario/a producción,Sin Data,Sin Data,De duracion determinada,Jornada Completa,Sin Data,Crit Interim España ETT,Sin Data
2026-09-17,Trabajoscom, Girona, Girona,Gerocultor/a - corretorns,Sin Data,Sin Data,Indefinido,Jornada Completa,Sin Data,Pacto,Sin Data
2026-09-17,Trabajoscom, Tarragona, Tarragona,Técnico/a de Mantenimiento e Instrumentación,Sin Data,Sin Data,Indefinido,Jornada Completa,Sin Data,Crit Interim España ETT,Sin Data
2026-09-17,Trabajoscom, A Coruña, A Coruña,Técnico/a de Mantenimiento e Instrumentación,Sin Data,Sin Data,Indefinido,Jornada Completa,Sin Data,Crit Interim España ETT,Sin Data
2026-09-17,Trabajoscom, Valencia, Valencia,Auxiliar Administrativo/a,19.800 €,Sin Data,Indefinido,Jornada Completa,Sin Data,Citius Solutions,Sin Data
2026-09-17,Trabajoscom, Madrid, Madrid,Instalador/a de puntos de recarga,Sin Data,Sin Data,Indefinido,Jornada Completa,Sin Data,Crit Interim España ETT,Sin Data
2026-09-17,Trabajoscom, Barcelona, Barcelona,Técnico/a SAT y Montaje,Sin Data,Sin Data,De duracion determinada,Jornada Completa,Sin Data,Crit Interim España ETT,Sin Data
2026-09-17,Trabajoscom, Barcelona, Barcelona,Operario/a de Decapados,Sin Data,Sin Data,De duracion determinada,Jornada Completa,Sin Data,Crit Interim España ETT,Sin Data
2026-09-17,Trabajoscom, Pontevedra, Pontevedra,Dependiente/a Frutería - Lalín,Sin Data,Sin Data,De duracion determinada,Jornada Completa,Sin Data,Iman Temporing,Sin Data
2026-09-17,Trabajoscom, Araba, Araba,Oficial Electricista- Sector Ferroviario,Sin Data,Sin Data,Indefinido,Jornada Completa,Sin Data,Crit Interim España ETT,Sin Data
2026-09-17,Trabajoscom, Teruel, Teruel,Administrativo/a con inglés alto.,Sin Data,Sin Data,De duracion determinada,Jornada Indiferente,Sin Data,Iman Temporing,Sin Data
2026-09-17,Trabajoscom, Zaragoza, Zaragoza,Ayudante de Camarero/a - Incorporación Inmediata,19.500 € - 19.700 €,Sin Data,De duracion determinada,Jornada Completa,Sin Data,Iman Temporing,Sin Data
2026-09-17,Trabajoscom, Granada, Granada,Operario/a de Fábrica (Hornos),Sin Data,Sin Data,De duracion determinada,Jornada Completa,Sin Data,Crit Interim España ETT,Sin Data
2026-09-17,Trabajoscom, Zaragoza, Zaragoza,Mozo/a almacén - Preparación de pedidos,Sin Data,Sin Data,De duracion determinada,Jornada Completa,Sin Data,Iman Temporing,Sin Data
2026-09-17,Trabajoscom, Alicante, Alicante,Personal de Limpieza - Centro Residencial DomusVi Calpe,Sin Data,Sin Data,De duracion determinada,Jornada Completa,Sin Data,DomusVi,Sin Data
2026-09-17,Trabajoscom, Barcelona, Barcelona,Personal de Limpieza - Centro Residencial DomusVi Vallès Nord,Sin Data,Sin Data,Indefinido,Jornada Completa,Sin Data,DomusVi,Sin Data
2026-09-17,Trabajoscom, Barcelona, Barcelona,OPERARIO/A CON EXPERIENCIA LIJADORA ORBITRAL,Sin Data,Sin Data,Indefinido,Jornada Completa,Sin Data,Pacto,Sin Data
2026-09-17,Trabajoscom, Barcelona, Barcelona,MANIPULADOR/A TURNOS MAÑANA Y TARDE,Sin Data,Sin Data,De duracion determinada,Jornada Indiferente,Sin Data,Iman Temporing,Sin Data
2026-09-17,Trabajoscom, Córdoba, Córdoba,Limpiador de Hotel Córdoba,Sin Data,Sin Data,Indefinido,Jornada Completa,Sin Data,Pacto,Sin Data
2026-09-17,Trabajoscom, Barcelona, Barcelona,Personal atención al cliente - Molins de Rei,20.375 € - 21.538 €,Sin Data,De duracion determinada,Jornada Completa,Sin Data,Pacto,Sin Data
2026-09-17,Trabajoscom, Murcia, Murcia,Electromecánico/a Industrial,Sin Data,Sin Data,Indefinido,Jornada Completa,Sin Data,Iman Temporing,Sin Data
2026-09-17,Trabajoscom, Cantabria, Cantabria,Limpiador/a – Guarnizo (Cantabria),Sin Data,Sin Data,Indefinido,Media Jornada,Sin Data,Iman Cleaning,Sin Data
2026-09-17,Trabajoscom, Barcelona, Barcelona,Operario/a de Automoción (siderometal),Sin Data,Sin Data,De duracion determinada,Jornada Completa,Sin Data,Crit Interim España ETT,Sin Data
2026-09-17,Trabajoscom, Toledo, Toledo,Mozo/a conductor/a-lavacoches(Rent a car)-Toledo,17.094 €,Sin Data,Indefinido,Jornada Completa,Sin Data,Citius Solutions,Sin Data
2026-09-17,Trabajoscom, Murcia, Murcia,Pintor/a Industrial,Sin Data,Sin Data,De duracion determinada,Jornada Completa,Sin Data,Iman Temporing,Sin Data
2026-09-17,Trabajoscom,Barcelona,Todo Barcelona,OPERARIO/A DE PRODUCCIÓN,Sin Data,Sin Data,Indefinido,Jornada Indiferente,Sin Data,RAS Interim,Sin Data
2026-09-17,Trabajoscom,Castellón,Vinaros,Limpiador/a (Lunes y jueves).  Óptica Vinaròs,Sin Data,Sin Data,De duracion determinada,Media Jornada,Sin Data,Limpiezas Deyse,Sin Data
2026-09-17,Trabajoscom,Zaragoza,Zaragoza,Carretilleros/as con coche (Turno rotativo M/T),Sin Data,Sin Data,Indefinido,Jornada Completa,Sin Data,Grupo Adecco,Sin Data
2026-09-17,Trabajoscom,Madrid,Madrid,ENCARGADO DE SALON DE PELUQURIA,1.800 € - 2.000 €,Sin Data,Indefinido,Jornada Completa,Sin Data,Beauty Concept,Sin Data
2026-09-17,Trabajoscom,Cádiz,Todo Cádiz,Emirates Airline busca Pilotos de Aviación,7.650 € - 10.650 €,Sin Data,Indefinido,Jornada Completa,Sin Data,Emirates Airline,Sin Data
2026-09-17,Trabajoscom,Bizkaia,Todo Bizkaia,Emirates Airline busca Pilotos de Aviación,7.650 € - 10.650 €,Sin Data,Indefinido,Jornada Completa,Sin Data,Emirates Airline,Sin Data
2026-09-17,Trabajoscom,Coruña,Todo Coruña,Emirates Airline busca Pilotos de Aviación,7.650 € - 10.650 €,Sin Data,Indefinido,Jornada Completa,Sin Data,Emirates Airline,Sin Data
2026-09-17,Trabajoscom,Ceuta,Todo Ceuta,Emirates Airline busca Pilotos de Aviación,7.650 € - 10.650 €,Sin Data,Indefinido,Jornada Completa,Sin Data,Emirates Airline,Sin Data
2026-09-17,Trabajoscom,Cantabria,Todo Cantabria,Emirates Airline busca Pilotos de Aviación,7.650 € - 10.650 €,Sin Data,Indefinido,Jornada Completa,Sin Data,Emirates Airline,Sin Data
2026-09-17,Trabajoscom,León,Todo León,Emirates Airline busca Pilotos de Aviación,7.650 € - 10.650 €,Sin Data,Indefinido,Jornada Completa,Sin Data,Emirates Airline,Sin Data
2026-09-17,Trabajoscom,Baleares,Todo Baleares,Emirates Airline busca Pilotos de Aviación,7.650 € - 10.650 €,Sin Data,Indefinido,Jornada Completa,Sin Data,Emirates Airline,Sin Data
2026-09-17,Trabajoscom,Cádiz,Todo Cádiz,Emirates Airline busca Pilotos de Aviación,7.650 € - 10.650 €,Sin Data,Indefinido,Jornada Completa,Sin Data,Emirates Airline,Sin Data
2026-09-17,Trabajoscom,Madrid,Todo Madrid,Emirates Airline busca Pilotos de Aviación,7.650 € - 10.650 €,Sin Data,Indefinido,Jornada Completa,Sin Data,Emirates Airline,Sin Data
2026-09-17,Trabajoscom,Huesca,Todo Huesca,Emirates Airline busca Pilotos de Aviación,7.650 € - 10.650 €,Sin Data,Indefinido,Jornada Completa,Sin Data,Emirates Airline,Sin Data
2026-09-17,Trabajoscom,Bizkaia,Todo Bizkaia,Emirates Airline busca Pilotos de Aviación,7.650 € - 10.650 €,Sin Data,Indefinido,Jornada Completa,Sin Data,Emirates Airline,Sin Data
2026-09-17,Trabajoscom,Lleida,Todo Lleida,Emirates Airline busca Pilotos de Aviación,7.650 € - 10.650 €,Sin Data,Indefinido,Jornada Completa,Sin Data,Emirates Airline,Sin Data
2026-09-17,Trabajoscom,Málaga,Todo Málaga,Emirates Airline busca Pilotos de Aviación,7.650 € - 10.650 €,Sin Data,Indefinido,Jornada Completa,Sin Data,Emirates Airline,Sin Data
2026-09-17,Trabajoscom,Granada,Todo Granada,Emirates Airline busca Pilotos de Aviación,7.650 € - 10.650 €,Sin Data,Indefinido,Jornada Completa,Sin Data,Emirates Airline,Sin Data
2026-09-17,Trabajoscom,Guadalajara,Todo Guadalajara,Emirates Airline busca Pilotos de Aviación,7.650 € - 10.650 €,Sin Data,Indefinido,Jornada Completa,Sin Data,Emirates Airline,Sin Data
2026-09-17,Trabajoscom,Gipuzkoa,Todo Gipuzkoa,Emirates Airline busca Pilotos de Aviación,7.650 € - 10.650 €,Sin Data,Indefinido,Jornada Completa,Sin Data,Emirates Airline,Sin Data
2026-09-17,Trabajoscom,Pontevedra,Todo Pontevedra,Emirates Airline busca Pilotos de Aviación,7.650 € - 10.650 €,Sin Data,Indefinido,Jornada Completa,Sin Data,Emirates Airline,Sin Data
2026-09-17,Trabajoscom,Soria,Todo Soria,Emirates Airline busca Pilotos de Aviación,7.650 € - 10.650 €,Sin Data,Indefinido,Jornada Completa,Sin Data,Emirates Airline,Sin Data
2026-09-17,Trabajoscom,Tenerife,Todo Tenerife,Emirates Airline busca Pilotos de Aviación,7.650 € - 10.650 €,Sin Data,Indefinido,Jornada Completa,Sin Data,Emirates Airline,Sin Data
2026-09-17,Trabajoscom,Navarra,Todo Navarra,Emirates Airline busca Pilotos de Aviación,7.650 € - 10.650 €,Sin Data,Indefinido,Jornada Completa,Sin Data,Emirates Airline,Sin Data
2026-09-17,Trabajoscom,Ávila,Todo Ávila,Emirates Airline busca Pilotos de Aviación,7.650 € - 10.650 €,Sin Data,Indefinido,Jornada Completa,Sin Data,Emirates Airline,Sin Data
2026-09-17,Trabajoscom,Palmas,Todo Palmas,Emirates Airline busca Pilotos de Aviación,7.650 € - 10.650 €,Sin Data,Indefinido,Jornada Completa,Sin Data,Emirates Airline,Sin Data
2026-09-17,Trabajoscom,Guadalajara,Todo Guadalajara,Emirates Airline busca Pilotos de Aviación,7.650 € - 10.650 €,Sin Data,Indefinido,Jornada Completa,Sin Data,Emirates Airline,Sin Data
2026-09-17,Trabajoscom,Cuenca,Todo Cuenca,Emirates Airline busca Pilotos de Aviación,7.650 € - 10.650 €,Sin Data,Indefinido,Jornada Completa,Sin Data,Emirates Airline,Sin Data
2026-09-17,Trabajoscom,Girona,Todo Girona,Emirates Airline busca Pilotos de Aviación,7.650 € - 10.650 €,Sin Data,Indefinido,Jornada Completa,Sin Data,Emirates Airline,Sin Data
2026-09-17,Trabajoscom,Córdoba,Todo Córdoba,Emirates Airline busca Pilotos de Aviación,7.650 € - 10.650 €,Sin Data,Indefinido,Jornada Completa,Sin Data,Emirates Airline,Sin Data
2026-09-17,Trabajoscom,Castellón,Todo Castellón,Emirates Airline busca Pilotos de Aviación,7.650 € - 10.650 €,Sin Data,Indefinido,Jornada Completa,Sin Data,Emirates Airline,Sin Data
2026-09-17,Trabajoscom,Gipuzkoa,Todo Gipuzkoa,Emirates Airline busca Pilotos de Aviación,7.650 € - 10.650 €,Sin Data,Indefinido,Jornada Completa,Sin Data,Emirates Airline,Sin Data
2026-09-17,Trabajoscom,Araba,Todo Araba,Emirates Airline busca Pilotos de Aviación,7.650 € - 10.650 €,Sin Data,Indefinido,Jornada Completa,Sin Data,Emirates Airline,Sin Data
2026-09-17,Trabajoscom,Toledo,Todo Toledo,Emirates Airline busca Pilotos de Aviación,7.650 € - 10.650 €,Sin Data,Indefinido,Jornada Completa,Sin Data,Emirates Airline,Sin Data
2026-09-17,Trabajoscom,Ávila,Todo Ávila,Emirates Airline busca Pilotos de Aviación,7.650 € - 10.650 €,Sin Data,Indefinido,Jornada Completa,Sin Data,Emirates Airline,Sin Data
2026-09-17,Trabajoscom,Córdoba,Todo Córdoba,Emirates Airline busca Pilotos de Aviación,7.650 € - 10.650 €,Sin Data,Indefinido,Jornada Completa,Sin Data,Emirates Airline,Sin Data
2026-09-17,Trabajoscom,Salamanca,Todo Salamanca,Emirates Airline busca Pilotos de Aviación,7.650 € - 10.650 €,Sin Data,Indefinido,Jornada Completa,Sin Data,Emirates Airline,Sin Data
2026-09-17,Trabajoscom,Sevilla,Todo Sevilla,Emirates Airline busca Pilotos de Aviación,7.650 € - 10.650 €,Sin Data,Indefinido,Jornada Completa,Sin Data,Emirates Airline,Sin Data
2026-09-17,Trabajoscom,Valladolid,Todo Valladolid,Emirates Airline busca Pilotos de Aviación,7.650 € - 10.650 €,Sin Data,Indefinido,Jornada Completa,Sin Data,Emirates Airline,Sin Data
2026-09-17,Trabajoscom,Valencia,Todo Valencia,Emirates Airline busca Pilotos de Aviación,7.650 € - 10.650 €,Sin Data,Indefinido,Jornada Completa,Sin Data,Emirates Airline,Sin Data
2026-09-17,Trabajoscom,Madrid,Madrid,Asesor/a Inmobiliario/a en Madrid,1.500 € - 2.500 €,Sin Data,Indefinido,Jornada Completa,Sin Data,Tecnocasa,Sin Data
2026-09-17,Trabajoscom,Barcelona,Sant Esteve Sesrovires,Supervisor de turno - Sant Esteve de Sesrovires,Sin Data,Sin Data,Indefinido,Jornada Completa,Sin Data,Grupo Adecco,Sin Data
2026-09-17,Trabajoscom,Zamora,Todo Zamora,Emirates Airline busca Pilotos de Aviación,7.650 € - 10.650 €,Sin Data,Indefinido,Jornada Completa,Sin Data,Emirates Airline,Sin Data
2026-09-17,Trabajoscom,Guadalajara,Todo Guadalajara,Agente Comercial Inmobiliario - Contrato Indefinido + Formación Pagada - Guadalajara,1.250 € - 3.000 €,Sin Data,Indefinido,Jornada Completa,Sin Data,Tecnocasa,Sin Data
2026-09-17,Trabajoscom,Toledo,Talavera De La Reina,Oficiales Electricistas – Toledo,2.000 € - 2.200 €,Sin Data,Fijo discontinuo,Jornada Completa,Sin Data,Franmar Work Solution,Sin Data
2026-09-17,Trabajoscom,Madrid,Collado Villalba,Psicólogo/a en Collado Villalba - Consulta Privada y Psicotécnicos,24.000 € - 25.000 €,Sin Data,Indefinido,Jornada Completa,Sin Data,Asoc Escuela Formacion De Sem,Sin Data
2026-09-17,Trabajoscom,Madrid,Torrejón De Ardoz,Administrativo /a de Soporte (Torrejón de Ardoz),Sin Data,Sin Data,De duracion determinada,Jornada Completa,Sin Data,Temps,Sin Data
2026-09-17,Trabajoscom,Navarra,Tudela,RESPONSABLE DE CALIDAD,Sin Data,Sin Data,De duracion determinada,Jornada Completa,Sin Data,Temps,Sin Data
2026-09-17,Trabajoscom,Madrid,Leganés,Store Manager | Retail Lifestyle | Zona Sur de Madrid,Sin Data,Sin Data,Indefinido,Jornada Completa,Sin Data,Grupo Adecco,Sin Data
2026-09-17,Trabajoscom,Navarra,Pamplona/iruña,Técnico/a comercial (sector automoción e industrial),Sin Data,Sin Data,Indefinido,Media Jornada,Sin Data,Grupo Adecco,Sin Data
2026-09-17,Trabajoscom,Barcelona,Barbera Del Valles,Contable,Sin Data,Sin Data,Indefinido,Jornada Completa,Sin Data,Jomar Consulting,Sin Data
2026-09-17,Trabajoscom,Barcelona,Sabadell,Comercial autónomo B2B – Comisiones recurrentes,Sin Data,Sin Data,Autonomo,Freelance,Sin Data,SEO con Sentido,Sin Data
2026-09-17,Trabajoscom,Gipuzkoa,Todo Gipuzkoa,Gestor-a de Oficina de Estudiantes,Sin Data,Sin Data,Indefinido,Jornada Completa,Sin Data,AdegiLan,Sin Data
2026-09-17,Trabajoscom,Gipuzkoa,Todo Gipuzkoa,Operador/a de Producción,Sin Data,Sin Data,De duracion determinada,Jornada Completa,Sin Data,AdegiLan,Sin Data
2026-09-17,Trabajoscom,Gipuzkoa,Todo Gipuzkoa,Técnico/a Financiero,Sin Data,Sin Data,Indefinido,Jornada Completa,Sin Data,AdegiLan,Sin Data
2026-09-17,Trabajoscom,Gipuzkoa,Todo Gipuzkoa,RESPONSABLE DE PRODUCCIÓN,Sin Data,Sin Data,Indefinido,Jornada Indiferente,Sin Data,AdegiLan,Sin Data
2026-09-17,Trabajoscom,Madrid,Madrid,MONITORES/AS EXTRAESCOLARES (Madrid),Sin Data,Sin Data,De duracion determinada,Media Jornada,Sin Data,Grupo Adecco,Sin Data
2026-09-17,Trabajoscom,Madrid,Madrid,Becario/a Departamento de Prevención de Riesgos Laborales,Sin Data,Sin Data,Indefinido,Media Jornada,Sin Data,Temps,Sin Data
2026-09-17,Trabajoscom,Las Palmas,Las Palmas De Gran Canaria,Técnico /a instrumentista - Las Palmas (indefinido/a),Sin Data,Sin Data,Indefinido,Jornada Completa,Sin Data,Temps,Sin Data
2026-09-17,Trabajoscom,A Coruña,Cambre,Repartidor/a de paquetería,Sin Data,Sin Data,De duracion determinada,Jornada Completa,Sin Data,Temps,Sin Data
2026-09-17,Trabajoscom,Cáceres,Plasencia,MOZO/A DE ALMACÉN,Sin Data,Sin Data,Indefinido,Jornada Completa,Sin Data,Grupo Adecco,Sin Data
2026-09-17,Trabajoscom,Valencia,Puig,Tornero/a sector metal zona del Puig,Sin Data,Sin Data,De duracion determinada,Jornada Completa,Sin Data,Grupo Adecco,Sin Data
2026-09-17,Trabajoscom,Huelva,Huelva,Asesor /a Comercial en PV (Sector Energía),18.000 € - 20.000 €,Sin Data,De duracion determinada,Jornada Completa,Sin Data,Temps,Sin Data
2026-09-17,Trabajoscom,Valencia,Paterna,OPERARIO/A DE EXTRUSIÓN DE PLÁSTICO,18.000 € - 22.000 €,Sin Data,Indefinido,Jornada Completa,Sin Data,Temps,Sin Data
2026-09-17,Trabajoscom,Cuenca,Todo Cuenca,Operario/a de Almacén para GXO Logistics en Países Bajos,14 € - 16 €,Sin Data,Indefinido,Jornada Intensiva,Sin Data,OTTO Work Force,Sin Data
2026-09-17,Trabajoscom,Coruña,Todo Coruña,Operario/a Almacén PVH (Tommy Hilfiger & Calvin Klein) con Alojamiento Incluido,15 € - 17 €,Sin Data,Indefinido,Jornada Intensiva,Sin Data,OTTO Work Force,Sin Data
2026-09-17,Trabajoscom,Zaragoza,Todo Zaragoza,Operario/a de Almacén para GXO Logistics en Países Bajos,14 € - 16 €,Sin Data,Indefinido,Jornada Intensiva,Sin Data,OTTO Work Force,Sin Data
2026-09-17,Trabajoscom,Segovia,Todo Segovia,Operario/a de Almacén para GXO Logistics en Países Bajos,14 € - 16 €,Sin Data,Indefinido,Jornada Intensiva,Sin Data,OTTO Work Force,Sin Data
2026-09-17,Trabajoscom,Palencia,Todo Palencia,Operario/a de Almacén para GXO Logistics en Países Bajos,14 € - 16 €,Sin Data,Indefinido,Jornada Intensiva,Sin Data,OTTO Work Force,Sin Data
2026-09-17,Trabajoscom,Salamanca,Todo Salamanca,Operario/a de Almacén para GXO Logistics en Países Bajos,14 € - 16 €,Sin Data,Indefinido,Jornada Intensiva,Sin Data,OTTO Work Force,Sin Data
2026-09-17,Trabajoscom,Teruel,Todo Teruel,Operario/a de Almacén para GXO Logistics en Países Bajos,14 € - 16 €,Sin Data,Indefinido,Jornada Intensiva,Sin Data,OTTO Work Force,Sin Data
2026-09-17,Trabajoscom,Valencia,Todo Valencia,Operario/a de Almacén para GXO Logistics en Países Bajos,14 € - 16 €,Sin Data,Indefinido,Jornada Intensiva,Sin Data,OTTO Work Force,Sin Data
2026-09-17,Trabajoscom,Valladolid,Todo Valladolid,Operario/a de Almacén para GXO Logistics en Países Bajos,14 € - 16 €,Sin Data,Indefinido,Jornada Intensiva,Sin Data,OTTO Work Force,Sin Data
2026-09-17,Trabajoscom,Tarragona,Todo Tarragona,Operario/a de Almacén para GXO Logistics en Países Bajos,14 € - 16 €,Sin Data,Indefinido,Jornada Intensiva,Sin Data,OTTO Work Force,Sin Data
2026-09-17,Trabajoscom,Bizkaia,Todo Bizkaia,Operario/a Almacén PVH (Tommy Hilfiger & Calvin Klein) con Alojamiento Incluido,15 € - 17 €,Sin Data,Indefinido,Jornada Intensiva,Sin Data,OTTO Work Force,Sin Data
2026-09-17,Trabajoscom,Gipuzkoa,Donostia-San Sebastian,Comercial B2B - Inside Sales - Servicios para Empresas,Sin Data,Sin Data,Indefinido,Jornada Completa,Sin Data,Hispavista,Sin Data
2026-09-17,Trabajoscom,Lleida,Todo Lleida,Operario/a Almacén PVH (Tommy Hilfiger & Calvin Klein) con Alojamiento Incluido,15 € - 17 €,Sin Data,Indefinido,Jornada Intensiva,Sin Data,OTTO Work Force,Sin Data
2026-09-17,Trabajoscom,Madrid,Todo Madrid,Operario/a Almacén PVH (Tommy Hilfiger & Calvin Klein) con Alojamiento Incluido,15 € - 17 €,Sin Data,Indefinido,Jornada Intensiva,Sin Data,OTTO Work Force,Sin Data
2026-09-17,Trabajoscom,Jaén,Todo Jaén,Operario/a Almacén PVH (Tommy Hilfiger & Calvin Klein) con Alojamiento Incluido,15 € - 17 €,Sin Data,Indefinido,Jornada Intensiva,Sin Data,OTTO Work Force,Sin Data
2026-09-17,Trabajoscom,Cantabria,Todo Cantabria,Operario/a Almacén PVH (Tommy Hilfiger & Calvin Klein) con Alojamiento Incluido,15 € - 17 €,Sin Data,Indefinido,Jornada Intensiva,Sin Data,OTTO Work Force,Sin Data
2026-09-17,Trabajoscom,Ceuta,Todo Ceuta,Operario/a Almacén PVH (Tommy Hilfiger & Calvin Klein) con Alojamiento Incluido,15 € - 17 €,Sin Data,Indefinido,Jornada Intensiva,Sin Data,OTTO Work Force,Sin Data
2026-09-17,Trabajoscom,Burgos,Todo Burgos,Operario/a Almacén PVH (Tommy Hilfiger & Calvin Klein) con Alojamiento Incluido,15 € - 17 €,Sin Data,Indefinido,Jornada Intensiva,Sin Data,OTTO Work Force,Sin Data
2026-09-17,Trabajoscom,Córdoba,Todo Córdoba,Operario/a Almacén PVH (Tommy Hilfiger & Calvin Klein) con Alojamiento Incluido,15 € - 17 €,Sin Data,Indefinido,Jornada Intensiva,Sin Data,OTTO Work Force,Sin Data
2026-09-17,Trabajoscom,Gipuzkoa,Todo Gipuzkoa,Operario/a Almacén PVH (Tommy Hilfiger & Calvin Klein) con Alojamiento Incluido,15 € - 17 €,Sin Data,Indefinido,Jornada Intensiva,Sin Data,OTTO Work Force,Sin Data
2026-09-17,Trabajoscom,Cuenca,Todo Cuenca,Operario/a Almacén PVH (Tommy Hilfiger & Calvin Klein) con Alojamiento Incluido,15 € - 17 €,Sin Data,Indefinido,Jornada Intensiva,Sin Data,OTTO Work Force,Sin Data
2026-09-17,Trabajoscom,Murcia,Todo Murcia,Operario/a Almacén PVH (Tommy Hilfiger & Calvin Klein) con Alojamiento Incluido,15 € - 17 €,Sin Data,Indefinido,Jornada Intensiva,Sin Data,OTTO Work Force,Sin Data
2026-09-17,Trabajoscom,Palencia,Todo Palencia,Operario/a de Almacén para GXO Logistics en Países Bajos,14 € - 16 €,Sin Data,Indefinido,Jornada Intensiva,Sin Data,OTTO Work Force,Sin Data
2026-09-17,Trabajoscom,Salamanca,Todo Salamanca,Operario/a de Almacén para GXO Logistics en Países Bajos,14 € - 16 €,Sin Data,Indefinido,Jornada Intensiva,Sin Data,OTTO Work Force,Sin Data
2026-09-17,Trabajoscom,Valencia,Todo Valencia,Operario/a de Almacén para GXO Logistics en Países Bajos,14 € - 16 €,Sin Data,Indefinido,Jornada Intensiva,Sin Data,OTTO Work Force,Sin Data
2026-09-17,Trabajoscom,Teruel,Todo Teruel,Operario/a de Almacén para GXO Logistics en Países Bajos,14 € - 16 €,Sin Data,Indefinido,Jornada Intensiva,Sin Data,OTTO Work Force,Sin Data
2026-09-17,Trabajoscom,Tarragona,Todo Tarragona,Operario/a de Almacén para GXO Logistics en Países Bajos,14 € - 16 €,Sin Data,Indefinido,Jornada Intensiva,Sin Data,OTTO Work Force,Sin Data
2026-09-17,Trabajoscom,Valladolid,Todo Valladolid,Operario/a de Almacén para GXO Logistics en Países Bajos,14 € - 16 €,Sin Data,Indefinido,Jornada Intensiva,Sin Data,OTTO Work Force,Sin Data
2026-09-17,Trabajoscom,Madrid,Madrid,Team Leader Contact Center Sector Financiero,Sin Data,Sin Data,Indefinido,Media Jornada,Sin Data,Grupo Adecco,Sin Data
2026-09-17,Trabajoscom,Barcelona,Gelida,Operario/a embotellado zona Gelida,Sin Data,Sin Data,Indefinido,Jornada Completa,Sin Data,Grupo Adecco,Sin Data
2026-09-17,Trabajoscom,Málaga,Todo Málaga,Operario/a Almacén PVH (Tommy Hilfiger & Calvin Klein) con Alojamiento Incluido,15 € - 17 €,Sin Data,Indefinido,Jornada Intensiva,Sin Data,OTTO Work Force,Sin Data
2026-09-17,Trabajoscom,Melilla,Todo Melilla,Operario/a Almacén PVH (Tommy Hilfiger & Calvin Klein) con Alojamiento Incluido,15 € - 17 €,Sin Data,Indefinido,Jornada Intensiva,Sin Data,OTTO Work Force,Sin Data
2026-09-17,Trabajoscom,Cáceres,Cáceres,OPERARIO/A TALLER,Sin Data,Sin Data,Indefinido,Jornada Completa,Sin Data,Grupo Adecco,Sin Data
2026-09-17,Trabajoscom,Coruña,Todo Coruña,Empleada de hogar interna y niñera en Leipzig - Alemania (H/M),Sin Data,Sin Data,Indefinido,Jornada Completa,Sin Data,Bugovics Industrie,Sin Data
2026-09-17,Trabajoscom,Albacete,Todo Albacete,Empleada de hogar interna y niñera en Leipzig - Alemania (H/M),Sin Data,Sin Data,Indefinido,Jornada Completa,Sin Data,Bugovics Industrie,Sin Data
2026-09-17,Trabajoscom,Valencia,Todo Valencia,Operario/a Almacén PVH (Tommy Hilfiger & Calvin Klein) con Alojamiento Incluido,15 € - 17 €,Sin Data,Indefinido,Jornada Intensiva,Sin Data,OTTO Work Force,Sin Data
2026-09-17,Trabajoscom,Tarragona,Todo Tarragona,Operario/a Almacén PVH (Tommy Hilfiger & Calvin Klein) con Alojamiento Incluido,15 € - 17 €,Sin Data,Indefinido,Jornada Intensiva,Sin Data,OTTO Work Force,Sin Data
2026-09-17,Trabajoscom,Soria,Todo Soria,Operario/a Almacén PVH (Tommy Hilfiger & Calvin Klein) con Alojamiento Incluido,15 € - 17 €,Sin Data,Indefinido,Jornada Intensiva,Sin Data,OTTO Work Force,Sin Data
2026-09-17,Trabajoscom,Zamora,Todo Zamora,Operario/a Almacén PVH (Tommy Hilfiger & Calvin Klein) con Alojamiento Incluido,15 € - 17 €,Sin Data,Indefinido,Jornada Intensiva,Sin Data,OTTO Work Force,Sin Data
2026-09-17,Trabajoscom,Teruel,Todo Teruel,Operario/a Almacén PVH (Tommy Hilfiger & Calvin Klein) con Alojamiento Incluido,15 € - 17 €,Sin Data,Indefinido,Jornada Intensiva,Sin Data,OTTO Work Force,Sin Data
2026-09-17,Trabajoscom,Huelva,Todo Huelva,Operario/a de Almacén para GXO Logistics en Países Bajos,14 € - 16 €,Sin Data,Indefinido,Jornada Intensiva,Sin Data,OTTO Work Force,Sin Data
2026-09-17,Trabajoscom,Barcelona,Todo Barcelona,Operario/a Almacén PVH (Tommy Hilfiger & Calvin Klein) con Alojamiento Incluido,15 € - 17 €,Sin Data,Indefinido,Jornada Intensiva,Sin Data,OTTO Work Force,Sin Data
2026-09-17,Trabajoscom,Palmas,Todo Palmas,Operario/a de Almacén para GXO Logistics en Países Bajos,14 € - 16 €,Sin Data,Indefinido,Jornada Intensiva,Sin Data,OTTO Work Force,Sin Data
2026-09-17,Trabajoscom,Melilla,Todo Melilla,Operario/a de Almacén para GXO Logistics en Países Bajos,14 € - 16 €,Sin Data,Indefinido,Jornada Intensiva,Sin Data,OTTO Work Force,Sin Data
2026-09-17,Trabajoscom,León,Todo León,Operario/a de Almacén para GXO Logistics en Países Bajos,14 € - 16 €,Sin Data,Indefinido,Jornada Intensiva,Sin Data,OTTO Work Force,Sin Data
2026-09-17,Trabajoscom,Lugo,Todo Lugo,Operario/a de Almacén para GXO Logistics en Países Bajos,14 € - 16 €,Sin Data,Indefinido,Jornada Intensiva,Sin Data,OTTO Work Force,Sin Data
2026-09-17,Trabajoscom,Córdoba,Todo Córdoba,Operario/a de Almacén para GXO Logistics en Países Bajos,14 € - 16 €,Sin Data,Indefinido,Jornada Intensiva,Sin Data,OTTO Work Force,Sin Data
2026-09-17,Trabajoscom,Cáceres,Todo Cáceres,Operario/a de Almacén para GXO Logistics en Países Bajos,14 € - 16 €,Sin Data,Indefinido,Jornada Intensiva,Sin Data,OTTO Work Force,Sin Data
2026-09-17,Trabajoscom,Gipuzkoa,Todo Gipuzkoa,Operario/a de Almacén para GXO Logistics en Países Bajos,14 € - 16 €,Sin Data,Indefinido,Jornada Intensiva,Sin Data,OTTO Work Force,Sin Data
2026-09-17,Trabajoscom,Ceuta,Todo Ceuta,Operario/a de Almacén para GXO Logistics en Países Bajos,14 € - 16 €,Sin Data,Indefinido,Jornada Intensiva,Sin Data,OTTO Work Force,Sin Data
2026-09-17,Trabajoscom,Cuenca,Todo Cuenca,Operario/a de Almacén para GXO Logistics en Países Bajos,14 € - 16 €,Sin Data,Indefinido,Jornada Intensiva,Sin Data,OTTO Work Force,Sin Data
2026-09-17,Trabajoscom,Rioja,Todo Rioja,Empleada de hogar interna y niñera en Leipzig - Alemania (H/M),Sin Data,Sin Data,Indefinido,Jornada Completa,Sin Data,Bugovics Industrie,Sin Data
2026-09-17,Trabajoscom,Cuenca,Todo Cuenca,Empleada de hogar interna y niñera en Leipzig - Alemania (H/M),Sin Data,Sin Data,Indefinido,Jornada Completa,Sin Data,Bugovics Industrie,Sin Data
2026-09-17,Trabajoscom,Palmas,Todo Palmas,Empleada de hogar interna y niñera en Leipzig - Alemania (H/M),Sin Data,Sin Data,Indefinido,Jornada Completa,Sin Data,Bugovics Industrie,Sin Data
2026-09-17,Trabajoscom,Asturias,Todo Asturias,Empleada de hogar interna y niñera en Leipzig - Alemania (H/M),Sin Data,Sin Data,Indefinido,Jornada Completa,Sin Data,Bugovics Industrie,Sin Data
2026-09-17,Trabajoscom,Albacete,Todo Albacete,Operario/a de Almacén para GXO Logistics en Países Bajos,14 € - 16 €,Sin Data,Indefinido,Jornada Intensiva,Sin Data,OTTO Work Force,Sin Data
2026-09-17,Trabajoscom,Real,Todo Real,Empleada de hogar interna y niñera en Leipzig - Alemania (H/M),Sin Data,Sin Data,Indefinido,Jornada Completa,Sin Data,Bugovics Industrie,Sin Data
2026-09-17,Trabajoscom,Huesca,Todo Huesca,Empleada de hogar interna y niñera en Leipzig - Alemania (H/M),Sin Data,Sin Data,Indefinido,Jornada Completa,Sin Data,Bugovics Industrie,Sin Data
2026-09-17,Trabajoscom,Baleares,Todo Baleares,Empleada de hogar interna y niñera en Leipzig - Alemania (H/M),Sin Data,Sin Data,Indefinido,Jornada Completa,Sin Data,Bugovics Industrie,Sin Data
2026-09-17,Trabajoscom,Bizkaia,Todo Bizkaia,Empleada de hogar interna y niñera en Leipzig - Alemania (H/M),Sin Data,Sin Data,Indefinido,Jornada Completa,Sin Data,Bugovics Industrie,Sin Data
2026-09-17,Trabajoscom,Cádiz,Todo Cádiz,Empleada de hogar interna y niñera en Leipzig - Alemania (H/M),Sin Data,Sin Data,Indefinido,Jornada Completa,Sin Data,Bugovics Industrie,Sin Data
2026-09-17,Trabajoscom,Castellón,Todo Castellón,Empleada de hogar interna y niñera en Leipzig - Alemania (H/M),Sin Data,Sin Data,Indefinido,Jornada Completa,Sin Data,Bugovics Industrie,Sin Data
2026-09-17,Trabajoscom,Barcelona,Abrera,TRABAJADOR/A FAMILIAR - SAD ABRERA,865 € - 1.038 €,Sin Data,A tiempo parcial,Jornada Intensiva,Sin Data,Accent Social,Sin Data
2026-09-17,Trabajoscom,Valencia,Valencia,Técnico /a de Instalaciones Electrónicas y Puesta en Marcha | Valencia,22.000 € - 23.000 €,Sin Data,De duracion determinada,Jornada Completa,Sin Data,Temps,Sin Data
2026-09-17,Trabajoscom,Madrid,Leganés,Técnico /a Electromecánico/a Industrial (Turno Noche ),Sin Data,Sin Data,De duracion determinada,Jornada Completa,Sin Data,Temps,Sin Data
2026-09-17,Trabajoscom,Albacete,Todo Albacete,Operario/a de Almacén para GXO Logistics en Países Bajos,14 € - 16 €,Sin Data,Indefinido,Jornada Intensiva,Sin Data,OTTO Work Force,Sin Data
2026-09-17,Trabajoscom,Ávila,Todo Ávila,Operario/a de Almacén para GXO Logistics en Países Bajos,14 € - 16 €,Sin Data,Indefinido,Jornada Intensiva,Sin Data,OTTO Work Force,Sin Data
2026-09-17,Trabajoscom,Barcelona,Todo Barcelona,HR ACCOUNT MANAGER,Sin Data,Sin Data,Indefinido,Jornada Indiferente,Sin Data,RAS Interim - Talento,Sin Data
2026-09-17,Trabajoscom,Navarra,Pamplona,DIRECTOR/A DE OFICINA RRHH,Sin Data,Sin Data,Indefinido,Jornada Indiferente,Sin Data,RAS Interim - Talento,Sin Data
2026-09-17,Trabajoscom,Girona,Girona,BECARI/A RECRUITING,Sin Data,Sin Data,Indefinido,Jornada Indiferente,Sin Data,RAS Interim - Talento,Sin Data
2026-09-17,Trabajoscom,Barcelona,Martorell,BECARI/A DE RRHH,Sin Data,Sin Data,Indefinido,Jornada Indiferente,Sin Data,RAS Interim - Talento,Sin Data
2026-09-17,Trabajoscom,Toledo,Illescas,BECARIO/A DE RRHH,Sin Data,Sin Data,Indefinido,Jornada Indiferente,Sin Data,RAS Interim - Talento,Sin Data
2026-09-17,Trabajoscom,Tarragona,Reus,OPERARIO/A TALLER,Sin Data,Sin Data,Indefinido,Jornada Indiferente,Sin Data,RAS Interim,Sin Data
2026-09-17,Trabajoscom,Barcelona,Sabadell,BECARI/A DE RRHH,Sin Data,Sin Data,Indefinido,Jornada Indiferente,Sin Data,RAS Interim - Talento,Sin Data
2026-09-17,Trabajoscom,Valencia,Alzira,DIRECTOR/A DE OFICINA RRHH,Sin Data,Sin Data,Indefinido,Jornada Indiferente,Sin Data,RAS Interim - Talento,Sin Data
2026-09-17,Trabajoscom,Toledo,Illescas,TÉCNICO/A DE RRHH,Sin Data,Sin Data,Indefinido,Jornada Indiferente,Sin Data,RAS Interim - Talento,Sin Data
2026-09-17,Trabajoscom,Valencia,Paterna,DIRECTOR/A DE OFICINA RRHH,Sin Data,Sin Data,Indefinido,Jornada Indiferente,Sin Data,RAS Interim - Talento,Sin Data
2026-09-17,Trabajoscom,Tarragona,Reus,MOZO/A DE ALMACÉN,Sin Data,Sin Data,Indefinido,Jornada Indiferente,Sin Data,RAS Interim,Sin Data
2026-09-17,Trabajoscom,Madrid,Madrid,ASESOR/A TÉCNICO | SHOWROOM ARQUITECTURA E INTERIORISMO,Sin Data,Sin Data,Indefinido,Jornada Indiferente,Sin Data,RAS Interim - Recruiting,Sin Data
2026-09-17,Trabajoscom,Valencia,Puerto De Sagunto,TÉCNICO/A DE RRHH,Sin Data,Sin Data,Indefinido,Jornada Indiferente,Sin Data,RAS Interim - Talento,Sin Data
2026-09-17,Trabajoscom,Girona,Blanes,TÉCNICO/A DE RRHH,Sin Data,Sin Data,Indefinido,Jornada Indiferente,Sin Data,RAS Interim - Talento,Sin Data
2026-09-17,Trabajoscom,Valencia,Alzira,BECARIO/A DE RRHH,Sin Data,Sin Data,Indefinido,Jornada Indiferente,Sin Data,RAS Interim - Talento,Sin Data
2026-09-17,Trabajoscom,Málaga,Antequera,Administrativo/a para Dpto. Mercancías / Supply Chain (ANTEQUERA),Sin Data,Sin Data,Indefinido,Jornada Indiferente,Sin Data,Grupo DIA,Sin Data
2026-09-17,Trabajoscom,Badajoz,Merida,Pescadero/a para Cáceres,Sin Data,Sin Data,Indefinido,Jornada Indiferente,Sin Data,Grupo DIA,Sin Data
2026-09-17,Trabajoscom,Castellón,Segorbe,OPERARIO/A DE PRODUCCIÓN - MADERA Y MONTAJE,Sin Data,Sin Data,Indefinido,Jornada Indiferente,Sin Data,RAS Interim,Sin Data
2026-09-17,Trabajoscom,Madrid,Getafe,OPERARIO/A DE PRODUCCIÓN,Sin Data,Sin Data,Indefinido,Jornada Indiferente,Sin Data,RAS Interim,Sin Data
2026-09-17,Trabajoscom,Castellón,Onda,AUXILIARES ADMINISTRATIVOS/AS DE RRHH,Sin Data,Sin Data,Indefinido,Jornada Indiferente,Sin Data,RAS Interim,Sin Data
2026-09-17,Trabajoscom,Barcelona,Sabadell,PREPARADOR/A PEDIDOS PARCIAL,Sin Data,Sin Data,A tiempo parcial,Jornada Indiferente,Sin Data,RAS Interim,Sin Data
2026-09-17,Trabajoscom,Barcelona,Todo Barcelona,CARRETILLERO/A,Sin Data,Sin Data,Indefinido,Jornada Indiferente,Sin Data,RAS Interim,Sin Data
2026-09-17,Trabajoscom,Madrid,Las Rozas De Madrid,Cajero/a Reponedor/a Majadahonda (CP 28220),Sin Data,Sin Data,Indefinido,Jornada Indiferente,Sin Data,Grupo DIA,Sin Data
2026-09-17,Trabajoscom,Burgos,Miranda De Ebro,Cajero/a Reponedor/a 40H-ORIO TEMPORAL,Sin Data,Sin Data,Indefinido,Jornada Indiferente,Sin Data,Grupo DIA,Sin Data
2026-09-17,Trabajoscom,Madrid,Madrid,SALES ENGINEER | SMART BUILDINGS & EFICIENCIA ENERGÉTICA,Sin Data,Sin Data,Indefinido,Jornada Indiferente,Sin Data,RAS Interim - Recruiting,Sin Data
2026-09-17,Trabajoscom,Madrid,Getafe,TÉCNICO/A DE RRHH,Sin Data,Sin Data,Indefinido,Jornada Indiferente,Sin Data,RAS Interim - Talento,Sin Data
2026-09-17,Trabajoscom,Madrid,Madrid,CHOFER / MONTADOR/A,Sin Data,Sin Data,Indefinido,Jornada Indiferente,Sin Data,RAS Interim - Recruiting,Sin Data
2026-09-17,Trabajoscom,Málaga,Malaga,Call Center y Atención al Cliente TEMPORAL - MALAGA,Sin Data,Sin Data,Indefinido,Jornada Indiferente,Sin Data,Lumon Cristales España,Sin Data
2026-09-17,Trabajoscom,Sevilla,Camas,Únete a nuestro equipo McDonald's Camas,Sin Data,Sin Data,Indefinido,Media Jornada,Sin Data,Restaurantes McDonalds,Sin Data
2026-09-17,Trabajoscom, Barcelona, Barcelona,McDonald's Centro Barcelona   Ronda Sant Pere,Sin Data,Sin Data,Indefinido,Media Jornada,Sin Data,Restaurantes McDonalds,Sin Data
2026-09-17,Trabajoscom,S.C. Tenerife,Arona,Únete a nuestro equipo Zona Arona-Fijos discontinuos,Sin Data,Sin Data,Indefinido,Media Jornada,Sin Data,Restaurantes McDonalds,Sin Data
2026-09-17,Trabajoscom,Sevilla,Sevilla,MCDONALD´S ALCALÁ,Sin Data,Sin Data,Indefinido,Media Jornada,Sin Data,Restaurantes McDonalds,Sin Data
2026-09-17,Trabajoscom, Murcia, Murcia,Tu primer trabajo. Tu próximo gran paso.,Sin Data,Sin Data,Indefinido,Media Jornada,Sin Data,Restaurantes McDonalds,Sin Data
2026-09-17,Trabajoscom, Madrid, Madrid,Buscamos personal de equipo y personal de atención al cliente,Sin Data,Sin Data,Indefinido,Media Jornada,Sin Data,Restaurantes McDonalds,Sin Data
2026-09-17,Trabajoscom,Las Palmas,Telde,Únete a nuestro equipo. Telde - Gran Canaria,Sin Data,Sin Data,Indefinido,Media Jornada,Sin Data,Restaurantes McDonalds,Sin Data
2026-09-17,Trabajoscom,Madrid,Madrid,Únete a nuestro equipo. Zona Centro Madrid (Sol-Gran Via),Sin Data,Sin Data,Indefinido,Media Jornada,Sin Data,Restaurantes McDonalds,Sin Data
2026-09-17,Trabajoscom,Málaga,Malaga,Únete a nuestro equipo. Málaga Universidad (zona Teatinos),Sin Data,Sin Data,Indefinido,Media Jornada,Sin Data,Restaurantes McDonalds,Sin Data
2026-09-17,Trabajoscom,Barcelona,Barcelona,Únete a nuestro equipo. McDonald's Sants Estación,Sin Data,Sin Data,Indefinido,Jornada Indiferente,Sin Data,Restaurantes McDonalds,Sin Data
2026-09-17,Trabajoscom,Baleares,Palma De Mallorca,"Únete a nuestro equipo. McDonald's Cas Capiscol, Palma de Mallorca",Sin Data,Sin Data,Indefinido,Media Jornada,Sin Data,Restaurantes McDonalds,Sin Data
2026-09-17,Trabajoscom,Barcelona,El Prat De Llobregat,¡Únete a nuestro equipo! - Aeropuerto el Prat de Llobregat,Sin Data,Sin Data,Indefinido,Jornada Indiferente,Sin Data,Restaurantes McDonalds,Sin Data
2026-09-17,Trabajoscom,Barcelona,Sant Boi De Llobregat,Únete a nuestro equipo. McDonald's Sant Boi,Sin Data,Sin Data,Indefinido,Media Jornada,Sin Data,Restaurantes McDonalds,Sin Data
2026-09-17,Trabajoscom, Jaén, Jaén,Tornero/a - Fresador/a zona Bailén,Sin Data,Sin Data,De duracion determinada,Jornada Completa,Sin Data,Crit Interim España ETT,Sin Data
2026-09-17,Trabajoscom, Lleida, Lleida,MOZO/A DE ALMACÉN PARA EXPEDICIONES Y TRANSPORTE,Sin Data,Sin Data,Indefinido,Jornada Completa,Sin Data,Iman Temporing,Sin Data
2026-09-17,Trabajoscom, Toledo, Toledo,Carretillero/a - Talavera de la Reina,Sin Data,Sin Data,De duracion determinada,Jornada Completa,Sin Data,Crit Interim España ETT,Sin Data
2026-09-17,Trabajoscom, Málaga, Málaga,"COCINERO/A–EVENTOS Y BANQUETES, HOTEL 5* EN MÁLAGA",Sin Data,Sin Data,Indefinido,Jornada Completa,Sin Data,Pacto,Sin Data
2026-09-17,Trabajoscom, Valencia, Valencia,Deliniante Industrial  (H/M),Sin Data,Sin Data,De duracion determinada,Jornada Completa,Sin Data,Crit Interim España ETT,Sin Data
2026-09-17,Trabajoscom, Alicante, Alicante,Cocinero/a - Centro Residencial DomusVi Alicante Babel,Sin Data,Sin Data,De duracion determinada,Jornada Completa,Sin Data,DomusVi,Sin Data
2026-09-17,Trabajoscom,Barcelona,Terrassa,Administrativo/a facturación con inglés,Sin Data,Sin Data,De duracion determinada,Jornada Completa,Sin Data,Iman Temporing,Sin Data
2026-09-17,Trabajoscom, Lleida, Lleida,CONDUCTOR/A DE CAMIÓN CON CARNET C + CAP,Sin Data,Sin Data,Indefinido,Jornada Completa,Sin Data,Iman Temporing,Sin Data
2026-09-17,Trabajoscom, Barcelona, Barcelona,Operario/a Manipulador/a ALIMENTACIÓN,Sin Data,Sin Data,De duracion determinada,Jornada Completa,Sin Data,Crit Interim España ETT,Sin Data
2026-09-17,Trabajoscom, Murcia, Murcia,Técnico/a Electromecánico/a (Puertas Automáticas),24.000 € - 26.000 €,Sin Data,Indefinido,Jornada Completa,Sin Data,Crit Interim España ETT,Sin Data
2026-09-17,Trabajoscom, Lleida, Lleida,ENCARGADO/A EN TURNO DE NOCHE,Sin Data,Sin Data,Indefinido,Jornada Completa,Sin Data,Iman Temporing,Sin Data
2026-09-17,Trabajoscom, Baleares, Baleares,AZAFATAS/OS EN IBIZA 19/09/2026,Sin Data,Sin Data,Indefinido,Jornada Completa,Sin Data,Art i Cultura,Sin Data
2026-09-17,Trabajoscom, Barcelona, Barcelona,Auxiliar administrativo/a con catalán,18 €,Sin Data,De duracion determinada,Jornada Completa,Sin Data,Crit Interim España ETT,Sin Data
2026-09-17,Trabajoscom, Madrid, Madrid,Técnico/a Postventa (dispositivos médicos),Sin Data,Sin Data,De duracion determinada,Jornada Completa,Sin Data,Iman Temporing,Sin Data
2026-09-17,Trabajoscom, Zamora, Zamora,Cocinero/a - Centro Residencial DomusVi Villaralbo,Sin Data,Sin Data,De duracion determinada,Media Jornada,Sin Data,DomusVi,Sin Data
2026-09-17,Trabajoscom, Málaga, Málaga,Carretillero/a - Turno partido,Sin Data,Sin Data,De duracion determinada,Jornada Completa,Sin Data,Iman Temporing,Sin Data
2026-09-17,Trabajoscom, Madrid, Madrid,Operario/a Sector Metal. Carnet Puente Grúa,23.000 € - 25.000 €,Sin Data,De duracion determinada,Jornada Completa,Sin Data,Iman Temporing,Sin Data
2026-09-17,Trabajoscom, Jaén, Jaén,Ingeniero/a Aeronáutica Jr.,Sin Data,Sin Data,Indefinido,Jornada Completa,Sin Data,Crit Interim España ETT,Sin Data
2026-09-17,Trabajoscom, Girona, Girona,ADMINISTRATIVO/A MEDIOAMBIENTE,21.000 € - 24.000 €,Sin Data,Indefinido,Jornada Completa,Sin Data,Pacto,Sin Data
2026-09-17,Trabajoscom, Barcelona, Barcelona,Administrativo/a de compras con inglés,Sin Data,Sin Data,De duracion determinada,Jornada Completa,Sin Data,Iman Temporing,Sin Data
2026-09-17,Trabajoscom, Barcelona, Barcelona,Operario/a ( empresa artes gráficas),17.000 € - 17.500 €,Sin Data,De duracion determinada,Jornada Completa,Sin Data,Iman Temporing,Sin Data
2026-09-17,Trabajoscom, Alicante, Alicante,Técnico/a Mantenimiento Industrial.,22.000 € - 26.000 €,Sin Data,De duracion determinada,Jornada Completa,Sin Data,Iman Temporing,Sin Data
2026-09-17,Trabajoscom, Toledo, Toledo,Mecánico/a de Maquinaria Industrial,Sin Data,Sin Data,De duracion determinada,Jornada Completa,Sin Data,Crit Interim España ETT,Sin Data
2026-09-17,Trabajoscom, Barcelona, Barcelona,Operario/a  de premontaje,Sin Data,Sin Data,De duracion determinada,Jornada Completa,Sin Data,Iman Temporing,Sin Data
2026-09-17,Trabajoscom, Tarragona, Tarragona,Operario/a Producción metalúrgico,18.000 € - 19.000 €,Sin Data,De duracion determinada,Jornada Completa,Sin Data,Iman Temporing,Sin Data
2026-09-17,Trabajoscom, Sevilla, Sevilla,Oficial 2ª Carpintero/a madera,Sin Data,Sin Data,De duracion determinada,Jornada Completa,Sin Data,Crit Interim España ETT,Sin Data
2026-09-17,Trabajoscom, Madrid, Madrid,Auxiliar de servicio - Residencia de estudiantes,Sin Data,Sin Data,Indefinido,Media Jornada,Sin Data,Iman Corporation,Sin Data
2026-09-17,Trabajoscom, Barcelona, Barcelona,Técnico/a de Marketing Digital (Remoto),Sin Data,Sin Data,Indefinido,Jornada Completa,Sin Data,Iman Temporing,Sin Data
2026-09-17,Trabajoscom, Barcelona, Barcelona,Administrativo/a de Seguros en Terrassa,Sin Data,Sin Data,Indefinido,Jornada Completa,Sin Data,Crit Interim España ETT,Sin Data
2026-09-17,Trabajoscom, Zaragoza, Zaragoza,Operario/a de producción - envasado,Sin Data,Sin Data,De duracion determinada,Jornada Completa,Sin Data,Iman Temporing,Sin Data
2026-09-17,Trabajoscom, Madrid, Madrid,CAPTADOR/A DE VISITANTES - MUSEO MADRID,Sin Data,Sin Data,De duracion determinada,Media Jornada,Sin Data,Crit Interim España ETT,Sin Data
2026-09-17,Trabajoscom, Madrid, Madrid,Técnico/a de Robotica Industrial,Sin Data,Sin Data,De duracion determinada,Jornada Completa,Sin Data,Crit Interim España ETT,Sin Data
2026-09-17,Trabajoscom, Málaga, Málaga,Valet - Mozo/a de habitaciones Hotel 4* - MÁLAGA,Sin Data,Sin Data,Indefinido,Jornada Completa,Sin Data,Consorcio Andaluz de Servicios Integrales,Sin Data
2026-09-17,Trabajoscom, Alicante, Alicante,Gerocultor/a - Auxiliar de enfermería Centro Residencial DomusVi Santa Pola,Sin Data,Sin Data,Indefinido,Jornada Completa,Sin Data,DomusVi,Sin Data
2026-09-17,Trabajoscom, Alicante, Alicante,Gerocultor/a - Auxiliar de enfermería Centro Residencial DomusVi Santa Pola,Sin Data,Sin Data,Indefinido,Jornada Completa,Sin Data,DomusVi,Sin Data
2026-09-17,Trabajoscom, Gipuzkoa, Gipuzkoa,Operario/a de Producción Industria Alimentaria,Sin Data,Sin Data,De duracion determinada,Jornada Completa,Sin Data,Iman Temporing,Sin Data
2026-09-17,Trabajoscom, Sevilla, Sevilla,Friegaplatos - SEVILLA Hotel 4*,Sin Data,Sin Data,A tiempo parcial,Media Jornada,Sin Data,Consorcio Andaluz de Servicios Integrales,Sin Data
2026-09-17,Trabajoscom, Barcelona, Barcelona,Cajero/a Reponedor - (Fines de semana y festivos),Sin Data,Sin Data,De duracion determinada,Jornada Completa,Sin Data,Crit Interim España ETT,Sin Data
2026-09-17,Trabajoscom, Barcelona, Barcelona,Psicólogo/a Centro Residencial DomusVi Bonanova,Sin Data,Sin Data,Indefinido,Media Jornada,Sin Data,DomusVi,Sin Data
2026-09-17,Trabajoscom, Zaragoza, Zaragoza,Operario/a de producción - envasado,Sin Data,Sin Data,De duracion determinada,Jornada Completa,Sin Data,Iman Temporing,Sin Data
2026-09-17,Trabajoscom, Valencia, Valencia,MOZO/A DE ALMACÉN - VALENCIA,Sin Data,Sin Data,Indefinido,Jornada Completa,Sin Data,Pacto,Sin Data
2026-09-17,Trabajoscom, Valencia, Valencia,MOZO/A DE ALMACÉN - PAIPORTA,20.000 € - 25.000 €,Sin Data,Indefinido,Jornada Completa,Sin Data,Pacto,Sin Data
2026-09-17,Trabajoscom, Guadalajara, Guadalajara,Técnico/a de Planificación de Producción,Sin Data,Sin Data,De duracion determinada,Jornada Completa,Sin Data,Crit Interim España ETT,Sin Data
2026-09-17,Trabajoscom, Teruel, Teruel,Mozo/a Almacén ( con carretilla),Sin Data,Sin Data,De duracion determinada,Jornada Indiferente,Sin Data,Iman Temporing,Sin Data
2026-09-17,Trabajoscom, Barcelona, Barcelona,DEPENDIENTE/A DE TIENDA GOURMET,Sin Data,Sin Data,De duracion determinada,Jornada Completa,Sin Data,Iman Temporing,Sin Data
2026-09-17,Trabajoscom, La Rioja, La Rioja,OPERARIO/A DE INYECCIÓN DE PLÁSTICO,Sin Data,Sin Data,De duracion determinada,Jornada Completa,Sin Data,Iman Temporing,Sin Data
2026-09-17,Trabajoscom, Madrid, Madrid,Ingeniero/a de Electricidad y Automatización,25 € - 37 €,Sin Data,Indefinido,Jornada Completa,Sin Data,Crit Interim España ETT,Sin Data
2026-09-17,Trabajoscom, Córdoba, Córdoba,Consultor/a de RRHH,Sin Data,Sin Data,Indefinido,Jornada Completa,Sin Data,Pacto,Sin Data
2026-09-17,Trabajoscom, Barcelona, Barcelona,Operari/a metall incorporació immediata (rotatius),Sin Data,Sin Data,Indefinido,Jornada Completa,Sin Data,Iman Temporing,Sin Data
2026-09-17,Trabajoscom, Madrid, Madrid,CARRETILLERO/A FRONTAL,Sin Data,Sin Data,Indefinido,Jornada Completa,Sin Data,Iman Temporing,Sin Data
2026-09-17,Trabajoscom, Málaga, Málaga,Mecánico/a industrial (Junior),Sin Data,Sin Data,Indefinido,Jornada Completa,Sin Data,Crit Interim España ETT,Sin Data
2026-09-17,Trabajoscom, Araba, Araba,Operario/a de corte por sierra,Sin Data,Sin Data,Indefinido,Jornada Completa,Sin Data,Crit Interim España ETT,Sin Data
2026-09-17,Trabajoscom, Barcelona, Barcelona,Técnico/a Comercial,Sin Data,Sin Data,Indefinido,Jornada Completa,Sin Data,Crit Interim España ETT,Sin Data
2026-09-17,Trabajoscom, Palencia, Palencia,Delineante/proyectista,Sin Data,Sin Data,Indefinido,Jornada Completa,Sin Data,Iman Temporing,Sin Data
2026-09-17,Trabajoscom, Valladolid, Valladolid,Mozo/a de Almacén (con carretilla),Sin Data,Sin Data,De duracion determinada,Jornada Completa,Sin Data,Iman Temporing,Sin Data
2026-09-17,Trabajoscom, Córdoba, Córdoba,Técnico/a PRL,23.000 €,Sin Data,De duracion determinada,Jornada Completa,Sin Data,Crit Interim España ETT,Sin Data
2026-09-17,Trabajoscom, Valencia, Valencia,Operario/a Corte Textil,Sin Data,Sin Data,De duracion determinada,Jornada Indiferente,Sin Data,Crit Interim España ETT,Sin Data
2026-09-17,Trabajoscom, Barcelona, Barcelona,Personal de Limpieza - Centro Residencial DomusVi La Salut,Sin Data,Sin Data,Indefinido,Jornada Completa,Sin Data,DomusVi,Sin Data
2026-09-17,Trabajoscom, S.C. Tenerife, S.C. Tenerife,Operario/a de planta,24.000 € - 25.000 €,Sin Data,De duracion determinada,Jornada Completa,Sin Data,Crit Interim España ETT,Sin Data
2026-09-17,Trabajoscom, Córdoba, Córdoba,Soldador/a Mig/Mag,20.000 € - 22.000 €,Sin Data,De duracion determinada,Jornada Completa,Sin Data,Crit Interim España ETT,Sin Data
2026-09-17,Trabajoscom, Cantabria, Cantabria,TÉCNICO/A MANTENIMIENTO INDUSTRIAL,Sin Data,Sin Data,Indefinido,Jornada Completa,Sin Data,Iman Temporing,Sin Data
2026-09-17,Trabajoscom, Araba, Araba,Operario/a de mecanizado estable-septiembre,21.000 € - 37.700 €,Sin Data,De duracion determinada,Jornada Completa,Sin Data,Crit Interim España ETT,Sin Data
2026-09-17,Trabajoscom, Barcelona, Barcelona,Cocinero/a - Centro Residencial DomusVi Sabadell Ciutat,Sin Data,Sin Data,De duracion determinada,Jornada Completa,Sin Data,DomusVi,Sin Data
2026-09-17,Trabajoscom, Barcelona, Barcelona,Pintor/a industrial,Sin Data,Sin Data,De duracion determinada,Jornada Completa,Sin Data,Pacto,Sin Data
2026-09-17,Trabajoscom, Alicante, Alicante,Recepcionista Centro Residencial DomusVi Calpe,Sin Data,Sin Data,Indefinido,Jornada Completa,Sin Data,DomusVi,Sin Data
2026-09-17,Trabajoscom, Sevilla, Sevilla,Mozo/a Carretillero/a (La Puebla de Cazalla),Sin Data,Sin Data,De duracion determinada,Jornada Completa,Sin Data,Iman Temporing,Sin Data
2026-09-17,Trabajoscom, Madrid, Madrid,Oficial electricista - Montajes eléctricos,Sin Data,Sin Data,Indefinido,Jornada Completa,Sin Data,Crit Interim España ETT,Sin Data
2026-09-17,Trabajoscom, Teruel, Teruel,Administrativo/a en logística.,Sin Data,Sin Data,De duracion determinada,Jornada Completa,Sin Data,Iman Temporing,Sin Data
2026-09-17,Trabajoscom, Teruel, Teruel,Peon/a,Sin Data,Sin Data,De duracion determinada,Jornada Completa,Sin Data,Iman Temporing,Sin Data
2026-09-17,Trabajoscom, Valencia, Valencia,Operario/a de Inyección o Extrusión de Plástico,Sin Data,Sin Data,Indefinido,Jornada Completa,Sin Data,Pacto,Sin Data
2026-09-17,Trabajoscom, Murcia, Murcia,Mozo/a de almacén Balscias,Sin Data,Sin Data,De duracion determinada,Jornada Completa,Sin Data,Crit Interim España ETT,Sin Data
2026-09-17,Trabajoscom, Barcelona, Barcelona,Soldador/a,Sin Data,Sin Data,De duracion determinada,Jornada Completa,Sin Data,Crit Interim España ETT,Sin Data
2026-09-17,Trabajoscom, Barcelona, Barcelona,Auxiliar de farmacia - Centro Residencial DomusVi Sabadell Ciutat,Sin Data,Sin Data,De duracion determinada,Media Jornada,Sin Data,DomusVi,Sin Data
2026-09-17,Trabajoscom, Barcelona, Barcelona,Chófer Camión con Grúa - Barcelona,Sin Data,Sin Data,Indefinido,Jornada Completa,Sin Data,Iman Global Consulting,Sin Data
2026-09-17,Trabajoscom, Barcelona, Barcelona,Técnico/a de Mantenimiento e Instrumentación,Sin Data,Sin Data,Indefinido,Jornada Completa,Sin Data,Crit Interim España ETT,Sin Data
2026-09-17,Trabajoscom, Barcelona, Barcelona,Carretillero sector químico Rubí,Sin Data,Sin Data,Indefinido,Jornada Completa,Sin Data,Crit Interim España ETT,Sin Data
2026-09-17,Trabajoscom, Valencia, Valencia,Operario/a de Inyección o Extrusión de Plástico,Sin Data,Sin Data,Indefinido,Jornada Completa,Sin Data,Pacto,Sin Data
2026-09-17,Trabajoscom, Barcelona, Barcelona,Cocinero/a - Centro Residencial DomusVi Sabadell Ciutat,Sin Data,Sin Data,De duracion determinada,Jornada Completa,Sin Data,DomusVi,Sin Data
2026-09-17,Trabajoscom, Barcelona, Barcelona,Soldador/a,Sin Data,Sin Data,De duracion determinada,Jornada Completa,Sin Data,Crit Interim España ETT,Sin Data
2026-09-17,Trabajoscom, Barcelona, Barcelona,Pintor/a industrial,Sin Data,Sin Data,De duracion determinada,Jornada Completa,Sin Data,Pacto,Sin Data
2026-09-17,Trabajoscom, Murcia, Murcia,Mozo/a de almacén Balscias,Sin Data,Sin Data,De duracion determinada,Jornada Completa,Sin Data,Crit Interim España ETT,Sin Data
2026-09-17,Trabajoscom, Madrid, Madrid,Administrativo/a contable. Torrejón de Velasco,Sin Data,Sin Data,De duracion determinada,Jornada Completa,Sin Data,Iman Temporing,Sin Data
2026-09-17,Trabajoscom, Murcia, Murcia,Soldador/a de Hilo,Sin Data,Sin Data,De duracion determinada,Jornada Completa,Sin Data,Iman Temporing,Sin Data
2026-09-17,Trabajoscom, Barcelona, Barcelona,Técnico/a Generalista RRHH -Entorno Industrial-,Sin Data,Sin Data,Indefinido,Jornada Completa,Sin Data,Iman Temporing,Sin Data
2026-09-17,Trabajoscom, Barcelona, Barcelona,Manipulador/a de repasados - Artes graficas,Sin Data,Sin Data,De duracion determinada,Jornada Completa,Sin Data,Iman Temporing,Sin Data
