Fecha,Plataforma,Provincia,Localidad,Oferta_Empleo,Salario,Modalidad,Tipo_Contrato,Tipo_Jornada,Experiencia,Empresa,Requisitos
2026-09-24,Trabajoscom,Valencia,Todo Valencia,Oficial de mantenimiento,Sin Data,Sin Data,Autonomo,Jornada Indiferente,Sin Data,Consultora de Talento,Sin Data
2026-09-24,Trabajoscom, Girona, Girona,McDonald's Roses,Sin Data,Sin Data,Indefinido,Media Jornada,Sin Data,Restaurantes McDonalds,Sin Data
2026-09-24,Trabajoscom,Madrid,Madrid,"MONITOR/A ACTIVIDADES EXTRAESCOLARES DEPORTES: BALONCESTO, FUT-SALA, VOLEIBOL, PATINAJE",10 € - 12 €,Sin Data,Fijo discontinuo,Trabajo Por Horas,Sin Data,Grupo Educativo,Sin Data
2026-09-24,Trabajoscom,Madrid,Griñón,Ayudantes de Troquelado y artes gráficas - rotativos - Griñón,18.000 € - 20.000 €,Sin Data,De duracion determinada,Jornada Completa,Sin Data,Temps,Sin Data
2026-09-24,Trabajoscom,Bizkaia,Mallabia,Operario/a de Centro de Mecanizado CNC,Sin Data,Sin Data,De duracion determinada,Jornada Completa,Sin Data,Temps,Sin Data
2026-09-24,Trabajoscom,Zaragoza,Zaragoza,Electricista Oficial de 1ª/ Oficial de 2ª,Sin Data,Sin Data,Indefinido,Jornada Completa,Sin Data,Temps,Sin Data
2026-09-24,Trabajoscom,Soria,Todo Soria,Deshuesador/a de Vacuno en Goedegebuur con Alojamiento Incluido | Róterdam,18 € - 21 €,Sin Data,Indefinido,Jornada Intensiva,Sin Data,OTTO Work Force,Sin Data
2026-09-24,Trabajoscom,Madrid,Todo Madrid,Deshuesador/a de Vacuno en Goedegebuur con Alojamiento Incluido | Róterdam,18 € - 21 €,Sin Data,Indefinido,Jornada Intensiva,Sin Data,OTTO Work Force,Sin Data
2026-09-24,Trabajoscom,Navarra,Todo Navarra,Deshuesador/a de Vacuno en Goedegebuur con Alojamiento Incluido | Róterdam,18 € - 21 €,Sin Data,Indefinido,Jornada Intensiva,Sin Data,OTTO Work Force,Sin Data
2026-09-24,Trabajoscom,Pontevedra,Todo Pontevedra,Deshuesador/a de Vacuno en Goedegebuur con Alojamiento Incluido | Róterdam,18 € - 21 €,Sin Data,Indefinido,Jornada Intensiva,Sin Data,OTTO Work Force,Sin Data
2026-09-24,Trabajoscom,Tarragona,Todo Tarragona,Deshuesador/a de Vacuno en Goedegebuur con Alojamiento Incluido | Róterdam,18 € - 21 €,Sin Data,Indefinido,Jornada Intensiva,Sin Data,OTTO Work Force,Sin Data
2026-09-24,Trabajoscom,Lugo,Todo Lugo,Deshuesador/a de Vacuno en Goedegebuur con Alojamiento Incluido | Róterdam,18 € - 21 €,Sin Data,Indefinido,Jornada Intensiva,Sin Data,OTTO Work Force,Sin Data
2026-09-24,Trabajoscom,Palmas,Todo Palmas,Deshuesador/a de Vacuno en Goedegebuur con Alojamiento Incluido | Róterdam,18 € - 21 €,Sin Data,Indefinido,Jornada Intensiva,Sin Data,OTTO Work Force,Sin Data
2026-09-24,Trabajoscom,Ourense,Todo Ourense,Deshuesador/a de Vacuno en Goedegebuur con Alojamiento Incluido | Róterdam,18 € - 21 €,Sin Data,Indefinido,Jornada Intensiva,Sin Data,OTTO Work Force,Sin Data
2026-09-24,Trabajoscom,Segovia,Todo Segovia,Deshuesador/a de Vacuno en Goedegebuur con Alojamiento Incluido | Róterdam,18 € - 21 €,Sin Data,Indefinido,Jornada Intensiva,Sin Data,OTTO Work Force,Sin Data
2026-09-24,Trabajoscom,Castellón,Todo Castellón,Deshuesador/a de Vacuno en Goedegebuur.  Contrato indefinido y Alojamiento | Róterdam,18 € - 21 €,Sin Data,Indefinido,Jornada Intensiva,Sin Data,OTTO Work Force,Sin Data
2026-09-24,Trabajoscom,Baleares,Todo Baleares,Deshuesador/a de Vacuno en Goedegebuur.  Contrato indefinido y Alojamiento | Róterdam,18 € - 21 €,Sin Data,Indefinido,Jornada Intensiva,Sin Data,OTTO Work Force,Sin Data
2026-09-24,Trabajoscom,Córdoba,Todo Córdoba,Deshuesador/a de Vacuno en Goedegebuur.  Contrato indefinido y Alojamiento | Róterdam,18 € - 21 €,Sin Data,Indefinido,Jornada Intensiva,Sin Data,OTTO Work Force,Sin Data
2026-09-24,Trabajoscom,Alicante,Todo Alicante,Deshuesador/a de Vacuno en Goedegebuur.  Contrato indefinido y Alojamiento | Róterdam,18 € - 21 €,Sin Data,Indefinido,Jornada Intensiva,Sin Data,OTTO Work Force,Sin Data
2026-09-24,Trabajoscom,Salamanca,Todo Salamanca,Deshuesador/a de Vacuno en Goedegebuur.  Contrato indefinido y Alojamiento | Róterdam,18 € - 21 €,Sin Data,Indefinido,Jornada Intensiva,Sin Data,OTTO Work Force,Sin Data
2026-09-24,Trabajoscom,Granada,Todo Granada,Deshuesador/a de Vacuno en Goedegebuur.  Contrato indefinido y Alojamiento | Róterdam,18 € - 21 €,Sin Data,Indefinido,Jornada Intensiva,Sin Data,OTTO Work Force,Sin Data
2026-09-24,Trabajoscom,León,Todo León,Deshuesador/a de Vacuno en Goedegebuur.  Contrato indefinido y Alojamiento | Róterdam,18 € - 21 €,Sin Data,Indefinido,Jornada Intensiva,Sin Data,OTTO Work Force,Sin Data
2026-09-24,Trabajoscom,Valladolid,Todo Valladolid,Deshuesador/a de Vacuno en Goedegebuur.  Contrato indefinido y Alojamiento | Róterdam,18 € - 21 €,Sin Data,Indefinido,Jornada Intensiva,Sin Data,OTTO Work Force,Sin Data
2026-09-24,Trabajoscom,Madrid,Todo Madrid,Deshuesador/a de Vacuno en Goedegebuur.  Contrato indefinido y Alojamiento | Róterdam,18 € - 21 €,Sin Data,Indefinido,Jornada Intensiva,Sin Data,OTTO Work Force,Sin Data
2026-09-24,Trabajoscom,Huesca,Todo Huesca,Deshuesador/a de Vacuno en Goedegebuur.  Contrato indefinido y Alojamiento | Róterdam,18 € - 21 €,Sin Data,Indefinido,Jornada Intensiva,Sin Data,OTTO Work Force,Sin Data
2026-09-24,Trabajoscom,Teruel,Todo Teruel,Deshuesador/a de Vacuno en Goedegebuur.  Contrato indefinido y Alojamiento | Róterdam,18 € - 21 €,Sin Data,Indefinido,Jornada Intensiva,Sin Data,OTTO Work Force,Sin Data
2026-09-24,Trabajoscom,Zaragoza,Todo Zaragoza,Deshuesador/a de Vacuno en Goedegebuur.  Contrato indefinido y Alojamiento | Róterdam,18 € - 21 €,Sin Data,Indefinido,Jornada Intensiva,Sin Data,OTTO Work Force,Sin Data
2026-09-24,Trabajoscom,Ourense,Todo Ourense,Deshuesador/a de Vacuno en Goedegebuur.  Contrato indefinido y Alojamiento | Róterdam,18 € - 21 €,Sin Data,Indefinido,Jornada Intensiva,Sin Data,OTTO Work Force,Sin Data
2026-09-24,Trabajoscom,Soria,Todo Soria,Deshuesador/a de Vacuno en Goedegebuur.  Contrato indefinido y Alojamiento | Róterdam,18 € - 21 €,Sin Data,Indefinido,Jornada Intensiva,Sin Data,OTTO Work Force,Sin Data
2026-09-24,Trabajoscom,Lugo,Todo Lugo,Deshuesador/a de Vacuno en Goedegebuur.  Contrato indefinido y Alojamiento | Róterdam,18 € - 21 €,Sin Data,Indefinido,Jornada Intensiva,Sin Data,OTTO Work Force,Sin Data
2026-09-24,Trabajoscom,Girona,Todo Girona,Deshuesador/a de Vacuno en Goedegebuur.  Contrato indefinido y Alojamiento | Róterdam,18 € - 21 €,Sin Data,Indefinido,Jornada Intensiva,Sin Data,OTTO Work Force,Sin Data
2026-09-24,Trabajoscom,Palencia,Todo Palencia,Deshuesador/a de Vacuno en Goedegebuur.  Contrato indefinido y Alojamiento | Róterdam,18 € - 21 €,Sin Data,Indefinido,Jornada Intensiva,Sin Data,OTTO Work Force,Sin Data
2026-09-24,Trabajoscom,Valencia,Todo Valencia,Deshuesador/a de Vacuno en Goedegebuur.  Contrato indefinido y Alojamiento | Róterdam,18 € - 21 €,Sin Data,Indefinido,Jornada Intensiva,Sin Data,OTTO Work Force,Sin Data
2026-09-24,Trabajoscom,Segovia,Todo Segovia,Deshuesador/a de Vacuno en Goedegebuur.  Contrato indefinido y Alojamiento | Róterdam,18 € - 21 €,Sin Data,Indefinido,Jornada Intensiva,Sin Data,OTTO Work Force,Sin Data
2026-09-24,Trabajoscom,Bizkaia,Bilbao,Operario/a de Mecanizado CNC (Centros Robotizados) - 3 Turnos,Sin Data,Sin Data,De duracion determinada,Jornada Completa,Sin Data,Temps,Sin Data
2026-09-24,Trabajoscom,La Rioja,Logroño,Monitor de Pilates (Máquinas),1.170 € - 1.300 €,Sin Data,Indefinido,Media Jornada,Sin Data,QOMBO,Sin Data
2026-09-24,Trabajoscom,Gipuzkoa,Todo Gipuzkoa,Técnico/a de producto // Encargado/a general,Sin Data,Sin Data,Indefinido,Jornada Indiferente,Sin Data,AdegiLan,Sin Data
2026-09-24,Trabajoscom,Gipuzkoa,Todo Gipuzkoa,Técnico/a Mantenimiento Industrial,Sin Data,Sin Data,Indefinido,Jornada Completa,Sin Data,AdegiLan,Sin Data
2026-09-24,Trabajoscom,Gipuzkoa,Todo Gipuzkoa,"Director/a de Tecnología, Producto y Soluciones Industriales",72.000 € - 90.000 €,Sin Data,Indefinido,Jornada Indiferente,Sin Data,AdegiLan,Sin Data
2026-09-24,Trabajoscom,Gipuzkoa,Todo Gipuzkoa,Electricista,18 € - 30 €,Sin Data,Indefinido,Jornada Completa,Sin Data,AdegiLan,Sin Data
2026-09-24,Trabajoscom,Gipuzkoa,Todo Gipuzkoa,"Técnico/a PRL, Calidad y Medioambiente",42 € - 54 €,Sin Data,Indefinido,Jornada Completa,Sin Data,AdegiLan,Sin Data
2026-09-24,Trabajoscom,Gipuzkoa,Todo Gipuzkoa,Técnico-a de Mantenimiento,Sin Data,Sin Data,Indefinido,Jornada Completa,Sin Data,AdegiLan,Sin Data
2026-09-24,Trabajoscom,Gipuzkoa,Todo Gipuzkoa,Tecnico/a de Metrologia,Sin Data,Sin Data,Indefinido,Jornada Completa,Sin Data,AdegiLan,Sin Data
2026-09-24,Trabajoscom,Gipuzkoa,Todo Gipuzkoa,Responsable Comercial,42 € - 54 €,Sin Data,Indefinido,Jornada Completa,Sin Data,AdegiLan,Sin Data
2026-09-24,Trabajoscom,Madrid,Getafe,CARRETILLERO - GETAFE,17.000 € - 19.000 €,Sin Data,De duracion determinada,Jornada Completa,Sin Data,Temps,Sin Data
2026-09-24,Trabajoscom,Guadalajara,Guadalajara,PREPARADOR/A DE PEDIDOS CON USO DE TRASPALET ELÉCTRICO/MOTO,12 €,Sin Data,De duracion determinada,Jornada Completa,Sin Data,Temps,Sin Data
2026-09-24,Trabajoscom,Barcelona,Santa Margarida I Els Monjos,REPARTIDOR/A,14 € - 16 €,Sin Data,De duracion determinada,Jornada Completa,Sin Data,Temps,Sin Data
2026-09-24,Trabajoscom,Valencia,Alcàsser,CARRETILLERO/A,21.000 €,Sin Data,De duracion determinada,Jornada Completa,Sin Data,Temps,Sin Data
2026-09-24,Trabajoscom,Asturias,Navia,FP ELECTROMECÁNICO/Mantenimiento industrial,19.000 € - 21.000 €,Sin Data,Indefinido,Jornada Completa,Sin Data,Temps,Sin Data
2026-09-24,Trabajoscom,Madrid,Madrid,Administrativos/as gestion incidencias sector energetico,17.000 € - 18.000 €,Sin Data,De duracion determinada,Jornada Completa,Sin Data,Temps,Sin Data
2026-09-24,Trabajoscom,Valencia,Paterna,OPERARIOS/AS DE PRODUCCIÓN ALIMENTACIÓN,Sin Data,Sin Data,De duracion determinada,Media Jornada,Sin Data,Temps,Sin Data
2026-09-24,Trabajoscom,Madrid,Madrid,Administrativo/a contable temporal (AS 400 /EXCEL),17.000 €,Sin Data,De duracion determinada,Jornada Completa,Sin Data,Temps,Sin Data
2026-09-24,Trabajoscom,Madrid,Madrid,Operario /a de Limpieza y Mantenimiento de Garaje (Media Jornada),Sin Data,Sin Data,De duracion determinada,Media Jornada,Sin Data,Temps,Sin Data
2026-09-24,Trabajoscom,Barcelona,Barcelona,CARRETILLERO/A FRONTAL,Sin Data,Sin Data,De duracion determinada,Jornada Completa,Sin Data,Temps,Sin Data
2026-09-24,Trabajoscom,Murcia,Murcia,Fisioterapeuta 4h semanales Murcia,163 € - 320 €,Sin Data,Indefinido,Trabajo Por Horas,Sin Data,Fisioterapia y Psicología para Empresas,Sin Data
2026-09-24,Trabajoscom,Gipuzkoa,Todo Gipuzkoa,Técnico/a Estadístico/a,Sin Data,Sin Data,De duracion determinada,Jornada Completa,Sin Data,AdegiLan,Sin Data
2026-09-24,Trabajoscom,Gipuzkoa,Todo Gipuzkoa,Adjunto/a a Dirección del Área Estadística,Sin Data,Sin Data,De duracion determinada,Jornada Completa,Sin Data,AdegiLan,Sin Data
2026-09-24,Trabajoscom,Madrid,Madrid,Administrativo Validación y consumo ( energía ),Sin Data,Sin Data,De duracion determinada,Jornada Completa,Sin Data,Temps,Sin Data
2026-09-24,Trabajoscom,Madrid,Todo Madrid,Project Manager de Obra / Construcción,38.000 € - 42.000 €,Sin Data,Indefinido,Jornada Completa,Sin Data,Empresa de Selección,Sin Data
2026-09-24,Trabajoscom,Zaragoza,La Muela,Soldador/a semiautomática de tubos (OFICIAL DE 1 Y PLUS TRANSPORTE),2.100 € - 2.300 €,Sin Data,De duracion determinada,Jornada Completa,Sin Data,Temps,Sin Data
2026-09-24,Trabajoscom,Barcelona,Martorell,Mozo/a de Almacén,12 €,Sin Data,De duracion determinada,Jornada Completa,Sin Data,Temps,Sin Data
2026-09-24,Trabajoscom,Barcelona,Barcelona,Técnico/a de Impresión Digital y Vinilos,21.000 € - 22.000 €,Sin Data,Indefinido,Jornada Completa,Sin Data,Temps,Sin Data
2026-09-24,Trabajoscom,Guadalajara,Guadalajara,MOZO/A REAPROVISIONAMIENTO Y PICKING - TURNO DE NOCHE,1.800 € - 1.900 €,Sin Data,De duracion determinada,Jornada Completa,Sin Data,Temps,Sin Data
2026-09-24,Trabajoscom,Asturias,Navia,Operador industrial (control de mandos instalaciones ),Sin Data,Sin Data,Indefinido,Jornada Completa,Sin Data,Temps,Sin Data
2026-09-24,Trabajoscom,Barcelona,Mataro,OPERARIO/A - CONOCIMIENTOS MECÁNICA,Sin Data,Sin Data,Indefinido,Jornada Indiferente,Sin Data,RAS Interim,Sin Data
2026-09-24,Trabajoscom,Barcelona,Rubí,Copy Repartidor/a de paquetería,1.500 €,Sin Data,De duracion determinada,Jornada Completa,Sin Data,Temps,Sin Data
2026-09-24,Trabajoscom,Valencia,Catarroja,Copy Repartidor/a,17.000 € - 19.000 €,Sin Data,De duracion determinada,Jornada Completa,Sin Data,Temps,Sin Data
2026-09-24,Trabajoscom,Valencia,El Puerto De Sagunto,Operario/a Mantenimiento eléctrico-mecánico/a zona Sagunto,Sin Data,Sin Data,De duracion determinada,Jornada Completa,Sin Data,Grupo Adecco,Sin Data
2026-09-24,Trabajoscom,Valencia,Picassent,CARRETILLERO/A PARA ALMACÉN DE FRUTAS,Sin Data,Sin Data,De duracion determinada,Jornada Completa,Sin Data,Temps,Sin Data
2026-09-24,Trabajoscom,Murcia,Las Torres De Cotillas,Ingeniero/a Procesos Industriales,Sin Data,Sin Data,Indefinido,Jornada Completa,Sin Data,Grupo Adecco,Sin Data
2026-09-24,Trabajoscom,Valencia,Alzira,Operario/a Grúa Torre- Alzira,Sin Data,Sin Data,Indefinido,Jornada Completa,Sin Data,Grupo Adecco,Sin Data
2026-09-24,Trabajoscom,Zaragoza,Zaragoza,Gestor/a Comercial de Vehículos de Ocasión (V.O.) | Zaragoza,Sin Data,Sin Data,Indefinido,Jornada Completa,Sin Data,Grupo Adecco,Sin Data
2026-09-24,Trabajoscom,Teruel,Caude,Ingeniero/a Tooling,Sin Data,Sin Data,De duracion determinada,Jornada Completa,Sin Data,Grupo Adecco,Sin Data
2026-09-24,Trabajoscom,Madrid,Getafe,Mozo/a Carretillero/a 20 horas,Sin Data,Sin Data,De duracion determinada,Media Jornada,Sin Data,Grupo Adecco,Sin Data
2026-09-24,Trabajoscom,Guadalajara,Guadalajara,MOZOS/AS DE ALMACÉN - PRODUCTOS FARMACÉUTICOS,1.800 € - 2.000 €,Sin Data,De duracion determinada,Jornada Completa,Sin Data,Temps,Sin Data
2026-09-24,Trabajoscom,Toledo,Majazala,Técnico/a de Recursos Humanos con Máster en PRL,25.000 € - 30.000 €,Sin Data,Indefinido,Jornada Completa,Sin Data,Rieka Talent ETT,Sin Data
2026-09-24,Trabajoscom,Zaragoza,Zaragoza,OPERARIO DE ALMACÉN (CARRETILLERO-MOZO DE ALMACÉN) - Entorno Aeroportuario PEDROLA,Sin Data,Sin Data,De duracion determinada,Jornada Completa,Sin Data,Temps,Sin Data
2026-09-24,Trabajoscom,Barcelona,Barcelona,OFI - PINTOR,Sin Data,Sin Data,De duracion determinada,Jornada Completa,Sin Data,Grupo Adecco,Sin Data
2026-09-24,Trabajoscom,Bizkaia,Bilbao,MONITOR/A DE YOGA - BILBAO,Sin Data,Sin Data,Fijo discontinuo,Trabajo Por Horas,Sin Data,Hartford,Sin Data
2026-09-24,Trabajoscom,Bizkaia,Bilbao,Soldador/a TIG con conocimientos de mecánica básica- Leioa,Sin Data,Sin Data,Indefinido,Jornada Completa,Sin Data,Temps,Sin Data
2026-09-24,Trabajoscom,Tarragona,L' Hospitalet De L'infant,Logopeda,Sin Data,Sin Data,Indefinido,Jornada Indiferente,Sin Data,L'Aula,Sin Data
2026-09-24,Trabajoscom,Madrid,Alcalá De Henares,Mozo/a de almacen-preparacion de pedidos,Sin Data,Sin Data,De duracion determinada,Jornada Completa,Sin Data,Temps,Sin Data
2026-09-24,Trabajoscom,Madrid,Valdemoro,Operario/a de Producción con carretilla,Sin Data,Sin Data,De duracion determinada,Jornada Completa,Sin Data,Grupo Adecco,Sin Data
2026-09-24,Trabajoscom,Bizkaia,Bilbao,MONITOR/A DE GIMNASIA - BILBAO,Sin Data,Sin Data,Fijo discontinuo,Trabajo Por Horas,Sin Data,Hartford,Sin Data
2026-09-24,Trabajoscom,Madrid,Madrid,¿Experiencia Att. Público? Te estamos buscando,Sin Data,Sin Data,Indefinido,Jornada Completa,Sin Data,Grupo Adecco,Sin Data
2026-09-24,Trabajoscom,Madrid,Tres Cantos,Asistencia técnico/a sector farmacéutico disponibilidad geográfica,Sin Data,Sin Data,Indefinido,Jornada Completa,Sin Data,Grupo Adecco,Sin Data
2026-09-24,Trabajoscom,Madrid,Getafe,Preparador/a Hot Dog 32 horas. Madrid  Zona Chamartín.,Sin Data,Sin Data,Indefinido,Jornada Indiferente,Sin Data,Grupo DIA,Sin Data
2026-09-24,Trabajoscom,Barcelona,Todo Barcelona,TÉCNICO/A DE APROVISIONAMIENTO DE RECAMBIOS,Sin Data,Sin Data,Indefinido,Jornada Indiferente,Sin Data,RAS Interim - Recruiting,Sin Data
2026-09-24,Trabajoscom,Alicante,Orihuela,Cajero/a Reponedor/a en Alicante,Sin Data,Sin Data,Indefinido,Jornada Indiferente,Sin Data,Grupo DIA,Sin Data
2026-09-24,Trabajoscom,Alicante,Orihuela,"Cajero/a Reponedor/a en Benidorm, Alicante",Sin Data,Sin Data,Indefinido,Jornada Indiferente,Sin Data,Grupo DIA,Sin Data
2026-09-24,Trabajoscom,Barcelona,Martorell,ADMINISTRATIVO/A COMERCIAL - SECTOR METALÚRGICO,Sin Data,Sin Data,Indefinido,Jornada Indiferente,Sin Data,RAS Interim,Sin Data
2026-09-24,Trabajoscom,Valencia,Valencia,RESPONSABLE DE PRODUCCIÓN,Sin Data,Sin Data,Indefinido,Jornada Indiferente,Sin Data,RAS Interim - Recruiting,Sin Data
2026-09-24,Trabajoscom,Barcelona,Mataro,OPERARIO/A DE MONTAJE,Sin Data,Sin Data,Indefinido,Jornada Indiferente,Sin Data,RAS Interim,Sin Data
2026-09-24,Trabajoscom,Barcelona,Mataro,OPERARIO/A INDUSTRIAL,Sin Data,Sin Data,Indefinido,Jornada Indiferente,Sin Data,RAS Interim,Sin Data
2026-09-24,Trabajoscom,Alicante,Orihuela,"Cajero/a Reponedor/a en Agost, Alicante",Sin Data,Sin Data,Indefinido,Jornada Indiferente,Sin Data,Grupo DIA,Sin Data
2026-09-24,Trabajoscom,Burgos,Miranda De Ebro,Cajero/a Reponedor/a 40H BEASAIN TEMPORAL,Sin Data,Sin Data,Indefinido,Jornada Indiferente,Sin Data,Grupo DIA,Sin Data
2026-09-24,Trabajoscom,Valencia,Puçol,ELECTROMECANICO/A INDUSTRIAL (PUZOL) CON DESPLAZAMIENTOS NACIONALES,Sin Data,Sin Data,Indefinido,Jornada Indiferente,Sin Data,RAS Interim,Sin Data
2026-09-24,Trabajoscom,Valencia,Museros,SOLDADOR/A (MUSEROS),Sin Data,Sin Data,Indefinido,Jornada Indiferente,Sin Data,RAS Interim,Sin Data
2026-09-24,Trabajoscom,Valladolid,Valladolid,Cajeros/as-Reponedores/as - Saldaña- 40 horas semanales,Sin Data,Sin Data,Indefinido,Jornada Indiferente,Sin Data,Grupo DIA,Sin Data
2026-09-24,Trabajoscom,Badajoz,Merida,Cajero/a Reponedor/a Plasencia 32h Indefinido,Sin Data,Sin Data,Indefinido,Jornada Indiferente,Sin Data,Grupo DIA,Sin Data
2026-09-24,Trabajoscom,Sevilla,Dos Hermanas,PANADERO/A ISLA CRISTINA (HUELVA) 21 HORAS SEMANALES,Sin Data,Sin Data,Indefinido,Jornada Indiferente,Sin Data,Grupo DIA,Sin Data
2026-09-24,Trabajoscom,Barcelona,Todo Barcelona,MANIPULADOR/A,Sin Data,Sin Data,Indefinido,Jornada Indiferente,Sin Data,RAS Interim,Sin Data
2026-09-24,Trabajoscom,Gipuzkoa,Donostia-San Sebastian,Únete a nuestro equipo - BRETXA,Sin Data,Sin Data,Indefinido,Media Jornada,Sin Data,Restaurantes McDonalds,Sin Data
2026-09-24,Trabajoscom,Sevilla,Gines,Únete a nuestro equipo Sevilla Gines,Sin Data,Sin Data,Indefinido,Media Jornada,Sin Data,Restaurantes McDonalds,Sin Data
2026-09-24,Trabajoscom,Sevilla,Camas,Únete a nuestro equipo McDonald's Camas,Sin Data,Sin Data,Indefinido,Media Jornada,Sin Data,Restaurantes McDonalds,Sin Data
2026-09-24,Trabajoscom,S.C. Tenerife,Santa Cruz De Tenerife,Únete a nuestro equipo. McDonald's La Laguna,Sin Data,Sin Data,Indefinido,Media Jornada,Sin Data,Restaurantes McDonalds,Sin Data
2026-09-24,Trabajoscom,S.C. Tenerife,San Isidro De Abona,#5 - Únete a nuestro equipo. McDonald's San Isidro,Sin Data,Sin Data,Indefinido,Media Jornada,Sin Data,Restaurantes McDonalds,Sin Data
2026-09-24,Trabajoscom,S.C. Tenerife,Adeje,#5 - Únete a nuestro equipo. McDonald's Playa de las Américas,Sin Data,Sin Data,Indefinido,Jornada Indiferente,Sin Data,Restaurantes McDonalds,Sin Data
2026-09-24,Trabajoscom,Valencia,Aldaia,Únete a nuestro equipo. McDonald's Aldaya,Sin Data,Sin Data,Indefinido,Jornada Indiferente,Sin Data,Restaurantes McDonalds,Sin Data
2026-09-24,Trabajoscom,S.C. Tenerife,San Miguel De Abona,Únete a nuestro equipo. McDonald's Chafiras,Sin Data,Sin Data,Indefinido,Jornada Indiferente,Sin Data,Restaurantes McDonalds,Sin Data
2026-09-24,Trabajoscom,Madrid,Madrid,Únete a nuestro equipo. Aeropuerto Barajas T4,Sin Data,Sin Data,Indefinido,Media Jornada,Sin Data,Restaurantes McDonalds,Sin Data
2026-09-24,Trabajoscom,Barcelona,Barcelona,Únete a nuestro equipo. McDonald's Villa Olímpica,Sin Data,Sin Data,Indefinido,Media Jornada,Sin Data,Restaurantes McDonalds,Sin Data
2026-09-24,Trabajoscom,Baleares,Palma De Mallorca,Únete a nuestro equipo. McDonald's Palma Pio XII (Zona Borne),Sin Data,Sin Data,Indefinido,Media Jornada,Sin Data,Restaurantes McDonalds,Sin Data
2026-09-24,Trabajoscom,S.C. Tenerife,Santa Cruz De Tenerife,Únete a nuestro equipo McDonald's La Carlota,Sin Data,Sin Data,Indefinido,Media Jornada,Sin Data,Restaurantes McDonalds,Sin Data
2026-09-24,Trabajoscom,Barcelona,Sant Boi De Llobregat,Únete a nuestro equipo. McDonald's Sant Boi,Sin Data,Sin Data,Indefinido,Media Jornada,Sin Data,Restaurantes McDonalds,Sin Data
2026-09-24,Trabajoscom,Baleares,Palma De Mallorca,"Únete a nuestro equipo. McDonald's Cas Capiscol, Palma de Mallorca",Sin Data,Sin Data,Indefinido,Media Jornada,Sin Data,Restaurantes McDonalds,Sin Data
2026-09-24,Trabajoscom,S.C. Tenerife,Candelaria,Únete a nuestro equipo. McDonald's Caletillas,Sin Data,Sin Data,Indefinido,Media Jornada,Sin Data,Restaurantes McDonalds,Sin Data
2026-09-24,Trabajoscom, Barcelona, Barcelona,Técnico/a de Garantía de Calidad,Sin Data,Sin Data,Indefinido,Jornada Completa,Sin Data,Iman Temporing,Sin Data
2026-09-24,Trabajoscom, Guadalajara, Guadalajara,PERSONAL DE LIMPIEZA DE FABRICA,Sin Data,Sin Data,De duracion determinada,Jornada Completa,Sin Data,Iman Temporing,Sin Data
2026-09-24,Trabajoscom, Valencia, Valencia,Encajador/a de cítricos Sollana campaña 26-27,Sin Data,Sin Data,De duracion determinada,Jornada Completa,Sin Data,Crit Interim España ETT,Sin Data
2026-09-24,Trabajoscom, Barcelona, Barcelona,Vigilante de Seguridad Terrassa (Plus €) - Tienda Alimentación Premium,Sin Data,Sin Data,Indefinido,Jornada Completa,Sin Data,Iman Seguridad,Sin Data
2026-09-24,Trabajoscom, Alicante, Alicante,Técnico/a Calidad y Procesos,23.500 € - 24.000 €,Sin Data,Indefinido,Jornada Completa,Sin Data,Iman Temporing,Sin Data
2026-09-24,Trabajoscom, Madrid, Madrid,Responsable Territorial de Hospitality Zona Centro,Sin Data,Sin Data,De duracion determinada,Jornada Completa,Sin Data,DomusVi,Sin Data
2026-09-24,Trabajoscom, Bizkaia, Bizkaia,Capataz y Jefe/a de almacén,Sin Data,Sin Data,De duracion determinada,Jornada Completa,Sin Data,Crit Interim España ETT,Sin Data
2026-09-24,Trabajoscom, Granada, Granada,Asistente de Logística (H/M),21.000 € - 25.000 €,Sin Data,Indefinido,Jornada Completa,Sin Data,Crit Interim España ETT,Sin Data
2026-09-24,Trabajoscom, Málaga, Málaga,Operario/a ensamblaje PTA,Sin Data,Sin Data,De duracion determinada,Jornada Completa,Sin Data,Crit Interim España ETT,Sin Data
2026-09-24,Trabajoscom, Málaga, Málaga,Operario/a de testeo electrónico PTA,Sin Data,Sin Data,De duracion determinada,Jornada Completa,Sin Data,Crit Interim España ETT,Sin Data
2026-09-24,Trabajoscom, Barcelona, Barcelona,OPERARIO/A SECTOR METAL CON CARRETILLA FRONTAL Y PUENTE GRÚA,Sin Data,Sin Data,De duracion determinada,Jornada Completa,Sin Data,Iman Temporing,Sin Data
2026-09-24,Trabajoscom, Bizkaia, Bizkaia,Operario/a Mecanizado,Sin Data,Sin Data,De duracion determinada,Jornada Completa,Sin Data,Iman Temporing,Sin Data
2026-09-24,Trabajoscom, Barcelona, Barcelona,Operario/a producción metal,Sin Data,Sin Data,De duracion determinada,Jornada Completa,Sin Data,Iman Temporing,Sin Data
2026-09-24,Trabajoscom, Jaén, Jaén,Operario/a fabricación y montaje,Sin Data,Sin Data,De duracion determinada,Jornada Completa,Sin Data,Crit Interim España ETT,Sin Data
2026-09-24,Trabajoscom, Jaén, Jaén,Operario/a de montaje,Sin Data,Sin Data,De duracion determinada,Jornada Completa,Sin Data,Crit Interim España ETT,Sin Data
2026-09-24,Trabajoscom, Jaén, Jaén,Ingeniero/a Mecánico/a Maquinaria Industrial,Sin Data,Sin Data,Indefinido,Jornada Completa,Sin Data,Crit Interim España ETT,Sin Data
2026-09-24,Trabajoscom, Granada, Granada,AYUDANTE DE CAMARERO/A EXTRA HOTEL 4*,12 € - 14 €,Sin Data,Indefinido,Jornada Indiferente,Sin Data,Pacto,Sin Data
2026-09-24,Trabajoscom, Zaragoza, Zaragoza,Electromecánico/a,35.000 €,Sin Data,Indefinido,Jornada Completa,Sin Data,Pacto,Sin Data
2026-09-24,Trabajoscom, Barcelona, Barcelona,Operario/a montaje sector electrónico,27.716 €,Sin Data,De duracion determinada,Jornada Completa,Sin Data,Iman Temporing,Sin Data
2026-09-24,Trabajoscom, Zaragoza, Zaragoza,Mozo almacén (La Muela),Sin Data,Sin Data,De duracion determinada,Jornada Completa,Sin Data,Crit Interim España ETT,Sin Data
2026-09-24,Trabajoscom, Barcelona, Barcelona,Jefe/a de Grupo (Edificación) en Tenerife,Sin Data,Sin Data,Indefinido,Jornada Completa,Sin Data,Iman Global Consulting,Sin Data
2026-09-24,Trabajoscom, Madrid, Madrid,Técnico/a de Estudios y Presupuestos (Reformas residenciales) en Madrid,Sin Data,Sin Data,Indefinido,Jornada Completa,Sin Data,Iman Global Consulting,Sin Data
2026-09-24,Trabajoscom, Navarra, Navarra,Auxiliar administrativo/a almacen,Sin Data,Sin Data,De duracion determinada,Jornada Completa,Sin Data,Iman Temporing,Sin Data
2026-09-24,Trabajoscom, Zaragoza, Zaragoza,Encargado/a de Obra en Zaragoza,Sin Data,Sin Data,Indefinido,Jornada Completa,Sin Data,Iman Global Consulting,Sin Data
2026-09-24,Trabajoscom, Madrid, Madrid,Técnico/a Comercial,Sin Data,Sin Data,Indefinido,Jornada Completa,Sin Data,Crit Interim España ETT,Sin Data
2026-09-24,Trabajoscom, Sevilla, Sevilla,Prácticas Área Laboral | Sevilla,Sin Data,Sin Data,Formativo,Media Jornada,Sin Data,Iman Temporing,Sin Data
2026-09-24,Trabajoscom, Guadalajara, Guadalajara,Personal de almacén,Sin Data,Sin Data,De duracion determinada,Jornada Completa,Sin Data,Crit Interim España ETT,Sin Data
2026-09-24,Trabajoscom, Barcelona, Barcelona,Chofer/a Carnet C + CAP,Sin Data,Sin Data,Indefinido,Jornada Completa,Sin Data,Pacto,Sin Data
2026-09-24,Trabajoscom, Valencia, Valencia,Operario/a Montajes e Instalaciones para 1 mes,Sin Data,Sin Data,De duracion determinada,Jornada Completa,Sin Data,Iman Temporing,Sin Data
2026-09-24,Trabajoscom, Barcelona, Barcelona,Mozo/a de almacén,18.557 €,Sin Data,De duracion determinada,Jornada Completa,Sin Data,Iman Temporing,Sin Data
2026-09-24,Trabajoscom, Bizkaia, Bizkaia,Repartidor/a furgoneta (alimentación),Sin Data,Sin Data,De duracion determinada,Jornada Completa,Sin Data,Iman Temporing,Sin Data
2026-09-24,Trabajoscom, Lugo, Lugo,Administrativo/a,21.000 € - 25.000 €,Sin Data,De duracion determinada,Jornada Completa,Sin Data,Iman Temporing,Sin Data
2026-09-24,Trabajoscom, Valencia, Valencia,Operario/a alimentacion FREIDOR/A - MAQUINISTA,18.000 € - 20.000 €,Sin Data,De duracion determinada,Jornada Completa,Sin Data,Iman Temporing,Sin Data
2026-09-24,Trabajoscom, Asturias, Asturias,Dependiente/a Comercial Telefonía (Mieres),16.576 € - 17.000 €,Sin Data,De duracion determinada,Jornada Completa,Sin Data,Iman Temporing,Sin Data
2026-09-24,Trabajoscom, Murcia, Murcia,Técnico/a de mantenimiento - Fortuna,25.000 € - 28.000 €,Sin Data,Indefinido,Jornada Completa,Sin Data,Crit Interim España ETT,Sin Data
2026-09-24,Trabajoscom, Barcelona, Barcelona,Mozos/a conductor/a-lavacoches(rent a car) MALGRAT,17.094 €,Sin Data,De duracion determinada,Jornada Completa,Sin Data,Citius Solutions,Sin Data
2026-09-24,Trabajoscom, Zaragoza, Zaragoza,Auxiliar Administrativo/a (Temporal),Sin Data,Sin Data,De duracion determinada,Jornada Completa,Sin Data,Crit Interim España ETT,Sin Data
2026-09-24,Trabajoscom, Barcelona, Barcelona,Técnico/a de mantenimiento,Sin Data,Sin Data,De duracion determinada,Jornada Completa,Sin Data,Iman Temporing,Sin Data
2026-09-24,Trabajoscom, Málaga, Málaga,Conductor/a Tráiler Nacional - Málaga,Sin Data,Sin Data,Indefinido,Jornada Completa,Sin Data,Iman Global Consulting,Sin Data
2026-09-24,Trabajoscom, Lleida, Lleida,Soldadores/as y operarios/as del metal,Sin Data,Sin Data,De duracion determinada,Jornada Completa,Sin Data,Iman Temporing,Sin Data
2026-09-24,Trabajoscom, Navarra, Navarra,TÉCNICO/A PRL,35.000 € - 38.000 €,Sin Data,Indefinido,Jornada Completa,Sin Data,Iman Temporing,Sin Data
2026-09-24,Trabajoscom, A Coruña, A Coruña,OPERARIO/A DE PRODUCCIÓN,Sin Data,Sin Data,Indefinido,Jornada Completa,Sin Data,Iman Temporing,Sin Data
2026-09-24,Trabajoscom, Valencia, Valencia,Repartidor/a para hosteleria,20.000 € - 21.000 €,Sin Data,De duracion determinada,Jornada Completa,Sin Data,Iman Temporing,Sin Data
2026-09-24,Trabajoscom, Barcelona, Barcelona,Control de accesos- att cliente,Sin Data,Sin Data,Indefinido,Jornada Completa,Sin Data,Iman Corporation,Sin Data
2026-09-24,Trabajoscom, Madrid, Madrid,Operario/a con carretilla. Planta de reciclaje metal.,Sin Data,Sin Data,De duracion determinada,Jornada Completa,Sin Data,Iman Temporing,Sin Data
2026-09-24,Trabajoscom, Araba, Araba,Consultor/a RRHH - Vitoria,Sin Data,Sin Data,Indefinido,Jornada Completa,Sin Data,Iman Temporing,Sin Data
2026-09-24,Trabajoscom, Valencia, Valencia,Operario/as de Prensas (Incorporación Directa),Sin Data,Sin Data,Indefinido,Jornada Completa,Sin Data,Pacto,Sin Data
2026-09-24,Trabajoscom, Murcia, Murcia,Operario/a de producción,Sin Data,Sin Data,De duracion determinada,Jornada Completa,Sin Data,Crit Interim España ETT,Sin Data
2026-09-24,Trabajoscom, Murcia, Murcia,Técnico/a de calidad - Santomera,Sin Data,Sin Data,De duracion determinada,Jornada Completa,Sin Data,Crit Interim España ETT,Sin Data
2026-09-24,Trabajoscom, Lleida, Lleida,Consultor o Consultora SAP Business One,Sin Data,Sin Data,Indefinido,Jornada Completa,Sin Data,Crit Interim España ETT,Sin Data
2026-09-24,Trabajoscom, Navarra, Navarra,Mozo/a Almacén,18.000 € - 19.000 €,Sin Data,De duracion determinada,Jornada Completa,Sin Data,Lis,Sin Data
2026-09-24,Trabajoscom, Murcia, Murcia,Electromecánico/a Industrial,Sin Data,Sin Data,Indefinido,Jornada Completa,Sin Data,Crit Interim España ETT,Sin Data
2026-09-24,Trabajoscom, Murcia, Murcia,Personal de Limpieza Industrial,Sin Data,Sin Data,Indefinido,Jornada Completa,Sin Data,Crit Interim España ETT,Sin Data
2026-09-24,Trabajoscom, Barcelona, Barcelona,Vigilantes Fines de semana  - Plus de Bienvenida,Sin Data,Sin Data,Indefinido,Jornada Indiferente,Sin Data,Iman Seguridad,Sin Data
2026-09-24,Trabajoscom, Madrid, Madrid,Operario/a de Producción - Artes Gráficas,20.000 € - 25.000 €,Sin Data,De duracion determinada,Jornada Completa,Sin Data,Crit Interim España ETT,Sin Data
2026-09-24,Trabajoscom, Barcelona, Barcelona,Fisioterapeuta - Centro Residencial de nueva apertura DomusVi Gavà Ciutat,Sin Data,Sin Data,Indefinido,Jornada Indiferente,Sin Data,DomusVi,Sin Data
2026-09-24,Trabajoscom, Barcelona, Barcelona,Mozo/a conductor/a-lavacoches(Rent a car)- BCN,17.094 €,Sin Data,De duracion determinada,Jornada Completa,Sin Data,Citius Solutions,Sin Data
2026-09-24,Trabajoscom, Sevilla, Sevilla,Mozo/a Fruta Mercasevilla con carretilla,Sin Data,Sin Data,De duracion determinada,Jornada Completa,Sin Data,Iman Temporing,Sin Data
2026-09-24,Trabajoscom, Bizkaia, Bizkaia,Operario/a Producción,Sin Data,Sin Data,De duracion determinada,Jornada Completa,Sin Data,Iman Temporing,Sin Data
2026-09-24,Trabajoscom, Toledo, Toledo,Fisioterapeuta Centro Residencial DomusVi Illescas,Sin Data,Sin Data,De duracion determinada,Jornada Indiferente,Sin Data,DomusVi,Sin Data
2026-09-24,Trabajoscom, Madrid, Madrid,Enfermero/a - DUE Centro Residencial DomusVi Arturo Soria,Sin Data,Sin Data,Indefinido,Jornada Completa,Sin Data,DomusVi,Sin Data
2026-09-24,Trabajoscom, Navarra, Navarra,Técnico/a Calidad recorrido de linea,Sin Data,Sin Data,De duracion determinada,Jornada Completa,Sin Data,Iman Temporing,Sin Data
2026-09-24,Trabajoscom, Córdoba, Córdoba,Cocineros/as EXTRAS - HOTEL 4** VILLAHARTA,Sin Data,Sin Data,Indefinido,Jornada Completa,Sin Data,Pacto,Sin Data
2026-09-24,Trabajoscom, Madrid, Madrid,Ingeniero/a de Seguridad y PCI,Sin Data,Sin Data,Indefinido,Jornada Completa,Sin Data,Crit Interim España ETT,Sin Data
2026-09-24,Trabajoscom,Madrid,Madrid,Técnico Comercial | Material Eléctrico,35.000 € - 40.000 €,Sin Data,Indefinido,Jornada Completa,Sin Data,Michael Page,Sin Data
2026-09-24,Trabajoscom,Barcelona,Barcelona,Export Business Development - Sistemas de Sujeción,45.000 €,Sin Data,Indefinido,Jornada Completa,Sin Data,Michael Page,Sin Data
2026-09-24,Trabajoscom,León,Leon,QA Engineer,28.000 € - 45.000 €,Sin Data,Indefinido,Jornada Completa,Sin Data,Michael Page,Sin Data
2026-09-24,Trabajoscom,Zaragoza,Zaragoza,Técnico/a de mecanizado,27.000 € - 33.000 €,Sin Data,Indefinido,Jornada Completa,Sin Data,Michael Page,Sin Data
2026-09-24,Trabajoscom,Madrid,Madrid,Project Manager Robótica y Automatización,40.000 € - 42.000 €,Sin Data,Indefinido,Jornada Completa,Sin Data,Michael Page,Sin Data
2026-09-24,Trabajoscom,Barcelona,Barcelona,Administrativo/a logistica junior temporal - Cornellá,20.000 € - 21.000 €,Sin Data,Indefinido,Jornada Completa,Sin Data,Michael Page,Sin Data
2026-09-24,Trabajoscom,Bizkaia,Bilbao,Delegado/a Comercial Control de Plagas,23.000 € - 25.000 €,Sin Data,Indefinido,Jornada Completa,Sin Data,Michael Page,Sin Data
2026-09-24,Trabajoscom,Madrid,Madrid,Administrativo Jurídico - Gestión documental,25.000 € - 27.000 €,Sin Data,Indefinido,Jornada Completa,Sin Data,Michael Page,Sin Data
2026-09-24,Trabajoscom,Madrid,Madrid,Ingeniero de Proyectos. Estaciones de servicio,40.000 € - 41.000 €,Sin Data,Indefinido,Jornada Completa,Sin Data,Michael Page,Sin Data
2026-09-24,Trabajoscom,Valladolid,Valladolid,Operador/a de Mantenimiento de Plantas Fotovoltaicas,26.000 € - 29.000 €,Sin Data,Indefinido,Jornada Completa,Sin Data,Michael Page,Sin Data
2026-09-24,Trabajoscom,Sevilla,Sevilla,Topógrafo,35.000 € - 43.000 €,Sin Data,Indefinido,Jornada Completa,Sin Data,Michael Page,Sin Data
2026-09-24,Trabajoscom, Murcia, Murcia,Personal Administrativo Comercial Beniel,Sin Data,Sin Data,Indefinido,Jornada Completa,Sin Data,Crit Interim España ETT,Sin Data
2026-09-24,Trabajoscom, Valencia, Valencia,Operario/a automoción Llíria,21.000 € - 24.000 €,Sin Data,De duracion determinada,Jornada Completa,Sin Data,Iman Temporing,Sin Data
2026-09-24,Trabajoscom, Madrid, Madrid,Técnico/a Laboral para Gestoría,Sin Data,Sin Data,Indefinido,Jornada Completa,Sin Data,Crit Interim España ETT,Sin Data
2026-09-24,Trabajoscom, Valladolid, Valladolid,Técnico/a de Comercio y Logística en Tordesillas (Valladolid),29.856 € - 30.000 €,Sin Data,Indefinido,Jornada Completa,Sin Data,Iman Global Consulting,Sin Data
2026-09-24,Trabajoscom, Madrid, Madrid,Operario de Taller - Sector Metal,21.000 € - 22.000 €,Sin Data,De duracion determinada,Jornada Completa,Sin Data,Crit Interim España ETT,Sin Data
2026-09-24,Trabajoscom, Barcelona, Barcelona,Manipulador/a - Polinyà,17.600 €,Sin Data,De duracion determinada,Jornada Completa,Sin Data,Pacto,Sin Data
2026-09-24,Trabajoscom, Araba, Araba,Ingeniero/a de obra civil - indefinido,38.000 € - 44.000 €,Sin Data,Indefinido,Jornada Completa,Sin Data,Crit Interim España ETT,Sin Data
2026-09-24,Trabajoscom, Granada, Granada,Mecánico/a de Automóviles,Sin Data,Sin Data,Indefinido,Jornada Completa,Sin Data,Crit Interim España ETT,Sin Data
2026-09-24,Trabajoscom,Sevilla,Gines,Únete a nuestro equipo Sevilla Gines,Sin Data,Sin Data,Indefinido,Media Jornada,Sin Data,Restaurantes McDonalds,Sin Data
2026-09-24,Trabajoscom,S.C. Tenerife,Adeje,#5 - Únete a nuestro equipo. McDonald's Playa de las Américas,Sin Data,Sin Data,Indefinido,Jornada Indiferente,Sin Data,Restaurantes McDonalds,Sin Data
2026-09-24,Trabajoscom,Valencia,Aldaia,Únete a nuestro equipo. McDonald's Aldaya,Sin Data,Sin Data,Indefinido,Jornada Indiferente,Sin Data,Restaurantes McDonalds,Sin Data
2026-09-24,Trabajoscom,S.C. Tenerife,San Miguel De Abona,Únete a nuestro equipo. McDonald's Chafiras,Sin Data,Sin Data,Indefinido,Jornada Indiferente,Sin Data,Restaurantes McDonalds,Sin Data
2026-09-24,Trabajoscom,Madrid,Madrid,Únete a nuestro equipo. Aeropuerto Barajas T4,Sin Data,Sin Data,Indefinido,Media Jornada,Sin Data,Restaurantes McDonalds,Sin Data
2026-09-24,Trabajoscom,Baleares,Palma De Mallorca,"Únete a nuestro equipo. McDonald's Cas Capiscol, Palma de Mallorca",Sin Data,Sin Data,Indefinido,Media Jornada,Sin Data,Restaurantes McDonalds,Sin Data
2026-09-24,Trabajoscom,S.C. Tenerife,Candelaria,Únete a nuestro equipo. McDonald's Caletillas,Sin Data,Sin Data,Indefinido,Media Jornada,Sin Data,Restaurantes McDonalds,Sin Data
2026-09-24,Trabajoscom,S.C. Tenerife,Santa Cruz De Tenerife,Únete a nuestro equipo McDonald's La Carlota,Sin Data,Sin Data,Indefinido,Media Jornada,Sin Data,Restaurantes McDonalds,Sin Data
2026-09-24,Trabajoscom,S.C. Tenerife,San Isidro De Abona,#5 - Únete a nuestro equipo. McDonald's San Isidro,Sin Data,Sin Data,Indefinido,Media Jornada,Sin Data,Restaurantes McDonalds,Sin Data
2026-09-24,Trabajoscom,S.C. Tenerife,Santa Cruz De Tenerife,Únete a nuestro equipo. McDonald's La Laguna,Sin Data,Sin Data,Indefinido,Media Jornada,Sin Data,Restaurantes McDonalds,Sin Data
2026-09-24,Trabajoscom,Barcelona,Barcelona,Únete a nuestro equipo. McDonald's Villa Olímpica,Sin Data,Sin Data,Indefinido,Media Jornada,Sin Data,Restaurantes McDonalds,Sin Data
2026-09-24,Trabajoscom,Barcelona,Sant Boi De Llobregat,Únete a nuestro equipo. McDonald's Sant Boi,Sin Data,Sin Data,Indefinido,Media Jornada,Sin Data,Restaurantes McDonalds,Sin Data
2026-09-24,Trabajoscom,Baleares,Palma De Mallorca,Únete a nuestro equipo. McDonald's Palma Pio XII (Zona Borne),Sin Data,Sin Data,Indefinido,Media Jornada,Sin Data,Restaurantes McDonalds,Sin Data
2026-09-24,Trabajoscom,Sevilla,Sevilla,Oficiales Electricistas Sevilla,2.000 € - 2.200 €,Sin Data,Fijo discontinuo,Jornada Completa,Sin Data,Franmar Work Solution,Sin Data
2026-09-24,Trabajoscom,La Rioja,Calahorra,CHOFER TRAILER CARNET C + CAP,Sin Data,Sin Data,Indefinido,Media Jornada,Sin Data,Grupo Adecco,Sin Data
2026-09-24,Trabajoscom,Barcelona,Pallejà,Ayudante de Maquinista Offset,Sin Data,Sin Data,De duracion determinada,Jornada Completa,Sin Data,Grupo Adecco,Sin Data
2026-09-24,Trabajoscom,Zaragoza,Zaragoza,Limpiador/a,Sin Data,Sin Data,Indefinido,Media Jornada,Sin Data,Temps,Sin Data
2026-09-24,Trabajoscom,Madrid,Madrid,Operarios/as de impresión offset - rotativos- Zona Valdeolmos Alalpardo,18.000 € - 20.000 €,Sin Data,De duracion determinada,Jornada Completa,Sin Data,Temps,Sin Data
2026-09-24,Trabajoscom,Palencia,Todo Palencia,Deshuesador/a de Vacuno en Goedegebuur con Alojamiento Incluido | Róterdam,18 € - 21 €,Sin Data,Indefinido,Jornada Intensiva,Sin Data,OTTO Work Force,Sin Data
2026-09-24,Trabajoscom,Málaga,Todo Málaga,Deshuesador/a de Vacuno en Goedegebuur con Alojamiento Incluido | Róterdam,18 € - 21 €,Sin Data,Indefinido,Jornada Intensiva,Sin Data,OTTO Work Force,Sin Data
2026-09-24,Trabajoscom,Salamanca,Todo Salamanca,Deshuesador/a de Vacuno en Goedegebuur con Alojamiento Incluido | Róterdam,18 € - 21 €,Sin Data,Indefinido,Jornada Intensiva,Sin Data,OTTO Work Force,Sin Data
2026-09-24,Trabajoscom,Melilla,Todo Melilla,Deshuesador/a de Vacuno en Goedegebuur con Alojamiento Incluido | Róterdam,18 € - 21 €,Sin Data,Indefinido,Jornada Intensiva,Sin Data,OTTO Work Force,Sin Data
2026-09-24,Trabajoscom,Lleida,Todo Lleida,Deshuesador/a de Vacuno en Goedegebuur con Alojamiento Incluido | Róterdam,18 € - 21 €,Sin Data,Indefinido,Jornada Intensiva,Sin Data,OTTO Work Force,Sin Data
2026-09-24,Trabajoscom,Murcia,Todo Murcia,Deshuesador/a de Vacuno en Goedegebuur con Alojamiento Incluido | Róterdam,18 € - 21 €,Sin Data,Indefinido,Jornada Intensiva,Sin Data,OTTO Work Force,Sin Data
2026-09-24,Trabajoscom,Valencia,Todo Valencia,Deshuesador/a de Vacuno en Goedegebuur con Alojamiento Incluido | Róterdam,18 € - 21 €,Sin Data,Indefinido,Jornada Intensiva,Sin Data,OTTO Work Force,Sin Data
2026-09-24,Trabajoscom,Badajoz,Todo Badajoz,Deshuesador/a de Vacuno en Goedegebuur.  Contrato indefinido y Alojamiento | Róterdam,18 € - 21 €,Sin Data,Indefinido,Jornada Intensiva,Sin Data,OTTO Work Force,Sin Data
2026-09-24,Trabajoscom,Cantabria,Todo Cantabria,Deshuesador/a de Vacuno en Goedegebuur.  Contrato indefinido y Alojamiento | Róterdam,18 € - 21 €,Sin Data,Indefinido,Jornada Intensiva,Sin Data,OTTO Work Force,Sin Data
2026-09-24,Trabajoscom,Cádiz,Todo Cádiz,Deshuesador/a de Vacuno en Goedegebuur.  Contrato indefinido y Alojamiento | Róterdam,18 € - 21 €,Sin Data,Indefinido,Jornada Intensiva,Sin Data,OTTO Work Force,Sin Data
2026-09-24,Trabajoscom,Real,Todo Real,Deshuesador/a de Vacuno en Goedegebuur.  Contrato indefinido y Alojamiento | Róterdam,18 € - 21 €,Sin Data,Indefinido,Jornada Intensiva,Sin Data,OTTO Work Force,Sin Data
2026-09-24,Trabajoscom,Ávila,Todo Ávila,Deshuesador/a de Vacuno en Goedegebuur.  Contrato indefinido y Alojamiento | Róterdam,18 € - 21 €,Sin Data,Indefinido,Jornada Intensiva,Sin Data,OTTO Work Force,Sin Data
2026-09-24,Trabajoscom,Pontevedra,Todo Pontevedra,Deshuesador/a de Vacuno en Goedegebuur.  Contrato indefinido y Alojamiento | Róterdam,18 € - 21 €,Sin Data,Indefinido,Jornada Intensiva,Sin Data,OTTO Work Force,Sin Data
2026-09-24,Trabajoscom,Navarra,Todo Navarra,Deshuesador/a de Vacuno en Goedegebuur.  Contrato indefinido y Alojamiento | Róterdam,18 € - 21 €,Sin Data,Indefinido,Jornada Intensiva,Sin Data,OTTO Work Force,Sin Data
2026-09-24,Trabajoscom,Guadalajara,Todo Guadalajara,Deshuesador/a de Vacuno en Goedegebuur.  Contrato indefinido y Alojamiento | Róterdam,18 € - 21 €,Sin Data,Indefinido,Jornada Intensiva,Sin Data,OTTO Work Force,Sin Data
2026-09-24,Trabajoscom,Málaga,Todo Málaga,Deshuesador/a de Vacuno en Goedegebuur.  Contrato indefinido y Alojamiento | Róterdam,18 € - 21 €,Sin Data,Indefinido,Jornada Intensiva,Sin Data,OTTO Work Force,Sin Data
2026-09-24,Trabajoscom,Huelva,Todo Huelva,Deshuesador/a de Vacuno en Goedegebuur.  Contrato indefinido y Alojamiento | Róterdam,18 € - 21 €,Sin Data,Indefinido,Jornada Intensiva,Sin Data,OTTO Work Force,Sin Data
2026-09-24,Trabajoscom,Bizkaia,Bilbao,Operarios/as para la Sección de Acabados,Sin Data,Sin Data,De duracion determinada,Jornada Completa,Sin Data,Temps,Sin Data
2026-09-24,Trabajoscom,Valencia,Quart De Poblet,COMERCIAL CARRETILLAS ELEVADORAS VALENCIA,Sin Data,Sin Data,Indefinido,Jornada Completa,Sin Data,Intertrac,Sin Data
2026-09-24,Trabajoscom,Gipuzkoa,Todo Gipuzkoa,Delegado/a en Gipuzkoa,Sin Data,Sin Data,Indefinido,Jornada Completa,Sin Data,AdegiLan,Sin Data
2026-09-24,Trabajoscom,Gipuzkoa,Todo Gipuzkoa,Electrónico/a,Sin Data,Sin Data,Indefinido,Jornada Completa,Sin Data,AdegiLan,Sin Data
2026-09-24,Trabajoscom,Gipuzkoa,Todo Gipuzkoa,CALDERERO/A,Sin Data,Sin Data,Indefinido,Jornada Completa,Sin Data,AdegiLan,Sin Data
2026-09-24,Trabajoscom,Bizkaia,Todo Bizkaia,Técnico/Técnica en Sistemas Informáticos y de Redes,Sin Data,Sin Data,De duracion determinada,Jornada Completa,Sin Data,AdegiLan,Sin Data
2026-09-24,Trabajoscom,Gipuzkoa,Todo Gipuzkoa,Tecnico/a de PRL y Medio Ambiente,Sin Data,Sin Data,Indefinido,Jornada Completa,Sin Data,AdegiLan,Sin Data
2026-09-24,Trabajoscom,Gipuzkoa,Todo Gipuzkoa,Responsable Comercial de Formación B2C,Sin Data,Sin Data,Indefinido,Jornada Completa,Sin Data,AdegiLan,Sin Data
2026-09-24,Trabajoscom,Gipuzkoa,Todo Gipuzkoa,DIRECTOR/A FINANCIERO/A,Sin Data,Sin Data,Indefinido,Jornada Completa,Sin Data,AdegiLan,Sin Data
2026-09-24,Trabajoscom,Gipuzkoa,Todo Gipuzkoa,Delegado/a en Gipuzkoa,Sin Data,Sin Data,Indefinido,Jornada Completa,Sin Data,AdegiLan,Sin Data
2026-09-24,Trabajoscom,Gipuzkoa,Todo Gipuzkoa,Electrónico/a,Sin Data,Sin Data,Indefinido,Jornada Completa,Sin Data,AdegiLan,Sin Data
2026-09-24,Trabajoscom,Bizkaia,Todo Bizkaia,Analista de Datos,Sin Data,Sin Data,De duracion determinada,Jornada Completa,Sin Data,AdegiLan,Sin Data
2026-09-24,Trabajoscom,Gipuzkoa,Todo Gipuzkoa,CALDERERO/A,Sin Data,Sin Data,Indefinido,Jornada Completa,Sin Data,AdegiLan,Sin Data
2026-09-24,Trabajoscom,Barcelona,Manresa,INSTAL·LADOR ELECTRIC,2.000 € - 28.000 €,Sin Data,Indefinido,Jornada Completa,Sin Data,Sistemes Elèctrics Manresa,Sin Data
2026-09-24,Trabajoscom,Barcelona,Rubi,Gruista,32.000 € - 33.000 €,Sin Data,Indefinido,Jornada Completa,Sin Data,Vanaguer,Sin Data
2026-09-24,Trabajoscom,Barcelona,Barcelona,TELEOPERADOR/A COMERCIAL - VALENCIA (REMOTO),Sin Data,Sin Data,Indefinido,Media Jornada,Sin Data,Temps,Sin Data
2026-09-24,Trabajoscom,Madrid,Madrid,TÉCNICO/A SENIOR DE NÓMINAS 2,Sin Data,Sin Data,De duracion determinada,Media Jornada,Sin Data,Grupo Adecco,Sin Data
2026-09-24,Trabajoscom,Madrid,Mostoles,Pulidor de piezas metálicas (6326),26.000 € - 30.000 €,Sin Data,Indefinido,Jornada Completa,Sin Data,Human Simbio Consulting,Sin Data
2026-09-24,Trabajoscom,Navarra,Azagra,Técnico /a de Seguridad Alimentaria (Azagra),21.000 € - 23.000 €,Sin Data,Indefinido,Jornada Completa,Sin Data,Temps,Sin Data
2026-09-24,Trabajoscom,Barcelona,Sabadell,MOZO ALMACÉN CON CARRETILLA-SABADELL Y PARETS,Sin Data,Sin Data,De duracion determinada,Jornada Completa,Sin Data,Temps,Sin Data
2026-09-24,Trabajoscom,Madrid,San Sebastián De Los Reyes,Administrativo/a de pagos y facturas con alemán + inglés - Zona San Sebastián de los...,24.000 € - 25.000 €,Sin Data,De duracion determinada,Jornada Completa,Sin Data,Temps,Sin Data
2026-09-24,Trabajoscom,Sevilla,Estepa,TÉCNICO/A MANTENIMIENTO ELECTROMECÁNICO INDUSTRIAL ESTEPA,Sin Data,Sin Data,Indefinido,Jornada Completa,Sin Data,Grupo Adecco,Sin Data
2026-09-24,Trabajoscom,Madrid,Mejorada Del Campo,Conductor/a Camión Rígido o Tráiler con Grúa Pulpo (Carnet C o C+E),Sin Data,Sin Data,Indefinido,Jornada Completa,Sin Data,Temps,Sin Data
2026-09-24,Trabajoscom,Valencia,Valencia,JEFE/A DE PROYECTOS DE INSTALACIONES DE CLIMATIZACIÓN,30.000 € - 33.000 €,Sin Data,Indefinido,Jornada Completa,Sin Data,Temps,Sin Data
2026-09-24,Trabajoscom,Valencia,Algemesí,Técnico Calidad Junior,21.000 € - 25.000 €,Sin Data,Indefinido,Jornada Completa,Sin Data,Temps,Sin Data
2026-09-24,Trabajoscom,Barcelona,Todo Barcelona,Project Manager de Obra / Construcción,38.000 € - 42.000 €,Sin Data,Indefinido,Jornada Completa,Sin Data,Empresa de Selección,Sin Data
2026-09-24,Trabajoscom,Sevilla,Todo Sevilla,Project Manager de Obra / Construcción,38.000 € - 42.000 €,Sin Data,Indefinido,Jornada Completa,Sin Data,Empresa de Selección,Sin Data
2026-09-24,Trabajoscom,Barcelona,Rubí,Repartidor/a de paquetería,Sin Data,Sin Data,De duracion determinada,Jornada Completa,Sin Data,Temps,Sin Data
2026-09-24,Trabajoscom,Barcelona,Sant Quintí De Mediona,Operario/a Mantenimiennto,12 €,Sin Data,De duracion determinada,Jornada Completa,Sin Data,Temps,Sin Data
2026-09-24,Trabajoscom,Madrid,Griñón,Técnico/ de mantenimiento - 3 turnos rotativos - Zona Griñón,24.000 € - 25.000 €,Sin Data,De duracion determinada,Jornada Completa,Sin Data,Temps,Sin Data
2026-09-24,Trabajoscom,Las Palmas,Las Palmas De Gran Canaria,"Técnico Especialista Automatización PLC, sistemas SCADA",Sin Data,Sin Data,Indefinido,Jornada Completa,Sin Data,Temps,Sin Data
2026-09-24,Trabajoscom,Madrid,Valdeolmos-Alalpardo,Técnico/ de mantenimiento - 3 turnos rotativos - Zona Valdeolmos Alalpardo,Sin Data,Sin Data,De duracion determinada,Jornada Completa,Sin Data,Temps,Sin Data
2026-09-24,Trabajoscom,Madrid,Todo Madrid,Gestor obra / Jefe Obra  Siniestros Graves,35.000 € - 40.000 €,Sin Data,Indefinido,Jornada Completa,Sin Data,ReCasa,Sin Data
2026-09-24,Trabajoscom,Sevilla,Todo Sevilla,Gestor obra / Jefe Obra  Siniestros Graves,35.000 € - 40.000 €,Sin Data,Indefinido,Jornada Completa,Sin Data,ReCasa,Sin Data
2026-09-24,Trabajoscom,Córdoba,Palma,INGENIERO/A DE INSTALACIONES (MALLORCA),Sin Data,Sin Data,Indefinido,Jornada Completa,Sin Data,Temps,Sin Data
2026-09-24,Trabajoscom,Madrid,Las Rozas De Madrid,Gestores/as de servicios de deudas - domingo a jueves - Las Rozas,17.000 € - 24.000 €,Sin Data,Indefinido,Jornada Completa,Sin Data,Temps,Sin Data
2026-09-24,Trabajoscom,Cádiz,La Linea De La Concepcion,Oficiales ELECTRICISTA – Gibraltar,Sin Data,Sin Data,Fijo discontinuo,Jornada Completa,Sin Data,Franmar Work Solution,Sin Data
2026-09-24,Trabajoscom,Madrid,Madrid,ASESOR INMOBILIARIO,1.500 € - 3.000 €,Sin Data,Indefinido,Jornada Completa,Sin Data,Tecnocasa,Sin Data
2026-09-24,Trabajoscom,Valencia,El Puerto De Sagunto,Auxiliar Producción sector metal Sagunto,Sin Data,Sin Data,De duracion determinada,Media Jornada,Sin Data,Grupo Adecco,Sin Data
2026-09-24,Trabajoscom,Barcelona,Sabadell,MANIPULADOR/A VELAS,Sin Data,Sin Data,Indefinido,Jornada Indiferente,Sin Data,RAS Interim,Sin Data
2026-09-24,Trabajoscom,Barcelona,Mataro,OPERARIO/A INDUSTRIAL,Sin Data,Sin Data,Indefinido,Jornada Indiferente,Sin Data,RAS Interim,Sin Data
2026-09-24,Trabajoscom,Baleares,Palma De Mallorca,Dependiente/a HERBOLARIO NAVARRO CC FAN MALLORCA,Sin Data,Sin Data,Indefinido,Media Jornada,Sin Data,Grupo Adecco,Sin Data
2026-09-24,Trabajoscom,Barcelona,Mataro,OPERARIO/A DE MONTAJE,Sin Data,Sin Data,Indefinido,Jornada Indiferente,Sin Data,RAS Interim,Sin Data
2026-09-24,Trabajoscom,Barcelona,Barcelona,Oficial de Paletería obra residencial,Sin Data,Sin Data,Indefinido,Jornada Completa,Sin Data,Grupo Adecco,Sin Data
2026-09-24,Trabajoscom,Zaragoza,Epila,CARRETILLERO/ EPILA,Sin Data,Sin Data,De duracion determinada,Media Jornada,Sin Data,Grupo Adecco,Sin Data
2026-09-24,Trabajoscom,Barcelona,Viladecans,Conserje/auxiliar de mantenimiento polideportivo.  Viladecans,1.460 €,Sin Data,De duracion determinada,Jornada Completa,Sin Data,Multiserveis Ndavant,Sin Data
2026-09-24,Trabajoscom,Asturias,Siero - Siero,MECÁNICO/A MAQUINARIA,Sin Data,Sin Data,Indefinido,Jornada Completa,Sin Data,Grupo Adecco,Sin Data
2026-09-24,Trabajoscom,A Coruña,Cambre,Repartidor/a de paquetería,Sin Data,Sin Data,De duracion determinada,Jornada Completa,Sin Data,Temps,Sin Data
2026-09-24,Trabajoscom,Guadalajara,Guadalajara,MOZO/A DE PICKING PRODUCTO PEQUEÑO/MEDIANO DE PESO,1.400 € - 1.500 €,Sin Data,De duracion determinada,Jornada Completa,Sin Data,Temps,Sin Data
2026-09-24,Trabajoscom,Zaragoza,Zaragoza,REPARTIDOR/A DE PAQUETERÍA (Posibilidad solo fines de semana),Sin Data,Sin Data,De duracion determinada,Jornada Completa,Sin Data,Temps,Sin Data
2026-09-24,Trabajoscom,Lleida,Tora,Operario/a de Pintura Industrial | Torà (Lleida),Sin Data,Sin Data,Indefinido,Jornada Completa,Sin Data,Grupo Adecco,Sin Data
2026-09-24,Trabajoscom,Madrid,Madrid,Responsable Comercial RRHH - B2B,Sin Data,Sin Data,Indefinido,Jornada Completa,Sin Data,Grupo Adecco,Sin Data
2026-09-24,Trabajoscom,Granada,Granada,CARRETILLERO/A S LANJARON,Sin Data,Sin Data,De duracion determinada,Media Jornada,Sin Data,Grupo Adecco,Sin Data
2026-09-24,Trabajoscom,Bizkaia,Bilbao,Copy Departamento de compras + Bilbao,Sin Data,Sin Data,De duracion determinada,Jornada Completa,Sin Data,Temps,Sin Data
2026-09-24,Trabajoscom,Guadalajara,Guadalajara,MOZO/A MANIPULACION -LABORATORIO,Sin Data,Sin Data,De duracion determinada,Jornada Completa,Sin Data,Temps,Sin Data
2026-09-24,Trabajoscom,Barcelona,Barberà Del Vallès,SOLDADOR/A,Sin Data,Sin Data,De duracion determinada,Jornada Completa,Sin Data,Temps,Sin Data
2026-09-24,Trabajoscom,Zaragoza,Zaragoza,BUSCAMOS FISIOTERAPEUTA EN ZARAGOZA,Sin Data,Sin Data,Indefinido,Jornada Completa,Sin Data,Zenit Fisioterapia y Salud,Sin Data
2026-09-24,Trabajoscom,Málaga,Antequera,Cajero/a Reponedor/a - PUENTE GENIL (CÓRDOBA),Sin Data,Sin Data,Indefinido,Jornada Indiferente,Sin Data,Grupo DIA,Sin Data
2026-09-24,Trabajoscom,Madrid,Alcorcon,Mozo/a de almacén ALCORCON (Carpintería de Aluminio),Sin Data,Sin Data,Indefinido,Jornada Indiferente,Sin Data,Lumon Cristales España,Sin Data
2026-09-24,Trabajoscom,Barcelona,Castellar Del Valles,OEPRARIO/A ELABORACIÓN,Sin Data,Sin Data,Indefinido,Jornada Indiferente,Sin Data,RAS Interim,Sin Data
2026-09-24,Trabajoscom,Bizkaia,Arrigorriaga,VERIFICADOR/A,Sin Data,Sin Data,Indefinido,Jornada Indiferente,Sin Data,RAS Interim,Sin Data
2026-09-24,Trabajoscom,Valencia,Paterna,MOZO/A DE ALMACÉN,Sin Data,Sin Data,Indefinido,Jornada Indiferente,Sin Data,RAS Interim,Sin Data
2026-09-24,Trabajoscom,Málaga,Antequera,ADJUNTO/A - ZONA FUENGIROLA (MÁLAGA),Sin Data,Sin Data,Indefinido,Jornada Indiferente,Sin Data,Grupo DIA,Sin Data
2026-09-24,Trabajoscom,Barcelona,Sabadell,TÉCNICO/A DE RRHH,Sin Data,Sin Data,Indefinido,Jornada Indiferente,Sin Data,RAS Interim - Talento,Sin Data
2026-09-24,Trabajoscom,Barcelona,Todo Barcelona,EXPORT MANAGER,Sin Data,Sin Data,Indefinido,Jornada Indiferente,Sin Data,RAS Interim - Recruiting,Sin Data
2026-09-24,Trabajoscom,Valladolid,Valladolid,Cajeros/as-Reponedores/as - Medina del Campo- 20 horas semanales,Sin Data,Sin Data,Indefinido,Jornada Indiferente,Sin Data,Grupo DIA,Sin Data
2026-09-24,Trabajoscom,Toledo,Illescas,"Cajero/a Reponedor/a Ciudad lineal, San Blas (Madrid",Sin Data,Sin Data,Indefinido,Jornada Indiferente,Sin Data,Grupo DIA,Sin Data
2026-09-24,Trabajoscom,Burgos,Miranda De Ebro,Cajero/a Reponedor/a 24H ARRASATE,Sin Data,Sin Data,Indefinido,Jornada Indiferente,Sin Data,Grupo DIA,Sin Data
2026-09-24,Trabajoscom,Valencia,Museros,ENCAJADOR/A ALMACÉN AGRICOLA (MUSEROS),Sin Data,Sin Data,Indefinido,Jornada Indiferente,Sin Data,RAS Interim,Sin Data
2026-09-24,Trabajoscom,Lleida,Castellbo,TRACTORISTA PARA ALMACÉN AGRICOLA,Sin Data,Sin Data,Indefinido,Jornada Indiferente,Sin Data,RAS Interim,Sin Data
2026-09-24,Trabajoscom,Valencia,Puçol,OPERARIO/A DE MECANIZADO (SECTOR PLÁSTICO),Sin Data,Sin Data,Indefinido,Jornada Indiferente,Sin Data,RAS Interim,Sin Data
2026-09-24,Trabajoscom,Valencia,Puçol,OPERARIO/A PLEGADORA METAL,Sin Data,Sin Data,Indefinido,Jornada Indiferente,Sin Data,RAS Interim,Sin Data
2026-09-24,Trabajoscom,Valencia,Museros,PEON/A AGRÍCOLA (EN CAMPOS),Sin Data,Sin Data,Indefinido,Jornada Indiferente,Sin Data,RAS Interim,Sin Data
2026-09-24,Trabajoscom,Sevilla,Dos Hermanas,Cajero/a Reponedor/a  ISLA CRISTINA (HUELVA),Sin Data,Sin Data,Indefinido,Jornada Indiferente,Sin Data,Grupo DIA,Sin Data
2026-09-24,Trabajoscom,Barcelona,Mollet Del Valles,OPERARIO/A DE PREPARACIÓN DE SUPERFICIES,Sin Data,Sin Data,Indefinido,Jornada Indiferente,Sin Data,RAS Interim,Sin Data
2026-09-24,Trabajoscom, Bizkaia, Bizkaia,Talent Consultant Bilbao,Sin Data,Sin Data,Indefinido,Jornada Completa,Sin Data,Iman Global Consulting,Sin Data
2026-09-24,Trabajoscom, Barcelona, Barcelona,Analista de laboratorio con HPLC (sector farma),Sin Data,Sin Data,Indefinido,Jornada Completa,Sin Data,Iman Temporing,Sin Data
2026-09-24,Trabajoscom, Sevilla, Sevilla,Carretillero/a retráctil - Carrion de los Céspedes,Sin Data,Sin Data,De duracion determinada,Jornada Completa,Sin Data,Iman Temporing,Sin Data
2026-09-24,Trabajoscom, Burgos, Burgos,Gerocultor/a - Auxiliar de enfermería Centro Residencial DomusVi Rio Vena,Sin Data,Sin Data,De duracion determinada,Jornada Indiferente,Sin Data,DomusVi,Sin Data
2026-09-24,Trabajoscom, Valencia, Valencia,Carretillero/a de cítricos Sollana campaña 26-27,Sin Data,Sin Data,De duracion determinada,Jornada Completa,Sin Data,Crit Interim España ETT,Sin Data
2026-09-24,Trabajoscom, Zaragoza, Zaragoza,Operario/a de montaje,Sin Data,Sin Data,De duracion determinada,Jornada Completa,Sin Data,Iman Temporing,Sin Data
2026-09-24,Trabajoscom, Lleida, Lleida,PINTOR/A INDUSTRIAL,Sin Data,Sin Data,Indefinido,Jornada Completa,Sin Data,Iman Temporing,Sin Data
2026-09-24,Trabajoscom, Barcelona, Barcelona,OPERARIO/A DE METAL (7h 16h),Sin Data,Sin Data,De duracion determinada,Jornada Indiferente,Sin Data,Iman Temporing,Sin Data
2026-09-24,Trabajoscom, Valladolid, Valladolid,Operario/a agrícola o ganadero/a (granja porcina),Sin Data,Sin Data,Indefinido,Jornada Completa,Sin Data,Crit Interim España ETT,Sin Data
2026-09-24,Trabajoscom, Madrid, Madrid,Conductor/a de Camión C,Sin Data,Sin Data,Indefinido,Jornada Completa,Sin Data,Crit Interim España ETT,Sin Data
2026-09-24,Trabajoscom, Lleida, Lleida,Trabajador/a Social Centro Residencial Sant Pere Claver,Sin Data,Sin Data,Indefinido,Jornada Completa,Sin Data,DomusVi,Sin Data
2026-09-24,Trabajoscom, Valencia, Valencia,Repartidor/a con Carnet B-Incorporación inmediata,Sin Data,Sin Data,De duracion determinada,Jornada Completa,Sin Data,Iman Temporing,Sin Data
2026-09-24,Trabajoscom, Lleida, Lleida,Repartidores/as Paquetería (Lleida),17.000 €,Sin Data,De duracion determinada,Jornada Completa,Sin Data,Iman Temporing,Sin Data
2026-09-24,Trabajoscom, Barcelona, Barcelona,Customer Service. English Speaking,Sin Data,Sin Data,Indefinido,Jornada Completa,Sin Data,Iman Temporing,Sin Data
2026-09-24,Trabajoscom, Teruel, Teruel,Operario/a ( enmalladora cerámica),Sin Data,Sin Data,De duracion determinada,Jornada Completa,Sin Data,Iman Temporing,Sin Data
2026-09-24,Trabajoscom, Tarragona, Tarragona,Supervisor/a Centro Residencial DomusVi Tarragona Ciutat,Sin Data,Sin Data,Indefinido,Jornada Completa,Sin Data,DomusVi,Sin Data
2026-09-24,Trabajoscom, Alicante, Alicante,Gerocultor/a - Auxiliar de enfermería Centro Residencial DomusVi Cocentaina,Sin Data,Sin Data,Indefinido,Jornada Indiferente,Sin Data,DomusVi,Sin Data
2026-09-24,Trabajoscom, Bizkaia, Bizkaia,Operario/a empaquetado. Vinilos,20.000 € - 21.000 €,Sin Data,De duracion determinada,Jornada Completa,Sin Data,Iman Temporing,Sin Data
2026-09-24,Trabajoscom, Sevilla, Sevilla,Carretillero/a retráctil - Carrion de los Céspedes,Sin Data,Sin Data,De duracion determinada,Jornada Completa,Sin Data,Iman Temporing,Sin Data
2026-09-24,Trabajoscom, Madrid, Madrid,Administrativo/a facturación contabilidad (Pinto),Sin Data,Sin Data,Indefinido,Jornada Completa,Sin Data,Crit Interim España ETT,Sin Data
2026-09-24,Trabajoscom, Burgos, Burgos,Gerocultor/a - Auxiliar de enfermería Centro Residencial DomusVi Rio Vena,Sin Data,Sin Data,De duracion determinada,Jornada Indiferente,Sin Data,DomusVi,Sin Data
2026-09-24,Trabajoscom, Valencia, Valencia,Carretillero/a de cítricos Sollana campaña 26-27,Sin Data,Sin Data,De duracion determinada,Jornada Completa,Sin Data,Crit Interim España ETT,Sin Data
2026-09-24,Trabajoscom, Zaragoza, Zaragoza,Operario/a de montaje,Sin Data,Sin Data,De duracion determinada,Jornada Completa,Sin Data,Iman Temporing,Sin Data
2026-09-24,Trabajoscom, Valladolid, Valladolid,Operario/a agrícola o ganadero/a (granja porcina),Sin Data,Sin Data,Indefinido,Jornada Completa,Sin Data,Crit Interim España ETT,Sin Data
2026-09-24,Trabajoscom, Lleida, Lleida,PINTOR/A INDUSTRIAL,Sin Data,Sin Data,Indefinido,Jornada Completa,Sin Data,Iman Temporing,Sin Data
2026-09-24,Trabajoscom, Barcelona, Barcelona,Operario/a de producción con soldadura manual (estaño) y soldadura con láser,Sin Data,Sin Data,De duracion determinada,Jornada Completa,Sin Data,Iman Temporing,Sin Data
2026-09-24,Trabajoscom, Alicante, Alicante,Técnico/a de mantenimiento Industrial,22.000 € - 25.000 €,Sin Data,Indefinido,Jornada Completa,Sin Data,Iman Global Consulting,Sin Data
2026-09-24,Trabajoscom, Bizkaia, Bizkaia,Operario/a Producción,Sin Data,Sin Data,De duracion determinada,Jornada Completa,Sin Data,Iman Temporing,Sin Data
2026-09-24,Trabajoscom, Araba, Araba,Operario/a de Almacén con Carretilla Frontal,Sin Data,Sin Data,De duracion determinada,Jornada Completa,Sin Data,Crit Interim España ETT,Sin Data
2026-09-24,Trabajoscom, Barcelona, Barcelona,Personal control accesos CON DISCAPACIDAD (Zona Franca de L-D),Sin Data,Sin Data,Indefinido,Jornada Indiferente,Sin Data,Diswork,Sin Data
2026-09-24,Trabajoscom, Madrid, Madrid,Graduado/a Derecho con Kmaleon.,Sin Data,Sin Data,De duracion determinada,Media Jornada,Sin Data,Iman Temporing,Sin Data
2026-09-24,Trabajoscom, Barcelona, Barcelona,Técnico/a de Mantenimiento turno noche,Sin Data,Sin Data,Indefinido,Jornada Completa,Sin Data,Crit Interim España ETT,Sin Data
2026-09-24,Trabajoscom, Madrid, Madrid,Administrativo/a de Venta Interna con ERPs y CRMs,Sin Data,Sin Data,De duracion determinada,Jornada Completa,Sin Data,Crit Interim España ETT,Sin Data
2026-09-24,Trabajoscom, Barcelona, Barcelona,DELINEANTE/A DE OFICINA TÉCNICA,Sin Data,Sin Data,De duracion determinada,Jornada Completa,Sin Data,Iman Temporing,Sin Data
2026-09-24,Trabajoscom, Barcelona, Barcelona,Chofer  C + E,27.833 €,Sin Data,Indefinido,Jornada Completa,Sin Data,Iman Temporing,Sin Data
2026-09-24,Trabajoscom, Bizkaia, Bizkaia,Administrativo/a Comercial Seguros ESTABLE,Sin Data,Sin Data,De duracion determinada,Jornada Completa,Sin Data,Iman Temporing,Sin Data
2026-09-24,Trabajoscom, Valencia, Valencia,Operario/a de Producción,Sin Data,Sin Data,De duracion determinada,Jornada Completa,Sin Data,Crit Interim España ETT,Sin Data
2026-09-24,Trabajoscom, Bizkaia, Bizkaia,Peón/a (desmontar bastidores telefónica),Sin Data,Sin Data,Indefinido,Jornada Completa,Sin Data,Crit Interim España ETT,Sin Data
2026-09-24,Trabajoscom, Girona, Girona,Operario/a Producción Inc.inmediata - Hostalric,Sin Data,Sin Data,Indefinido,Jornada Completa,Sin Data,Pacto,Sin Data
2026-09-24,Trabajoscom, Barcelona, Barcelona,Operario/a producción,Sin Data,Sin Data,De duracion determinada,Jornada Completa,Sin Data,Crit Interim España ETT,Sin Data
2026-09-24,Trabajoscom, Barcelona, Barcelona,Carretoner/a amb SAP i experiència en construcció,Sin Data,Sin Data,Indefinido,Jornada Completa,Sin Data,Iman Temporing,Sin Data
2026-09-24,Trabajoscom, Barcelona, Barcelona,ELECTRICISTA OFICIAL DE 1ª,27.500 € - 28.000 €,Sin Data,Indefinido,Jornada Completa,Sin Data,Iman Temporing,Sin Data
2026-09-24,Trabajoscom, Barcelona, Barcelona,OPERARIO/A DE METAL (7h 16h),Sin Data,Sin Data,De duracion determinada,Jornada Indiferente,Sin Data,Iman Temporing,Sin Data
2026-09-24,Trabajoscom, Madrid, Madrid,Mozo/a de almacén con carretilla,Sin Data,Sin Data,De duracion determinada,Jornada Completa,Sin Data,Iman Temporing,Sin Data
2026-09-24,Trabajoscom, Barcelona, Barcelona,Producción - TEJEDOR/A,20.500 €,Sin Data,Indefinido,Jornada Completa,Sin Data,Iman Temporing,Sin Data
2026-09-24,Trabajoscom, Madrid, Madrid,Jefe/a de Obra Ferroviaria en Madrid,Sin Data,Sin Data,Indefinido,Jornada Completa,Sin Data,Iman Global Consulting,Sin Data
2026-09-24,Trabajoscom, Madrid, Madrid,Jefe/a de Obra en Madrid,Sin Data,Sin Data,Indefinido,Jornada Completa,Sin Data,Iman Global Consulting,Sin Data
2026-09-24,Trabajoscom, Zaragoza, Zaragoza,Electricista industrial,35.000 €,Sin Data,Indefinido,Jornada Completa,Sin Data,Pacto,Sin Data
2026-09-24,Trabajoscom, Madrid, Madrid,Operario/a montaje FP electricidad,Sin Data,Sin Data,De duracion determinada,Jornada Completa,Sin Data,Iman Temporing,Sin Data
2026-09-24,Trabajoscom, Bizkaia, Bizkaia,Operario/a Deshuesador Carne Estable DE NOCHES,Sin Data,Sin Data,Indefinido,Jornada Completa,Sin Data,Iman Temporing,Sin Data
2026-09-24,Trabajoscom, Barcelona, Barcelona,Técnico/a Logística,Sin Data,Sin Data,De duracion determinada,Jornada Completa,Sin Data,Crit Interim España ETT,Sin Data
2026-09-24,Trabajoscom, Araba, Araba,Repartidores/as en furgoneta (paquetería),Sin Data,Sin Data,De duracion determinada,Jornada Completa,Sin Data,Crit Interim España ETT,Sin Data
2026-09-24,Trabajoscom, Barcelona, Barcelona,Vigilante - Puerto Barcelona Plus,Sin Data,Sin Data,Indefinido,Jornada Completa,Sin Data,Iman Seguridad,Sin Data
2026-09-24,Trabajoscom, Sevilla, Sevilla,Administrativo/a de Recursos Humanos,Sin Data,Sin Data,Indefinido,Jornada Completa,Sin Data,Iman Temporing,Sin Data
2026-09-24,Trabajoscom, Madrid, Madrid,Montador/a de Salas Limpias,Sin Data,Sin Data,Indefinido,Jornada Completa,Sin Data,Crit Interim España ETT,Sin Data
2026-09-24,Trabajoscom, Zaragoza, Zaragoza,Carretillero/a TURNO FIJO NOCHE,Sin Data,Sin Data,De duracion determinada,Jornada Completa,Sin Data,Iman Temporing,Sin Data
2026-09-24,Trabajoscom, Tarragona, Tarragona,Agente de Reservas Online con Inglés,Sin Data,Sin Data,De duracion determinada,Jornada Completa,Sin Data,Iman Temporing,Sin Data
2026-09-24,Trabajoscom, León, León,Montador/a de Salas Limpias,Sin Data,Sin Data,Indefinido,Jornada Completa,Sin Data,Crit Interim España ETT,Sin Data
2026-09-24,Trabajoscom, Barcelona, Barcelona,Operario/a de Mantenimiento,Sin Data,Sin Data,De duracion determinada,Jornada Completa,Sin Data,Crit Interim España ETT,Sin Data
2026-09-24,Trabajoscom, Madrid, Madrid,Administrativo/a departamento ventas- Inglés Alto,Sin Data,Sin Data,De duracion determinada,Jornada Completa,Sin Data,Crit Interim España ETT,Sin Data
2026-09-24,Trabajoscom, Madrid, Madrid,Mozo de Almacén (San Agustin de Guadalix),Sin Data,Sin Data,De duracion determinada,Jornada Completa,Sin Data,Crit Interim España ETT,Sin Data
2026-09-24,Trabajoscom, Barcelona, Barcelona,Director/a Oficina Trabajo Temporal,Sin Data,Sin Data,Indefinido,Jornada Completa,Sin Data,Pacto,Sin Data
2026-09-24,Trabajoscom, Málaga, Málaga,Mozo reponedor carretillero (H/M) - Malaga,Sin Data,Sin Data,De duracion determinada,Jornada Completa,Sin Data,Crit Interim España ETT,Sin Data
2026-09-24,Trabajoscom, Barcelona, Barcelona,Auxiliar administrativo/a de Logística,Sin Data,Sin Data,De duracion determinada,Jornada Completa,Sin Data,Crit Interim España ETT,Sin Data
2026-09-24,Trabajoscom, A Coruña, A Coruña,OPERARIO/A ALMACÉN,Sin Data,Sin Data,De duracion determinada,Jornada Completa,Sin Data,Iman Temporing,Sin Data
2026-09-24,Trabajoscom, Barcelona, Barcelona,Montador/a de Salas Limpias,Sin Data,Sin Data,Indefinido,Jornada Completa,Sin Data,Crit Interim España ETT,Sin Data
2026-09-24,Trabajoscom, Madrid, Madrid,Mozo/a especialista carretillero/a (Getafe),Sin Data,Sin Data,De duracion determinada,Jornada Completa,Sin Data,Iman Temporing,Sin Data
2026-09-24,Trabajoscom, A Coruña, A Coruña,Operario/a Fábrica Metal - Padrón,Sin Data,Sin Data,Indefinido,Jornada Completa,Sin Data,Iman Temporing,Sin Data
2026-09-24,Trabajoscom, Córdoba, Córdoba,Becario/a rrhh,6.000 € - 7.680 €,Sin Data,Formativo,Jornada Indiferente,Sin Data,Pacto,Sin Data
2026-09-24,Trabajoscom, Valencia, Valencia,Vitrificador (H/M),Sin Data,Sin Data,De duracion determinada,Jornada Completa,Sin Data,Crit Interim España ETT,Sin Data
2026-09-24,Trabajoscom, Barcelona, Barcelona,Oficial electromecánico/a contrato directo empresa,Sin Data,Sin Data,De duracion determinada,Jornada Completa,Sin Data,Crit Interim España ETT,Sin Data
2026-09-24,Trabajoscom, Barcelona, Barcelona,Vigilantes Seguridad Zona Carga Aérea mañanas - Plus,Sin Data,Sin Data,Indefinido,Jornada Completa,Sin Data,Iman Seguridad,Sin Data
2026-09-24,Trabajoscom, Barcelona, Barcelona,Mozo/a de almacén (Palau Solità i Plegamans),Sin Data,Sin Data,De duracion determinada,Jornada Completa,Sin Data,Iman Temporing,Sin Data
2026-09-24,Trabajoscom, Palencia, Palencia,Técnico/a de calidad,Sin Data,Sin Data,De duracion determinada,Jornada Completa,Sin Data,Iman Temporing,Sin Data
2026-09-24,Trabajoscom, Madrid, Madrid,Operario/a montaje (sector defensa),23 €,Sin Data,De duracion determinada,Jornada Completa,Sin Data,Crit Interim España ETT,Sin Data
2026-09-24,Trabajoscom, Barcelona, Barcelona,Vigilantes de seguridad sustituciones - Plus 200 €,Sin Data,Sin Data,Indefinido,Jornada Completa,Sin Data,Iman Seguridad,Sin Data
2026-09-24,Trabajoscom, Barcelona, Barcelona,Tornero/a CNC y Convencional,27.716 €,Sin Data,De duracion determinada,Jornada Completa,Sin Data,Iman Temporing,Sin Data
2026-09-24,Trabajoscom, Málaga, Málaga,Promotor/a - Azafato/a - Málaga,Sin Data,Sin Data,De duracion determinada,Jornada Completa,Sin Data,Crit Interim España ETT,Sin Data
2026-09-24,Trabajoscom, Girona, Girona,Carretillero/a Retráctil,23.500 € - 24.500 €,Sin Data,De duracion determinada,Jornada Completa,Sin Data,Pacto,Sin Data
2026-09-24,Trabajoscom, Barcelona, Barcelona,Administrativo/ a de Compras,Sin Data,Sin Data,Indefinido,Jornada Completa,Sin Data,Crit Interim España ETT,Sin Data
2026-09-24,Trabajoscom, Alicante, Alicante,OPERARIO/A DE VOLCADO – MUTXAMEL,Sin Data,Sin Data,De duracion determinada,Jornada Completa,Sin Data,Iman Temporing,Sin Data
2026-09-24,Trabajoscom, Barcelona, Barcelona,Operario/a(Metal)experiencia en taller/carpintería,Sin Data,Sin Data,De duracion determinada,Jornada Completa,Sin Data,Iman Temporing,Sin Data
2026-09-24,Trabajoscom, Palencia, Palencia,Electromecánico/a,Sin Data,Sin Data,Indefinido,Jornada Completa,Sin Data,Iman Temporing,Sin Data
2026-09-24,Trabajoscom, Toledo, Toledo,Operario de Taller - Sector Madera,18.000 € - 19.000 €,Sin Data,De duracion determinada,Jornada Completa,Sin Data,Crit Interim España ETT,Sin Data
2026-09-24,Trabajoscom, Cádiz, Cádiz,Gerocultor/a - Auxiliar de enfermería y Limpieza/lavandería Centro Residencial DomusVi Mic,Sin Data,Sin Data,Indefinido,Jornada Indiferente,Sin Data,DomusVi,Sin Data
2026-09-24,Trabajoscom, Bizkaia, Bizkaia,Operario/a Mantenimiento e Instalaciones Generales,25.400 €,Sin Data,De duracion determinada,Jornada Completa,Sin Data,Iman Temporing,Sin Data
2026-09-24,Trabajoscom, Granada, Granada,Operario/a de Producción,Sin Data,Sin Data,De duracion determinada,Jornada Completa,Sin Data,Crit Interim España ETT,Sin Data
2026-09-24,Trabajoscom, Valladolid, Valladolid,Técnico/a de Comercio y Logística en Tordesillas (Valladolid),29.856 € - 30.000 €,Sin Data,Indefinido,Jornada Completa,Sin Data,Iman Global Consulting,Sin Data
2026-09-24,Trabajoscom, Granada, Granada,PASTELERO/A SECTOR INDUSTRIAL,Sin Data,Sin Data,Indefinido,Jornada Completa,Sin Data,Crit Interim España ETT,Sin Data
2026-09-24,Trabajoscom, Madrid, Madrid,Administrativo/a de Recursos Humanos (RRHH) | Corredor del Henares,Sin Data,Sin Data,De duracion determinada,Jornada Completa,Sin Data,Crit Interim España ETT,Sin Data
2026-09-24,Trabajoscom, Barcelona, Barcelona,Gerocultor/a - Auxiliar de enfermería Centro Residencial DomusVi La Salut,Sin Data,Sin Data,Indefinido,Jornada Completa,Sin Data,DomusVi,Sin Data
2026-09-24,Trabajoscom, Barcelona, Barcelona,Educador/a Social - Centro Residencial de nueva apertura DomusVi Gavà Ciutat,Sin Data,Sin Data,Indefinido,Media Jornada,Sin Data,DomusVi,Sin Data
2026-09-24,Trabajoscom, Barcelona, Barcelona,Operario/a Manipulador/a ALIMENTACIÓN,Sin Data,Sin Data,De duracion determinada,Jornada Completa,Sin Data,Crit Interim España ETT,Sin Data
2026-09-24,Trabajoscom, Teruel, Teruel,Soldador/a de Carpintería Metálica.,Sin Data,Sin Data,Indefinido,Jornada Completa,Sin Data,Iman Temporing,Sin Data
2026-09-24,Trabajoscom, Lleida, Lleida,OPERARIO/A DE MOSTRADOR,Sin Data,Sin Data,Indefinido,Jornada Completa,Sin Data,Iman Temporing,Sin Data
2026-09-24,Trabajoscom, Murcia, Murcia,Electromecánico/a Industrial,Sin Data,Sin Data,Indefinido,Jornada Completa,Sin Data,Iman Temporing,Sin Data
2026-09-24,Trabajoscom, Madrid, Madrid,Dependiente/a Zapatería. 28h semanales. 3 meses,Sin Data,Sin Data,De duracion determinada,Media Jornada,Sin Data,Iman Temporing,Sin Data
2026-09-24,Trabajoscom, Bizkaia, Bizkaia,Carretillero/a horario partido duradero,25.900 €,Sin Data,De duracion determinada,Jornada Completa,Sin Data,Iman Temporing,Sin Data
2026-09-24,Trabajoscom, Asturias, Asturias,Gerocultor/a - Auxiliar de enfermería Centro Residencial DomusVi Colloto,Sin Data,Sin Data,De duracion determinada,Jornada Completa,Sin Data,DomusVi,Sin Data
2026-09-24,Trabajoscom, Las Palmas, Las Palmas,Helpdesk Agent German based in Las Palmas,Sin Data,Sin Data,De duracion determinada,Jornada Completa,Sin Data,Crit Interim España ETT,Sin Data
2026-09-24,Trabajoscom, Zaragoza, Zaragoza,Administrativo/a con SAP,Sin Data,Sin Data,De duracion determinada,Jornada Completa,Sin Data,Iman Temporing,Sin Data
2026-09-24,Trabajoscom,Madrid,Madrid,Técnico de selección IT - Temporal,24.000 € - 28.000 €,Sin Data,De duracion determinada,Jornada Completa,Sin Data,Michael Page,Sin Data
2026-09-24,Trabajoscom,Madrid,Madrid,Responsable Financiero,34.000 € - 36.000 €,Sin Data,Indefinido,Jornada Completa,Sin Data,Michael Page,Sin Data
2026-09-24,Trabajoscom,Barcelona,Barcelona,Gestor/a de Operaciones,35.000 € - 38.000 €,Sin Data,Indefinido,Jornada Completa,Sin Data,Michael Page,Sin Data
2026-09-24,Trabajoscom, Pontevedra, Pontevedra,Gerocultor/a - Auxiliar de enfermería Centro Residencial DomusVi Pontevedra,Sin Data,Sin Data,De duracion determinada,Jornada Completa,Sin Data,DomusVi,Sin Data
2026-09-24,Trabajoscom,Sevilla,Sevilla,Jefe de Obra de Reformas / Retail,30.000 € - 40.000 €,Sin Data,Indefinido,Jornada Completa,Sin Data,Michael Page,Sin Data
2026-09-24,Trabajoscom,Madrid,Madrid,Programador BMS Schneider,30.000 € - 44.000 €,Sin Data,Indefinido,Jornada Completa,Sin Data,Michael Page,Sin Data
2026-09-24,Trabajoscom,Barcelona,Barcelona,Administrativo de facturación,26.000 € - 30.000 €,Sin Data,Indefinido,Jornada Completa,Sin Data,Michael Page,Sin Data
2026-09-24,Trabajoscom,Valladolid,Valladolid,Perfil Paralegal - Valadolid,24.000 € - 28.000 €,Sin Data,Indefinido,Jornada Completa,Sin Data,Michael Page,Sin Data
2026-09-24,Trabajoscom,Madrid,Madrid,Back Office Financiero Junior - Wealth Management,22.000 €,Sin Data,Indefinido,Jornada Completa,Sin Data,Michael Page,Sin Data
2026-09-24,Trabajoscom,Madrid,Valdemoro,Admin Sistemas Linux - Empresa final (Madrid centro),30.000 € - 35.000 €,Sin Data,Indefinido,Jornada Completa,Sin Data,Michael Page,Sin Data
2026-09-24,Trabajoscom,Barcelona,Barcelona,General Accountant with Spanish and English,25.000 € - 26.000 €,Sin Data,Indefinido,Jornada Completa,Sin Data,Michael Page,Sin Data
2026-09-24,Trabajoscom,Sevilla,Sevilla,Ingeniero/a BIM,31.500 € - 38.500 €,Sin Data,Indefinido,Jornada Completa,Sin Data,Michael Page,Sin Data
2026-09-24,Trabajoscom,Zaragoza,Zaragoza,Ingeniero/a de Ventas Internas,30.000 € - 35.000 €,Sin Data,Indefinido,Jornada Completa,Sin Data,Michael Page,Sin Data
2026-09-24,Trabajoscom,Barcelona,Todo Barcelona,OPERARIO/A MAQUINISTA INDUSTRIAL,Sin Data,Sin Data,Indefinido,Jornada Indiferente,Sin Data,RAS Interim - Recruiting,Sin Data
2026-09-24,Trabajoscom, A Coruña, A Coruña,Enfermero/a - DUE Centro Residencial DomusVi Matogrande,Sin Data,Sin Data,Indefinido,Jornada Completa,Sin Data,DomusVi,Sin Data
2026-09-24,Trabajoscom,Barcelona,Todo Barcelona,CONSULTOR/A ERP,Sin Data,Sin Data,Indefinido,Jornada Indiferente,Sin Data,RAS Interim - Recruiting,Sin Data
2026-09-24,Trabajoscom, Madrid, Madrid,Fisioterapeuta Centro Residencial DomusVi Leganés,Sin Data,Sin Data,Indefinido,Jornada Indiferente,Sin Data,DomusVi,Sin Data
2026-09-24,Trabajoscom, A Coruña, A Coruña,Cocinero/a - Centro Residencial DomusVi A Coruña,Sin Data,Sin Data,De duracion determinada,Jornada Completa,Sin Data,DomusVi,Sin Data
2026-09-24,Trabajoscom,Las Palmas,Aguimes,Únete a nuestro equipo McDonald's Agüimes,Sin Data,Sin Data,Indefinido,Media Jornada,Sin Data,Restaurantes McDonalds,Sin Data
2026-09-24,Trabajoscom,S.C. Tenerife,Granadilla,Únete a nuestro equipo Zona Abona,Sin Data,Sin Data,Indefinido,Media Jornada,Sin Data,Restaurantes McDonalds,Sin Data
2026-09-24,Trabajoscom,Sevilla,Sevilla,MCDONALD´S ALCALÁ,Sin Data,Sin Data,Indefinido,Media Jornada,Sin Data,Restaurantes McDonalds,Sin Data
2026-09-24,Trabajoscom, Girona, Girona,McDonald's Roses,Sin Data,Sin Data,Indefinido,Media Jornada,Sin Data,Restaurantes McDonalds,Sin Data
2026-09-24,Trabajoscom,Málaga,Malaga,Únete a nuestro equipo Málaga Centro,Sin Data,Sin Data,Indefinido,Media Jornada,Sin Data,Restaurantes McDonalds,Sin Data
2026-09-24,Trabajoscom,Madrid,Madrid,Únete a nuestro equipo. Zona Centro Madrid (Sol-Gran Via),Sin Data,Sin Data,Indefinido,Media Jornada,Sin Data,Restaurantes McDonalds,Sin Data
2026-09-24,Trabajoscom,Baleares,Palma De Mallorca,#4 - Únete a nuestro equipo. McDonald's Aeropuerto Palma de Mallorca,Sin Data,Sin Data,Indefinido,Jornada Indiferente,Sin Data,Restaurantes McDonalds,Sin Data
2026-09-24,Trabajoscom,S.C. Tenerife,Fañabe,Únete a nuestro equipo. McDonald's Fañabé,Sin Data,Sin Data,Indefinido,Jornada Indiferente,Sin Data,Restaurantes McDonalds,Sin Data
2026-09-24,Trabajoscom,S.C. Tenerife,Arona,Únete a nuestro equipo. McDonald's P. Las Vistas,Sin Data,Sin Data,Indefinido,Jornada Indiferente,Sin Data,Restaurantes McDonalds,Sin Data
2026-09-24,Trabajoscom,Barcelona,Barcelona,Únete a nuestro equipo. McDonald's Pelayo,Sin Data,Sin Data,Indefinido,Media Jornada,Sin Data,Restaurantes McDonalds,Sin Data
2026-09-24,Trabajoscom,Las Palmas,Telde,Únete a nuestro equipo. Telde - Gran Canaria,Sin Data,Sin Data,Indefinido,Media Jornada,Sin Data,Restaurantes McDonalds,Sin Data
2026-09-24,Trabajoscom, Madrid, Madrid,Conductor/a de Camión C,Sin Data,Sin Data,Indefinido,Jornada Completa,Sin Data,Crit Interim España ETT,Sin Data
2026-09-24,Trabajoscom, Valladolid, Valladolid,Auxiliar de Servicios Valladolid Fines de Semana.,Sin Data,Sin Data,Indefinido,Jornada Completa,Sin Data,Iman Corporation,Sin Data
2026-09-24,Trabajoscom, Murcia, Murcia,Camarero/a para restaurante (24-25-26 septiembre),Sin Data,Sin Data,De duracion determinada,Jornada Completa,Sin Data,Iman Temporing,Sin Data
2026-09-24,Trabajoscom,Madrid,Todo Madrid,Oficial de mantenimiento,Sin Data,Sin Data,Autonomo,Jornada Indiferente,Sin Data,Consultora de Talento,Sin Data
2026-09-24,Trabajoscom,Barcelona,Barcelona,Especialista cristales - brigada.   Barcelona y área metropolitana,18.000 €,Sin Data,Indefinido,Media Jornada,Sin Data,Limpiezas Deyse,Sin Data
2026-09-24,Trabajoscom,Barcelona,Vilafranca Del Penedes,"Limpiador/a (L-S, 9:30-12:30).   Vilafranca del Penedès",Sin Data,Sin Data,De duracion determinada,Media Jornada,Sin Data,Limpiezas Deyse,Sin Data
2026-09-24,Trabajoscom,Albacete,Villarrobledo,ING - Delineante/a mecánico/a 3D,Sin Data,Sin Data,Indefinido,Jornada Completa,Sin Data,Grupo Adecco,Sin Data
2026-09-24,Trabajoscom,Guadalajara,Todo Guadalajara,Agente Comercial Inmobiliario - Contrato Indefinido + Formación Pagada - Guadalajara,1.250 € - 3.000 €,Sin Data,Indefinido,Jornada Completa,Sin Data,Tecnocasa,Sin Data
2026-09-24,Trabajoscom,Barcelona,Sant Quintí De Mediona,Auxiliar de laboratorio,12 € - 16 €,Sin Data,De duracion determinada,Jornada Completa,Sin Data,Temps,Sin Data
2026-09-24,Trabajoscom,Madrid,Griñón,Oficial de pegado y artes gráficas - turnos rotativos - Griñón,19.000 € - 21.000 €,Sin Data,De duracion determinada,Jornada Completa,Sin Data,Temps,Sin Data
2026-09-24,Trabajoscom,Madrid,Griñón,Auxiliares de impresión offset - turnos rotativos,19.000 € - 21.000 €,Sin Data,De duracion determinada,Jornada Completa,Sin Data,Temps,Sin Data
2026-09-24,Trabajoscom,Barcelona,Rubí,COORDINADOR/A MANIPULACIÓN *Indefinido*,27.000 € - 28.000 €,Sin Data,Indefinido,Jornada Completa,Sin Data,Temps,Sin Data
2026-09-24,Trabajoscom,Barcelona,Sant Boi De Llobregat,Promotor/a Sant boi,Sin Data,Sin Data,De duracion determinada,Jornada Completa,Sin Data,Grupo Adecco,Sin Data
2026-09-24,Trabajoscom,Murcia,Murcia,ELECTROMECÁNICO/A INDUSTRIAL,27.500 € - 31.000 €,Sin Data,Indefinido,Jornada Completa,Sin Data,Grupo Noa's,Sin Data
2026-09-24,Trabajoscom,Toledo,Noblejas,PEÓN NOBLEJAS TURNO PARTIDO,Sin Data,Sin Data,De duracion determinada,Jornada Completa,Sin Data,Grupo Adecco,Sin Data
2026-09-24,Trabajoscom,Rioja,Todo Rioja,Deshuesador/a de Vacuno en Goedegebuur con Alojamiento Incluido | Róterdam,18 € - 21 €,Sin Data,Indefinido,Jornada Intensiva,Sin Data,OTTO Work Force,Sin Data
2026-09-24,Trabajoscom,Valladolid,Todo Valladolid,Deshuesador/a de Vacuno en Goedegebuur con Alojamiento Incluido | Róterdam,18 € - 21 €,Sin Data,Indefinido,Jornada Intensiva,Sin Data,OTTO Work Force,Sin Data
2026-09-24,Trabajoscom,Zamora,Todo Zamora,Deshuesador/a de Vacuno en Goedegebuur con Alojamiento Incluido | Róterdam,18 € - 21 €,Sin Data,Indefinido,Jornada Intensiva,Sin Data,OTTO Work Force,Sin Data
2026-09-24,Trabajoscom,León,Todo León,Deshuesador/a de Vacuno en Goedegebuur con Alojamiento Incluido | Róterdam,18 € - 21 €,Sin Data,Indefinido,Jornada Intensiva,Sin Data,OTTO Work Force,Sin Data
2026-09-24,Trabajoscom,Teruel,Todo Teruel,Deshuesador/a de Vacuno en Goedegebuur con Alojamiento Incluido | Róterdam,18 € - 21 €,Sin Data,Indefinido,Jornada Intensiva,Sin Data,OTTO Work Force,Sin Data
2026-09-24,Trabajoscom,Toledo,Todo Toledo,Deshuesador/a de Vacuno en Goedegebuur con Alojamiento Incluido | Róterdam,18 € - 21 €,Sin Data,Indefinido,Jornada Intensiva,Sin Data,OTTO Work Force,Sin Data
2026-09-24,Trabajoscom,Sevilla,Todo Sevilla,Deshuesador/a de Vacuno en Goedegebuur con Alojamiento Incluido | Róterdam,18 € - 21 €,Sin Data,Indefinido,Jornada Intensiva,Sin Data,OTTO Work Force,Sin Data
2026-09-24,Trabajoscom,Tenerife,Todo Tenerife,Deshuesador/a de Vacuno en Goedegebuur con Alojamiento Incluido | Róterdam,18 € - 21 €,Sin Data,Indefinido,Jornada Intensiva,Sin Data,OTTO Work Force,Sin Data
2026-09-24,Trabajoscom,Zaragoza,Todo Zaragoza,Deshuesador/a de Vacuno en Goedegebuur con Alojamiento Incluido | Róterdam,18 € - 21 €,Sin Data,Indefinido,Jornada Intensiva,Sin Data,OTTO Work Force,Sin Data
2026-09-24,Trabajoscom,Burgos,Todo Burgos,Deshuesador/a de Vacuno en Goedegebuur.  Contrato indefinido y Alojamiento | Róterdam,18 € - 21 €,Sin Data,Indefinido,Jornada Intensiva,Sin Data,OTTO Work Force,Sin Data
2026-09-24,Trabajoscom,Coruña,Todo Coruña,Deshuesador/a de Vacuno en Goedegebuur.  Contrato indefinido y Alojamiento | Róterdam,18 € - 21 €,Sin Data,Indefinido,Jornada Intensiva,Sin Data,OTTO Work Force,Sin Data
2026-09-24,Trabajoscom,Asturias,Todo Asturias,Deshuesador/a de Vacuno en Goedegebuur.  Contrato indefinido y Alojamiento | Róterdam,18 € - 21 €,Sin Data,Indefinido,Jornada Intensiva,Sin Data,OTTO Work Force,Sin Data
2026-09-24,Trabajoscom,Almería,Todo Almería,Deshuesador/a de Vacuno en Goedegebuur.  Contrato indefinido y Alojamiento | Róterdam,18 € - 21 €,Sin Data,Indefinido,Jornada Intensiva,Sin Data,OTTO Work Force,Sin Data
2026-09-24,Trabajoscom,Araba,Todo Araba,Deshuesador/a de Vacuno en Goedegebuur.  Contrato indefinido y Alojamiento | Róterdam,18 € - 21 €,Sin Data,Indefinido,Jornada Intensiva,Sin Data,OTTO Work Force,Sin Data
2026-09-24,Trabajoscom,Murcia,Todo Murcia,Deshuesador/a de Vacuno en Goedegebuur.  Contrato indefinido y Alojamiento | Róterdam,18 € - 21 €,Sin Data,Indefinido,Jornada Intensiva,Sin Data,OTTO Work Force,Sin Data
2026-09-24,Trabajoscom,Tenerife,Todo Tenerife,Deshuesador/a de Vacuno en Goedegebuur.  Contrato indefinido y Alojamiento | Róterdam,18 € - 21 €,Sin Data,Indefinido,Jornada Intensiva,Sin Data,OTTO Work Force,Sin Data
2026-09-24,Trabajoscom,Ceuta,Todo Ceuta,Deshuesador/a de Vacuno en Goedegebuur.  Contrato indefinido y Alojamiento | Róterdam,18 € - 21 €,Sin Data,Indefinido,Jornada Intensiva,Sin Data,OTTO Work Force,Sin Data
2026-09-24,Trabajoscom,Sevilla,Todo Sevilla,Deshuesador/a de Vacuno en Goedegebuur.  Contrato indefinido y Alojamiento | Róterdam,18 € - 21 €,Sin Data,Indefinido,Jornada Intensiva,Sin Data,OTTO Work Force,Sin Data
2026-09-24,Trabajoscom,Melilla,Todo Melilla,Deshuesador/a de Vacuno en Goedegebuur.  Contrato indefinido y Alojamiento | Róterdam,18 € - 21 €,Sin Data,Indefinido,Jornada Intensiva,Sin Data,OTTO Work Force,Sin Data
2026-09-24,Trabajoscom,Tarragona,Todo Tarragona,Deshuesador/a de Vacuno en Goedegebuur.  Contrato indefinido y Alojamiento | Róterdam,18 € - 21 €,Sin Data,Indefinido,Jornada Intensiva,Sin Data,OTTO Work Force,Sin Data
2026-09-24,Trabajoscom,Rioja,Todo Rioja,Deshuesador/a de Vacuno en Goedegebuur.  Contrato indefinido y Alojamiento | Róterdam,18 € - 21 €,Sin Data,Indefinido,Jornada Intensiva,Sin Data,OTTO Work Force,Sin Data
2026-09-24,Trabajoscom,Lleida,Todo Lleida,Deshuesador/a de Vacuno en Goedegebuur.  Contrato indefinido y Alojamiento | Róterdam,18 € - 21 €,Sin Data,Indefinido,Jornada Intensiva,Sin Data,OTTO Work Force,Sin Data
2026-09-24,Trabajoscom,Jaén,Todo Jaén,Deshuesador/a de Vacuno en Goedegebuur.  Contrato indefinido y Alojamiento | Róterdam,18 € - 21 €,Sin Data,Indefinido,Jornada Intensiva,Sin Data,OTTO Work Force,Sin Data
2026-09-24,Trabajoscom,Zamora,Todo Zamora,Deshuesador/a de Vacuno en Goedegebuur.  Contrato indefinido y Alojamiento | Róterdam,18 € - 21 €,Sin Data,Indefinido,Jornada Intensiva,Sin Data,OTTO Work Force,Sin Data
2026-09-24,Trabajoscom,Palmas,Todo Palmas,Deshuesador/a de Vacuno en Goedegebuur.  Contrato indefinido y Alojamiento | Róterdam,18 € - 21 €,Sin Data,Indefinido,Jornada Intensiva,Sin Data,OTTO Work Force,Sin Data
2026-09-24,Trabajoscom,Toledo,Todo Toledo,Deshuesador/a de Vacuno en Goedegebuur.  Contrato indefinido y Alojamiento | Róterdam,18 € - 21 €,Sin Data,Indefinido,Jornada Intensiva,Sin Data,OTTO Work Force,Sin Data
2026-09-24,Trabajoscom,Barcelona,Todo Barcelona,Deshuesador/a de Vacuno en Goedegebuur.  Contrato indefinido y Alojamiento | Róterdam,18 € - 21 €,Sin Data,Indefinido,Jornada Intensiva,Sin Data,OTTO Work Force,Sin Data
2026-09-24,Trabajoscom,Bizkaia,Todo Bizkaia,Deshuesador/a de Vacuno en Goedegebuur.  Contrato indefinido y Alojamiento | Róterdam,18 € - 21 €,Sin Data,Indefinido,Jornada Intensiva,Sin Data,OTTO Work Force,Sin Data
2026-09-24,Trabajoscom,Cáceres,Todo Cáceres,Deshuesador/a de Vacuno en Goedegebuur.  Contrato indefinido y Alojamiento | Róterdam,18 € - 21 €,Sin Data,Indefinido,Jornada Intensiva,Sin Data,OTTO Work Force,Sin Data
2026-09-24,Trabajoscom,Gipuzkoa,Todo Gipuzkoa,Deshuesador/a de Vacuno en Goedegebuur.  Contrato indefinido y Alojamiento | Róterdam,18 € - 21 €,Sin Data,Indefinido,Jornada Intensiva,Sin Data,OTTO Work Force,Sin Data
2026-09-24,Trabajoscom,Cuenca,Todo Cuenca,Deshuesador/a de Vacuno en Goedegebuur.  Contrato indefinido y Alojamiento | Róterdam,18 € - 21 €,Sin Data,Indefinido,Jornada Intensiva,Sin Data,OTTO Work Force,Sin Data
2026-09-24,Trabajoscom,Albacete,Todo Albacete,Deshuesador/a de Vacuno en Goedegebuur.  Contrato indefinido y Alojamiento | Róterdam,18 € - 21 €,Sin Data,Indefinido,Jornada Intensiva,Sin Data,OTTO Work Force,Sin Data
2026-09-24,Trabajoscom,Murcia,Murcia,TÉCNICO/A DE MANTENIMIENTO MECÁNICO INDUSTRIAL,27.850 € - 31.000 €,Sin Data,Indefinido,Jornada Completa,Sin Data,Grupo Noa's,Sin Data
2026-09-24,Trabajoscom,Madrid,Todo Madrid,Comercial,2.500 € - 3.000 €,Sin Data,Indefinido,Jornada Completa,Sin Data,FDS Pro,Sin Data
2026-09-24,Trabajoscom,La Rioja,Logroño,Técnico electrodomésticos y calderas,Sin Data,Sin Data,Indefinido,Media Jornada,Sin Data,Julcrisa,Sin Data
2026-09-24,Trabajoscom,Madrid,Madrid,Asesor/a Inmobiliario - Agente Comercial,1.600 € - 4.500 €,Sin Data,Indefinido,Jornada Completa,Sin Data,Tecnocasa,Sin Data
2026-09-24,Trabajoscom,Murcia,Bullas,TÉCNICO/A DE MANTENIMIENTO INDUSTRIAL,27.000 € - 31.000 €,Sin Data,Indefinido,Jornada Completa,Sin Data,Grupo Noa's,Sin Data
2026-09-24,Trabajoscom,Gipuzkoa,Todo Gipuzkoa,Gestor-a de Oficina de Estudiantes,Sin Data,Sin Data,Indefinido,Jornada Completa,Sin Data,AdegiLan,Sin Data
2026-09-24,Trabajoscom,Gipuzkoa,Todo Gipuzkoa,Operador/a de Producción,Sin Data,Sin Data,De duracion determinada,Jornada Completa,Sin Data,AdegiLan,Sin Data
2026-09-24,Trabajoscom,Gipuzkoa,Todo Gipuzkoa,RESPONSABLE DE PRODUCCIÓN,Sin Data,Sin Data,Indefinido,Jornada Indiferente,Sin Data,AdegiLan,Sin Data
2026-09-24,Trabajoscom,Madrid,Madrid,Administrativo/a Laboral (indefinido/a para staff outsourcing),19.000 € - 20.000 €,Sin Data,Indefinido,Jornada Completa,Sin Data,Temps,Sin Data
2026-09-24,Trabajoscom,Madrid,Soto Del Real,Mozo Mecánico montador piezas mecánicas,Sin Data,Sin Data,Indefinido,Jornada Completa,Sin Data,Temps,Sin Data
2026-09-24,Trabajoscom,Murcia,Alhama De Murcia,Fisioterapeuta 4h mensuales en Alhama Murcia,80 € - 100 €,Sin Data,Indefinido,Trabajo Por Horas,Sin Data,Fisioterapia y Psicología para Empresas,Sin Data
2026-09-24,Trabajoscom,Gipuzkoa,Todo Gipuzkoa,Encargado/a de Montaje,Sin Data,Sin Data,Indefinido,Jornada Completa,Sin Data,AdegiLan,Sin Data
2026-09-24,Trabajoscom,Zaragoza,Zaragoza,Operario/a de Montaje Sector Metal,2.000 € - 2.100 €,Sin Data,De duracion determinada,Jornada Completa,Sin Data,Temps,Sin Data
2026-09-24,Trabajoscom,Madrid,Valdeolmos-Alalpardo,Maquinista de Impresión - turnos rotativos - Zona Valdeolmos Alalpardo,20.000 € - 23.000 €,Sin Data,De duracion determinada,Jornada Completa,Sin Data,Temps,Sin Data
2026-09-24,Trabajoscom,Madrid,Madrid,ADMINISTRATIVO GESTOR DE COMUNIDADES,Sin Data,Sin Data,Indefinido,Jornada Completa,Sin Data,Temps,Sin Data
2026-09-24,Trabajoscom,Zaragoza,Mallén,OPERARIO/A CON CARNET DE CARRETILLA DISPONIBILIDAD INMEDIATA,Sin Data,Sin Data,De duracion determinada,Jornada Completa,Sin Data,Temps,Sin Data
2026-09-24,Trabajoscom,Madrid,Rivas-Vaciamadrid,Fisioterapeuta Clinica en Rivas Vaciamadrid Tardes,1.000 € - 1.300 €,Sin Data,Indefinido,Media Jornada,Sin Data,Asoc Escuela Formacion De Sem,Sin Data
2026-09-24,Trabajoscom,Zaragoza,Zaragoza,Operario/a de montaje y terminación de contenedores metálicos,2.000 € - 2.100 €,Sin Data,De duracion determinada,Jornada Completa,Sin Data,Temps,Sin Data
2026-09-24,Trabajoscom,Valencia,Valencia,Copy Operario CNC,Sin Data,Sin Data,Indefinido,Jornada Completa,Sin Data,Temps,Sin Data
2026-09-24,Trabajoscom,Madrid,Madrid,MONITOR/A ROBOTICA.  ACTIVIDADES EXTRAESCOLARES,15 €,Sin Data,Fijo discontinuo,Trabajo Por Horas,Sin Data,Grupo Educativo,Sin Data
2026-09-24,Trabajoscom,Madrid,Todo Madrid,"OFERTA DE EMPLEO – TÉCNICO/A DE GESTIÓN ACADÉMICA, EVENTOS Y COMUNICACIÓN",24.200 € - 24.205 €,Sin Data,Indefinido,Jornada Completa,Sin Data,Fundetel,Sin Data
2026-09-24,Trabajoscom,Valladolid,Valladolid,Mozo/a de almacén Amazon DQL2,Sin Data,Sin Data,De duracion determinada,Media Jornada,Sin Data,Grupo Adecco,Sin Data
2026-09-24,Trabajoscom,Bizkaia,Durango,Operario/a de Centro de Mecanizado CNC,Sin Data,Sin Data,De duracion determinada,Jornada Completa,Sin Data,Temps,Sin Data
2026-09-24,Trabajoscom,A Coruña,A Coruña,Repartidor/a con moto en NACIONAL,Sin Data,Sin Data,De duracion determinada,Jornada Completa,Sin Data,Grupo Adecco,Sin Data
2026-09-24,Trabajoscom,Segovia,Valverde Del Majano,Técnico/a de mantenimiento,Sin Data,Sin Data,Indefinido,Media Jornada,Sin Data,Grupo Adecco,Sin Data
2026-09-24,Trabajoscom,Madrid,Coslada,REPARTIDOR/A DE PAQUETERÍA (ZONA NORTE MADRID - NAVE EN COSLADA),Sin Data,Sin Data,De duracion determinada,Jornada Completa,Sin Data,Temps,Sin Data
2026-09-24,Trabajoscom,Barcelona,Todo Barcelona,Gestor obra / Jefe obra - Siniestros Graves,35.000 € - 40.000 €,Sin Data,Indefinido,Jornada Completa,Sin Data,ReCasa,Sin Data
2026-09-24,Trabajoscom,Pontevedra,Nigran,Técnico/a de Producción Electrónico/a | Nigrán,Sin Data,Sin Data,De duracion determinada,Jornada Intensiva,Sin Data,Grupo Adecco,Sin Data
2026-09-24,Trabajoscom,Barcelona,Montcada I Reixac,REPARTIDOR/A CARNET C (CAP + TACÓGRAFO),1.600 € - 2.000 €,Sin Data,Indefinido,Jornada Completa,Sin Data,Temps,Sin Data
2026-09-24,Trabajoscom,Tarragona,El Pla De Santa Maria,ING-Electromecánico/a,Sin Data,Sin Data,De duracion determinada,Jornada Completa,Sin Data,Grupo Adecco,Sin Data
2026-09-24,Trabajoscom,Zaragoza,Zaragoza,PINTOR AIRLESS MALPICA,Sin Data,Sin Data,De duracion determinada,Jornada Completa,Sin Data,Grupo Adecco,Sin Data
2026-09-24,Trabajoscom,Zaragoza,Cadrete,ENCARGADO/A DE INYECCIÓN DE PLÁSTICO,Sin Data,Sin Data,Indefinido,Jornada Completa,Sin Data,Temps,Sin Data
2026-09-24,Trabajoscom,Cantabria,Torrelavega,Monitores/as de actividades deportivas – Cantabria,Sin Data,Sin Data,De duracion determinada,Trabajo Por Horas,Sin Data,Ged Sports Soluciones deportivas,Sin Data
2026-09-24,Trabajoscom,Bizkaia,Durango,Operario/a de Centro de Mecanizado CNC,Sin Data,Sin Data,De duracion determinada,Jornada Completa,Sin Data,Temps,Sin Data
2026-09-24,Trabajoscom,Madrid,Madrid,PROFESIONAL PARA UN TALLER MUSICAL TEÓRICO PRÁCTICO,Sin Data,Sin Data,De duracion determinada,Trabajo Por Horas,Sin Data,Hartford,Sin Data
2026-09-24,Trabajoscom,Zamora,Zamora,Cajero/a Banca Zamora,Sin Data,Sin Data,De duracion determinada,Media Jornada,Sin Data,Grupo Adecco,Sin Data
2026-09-24,Trabajoscom,Valladolid,Valladolid,Mozo/a de almacén Amazon DQL2,Sin Data,Sin Data,De duracion determinada,Media Jornada,Sin Data,Grupo Adecco,Sin Data
2026-09-24,Trabajoscom,Barcelona,Todo Barcelona,TÉCNICO/A DE INFRASTRUCTURA IT Y CIBERSEGURIDAD,Sin Data,Sin Data,Indefinido,Jornada Indiferente,Sin Data,RAS Interim - Recruiting,Sin Data
2026-09-24,Trabajoscom,Valencia,Valencia,TECNICO/A DE MANTENIMIENTO INDUSTRIAL,Sin Data,Sin Data,Indefinido,Jornada Indiferente,Sin Data,RAS Interim - Recruiting,Sin Data
2026-09-24,Trabajoscom,Madrid,Madrid,SOLDADOR/A MIG,Sin Data,Sin Data,Indefinido,Jornada Indiferente,Sin Data,RAS Interim,Sin Data
2026-09-24,Trabajoscom,Barcelona,Sabadell,MANIPULADOR/A VELAS,Sin Data,Sin Data,Indefinido,Jornada Indiferente,Sin Data,RAS Interim,Sin Data
2026-09-24,Trabajoscom,Barcelona,Barcelona,OPERARIO/A ALMACÉN CARRETILLERO (ZONA FRANCA),Sin Data,Sin Data,Indefinido,Jornada Indiferente,Sin Data,RAS Interim,Sin Data
2026-09-24,Trabajoscom,Barcelona,Igualada,OPERARIO/A CARTÓN,Sin Data,Sin Data,Indefinido,Jornada Indiferente,Sin Data,RAS Interim,Sin Data
2026-09-24,Trabajoscom,Valencia,El Puig,OPERARIO/A DE PRODUCCION (EL PUIG),Sin Data,Sin Data,Indefinido,Jornada Indiferente,Sin Data,RAS Interim,Sin Data
2026-09-24,Trabajoscom,Valencia,Museros,OPERARIO/A DE PUENTE GRÚA,Sin Data,Sin Data,Indefinido,Jornada Indiferente,Sin Data,RAS Interim,Sin Data
2026-09-24,Trabajoscom,Zaragoza,Zaragoza,Carnicero/a EJEA DE LOS CABALLEROS (ZARAGOZA),Sin Data,Sin Data,Indefinido,Jornada Indiferente,Sin Data,Grupo DIA,Sin Data
2026-09-24,Trabajoscom,Valladolid,Valladolid,Cajeros/as-Reponedores/as - Vitigudino- 40 horas semanales,Sin Data,Sin Data,Indefinido,Jornada Indiferente,Sin Data,Grupo DIA,Sin Data
2026-09-24,Trabajoscom,Alicante,Orihuela,"Cajero/a Reponedor/a en Aspe, Alicante",Sin Data,Sin Data,Indefinido,Jornada Indiferente,Sin Data,Grupo DIA,Sin Data
2026-09-24,Trabajoscom,Málaga,Antequera,Cajero/a Reponedor/a Linares (Jaén),Sin Data,Sin Data,Indefinido,Jornada Indiferente,Sin Data,Grupo DIA,Sin Data
2026-09-24,Trabajoscom,Zaragoza,Zaragoza,Preparador/a de pedidos on line MERCAZARAGOZA,Sin Data,Sin Data,Indefinido,Jornada Indiferente,Sin Data,Grupo DIA,Sin Data
2026-09-24,Trabajoscom,Barcelona,Mataro,OPERARIO/A - CONOCIMIENTOS MECÁNICA,Sin Data,Sin Data,Indefinido,Jornada Indiferente,Sin Data,RAS Interim,Sin Data
2026-09-24,Trabajoscom, Valencia, Valencia,MOZO/A DE ALMACÉN (SONEJA),Sin Data,Sin Data,Indefinido,Jornada Indiferente,Sin Data,RAS Interim,Sin Data
2026-09-24,Trabajoscom, Sevilla, Sevilla,Operarios/as de fábrica OSUNA,17.500 € - 18.500 €,Sin Data,De duracion determinada,Jornada Completa,Sin Data,Crit Interim España ETT,Sin Data
2026-09-24,Trabajoscom, Barcelona, Barcelona,Vigilante de Seguridad Barcelona Ciutat Vella (Plus €) - Tienda Alimentación Premium,Sin Data,Sin Data,Indefinido,Jornada Completa,Sin Data,Iman Seguridad,Sin Data
2026-09-24,Trabajoscom, Zaragoza, Zaragoza,Especialista en Planchado Industrial,Sin Data,Sin Data,De duracion determinada,Jornada Completa,Sin Data,Crit Interim España ETT,Sin Data
2026-09-24,Trabajoscom, Madrid, Madrid,LIMPIEZA DE AREAS,Sin Data,Sin Data,Indefinido,Jornada Completa,Sin Data,Crit Interim España ETT,Sin Data
2026-09-24,Trabajoscom, Barcelona, Barcelona,Administrativo/a Customer Service (Perfil Analítico),Sin Data,Sin Data,Indefinido,Jornada Completa,Sin Data,Iman Temporing,Sin Data
2026-09-24,Trabajoscom, Barcelona, Barcelona,AUXILIAR ADMINISTRATIVO/A,Sin Data,Sin Data,De duracion determinada,Jornada Completa,Sin Data,Iman Temporing,Sin Data
2026-09-24,Trabajoscom, Badajoz, Badajoz,Gerocultor/a - Auxiliar de enfermería Centro Residencial DomusVi Ciudad de Badajoz,Sin Data,Sin Data,De duracion determinada,Media Jornada,Sin Data,DomusVi,Sin Data
2026-09-24,Trabajoscom, Cádiz, Cádiz,Enfermero/a - DUE Centro Residencial DomusVi Micaela Aramburu,Sin Data,Sin Data,De duracion determinada,Jornada Indiferente,Sin Data,DomusVi,Sin Data
2026-09-24,Trabajoscom, Barcelona, Barcelona,Vigilantes de Seguridad - Plus,Sin Data,Sin Data,Indefinido,Jornada Completa,Sin Data,Iman Seguridad,Sin Data
2026-09-24,Trabajoscom, Barcelona, Barcelona,Analista Microbiológico laboratorio- Mercabarna,Sin Data,Sin Data,De duracion determinada,Jornada Completa,Sin Data,Crit Interim España ETT,Sin Data
2026-09-24,Trabajoscom, Tarragona, Tarragona,Mozo/a de almacén con Carnet de Carretilla,Sin Data,Sin Data,De duracion determinada,Jornada Completa,Sin Data,Iman Temporing,Sin Data
2026-09-24,Trabajoscom, Barcelona, Barcelona,Supervisor/a Centro Residencial DomusVi  Claret,Sin Data,Sin Data,Indefinido,Jornada Completa,Sin Data,DomusVi,Sin Data
2026-09-24,Trabajoscom, Murcia, Murcia,Mecánico/a mantenimiento industrial,Sin Data,Sin Data,Indefinido,Jornada Completa,Sin Data,Crit Interim España ETT,Sin Data
2026-09-24,Trabajoscom, Barcelona, Barcelona,Gerocultor/a - Auxiliar de Enfemería - Centro Residencial de nueva apertura DomusVi Gavá C,Sin Data,Sin Data,Indefinido,Jornada Completa,Sin Data,DomusVi,Sin Data
2026-09-24,Trabajoscom, Valencia, Valencia,Electricista,Sin Data,Sin Data,Indefinido,Jornada Completa,Sin Data,Iman Temporing,Sin Data
2026-09-24,Trabajoscom, Murcia, Murcia,Carretillero/a - Alguazas,Sin Data,Sin Data,De duracion determinada,Jornada Completa,Sin Data,Crit Interim España ETT,Sin Data
2026-09-24,Trabajoscom, Barcelona, Barcelona,Operario/a de montaje industrial,Sin Data,Sin Data,Indefinido,Jornada Completa,Sin Data,Iman Temporing,Sin Data
2026-09-24,Trabajoscom, Toledo, Toledo,Mozo/a Especialista - Sector Madera,18.000 € - 19.000 €,Sin Data,De duracion determinada,Jornada Completa,Sin Data,Crit Interim España ETT,Sin Data
2026-09-24,Trabajoscom, Murcia, Murcia,Técnico/a de automatización industrial,Sin Data,Sin Data,Indefinido,Jornada Completa,Sin Data,Crit Interim España ETT,Sin Data
2026-09-24,Trabajoscom, Barcelona, Barcelona,Operario/a de Envasado Industrial,Sin Data,Sin Data,De duracion determinada,Jornada Completa,Sin Data,Crit Interim España ETT,Sin Data
2026-09-24,Trabajoscom, Córdoba, Córdoba,Animador/a Sociocultural Centro Residencial DomusVi Remedios,Sin Data,Sin Data,Indefinido,Jornada Completa,Sin Data,DomusVi,Sin Data
2026-09-24,Trabajoscom,Madrid,Madrid,Secretaria de Presidencia,40.000 € - 45.000 €,Sin Data,Indefinido,Jornada Completa,Sin Data,Michael Page,Sin Data
2026-09-24,Trabajoscom,Alicante,Alicante,Director/a Técnico suplente Farmacéutico,40.000 € - 41.000 €,Sin Data,Indefinido,Jornada Completa,Sin Data,Michael Page,Sin Data
2026-09-24,Trabajoscom,Las Palmas,Campo Internacional,Administrador/a MO365 & Azure,28.000 € - 32.000 €,Sin Data,Indefinido,Jornada Completa,Sin Data,Michael Page,Sin Data
2026-09-24,Trabajoscom,Barcelona,Barcelona,Técnico mantenimiento eléctrico,30.000 € - 36.000 €,Sin Data,Indefinido,Jornada Completa,Sin Data,Michael Page,Sin Data
2026-09-24,Trabajoscom, Murcia, Murcia,Mecánico/a mantenimiento industrial,Sin Data,Sin Data,Indefinido,Jornada Completa,Sin Data,Crit Interim España ETT,Sin Data
2026-09-24,Trabajoscom, Madrid, Madrid,Costurera/o   Lavanderia  (Algete),Sin Data,Sin Data,De duracion determinada,Jornada Completa,Sin Data,Crit Interim España ETT,Sin Data
2026-09-24,Trabajoscom, Zamora, Zamora,Técnico/a de Comercio y Logística en Tordesillas (Valladolid),29.856 € - 30.000 €,Sin Data,Indefinido,Jornada Completa,Sin Data,Iman Global Consulting,Sin Data
2026-09-24,Trabajoscom, Madrid, Madrid,Pintor/a Industrial - Turno Mañana,21.000 € - 24.000 €,Sin Data,De duracion determinada,Jornada Completa,Sin Data,Crit Interim España ETT,Sin Data
2026-09-24,Trabajoscom, Barcelona, Barcelona,Técnico/a de Soporte Técnico y Calidad,28.031 €,Sin Data,De duracion determinada,Jornada Completa,Sin Data,Iman Temporing,Sin Data
2026-09-24,Trabajoscom, Valencia, Valencia,Operario/a de picking con carné de carretilla,Sin Data,Sin Data,De duracion determinada,Jornada Completa,Sin Data,Crit Interim España ETT,Sin Data
2026-09-24,Trabajoscom, Tarragona, Tarragona,Mozo/a de almacén con Carnet de Carretilla,Sin Data,Sin Data,De duracion determinada,Jornada Completa,Sin Data,Iman Temporing,Sin Data
2026-09-24,Trabajoscom, Barcelona, Barcelona,Supervisor/a Centro Residencial DomusVi  Claret,Sin Data,Sin Data,Indefinido,Jornada Completa,Sin Data,DomusVi,Sin Data
2026-09-24,Trabajoscom, Barcelona, Barcelona,Gerocultor/a - Auxiliar de Enfemería - Centro Residencial de nueva apertura DomusVi Gavá C,Sin Data,Sin Data,Indefinido,Jornada Completa,Sin Data,DomusVi,Sin Data
2026-09-24,Trabajoscom, Valencia, Valencia,Electricista,Sin Data,Sin Data,Indefinido,Jornada Completa,Sin Data,Iman Temporing,Sin Data
2026-09-24,Trabajoscom, Córdoba, Córdoba,SUPERVISOR/A Camarera/o de Pisos - CORDOBA,Sin Data,Sin Data,A tiempo parcial,Jornada Indiferente,Sin Data,Consorcio Andaluz de Servicios Integrales,Sin Data
2026-09-24,Trabajoscom,Málaga,Malaga,Abogado/a Procesal,41 € - 40.000 €,Sin Data,Indefinido,Jornada Completa,Sin Data,Michael Page,Sin Data
2026-09-24,Trabajoscom,Murcia,Murcia,KAM internacional - Alimentación,30.000 € - 38.000 €,Sin Data,Indefinido,Jornada Completa,Sin Data,Michael Page,Sin Data
2026-09-24,Trabajoscom,Baleares,Palma De Mallorca,Purchase Specialist - MALLORCA,45.000 €,Sin Data,Indefinido,Jornada Completa,Sin Data,Michael Page,Sin Data
2026-09-24,Trabajoscom,Barcelona,Barcelona,Contract Administrator with native level of French,25.000 € - 26.000 €,Sin Data,Indefinido,Jornada Completa,Sin Data,Michael Page,Sin Data
2026-09-24,Trabajoscom,Alicante,Alicante,FP&A Analyst,30.000 € - 35.000 €,Sin Data,Indefinido,Jornada Completa,Sin Data,Michael Page,Sin Data
2026-09-24,Trabajoscom,Barcelona,Barcelona,Middle Office Specialist with English and French,25.000 € - 27.000 €,Sin Data,Indefinido,Jornada Completa,Sin Data,Michael Page,Sin Data
2026-09-24,Trabajoscom,Las Palmas,Campo Internacional,Técnico de mantenimiento electromecanico- Duranguesado,30.000 € - 35.000 €,Sin Data,Indefinido,Jornada Completa,Sin Data,Michael Page,Sin Data
2026-09-24,Trabajoscom,Madrid,Madrid,Project Manager- Data Center (h/m/d),40.000 € - 45.000 €,Sin Data,Indefinido,Jornada Completa,Sin Data,Michael Page,Sin Data
2026-09-24,Trabajoscom,La Rioja,Calahorra,Maquinista Oficial de 1 Termoformado - Rincón de Soto,35.000 € - 40.000 €,Sin Data,Indefinido,Jornada Completa,Sin Data,Michael Page,Sin Data
2026-09-24,Trabajoscom,Zaragoza,Zaragoza,Tornero,25.000 € - 30.000 €,Sin Data,Indefinido,Jornada Completa,Sin Data,Michael Page,Sin Data
2026-09-24,Trabajoscom,Córdoba,Cordoba,Técnico Fiscal y Contable - Jornada Intensiva,24.000 € - 28.000 €,Sin Data,Indefinido,Jornada Completa,Sin Data,Michael Page,Sin Data
2026-09-24,Trabajoscom,Sevilla,Sevilla,Técnico I+D Junior,20.000 € - 24.000 €,Sin Data,Indefinido,Jornada Completa,Sin Data,Michael Page,Sin Data
2026-09-24,Trabajoscom,Valencia,Alzira,Supply Chain Planner,36.000 € - 45.000 €,Sin Data,Indefinido,Jornada Completa,Sin Data,Michael Page,Sin Data
2026-09-24,Trabajoscom, Cádiz, Cádiz,Enfermero/a - DUE Centro Residencial DomusVi Montealto,Sin Data,Sin Data,Indefinido,Media Jornada,Sin Data,DomusVi,Sin Data
2026-09-24,Trabajoscom, Gipuzkoa, Gipuzkoa,Enfermero/a - DUE Centro Residencial DomusVi Villasacramento,Sin Data,Sin Data,Indefinido,Jornada Completa,Sin Data,DomusVi,Sin Data
2026-09-24,Trabajoscom, Barcelona, Barcelona,McDonald's Centro Barcelona   Ronda Sant Pere,Sin Data,Sin Data,Indefinido,Media Jornada,Sin Data,Restaurantes McDonalds,Sin Data
2026-09-24,Trabajoscom, Asturias, Asturias,Únete al Equipo Mcdonald´s Lugones,Sin Data,Sin Data,Indefinido,Jornada Indiferente,Sin Data,Restaurantes McDonalds,Sin Data
2026-09-24,Trabajoscom, Murcia, Murcia,Tu primer trabajo. Tu próximo gran paso.,Sin Data,Sin Data,Indefinido,Media Jornada,Sin Data,Restaurantes McDonalds,Sin Data
2026-09-24,Trabajoscom,Barcelona,Barcelona,Únete a nuestro equipo. McDonald's Sants Estación,Sin Data,Sin Data,Indefinido,Jornada Indiferente,Sin Data,Restaurantes McDonalds,Sin Data
2026-09-24,Trabajoscom,Málaga,Malaga,Únete a nuestro equipo. Málaga Universidad (zona Teatinos),Sin Data,Sin Data,Indefinido,Media Jornada,Sin Data,Restaurantes McDonalds,Sin Data
2026-09-24,Trabajoscom,Las Palmas,Vecindario,Únete a nuestro equipo. Vecindario - Gran Canaria,Sin Data,Sin Data,Indefinido,Jornada Indiferente,Sin Data,Restaurantes McDonalds,Sin Data
2026-09-24,Trabajoscom,Sevilla,Sevilla,Únete a nuestro equipo McDonald's Sevilla Ciudad Imagen,Sin Data,Sin Data,Indefinido,Media Jornada,Sin Data,Restaurantes McDonalds,Sin Data
2026-09-24,Trabajoscom,S.C. Tenerife,Arona,Únete a nuestro equipo Zona Arona-Fijos discontinuos,Sin Data,Sin Data,Indefinido,Media Jornada,Sin Data,Restaurantes McDonalds,Sin Data
2026-09-24,Trabajoscom, Barcelona, Barcelona,Oferta de Empleo,Sin Data,Sin Data,Indefinido,Jornada Indiferente,Sin Data,Restaurantes McDonalds,Sin Data
2026-09-24,Trabajoscom, Madrid, Madrid,Buscamos personal de equipo y personal de atención al cliente,Sin Data,Sin Data,Indefinido,Media Jornada,Sin Data,Restaurantes McDonalds,Sin Data
2026-09-24,Trabajoscom, Huelva, Huelva,Basculista (H/M) – Huelva,Sin Data,Sin Data,De duracion determinada,Jornada Completa,Sin Data,Crit Interim España ETT,Sin Data
2026-09-24,Trabajoscom, Alicante, Alicante,Gerocultor/a - Auxiliar de enfermería Centro Residencial DomusVi El Campello,Sin Data,Sin Data,Indefinido,Jornada Indiferente,Sin Data,DomusVi,Sin Data
2026-09-24,Trabajoscom, León, León,Repartidor/a León,Sin Data,Sin Data,De duracion determinada,Jornada Completa,Sin Data,Iman Temporing,Sin Data
2026-09-24,Trabajoscom, Madrid, Madrid,Vigilante de Seguridad  - Media Jornada - Tres Cantos (Madrid),Sin Data,Sin Data,Indefinido,Jornada Completa,Sin Data,Iman Seguridad,Sin Data
2026-09-24,Trabajoscom, Murcia, Murcia,Técnico/a de calidad - Beniajan.,Sin Data,Sin Data,De duracion determinada,Jornada Completa,Sin Data,Crit Interim España ETT,Sin Data
2026-09-24,Trabajoscom, Barcelona, Barcelona,Picking con PDA (preparador/a de comandas),Sin Data,Sin Data,De duracion determinada,Jornada Indiferente,Sin Data,Iman Temporing,Sin Data
2026-09-24,Trabajoscom, Granada, Granada,Despiece (sector alimentario),Sin Data,Sin Data,De duracion determinada,Jornada Completa,Sin Data,Crit Interim España ETT,Sin Data
2026-09-24,Trabajoscom, Jaén, Jaén,Almacenero (H/M) Paquetería,Sin Data,Sin Data,Indefinido,Jornada Completa,Sin Data,Crit Interim España ETT,Sin Data
2026-09-24,Trabajoscom, A Coruña, A Coruña,Personal de Limpieza - Centro Residencial DomusVi La Ciudad,Sin Data,Sin Data,De duracion determinada,Jornada Completa,Sin Data,DomusVi,Sin Data
2026-09-24,Trabajoscom, Bizkaia, Bizkaia,Vigilante de Seguridad - Disponibilidad Inmediata (Zalla - Bilbao),Sin Data,Sin Data,Indefinido,Jornada Completa,Sin Data,Iman Seguridad,Sin Data
2026-09-24,Trabajoscom, Tarragona, Tarragona,Enfermero/a - DUE Centro Residencial DomusVi Tarragona Ciutat,Sin Data,Sin Data,Indefinido,Jornada Completa,Sin Data,DomusVi,Sin Data
2026-09-24,Trabajoscom, Barcelona, Barcelona,Operario/a de montaje metacrilato,Sin Data,Sin Data,Indefinido,Jornada Completa,Sin Data,Crit Interim España ETT,Sin Data
2026-09-24,Trabajoscom, Sevilla, Sevilla,Soldador/a - Carpintería metálica,Sin Data,Sin Data,De duracion determinada,Jornada Completa,Sin Data,Crit Interim España ETT,Sin Data
2026-09-24,Trabajoscom, Barcelona, Barcelona,Vigilante de Seguridad Molins del Rey (Plus €) - Tienda Alimentación Premium,Sin Data,Sin Data,Indefinido,Jornada Completa,Sin Data,Iman Seguridad,Sin Data
2026-09-24,Trabajoscom, Burgos, Burgos,TÉCNICO/A MANTENIMIENTO,Sin Data,Sin Data,De duracion determinada,Jornada Completa,Sin Data,Iman Temporing,Sin Data
2026-09-24,Trabajoscom, Valladolid, Valladolid,Operario/a agrícola o ganadero/a (granja porcina),Sin Data,Sin Data,Indefinido,Jornada Completa,Sin Data,Crit Interim España ETT,Sin Data
2026-09-24,Trabajoscom, Bizkaia, Bizkaia,Operario/a metal con grúa puente y/o carretilla,22.000 €,Sin Data,De duracion determinada,Jornada Completa,Sin Data,Iman Temporing,Sin Data
2026-09-24,Trabajoscom, Barcelona, Barcelona,Operario/a de materias primas,19.999 € - 26.000 €,Sin Data,De duracion determinada,Jornada Completa,Sin Data,Iman Temporing,Sin Data
2026-09-24,Trabajoscom, Guadalajara, Guadalajara,Operario/a de Pesadas y Mezclas (Fabricación de Líquidos),Sin Data,Sin Data,De duracion determinada,Jornada Completa,Sin Data,Crit Interim España ETT,Sin Data
2026-09-24,Trabajoscom, Barcelona, Barcelona,MOZO/A DE ALMACÉN,Sin Data,Sin Data,Indefinido,Jornada Completa,Sin Data,Iman Temporing,Sin Data
2026-09-24,Trabajoscom, Asturias, Asturias,Camarera/o de pisos,Sin Data,Sin Data,Indefinido,Jornada Indiferente,Sin Data,Royal Rooms,Sin Data
2026-09-24,Trabajoscom, Madrid, Madrid,Frigorista,Sin Data,Sin Data,Indefinido,Jornada Indiferente,Sin Data,Pacto,Sin Data
2026-09-24,Trabajoscom, Araba, Araba,Operario/a de produccion automocion reduccion 33% jornada,Sin Data,Sin Data,De duracion determinada,Media Jornada,Sin Data,Crit Interim España ETT,Sin Data
2026-09-24,Trabajoscom, Zaragoza, Zaragoza,OPERARIO/A FRESADOR/A MECANIZADO,Sin Data,Sin Data,Indefinido,Jornada Completa,Sin Data,Iman Temporing,Sin Data
2026-09-24,Trabajoscom, Girona, Girona,Ayudante/a de carpintería - Hostalric,Sin Data,Sin Data,Indefinido,Jornada Completa,Sin Data,Pacto,Sin Data
2026-09-24,Trabajoscom, Asturias, Asturias,Electromecánico/a Industrial,Sin Data,Sin Data,Indefinido,Jornada Completa,Sin Data,Crit Interim España ETT,Sin Data
2026-09-24,Trabajoscom, Araba, Araba,Operarios/as de Producción - Automoción - Mercedes,28.000 €,Sin Data,De duracion determinada,Jornada Completa,Sin Data,Crit Interim España ETT,Sin Data
2026-09-24,Trabajoscom, Madrid, Madrid,Técnico/a de Mantenimiento SAT,Sin Data,Sin Data,Indefinido,Jornada Completa,Sin Data,Pacto,Sin Data
2026-09-24,Trabajoscom, A Coruña, A Coruña,Ayudante de Cocina- Centro Residencial DomusVi La Ciudad,Sin Data,Sin Data,De duracion determinada,Jornada Completa,Sin Data,DomusVi,Sin Data
2026-09-24,Trabajoscom, Bizkaia, Bizkaia,Administrativo/a General Loiu,27.800 €,Sin Data,De duracion determinada,Jornada Completa,Sin Data,Iman Temporing,Sin Data
2026-09-24,Trabajoscom, Cantabria, Cantabria,Mozo/a Taller Mecánico,19.400 €,Sin Data,De duracion determinada,Jornada Completa,Sin Data,Iman Temporing,Sin Data
2026-09-24,Trabajoscom, Alicante, Alicante,Gerocultor/a - Auxiliar de enfermería Centro Residencial DomusVi Alicante Condomina,Sin Data,Sin Data,Indefinido,Media Jornada,Sin Data,DomusVi,Sin Data
2026-09-24,Trabajoscom, Valencia, Valencia,Electromecánico/a de GRÚAS,Sin Data,Sin Data,Indefinido,Jornada Completa,Sin Data,Iman Temporing,Sin Data
2026-09-24,Trabajoscom, Barcelona, Barcelona,Auxiliar de Maquinista Offset,Sin Data,Sin Data,De duracion determinada,Jornada Completa,Sin Data,Iman Temporing,Sin Data
2026-09-24,Trabajoscom, Madrid, Madrid,COMERCIAL (Transporte Internacional) en Madrid,Sin Data,Sin Data,Indefinido,Jornada Completa,Sin Data,Iman Global Consulting,Sin Data
2026-09-24,Trabajoscom, Barcelona, Barcelona,Dependiente/a de Tienda con Inglés,Sin Data,Sin Data,De duracion determinada,Jornada Completa,Sin Data,Crit Interim España ETT,Sin Data
2026-09-24,Trabajoscom, Zaragoza, Zaragoza,Encargado/a de Obra en Zaragoza,Sin Data,Sin Data,Indefinido,Jornada Completa,Sin Data,Iman Global Consulting,Sin Data
2026-09-24,Trabajoscom, Zaragoza, Zaragoza,Cargador/a de camiones (Cariñena),Sin Data,Sin Data,Indefinido,Jornada Completa,Sin Data,Crit Interim España ETT,Sin Data
2026-09-24,Trabajoscom, Sevilla, Sevilla,URGENTE Operario (h/m)-Umbrete,Sin Data,Sin Data,De duracion determinada,Jornada Completa,Sin Data,Crit Interim España ETT,Sin Data
2026-09-24,Trabajoscom, Girona, Girona,Oficial Electricista- Sector Ferroviario,Sin Data,Sin Data,Indefinido,Jornada Completa,Sin Data,Crit Interim España ETT,Sin Data
2026-09-24,Trabajoscom, Barcelona, Barcelona,Operario/a del metal,Sin Data,Sin Data,Indefinido,Jornada Completa,Sin Data,Iman Temporing,Sin Data
2026-09-24,Trabajoscom, Barcelona, Barcelona,Operario/a de Almacén con Carretilla,Sin Data,Sin Data,De duracion determinada,Jornada Completa,Sin Data,Crit Interim España ETT,Sin Data
2026-09-24,Trabajoscom, Ourense, Ourense,CAMARERO/A DE PISOS,9 € - 10 €,Sin Data,De duracion determinada,Jornada Completa,Sin Data,Iman Temporing,Sin Data
2026-09-24,Trabajoscom, Lleida, Lleida,Mozo/a - Repartidor/a,Sin Data,Sin Data,De duracion determinada,Jornada Completa,Sin Data,Iman Temporing,Sin Data
2026-09-24,Trabajoscom, Valencia, Valencia,Técnico/a Mantenimiento Mecánico sector Alimentación,Sin Data,Sin Data,De duracion determinada,Jornada Completa,Sin Data,Iman Temporing,Sin Data
2026-09-24,Trabajoscom, Barcelona, Barcelona,Operarios/as mecánico/a electricista de vehículos,Sin Data,Sin Data,Indefinido,Jornada Indiferente,Sin Data,Iman Temporing,Sin Data
2026-09-24,Trabajoscom, Madrid, Madrid,Cocinero/a - Centro Residencial DomusVi Alcalá de Henares,Sin Data,Sin Data,De duracion determinada,Media Jornada,Sin Data,DomusVi,Sin Data
2026-09-24,Trabajoscom, Madrid, Madrid,Gerocultor/a - Auxiliar de enfermería Centro Residencial DomusVi Alcalá de Henares,Sin Data,Sin Data,Indefinido,Jornada Indiferente,Sin Data,DomusVi,Sin Data
2026-09-24,Trabajoscom, Valencia, Valencia,Carpintero montador de muebles (H/M),19.000 € - 20.000 €,Sin Data,De duracion determinada,Jornada Completa,Sin Data,Crit Interim España ETT,Sin Data
2026-09-24,Trabajoscom, Barcelona, Barcelona,AUXILIAR ADMINISTRATIVO/A,Sin Data,Sin Data,De duracion determinada,Jornada Completa,Sin Data,Iman Temporing,Sin Data
2026-09-24,Trabajoscom, Barcelona, Barcelona,Administrativo/a Customer Service (Perfil Analítico),Sin Data,Sin Data,Indefinido,Jornada Completa,Sin Data,Iman Temporing,Sin Data
2026-09-24,Trabajoscom, Badajoz, Badajoz,Gerocultor/a - Auxiliar de enfermería Centro Residencial DomusVi Ciudad de Badajoz,Sin Data,Sin Data,De duracion determinada,Media Jornada,Sin Data,DomusVi,Sin Data
2026-09-24,Trabajoscom, Barcelona, Barcelona,Vigilantes de Seguridad - Plus,Sin Data,Sin Data,Indefinido,Jornada Completa,Sin Data,Iman Seguridad,Sin Data
2026-09-24,Trabajoscom, Barcelona, Barcelona,Vigilante de Seguridad Barcelona Ciutat Vella (Plus €) - Tienda Alimentación Premium,Sin Data,Sin Data,Indefinido,Jornada Completa,Sin Data,Iman Seguridad,Sin Data
2026-09-24,Trabajoscom, Madrid, Madrid,LIMPIEZA DE AREAS,Sin Data,Sin Data,Indefinido,Jornada Completa,Sin Data,Crit Interim España ETT,Sin Data
2026-09-24,Trabajoscom, Zaragoza, Zaragoza,Especialista en Planchado Industrial,Sin Data,Sin Data,De duracion determinada,Jornada Completa,Sin Data,Crit Interim España ETT,Sin Data
2026-09-24,Trabajoscom, Murcia, Murcia,Carretillero/a - Alguazas,Sin Data,Sin Data,De duracion determinada,Jornada Completa,Sin Data,Crit Interim España ETT,Sin Data
2026-09-24,Trabajoscom, Toledo, Toledo,Mozo/a Especialista - Sector Madera,18.000 € - 19.000 €,Sin Data,De duracion determinada,Jornada Completa,Sin Data,Crit Interim España ETT,Sin Data
2026-09-24,Trabajoscom, Barcelona, Barcelona,Operario/a de montaje industrial,Sin Data,Sin Data,Indefinido,Jornada Completa,Sin Data,Iman Temporing,Sin Data
2026-09-24,Trabajoscom, Barcelona, Barcelona,Operario/a de Envasado Industrial,Sin Data,Sin Data,De duracion determinada,Jornada Completa,Sin Data,Crit Interim España ETT,Sin Data
2026-09-24,Trabajoscom, Murcia, Murcia,Técnico/a de automatización industrial,Sin Data,Sin Data,Indefinido,Jornada Completa,Sin Data,Crit Interim España ETT,Sin Data
2026-09-24,Trabajoscom, Cádiz, Cádiz,Enfermero/a - DUE Centro Residencial DomusVi Micaela Aramburu,Sin Data,Sin Data,De duracion determinada,Jornada Indiferente,Sin Data,DomusVi,Sin Data
2026-09-24,Trabajoscom, Sevilla, Sevilla,Operarios/as de fábrica OSUNA,17.500 € - 18.500 €,Sin Data,De duracion determinada,Jornada Completa,Sin Data,Crit Interim España ETT,Sin Data
2026-09-24,Trabajoscom, Barcelona, Barcelona,Analista Microbiológico laboratorio- Mercabarna,Sin Data,Sin Data,De duracion determinada,Jornada Completa,Sin Data,Crit Interim España ETT,Sin Data
